timestamp,session_time,frame_identifier,player_car_index_x,last_lap_time,current_lap_time,sector_1_time_ms,sector_1_time_min,sector_2_time_ms,sector_2_time_min,delta_car_ahead_ms,delta_car_ahead_min,delta_race_leader_ms,delta_race_leader_min,lap_distance,total_distance,speed_trap_fastest_speed,speed_trap_fastest_lap,player_car_index_y,speed_kph,throttle,steer,brake,clutch,gear,engine_rpm,drs,rev_lights_percent,rev_lights_bit_value,brake_temp_rl,brake_temp_rr,brake_temp_fl,brake_temp_fr,player_car_index,world_pos_X,world_pos_Y,world_pos_Z,world_velo_X,world_velo_Y,world_velo_Z,track_name
1785642921.757013,184.3446502685547,3701,0,80554,78544,22357,0,25828,0,0,0,0,0,4360.0,4360.0,333.0975952148437,1,0,285,0.0,0.0009387876489199,0.0,0,7,11221,1,58,0,506,512,567,570,0,375.2156677246094,87.62705993652344,1119.787109375,14.662487030029297,-1.199252437800169e-06,77.98841094970703,MONTREALGRAND PRIX
1785642922.2625265,184.8513641357422,3711,0,78691,0,0,0,0,0,0,0,0,0,27.337890625,4398.78466796875,333.0975952148437,1,0,274,0.0,-0.0,0.0,0,7,10795,1,43,0,485,490,547,550,0,382.0566711425781,87.62871551513672,1158.0909423828125,13.305824279785156,0.0042026778683066,75.17021942138672,MONTREALGRAND PRIX
1785642922.760654,185.35284423828125,3721,0,78691,0,0,0,0,0,0,0,0,0,3104.512939453125,3104.512939453125,333.0975952148437,1,0,288,1.0,0.0068805166520178,0.0,0,7,11554,1,72,0,464,469,527,530,0,130.11842346191406,93.82330322265624,-90.08075714111328,27.93903541564941,-0.8143239617347717,75.00492095947266,MONTREALGRAND PRIX
1785642923.2671826,185.85826110839844,3731,0,78691,0,0,0,0,0,0,0,0,0,3145.05615234375,3145.05615234375,333.0975952148437,1,0,295,1.0,0.0070285014808177,0.0,0,8,10522,1,33,0,444,449,508,511,0,143.9259033203125,93.417236328125,-51.97657775878906,27.246984481811523,-0.805328369140625,77.3586654663086,MONTREALGRAND PRIX
1785642923.759081,186.344482421875,3741,0,78691,0,0,0,0,0,0,0,0,0,3186.543701171875,3186.543701171875,333.0975952148437,1,0,301,1.0,0.0372468791902065,0.0,0,8,10747,1,41,0,425,429,489,492,0,157.54437255859375,92.853515625,-12.819820404052734,27.935794830322266,-1.5507023334503174,78.97702026367188,MONTREALGRAND PRIX
1785642924.263289,186.846923828125,3751,0,78691,0,0,0,0,0,0,0,0,0,3229.36181640625,3229.36181640625,333.0975952148437,1,0,307,1.0,-0.0174242332577705,0.0,0,8,10930,1,48,0,406,410,471,474,0,170.63560485839844,91.96083068847656,27.37540626525879,23.646169662475582,-1.8956873416900637,81.92833709716797,MONTREALGRAND PRIX
1785642924.764353,187.3578643798828,3761,0,78691,0,0,0,0,0,0,0,0,0,3272.4775390625,3272.4775390625,333.0975952148437,1,0,312,1.0,0.0099914409220218,0.0,0,8,11108,1,54,0,388,392,454,456,0,182.13482666015625,91.1281280517578,68.82377624511719,22.200475692749023,-1.395552158355713,83.8499984741211,MONTREALGRAND PRIX
1785642925.263941,187.8564300537109,3771,0,78691,0,0,0,0,0,0,0,0,0,3316.14013671875,3316.14013671875,333.0975952148437,1,0,316,1.0,-0.0049699009396135,0.0,0,8,11259,1,60,0,371,375,437,439,0,192.7904510498047,90.5971221923828,111.19325256347656,20.4244441986084,-0.7356753945350647,85.5738525390625,MONTREALGRAND PRIX
1785642925.758818,188.34698486328125,3781,0,78691,0,0,0,0,0,0,0,0,0,3360.3876953125,3360.3876953125,333.0975952148437,1,0,320,1.0,0.0010144766420125,0.0,0,8,11390,1,64,0,355,359,421,423,0,202.80052185058597,90.36327362060548,154.30609130859375,19.472064971923828,-0.2525615990161896,86.87227630615234,MONTREALGRAND PRIX
1785642926.25815,188.8490447998047,3791,0,78691,0,0,0,0,0,0,0,0,0,3405.1337890625,3405.1337890625,333.0975952148437,1,0,323,1.0,-0.0,0.0,0,8,11501,1,70,0,339,343,405,407,0,212.4068603515625,90.305419921875,198.00686645507807,19.02880477905273,-0.0296218264847993,87.88260650634766,MONTREALGRAND PRIX
1785642926.7600486,189.3466644287109,3801,0,78691,0,0,0,0,0,0,0,0,0,3450.29443359375,3450.29443359375,333.0975952148437,1,0,326,1.0,0.0010144766420125,0.0,0,8,11595,1,74,0,324,328,390,392,0,221.94078063964844,90.2987289428711,242.1442413330078,19.167829513549805,-0.0061948192305862,88.62925720214844,MONTREALGRAND PRIX
1785642927.2648003,189.85235595703125,3811,0,78691,0,0,0,0,0,0,0,0,0,3495.79638671875,3495.79638671875,333.0975952148437,1,0,328,1.0,-0.0,0.0,0,8,11676,1,77,0,310,313,375,377,0,231.5598602294922,90.2945785522461,286.6224670410156,19.298269271850582,-0.0388986319303512,89.26509094238281,MONTREALGRAND PRIX
1785642927.761943,190.3531036376953,3821,0,78691,0,0,0,0,0,0,0,0,0,3541.601806640625,3541.601806640625,333.0975952148437,1,0,330,1.0,-0.0,0.0,0,8,11746,1,80,0,296,299,361,363,0,241.2398376464844,90.19912719726562,331.3963928222656,19.419422149658203,-0.3645514249801636,89.81603240966797,MONTREALGRAND PRIX
1785642928.2639802,190.8509063720703,3831,0,78691,0,0,0,0,0,0,0,0,0,3587.67041015625,3587.67041015625,333.0975952148437,1,0,332,1.0,-0.0,0.0,0,8,11810,1,83,0,283,286,348,350,0,250.9792022705078,89.8741455078125,376.4277648925781,19.533180236816406,-0.9868638515472412,90.28800964355467,MONTREALGRAND PRIX
1785642928.761691,191.3456115722656,3841,0,78691,0,0,0,0,0,0,0,0,0,3633.955810546875,3633.955810546875,333.0975952148437,1,0,334,1.0,-0.0,0.0,0,8,11858,1,85,0,271,274,335,337,0,260.7683410644531,89.27333068847656,421.67376708984375,19.62070846557617,-1.3267059326171875,90.68672943115234,MONTREALGRAND PRIX
1785642929.2688117,191.84555053710935,3851,0,78691,0,0,0,0,0,0,0,0,0,3680.43701171875,3680.43701171875,333.0975952148437,1,0,335,1.0,-0.0,0.0,0,8,11899,1,87,0,259,262,322,324,0,270.59820556640625,88.5987777709961,467.1072998046875,19.696178436279297,-1.2437946796417236,91.0370101928711,MONTREALGRAND PRIX
1785642930.263137,192.8491058349609,3872,0,78691,0,0,0,0,0,0,0,0,0,3773.88623046875,3773.88623046875,333.0975952148437,1,0,336,0.8392156958580017,-0.0,0.0,0,8,11918,1,88,0,237,239,299,301,0,290.3516845703125,87.78829956054688,558.418701171875,19.78507232666016,-0.6041379570960999,91.47679138183594,MONTREALGRAND PRIX
1785642930.7587302,193.3463287353516,3882,0,78691,0,0,0,0,0,0,0,0,0,3818.06201171875,3818.06201171875,333.0975952148437,1,0,289,0.0,-0.0,1.0,0,8,9824,0,1,0,550,552,580,581,0,299.661865234375,87.61882781982422,601.6181640625,16.952472686767578,0.0114416237920522,78.57694244384766,MONTREALGRAND PRIX
1785642931.2606187,193.84881591796875,3892,0,78691,0,0,0,0,0,0,0,0,0,3853.536376953125,3853.536376953125,333.0975952148437,1,0,223,0.0,-0.0,1.0,0,6,9657,0,0,0,810,810,829,830,0,307.1496887207031,87.6298599243164,636.320068359375,13.07866096496582,0.0273387748748064,60.60924530029297,MONTREALGRAND PRIX
1785642931.7669744,194.35694885253903,3902,0,78691,0,0,0,0,0,0,0,0,0,3880.308349609375,3880.308349609375,333.0975952148437,1,0,167,0.0,0.1272439807653427,1.0,0,4,9758,0,0,0,913,914,929,929,0,312.6839294433594,87.63695526123047,662.49658203125,8.35426139831543,-0.0298327095806598,45.65774154663086,MONTREALGRAND PRIX
1785642932.258105,194.84593200683597,3912,0,78691,0,0,0,0,0,0,0,0,0,3900.685791015625,3900.685791015625,333.0975952148437,1,0,134,0.0,0.5047317743301392,0.0323730111122131,0,3,9589,0,0,0,951,949,966,963,0,314.1014099121094,87.59757232666016,683.0104370117188,-3.042064905166626,-0.1843995898962021,37.25186920166016,MONTREALGRAND PRIX
1785642932.758983,195.34820556640625,3922,0,78691,0,0,0,0,0,0,0,0,0,3919.46875,3919.46875,333.0975952148437,1,0,132,1.0,0.5346943736076355,0.0,0,3,9982,0,8,0,925,924,945,941,0,309.6884765625,87.45469665527344,700.7752075195312,-14.569673538208008,-0.2188634425401687,33.76274108886719,MONTREALGRAND PRIX
1785642933.26315,195.84878540039065,3932,0,78691,0,0,0,0,0,0,0,0,0,3940.849365234375,3940.849365234375,333.0975952148437,1,0,141,1.0,-0.2273236513137817,0.0,0,3,10841,0,45,0,902,899,924,920,0,299.8257141113281,87.442626953125,716.6110229492188,-22.236343383789062,-0.1340153068304062,32.30409240722656,MONTREALGRAND PRIX
1785642933.764917,196.35369873046875,3942,0,78691,0,0,0,0,0,0,0,0,0,3965.6025390625,3965.6025390625,333.0975952148437,1,0,146,1.0,-0.4844826459884643,0.0,0,3,11053,0,52,0,876,873,902,898,0,291.0879211425781,87.48082733154297,734.6370239257812,-11.425907135009766,0.4707054197788238,38.97760772705078,MONTREALGRAND PRIX
1785642934.7593,197.34747314453125,3963,0,78691,0,0,0,0,0,0,0,0,0,4004.666748046875,4004.666748046875,333.0975952148437,1,0,147,0.8980392217636108,-0.0,0.0,0,3,11175,0,57,0,826,828,859,858,0,291.9101867675781,87.64048767089844,774.1710815429688,12.262542724609377,-0.0171628296375274,38.99810791015625,MONTREALGRAND PRIX
1785642935.2626762,197.84762573242188,3973,0,78691,0,0,0,0,0,0,0,0,0,4026.205810546875,4026.205810546875,333.0975952148437,1,0,165,0.9529411792755128,-0.0,0.0,0,4,10383,0,26,0,802,803,838,837,0,298.67889404296875,87.63778686523438,794.788330078125,13.129161834716797,-0.0075100357644259,44.0278205871582,MONTREALGRAND PRIX
1785642935.7632284,198.3515625,3983,0,78691,0,0,0,0,0,0,0,0,0,4050.30224609375,4050.30224609375,333.0975952148437,1,0,181,0.8705882430076599,0.0489948093891143,0.0,0,4,11333,1,61,0,776,777,815,814,0,305.5074768066406,87.63871765136719,817.9727172851562,13.946697235107422,-0.0009954823181033,48.57068634033203,MONTREALGRAND PRIX
1785642936.266684,198.85443115234372,3993,0,78691,0,0,0,0,0,0,0,0,0,4076.5341796875,4076.5341796875,333.0975952148437,1,0,196,0.8745098114013672,-0.0,0.0,0,5,10559,1,35,0,749,750,792,790,0,311.9947509765625,87.63687133789062,843.4158935546875,12.79238510131836,-0.0079708378762006,53.05990219116211,MONTREALGRAND PRIX
1785642936.759904,199.34344482421875,4003,0,78691,0,0,0,0,0,0,0,0,0,4104.73876953125,4104.73876953125,333.0975952148437,1,0,209,0.8705882430076599,-0.0,0.0,0,5,11233,1,59,0,722,723,768,766,0,318.6019592285156,87.63594818115234,870.8448486328125,13.625293731689451,-0.0021987664513289,56.56724548339844,MONTREALGRAND PRIX
1785642937.2606168,199.8475646972656,4013,0,78691,0,0,0,0,0,0,0,0,0,4134.65087890625,4134.65087890625,333.0975952148437,1,0,221,0.8784313797950745,-0.0,0.0,0,5,11831,1,84,0,695,696,744,742,0,325.6075134277344,87.63461303710938,899.9295654296875,14.378894805908203,-0.0020498794037848,59.69567489624024,MONTREALGRAND PRIX
1785642937.7665324,200.3539123535156,4023,0,78691,0,0,0,0,0,0,0,0,0,4166.15869140625,4166.15869140625,333.0975952148437,1,0,232,0.8901960849761963,-0.0,0.0,0,6,10769,1,42,0,668,669,720,718,0,332.9871520996094,87.63306427001953,930.5667724609376,15.125826835632324,-0.0033866236917674,62.79590606689453,MONTREALGRAND PRIX
1785642938.264359,200.85089111328125,4033,0,78691,0,0,0,0,0,0,0,0,0,4199.1806640625,4199.1806640625,333.0975952148437,1,0,242,0.901960790157318,0.0010488919215276,0.0,0,6,11240,1,59,0,642,642,696,694,0,340.7196655273437,87.63162231445312,962.6846313476562,15.772208213806152,-0.0034396173432469,65.6186752319336,MONTREALGRAND PRIX
1785642938.7637868,201.3485565185547,4043,0,78691,0,0,0,0,0,0,0,0,0,4233.5517578125,4233.5517578125,333.0975952148437,1,0,252,0.9058823585510254,0.0176931042224168,0.0,0,6,11654,1,76,0,616,616,672,671,0,348.6061096191406,87.63032531738281,996.1768188476562,15.365788459777832,-0.0015144987264648,68.36540222167969,MONTREALGRAND PRIX
1785642939.259774,201.84536743164065,4053,0,78691,0,0,0,0,0,0,0,0,0,4269.21337890625,4269.21337890625,333.0975952148437,1,0,260,0.9098039269447328,-0.0,0.0,0,7,10459,1,30,0,590,591,649,648,0,355.8360595703125,87.62904357910156,1031.0699462890625,14.05435848236084,-0.0028031726833432,71.0824966430664,MONTREALGRAND PRIX
1785642939.7683077,202.34710693359372,4063,0,78691,0,0,0,0,0,0,0,0,0,4305.99560546875,4305.99560546875,333.0975952148437,1,0,268,0.91372549533844,-0.0,0.0,0,7,10761,1,42,0,566,566,626,625,0,362.9638671875,87.62776184082031,1067.149658203125,14.459304809570312,-0.0016921368660405,73.19209289550781,MONTREALGRAND PRIX
1785642940.2664485,202.8534698486328,4073,0,78691,0,0,0,0,0,0,0,0,0,4343.7958984375,4343.7958984375,333.0975952148437,1,0,275,0.9176470637321472,-0.0,0.0,0,7,11038,1,52,0,542,542,604,603,0,370.290771484375,87.62680053710938,1104.2381591796875,14.84047508239746,-0.001697935629636,75.12124633789062,MONTREALGRAND PRIX
1785642940.763902,203.34718322753903,4083,0,78691,133,0,0,0,0,0,0,0,0,11.013671875,4382.46044921875,333.0975952148437,1,0,281,0.9215686321258544,0.0332745723426342,0.0,0,7,11283,1,60,0,519,519,582,581,0,377.2727661132813,87.62637329101562,1142.3328857421875,11.80014705657959,-0.0012087719514966,77.38185119628906,MONTREALGRAND PRIX
1785642941.262499,203.8498687744141,4093,0,78691,633,0,0,0,0,0,0,0,0,50.3935546875,4421.84033203125,333.0975952148437,1,0,286,0.9215686321258544,0.0350279547274112,0.0,0,7,11476,1,69,0,497,497,561,560,0,381.5300598144531,87.62574005126953,1181.583251953125,5.133621692657471,-0.001511275069788,79.48823547363281,MONTREALGRAND PRIX
1785642941.765169,204.35009765625,4103,0,78691,1133,0,0,0,0,0,0,0,0,90.5703125,4462.01708984375,333.0975952148437,1,0,290,0.9254902005195618,0.0375952050089836,0.0,0,7,11641,1,76,0,475,475,541,540,0,382.2422790527344,87.62516784667969,1221.6907958984375,-2.3882317543029785,-0.0016070370329543,80.78842163085938,MONTREALGRAND PRIX
1785642942.2590623,204.845458984375,4113,0,78691,1633,0,0,0,0,0,0,0,0,131.42529296875,4502.8720703125,333.0975952148437,1,0,295,0.9215686321258544,-0.0,0.0,0,8,10499,1,31,0,455,455,522,520,0,379.2851867675781,87.624267578125,1262.2628173828125,-7.968287944793701,0.0010006673401221,81.60559844970703,MONTREALGRAND PRIX
1785642942.7642157,205.3521728515625,4123,0,78691,2133,0,0,0,0,0,0,0,0,171.54248046875,4542.9892578125,333.0975952148437,1,0,269,0.0,-0.0,0.7425540685653687,0,7,10366,0,25,0,579,579,624,622,0,375.0786743164063,87.62249755859375,1301.969482421875,-8.26857852935791,0.0184346064925193,74.48553466796875,MONTREALGRAND PRIX
1785642943.2669432,205.85276794433597,4133,0,78691,2633,0,0,0,0,0,0,0,0,204.52294921875,4575.9697265625,333.0975952148437,1,0,205,0.0,-0.0,1.0,0,6,9220,0,0,0,806,806,834,833,0,371.4382934570313,87.63353729248047,1334.75830078125,-6.297671318054199,0.0147941894829273,56.7175178527832,MONTREALGRAND PRIX
1785642943.760168,206.34652709960935,4143,0,78691,3133,0,0,0,0,0,0,0,0,229.22607421875,4600.6728515625,333.0975952148437,1,0,156,0.0,-0.2215135097503662,1.0,0,4,9127,0,0,0,904,905,925,926,0,369.0065002441406,87.62578582763672,1359.3516845703125,-1.902300715446472,-0.020806074142456,43.319618225097656,MONTREALGRAND PRIX
1785642944.2680638,206.85287475585935,4153,0,78691,3633,0,0,0,0,0,0,0,0,248.25244140625,4619.69921875,333.0975952148437,1,0,121,0.0,-0.5587685108184814,0.881417453289032,0,3,8299,0,0,0,951,954,967,972,0,370.7932434082031,87.63703155517578,1378.442626953125,8.822230339050293,0.2690532803535461,32.60853958129883,MONTREALGRAND PRIX
1785642944.769927,207.355712890625,4163,0,78691,4133,0,0,0,0,0,0,0,0,265.72900390625,4637.17578125,333.0975952148437,1,0,105,0.47843137383461,-0.5820625424385071,0.0,0,3,7948,0,0,0,935,938,953,958,0,377.4138793945313,87.84683227539062,1392.2659912109375,17.110441207885742,0.1966134011745453,23.73533058166504,MONTREALGRAND PRIX
1785642945.268963,207.8564300537109,4173,0,78691,4633,0,0,0,0,0,0,0,0,280.66845703125,4652.115234375,333.0975952148437,1,0,104,0.7647058963775635,-0.5324000716209412,0.0,0,3,7918,0,0,0,914,917,935,940,0,387.8446044921875,87.84040832519531,1402.363037109375,24.223285675048828,-0.1078574657440185,16.06865692138672,MONTREALGRAND PRIX
1785642945.768938,208.3592529296875,4183,0,78691,5150,0,0,0,0,0,0,0,0,295.34765625,4666.79443359375,333.0975952148437,1,0,111,0.7764706015586853,0.1494311392307281,0.0,0,3,8287,0,0,0,893,897,918,923,0,401.3154296875,87.76110076904297,1408.3070068359375,29.478084564208984,-0.1984805017709732,9.904911041259766,MONTREALGRAND PRIX
1785642946.2629771,208.85015869140625,4193,0,78691,5633,0,0,0,0,0,0,0,0,310.0087890625,4681.45556640625,333.0975952148437,1,0,93,0.0,0.5128657817840576,0.0,0,2,8117,0,0,0,919,921,941,942,0,414.52777099609375,87.73143768310547,1414.62841796875,21.187692642211918,0.1399013549089431,15.039230346679688,MONTREALGRAND PRIX
1785642946.7641015,209.35862731933597,4203,0,78691,6150,0,0,0,0,0,0,0,0,323.28564453125,4694.732421875,333.0975952148437,1,0,86,0.0666666701436042,0.509063720703125,0.0,0,2,7699,0,0,0,901,903,926,927,0,422.9802856445313,87.66470336914062,1423.491943359375,12.320466995239258,-0.1223307102918624,20.495193481445312,MONTREALGRAND PRIX
1785642947.262051,209.85086059570312,4213,0,78691,6633,0,0,0,0,0,0,0,0,338.2890625,4709.73583984375,333.0975952148437,1,0,94,0.8980392217636108,0.34347003698349,0.0,0,2,9189,0,0,0,884,885,911,912,0,427.6115417480469,87.66361999511719,1434.742431640625,7.296670436859131,0.0477402135729789,25.351287841796875,MONTREALGRAND PRIX
1785642947.7652411,210.3568115234375,4223,0,78691,7150,0,0,0,0,0,0,0,0,353.80859375,4725.25537109375,333.0975952148437,1,0,94,0.0,0.5547097325325012,0.0,0,2,8361,0,0,0,866,867,895,896,0,428.8350830078125,87.7353286743164,1448.0889892578125,-2.9251558780670166,0.1810206472873687,26.106422424316406,MONTREALGRAND PRIX
1785642948.259931,210.84913635253903,4233,0,78691,7633,0,0,0,0,0,0,0,0,366.45263671875,4737.8994140625,333.0975952148437,1,0,84,0.250980406999588,0.6208637356758118,0.0,0,2,7714,0,0,0,849,850,881,881,0,424.897705078125,87.83970642089844,1459.705322265625,-12.315797805786133,0.2361960411071777,20.10277557373047,MONTREALGRAND PRIX
1785642948.7658982,211.3560485839844,4243,0,78691,8150,0,0,0,0,0,0,0,0,377.740234375,4749.18701171875,333.0975952148437,1,0,83,0.4666666686534881,0.6218775510787964,0.0,0,2,7922,0,0,0,833,834,867,868,0,416.8218383789063,87.97762298583984,1468.0020751953125,-19.44432830810547,0.3240016400814056,12.570903778076172,MONTREALGRAND PRIX
1785642949.2656183,211.85389709472656,4253,0,78691,8633,0,0,0,0,0,0,0,0,388.607421875,4760.05419921875,333.0975952148437,1,0,84,0.6470588445663452,0.1524670273065567,0.0,0,2,8170,0,0,0,819,819,854,854,0,406.1057739257813,88.15538787841797,1471.8472900390625,-23.32560539245605,0.3989828824996948,3.283459424972534,MONTREALGRAND PRIX
1785642949.7647653,212.35031127929688,4263,0,78691,9133,0,0,0,0,0,0,0,0,400.91162109375,4772.3583984375,333.0975952148437,1,0,98,0.7372549176216125,0.0474487766623497,0.0,0,2,9292,0,0,0,803,802,841,840,0,393.4455871582031,88.43156433105469,1471.5020751953125,-26.9683837890625,0.7519479393959045,-4.570849418640137,MONTREALGRAND PRIX
1785642950.2666495,212.85357666015625,4273,0,78691,9633,0,0,0,0,0,0,0,0,416.21044921875,4787.6572265625,333.0975952148437,1,0,118,0.7764706015586853,-0.0,0.0,0,2,10853,0,44,0,785,784,825,824,0,378.6481628417969,88.97084045410156,1468.6292724609375,-32.282127380371094,1.319253921508789,-6.366024017333984,MONTREALGRAND PRIX
1785642950.7660646,213.3500823974609,4283,0,78691,10133,0,0,0,0,0,0,0,0,434.166015625,4805.61279296875,333.0975952148437,1,0,138,1.0,-0.0,0.0,0,3,10652,0,38,0,765,763,807,806,0,361.1943359375,89.65263366699219,1465.19091796875,-37.70000457763672,1.308279275894165,-7.424991130828857,MONTREALGRAND PRIX
1785642951.268918,213.857666015625,4293,0,78691,10650,0,0,0,0,0,0,0,0,454.89599609375,4826.3427734375,333.0975952148437,1,0,160,1.0,0.0568162649869918,0.0,0,4,10337,0,24,0,742,741,787,786,0,340.8216552734375,90.20997619628906,1461.1016845703125,-43.60427474975586,0.945146143436432,-9.546889305114746,MONTREALGRAND PRIX
1785642951.7641883,214.3491668701172,4303,0,78691,11133,0,0,0,0,0,0,0,0,478.57373046875,4850.0205078125,333.0975952148437,1,0,180,1.0,0.0338391698896884,0.0,0,4,11369,0,63,0,719,717,766,765,0,317.97186279296875,90.52869415283205,1454.8277587890625,-47.74505615234375,0.2053895890712738,-15.09362506866455,MONTREALGRAND PRIX
1785642952.2657185,214.84996032714844,4313,0,78691,11633,0,0,0,0,0,0,0,0,504.8173828125,4876.26416015625,333.0975952148437,1,0,198,1.0,0.0786942914128303,0.0,0,5,10719,0,40,0,695,692,745,743,0,293.24365234375,90.54804229736328,1445.9052734375,-50.76469039916992,-0.0048516597598791,-21.187580108642575,MONTREALGRAND PRIX
1785642952.7591565,215.34866333007807,4323,0,78691,12133,0,0,0,0,0,0,0,0,533.443359375,4904.89013671875,333.0975952148437,1,0,213,1.0,0.0399224013090133,0.0,0,5,11476,0,69,0,672,667,724,720,0,267.68670654296875,90.54608154296876,1433.2064208984375,-51.65032958984375,-0.0041104196570813,-28.9244384765625,MONTREALGRAND PRIX
1785642953.2573955,215.84347534179688,4333,0,78691,12633,0,0,0,0,0,0,0,0,564.16064453125,4935.607421875,333.0975952148437,1,0,226,1.0,0.0034635479096323,0.0,0,6,10523,0,33,0,651,642,704,697,0,241.98602294921875,90.54447174072266,1416.757568359375,-50.61979293823242,-0.0151385124772787,-37.23281478881836,MONTREALGRAND PRIX
1785642953.761636,216.34873962402344,4343,0,78691,13133,0,0,0,0,0,0,0,0,596.580078125,4968.02685546875,333.0975952148437,1,0,238,1.0,-0.0198259446769952,0.0,0,6,11069,0,53,0,625,620,681,677,0,215.9888916015625,90.5428695678711,1397.5596923828125,-54.70829772949219,-0.0031780914869159,-37.36690139770508,MONTREALGRAND PRIX
1785642954.2645388,216.84999084472656,4353,0,78691,13633,0,0,0,0,0,0,0,0,630.25146484375,5001.6982421875,333.0975952148437,1,0,245,0.0,0.0400015190243721,0.0,0,6,11097,0,54,0,604,596,661,655,0,187.9140167236328,90.5431900024414,1378.620361328125,-54.890533447265625,0.0289248879998922,-40.5483512878418,MONTREALGRAND PRIX
1785642954.7692232,217.3561553955078,4363,0,78691,14149,0,0,0,0,0,0,0,0,663.40771484375,5034.8544921875,333.0975952148437,1,0,228,0.0,-0.0,0.7721701264381409,0,6,10068,0,12,0,620,609,671,663,0,162.32618713378906,90.54454803466795,1357.421875,-47.63460540771485,0.0031997063197195,-42.1535758972168,MONTREALGRAND PRIX
1785642955.2707665,217.85617065429688,4373,0,78691,14633,0,0,0,0,0,0,0,0,690.8271484375,5062.27392578125,333.0975952148437,1,0,171,0.0,0.0798107013106346,1.0,0,4,10366,0,24,0,802,795,837,831,0,141.75575256347656,90.54077911376952,1339.17138671875,-35.26884841918945,-0.0497486814856529,-31.86424446105957,MONTREALGRAND PRIX
1785642955.7593725,218.34210205078125,4383,0,78691,15133,0,0,0,0,0,0,0,0,711.62060546875,5083.0673828125,333.0975952148437,1,0,147,0.1019607856869697,0.426084816455841,0.0,0,4,8929,0,0,0,830,824,862,856,0,127.6268081665039,90.50064849853516,1323.711181640625,-23.1334171295166,-0.1606557220220565,-33.773563385009766,MONTREALGRAND PRIX
1785642956.2672486,218.85321044921875,4393,0,78691,15633,0,0,0,0,0,0,0,0,732.34716796875,5103.7939453125,333.0975952148437,1,0,144,1.0,0.4937277138233185,0.0,0,4,9107,0,0,0,806,799,841,835,0,118.7038116455078,90.28510284423828,1304.913330078125,-12.005810737609863,-1.0570425987243652,-38.33004379272461,MONTREALGRAND PRIX
1785642956.7588544,219.34442138671875,4403,0,78691,16133,0,0,0,0,0,0,0,0,756.24951171875,5127.6962890625,333.0975952148437,1,0,147,1.0,0.2898591160774231,0.0,0,4,9377,0,0,0,783,777,821,815,0,115.67279815673828,89.69678497314453,1285.0889892578125,0.3940102458000183,-0.8464542627334595,-40.91440200805664,MONTREALGRAND PRIX
1785642957.268651,219.85403442382807,4413,0,78691,16633,0,0,0,0,0,0,0,0,777.09619140625,5148.54296875,333.0975952148437,1,0,160,1.0,-0.1828471720218658,0.0,0,4,10357,0,25,0,762,754,802,795,0,117.86184692382812,88.99958801269531,1264.1065673828125,4.7884840965271,-1.974987268447876,-44.22867202758789,MONTREALGRAND PRIX
1785642957.7705765,220.35791015625,4423,0,78691,17149,0,0,0,0,0,0,0,0,802.32373046875,5173.7705078125,333.0975952148437,1,0,167,1.0,-0.4362195432186126,0.0,0,4,10733,0,41,0,738,736,781,778,0,117.33482360839844,87.94891357421875,1241.3331298828125,-8.361909866333008,-1.4963197708129885,-45.86977767944336,MONTREALGRAND PRIX
1785642958.2655623,220.8511657714844,4433,0,78691,17633,0,0,0,0,0,0,0,0,825.66015625,5197.10693359375,333.0975952148437,1,0,167,1.0,-0.4853626191616058,0.0,0,4,10753,0,37,0,714,719,760,762,0,109.1741943359375,87.72879028320312,1219.5555419921875,-23.24477767944336,0.0974411517381668,-40.32923126220703,MONTREALGRAND PRIX
1785642958.7662103,221.353515625,4443,0,78691,18133,0,0,0,0,0,0,0,0,848.96875,5220.41552734375,333.0975952148437,1,0,172,1.0,0.0692061781883239,0.0,0,4,10995,0,50,0,691,701,740,745,0,94.77436065673828,87.74557495117188,1201.2216796875,-33.97007369995117,-0.0067456280812621,-33.757503509521484,MONTREALGRAND PRIX
1785642959.2669382,221.85166931152344,4453,0,78691,18633,0,0,0,0,0,0,0,0,874.14697265625,5245.59375,333.0975952148437,1,0,191,1.0,-0.0,0.0,0,4,11939,0,88,0,669,677,720,724,0,76.85556030273438,87.74374389648438,1183.3660888671875,-37.44261169433594,-0.0040315822698175,-37.68890380859375,MONTREALGRAND PRIX
1785642959.764359,222.3502960205078,4463,0,78691,19133,0,0,0,0,0,0,0,0,901.7978515625,5273.24462890625,333.0975952148437,1,0,208,1.0,-0.0,0.0,0,5,11227,0,58,0,646,653,699,702,0,57.24270248413086,87.7413330078125,1163.67626953125,-41.01698684692383,-0.0044891112484037,-40.8433723449707,MONTREALGRAND PRIX
1785642960.2604575,222.8449859619141,4473,0,78691,19633,0,0,0,0,0,0,0,0,931.83154296875,5303.2783203125,333.0975952148437,1,0,223,1.0,-0.0,0.0,0,5,11984,0,90,0,621,628,677,680,0,35.863563537597656,87.74018096923828,1142.630859375,-44.53492736816406,-0.0091190505772829,-43.122314453125,MONTREALGRAND PRIX
1785642960.7638135,223.3472595214844,4483,0,78691,20133,0,0,0,0,0,0,0,0,965.10302734375,5336.5498046875,333.0975952148437,1,0,236,1.0,-0.0,0.0,0,6,10988,0,50,0,597,604,655,658,0,12.888534545898438,87.73220825195312,1120.399169921875,-47.24044799804688,-0.0629333183169364,-45.7476921081543,MONTREALGRAND PRIX
1785642961.265339,223.85194396972656,4493,0,78691,20633,0,0,0,0,0,0,0,0,998.5927734375,5370.03955078125,333.0975952148437,1,0,245,1.0,0.2011606693267822,0.0,0,6,11448,0,68,0,581,580,638,636,0,-10.264511108398438,87.64027404785156,1096.0501708984375,-42.35751724243164,-0.1302065849304199,-53.42473983764648,MONTREALGRAND PRIX
1785642961.7636764,224.3453521728516,4503,0,78691,21133,0,0,0,0,0,0,0,0,1034.19677734375,5405.6435546875,333.0975952148437,1,0,251,1.0,0.0147981327027082,0.0,0,6,11631,0,75,0,569,557,625,615,0,-28.29145812988281,87.60781860351562,1066.896240234375,-32.54971694946289,0.0544582419097423,-61.68370056152344,MONTREALGRAND PRIX
1785642962.264363,224.8506774902344,4513,0,78691,21633,0,0,0,0,0,0,0,0,1070.5595703125,5442.00634765625,333.0975952148437,1,0,254,1.0,0.287930816411972,0.0,0,6,11951,0,89,0,558,534,613,594,0,-42.48598098754883,87.73040771484375,1034.6373291015625,-20.8834285736084,0.13332599401474,-67.50528717041016,MONTREALGRAND PRIX
1785642962.7645466,225.3505096435547,4523,0,78691,22130,22063,0,0,0,0,0,0,0,1105.80029296875,5477.2470703125,333.0975952148437,1,0,252,0.4470588266849518,0.2050726562738418,0.0,0,6,11606,0,74,0,536,512,592,573,0,-48.18435287475586,87.73702239990234,1000.0401611328124,-2.172743082046509,0.0029589501209557,-70.21504211425781,MONTREALGRAND PRIX
1785642963.268757,225.85626220703125,4533,0,78691,22646,22063,0,0,0,0,0,0,0,1139.84912109375,5511.2958984375,333.0975952148437,1,0,239,0.0,-0.0,0.0,0,6,10849,0,45,0,521,492,577,554,0,-46.21336364746094,87.73870086669922,966.010009765625,6.0188703536987305,0.0041501908563077,-66.377197265625,MONTREALGRAND PRIX
1785642963.759564,226.3480682373047,4543,0,78691,23130,22063,0,0,0,0,0,0,0,1171.15869140625,5542.60546875,333.0975952148437,1,0,199,0.0,-0.0312747620046138,1.0,0,5,10314,0,23,0,669,648,711,694,0,-43.382774353027344,87.80061340332031,934.742431640625,4.905215740203857,0.4607699811458587,-55.17592239379883,MONTREALGRAND PRIX
1785642964.2659438,226.8535614013672,4553,0,78691,23630,22063,0,0,0,0,0,0,0,1195.10595703125,5566.552734375,333.0975952148437,1,0,148,0.0,-0.0,1.0,0,4,8490,0,0,0,814,801,843,834,0,-41.85591506958008,88.09481811523438,910.7796630859376,2.0900495052337646,0.6252595782279968,-41.31539916992188,MONTREALGRAND PRIX
1785642964.759509,227.34475708007807,4563,0,78691,24130,22063,0,0,0,0,0,0,0,1213.81787109375,5585.2646484375,333.0975952148437,1,0,129,0.3333333432674408,-0.0038825506344437,0.0,0,3,9352,0,0,0,828,817,857,850,0,-41.35274124145508,88.446533203125,892.0863647460938,0.3011493980884552,0.7646007537841797,-36.09292221069336,MONTREALGRAND PRIX
1785642965.2639751,227.8500213623047,4573,0,78691,24630,22063,0,0,0,0,0,0,0,1231.75341796875,5603.2001953125,333.0975952148437,1,0,127,0.0,-0.3301296532154083,0.0,0,3,9075,0,0,0,806,795,838,831,0,-42.21065521240234,88.82568359375,874.0823364257812,-5.573925018310547,0.726092517375946,-34.919612884521484,MONTREALGRAND PRIX
1785642965.7657416,228.3511962890625,4583,0,78691,25130,22063,0,0,0,0,0,0,0,1247.87744140625,5619.32421875,333.0975952148437,1,0,114,0.0,-0.544060230255127,0.0,0,3,8162,0,0,0,786,776,820,813,0,-47.5615234375,89.17691040039062,858.23974609375,-15.343307495117188,0.6377238631248474,-27.726577758789062,MONTREALGRAND PRIX
1785642966.2676938,228.84837341308597,4593,0,78691,25630,22063,0,0,0,0,0,0,0,1264.06640625,5635.51318359375,333.0975952148437,1,0,106,0.8117647171020508,-0.5523163676261902,0.0,0,3,8047,0,0,0,768,758,805,798,0,-57.10682678222656,89.48004150390625,846.6810913085938,-22.66868019104004,0.5549656748771667,-18.96773910522461,MONTREALGRAND PRIX
1785642966.758762,229.34359741210935,4603,0,78691,26130,22063,0,0,0,0,0,0,0,1281.50830078125,5652.955078125,333.0975952148437,1,0,98,0.95686274766922,-0.2867504060268402,0.0,0,2,9399,0,0,0,751,742,790,784,0,-69.51095581054688,89.71580505371094,839.7008666992188,-25.861818313598636,0.3257247507572174,-8.72635269165039,MONTREALGRAND PRIX
1785642967.266508,229.8548126220703,4613,0,78691,26630,22063,0,0,0,0,0,0,0,1297.24365234375,5668.6904296875,333.0975952148437,1,0,95,0.9647058844566344,-0.0,0.0,0,2,9120,0,0,0,736,739,776,779,0,-82.5761947631836,89.8652114868164,837.9396362304688,-26.52246856689453,0.2090478837490081,1.3215749263763428,MONTREALGRAND PRIX
1785642967.7657106,230.3518218994141,4623,0,78691,27130,22063,0,0,0,0,0,0,0,1311.765625,5683.21240234375,333.0975952148437,1,0,116,1.0,0.1445101350545883,0.0,0,2,10862,0,45,0,720,723,762,765,0,-97.08285522460938,89.93592071533203,839.5835571289062,-32.117862701416016,0.1133941709995269,3.147308349609375,MONTREALGRAND PRIX
1785642968.2594504,230.846923828125,4633,0,78691,27630,22063,0,0,0,0,0,0,0,1328.76513671875,5700.2119140625,333.0975952148437,1,0,125,1.0,0.4223441779613495,0.0,0,3,9403,0,0,0,704,705,748,749,0,-114.0203857421875,89.98181915283203,838.9895629882812,-34.224178314208984,0.1060212254524231,-6.599836349487305,MONTREALGRAND PRIX
1785642968.7610378,231.3464508056641,4643,0,78691,28130,22063,0,0,0,0,0,0,0,1346.8701171875,5718.31689453125,333.0975952148437,1,0,131,1.0,0.2360635995864868,0.0,0,3,10075,0,12,0,688,687,733,733,0,-130.65882873535156,90.0001449584961,832.8741455078125,-32.0882453918457,-0.0048212991096079,-17.661685943603516,MONTREALGRAND PRIX
1785642969.2686577,231.8540954589844,4653,0,78691,28630,22063,0,0,0,0,0,0,0,1366.248046875,5737.69482421875,333.0975952148437,1,0,140,1.0,0.2299260795116424,0.0,0,3,10757,0,42,0,670,668,717,716,0,-145.63294982910156,90.01229095458984,821.4263305664062,-27.15086936950684,0.0957124978303909,-27.8986759185791,MONTREALGRAND PRIX
1785642969.7601192,232.34359741210935,4663,0,78691,29130,22063,0,0,0,0,0,0,0,1386.76220703125,5758.208984375,333.0975952148437,1,0,150,1.0,0.0255984123796224,0.0,0,3,11462,0,68,0,655,649,703,699,0,-157.4048614501953,90.0821304321289,805.290283203125,-20.856563568115234,0.1430530846118927,-36.328460693359375,MONTREALGRAND PRIX
1785642970.263313,232.8501739501953,4673,0,78691,29630,22063,0,0,0,0,0,0,0,1409.55419921875,5781.0009765625,333.0975952148437,1,0,171,1.0,0.0898718312382698,0.0,0,4,10891,0,46,0,635,629,685,681,0,-167.62338256835938,90.1163558959961,785.3003540039062,-19.222414016723636,-0.009433533065021,-43.70076370239258,MONTREALGRAND PRIX
1785642970.7598846,233.33950805664065,4683,0,78691,30113,22063,0,0,0,0,0,0,0,1433.75244140625,5805.19921875,333.0975952148437,1,0,189,1.0,0.0651747733354568,0.0,0,4,11849,0,85,0,616,609,667,662,0,-175.65438842773438,90.11431884765624,762.4410400390625,-14.035833358764648,-0.0041719730943441,-50.6009407043457,MONTREALGRAND PRIX
1785642971.2591178,233.8430328369141,4693,0,78691,30630,22063,0,0,0,0,0,0,0,1462.0068359375,5833.45361328125,333.0975952148437,1,0,206,1.0,-0.0,0.0,0,5,11114,0,53,0,595,586,648,642,0,-181.54774475097656,90.11173248291016,734.6927490234375,-9.89293384552002,-0.0054351515136659,-56.42005920410156,MONTREALGRAND PRIX
1785642971.7687278,234.35484313964844,4703,0,78691,31130,22063,0,0,0,0,0,0,0,1491.52001953125,5862.966796875,333.0975952148437,1,0,221,1.0,0.0435642562806606,0.0,0,5,11940,1,87,0,573,565,628,622,0,-186.5184326171875,90.11345672607422,705.3861083984375,-9.101940155029297,-0.0062603750266134,-60.8588752746582,MONTREALGRAND PRIX
1785642972.2656877,234.8493804931641,4713,0,78691,31630,22063,0,0,0,0,0,0,0,1523.23486328125,5894.681640625,333.0975952148437,1,0,235,1.0,0.0154179548844695,0.0,0,6,10964,1,49,0,551,543,608,602,0,-189.66989135742188,90.11174011230467,673.7927856445312,-3.467532157897949,-0.0044619757682085,-65.3323974609375,MONTREALGRAND PRIX
1785642972.762673,235.3487701416016,4723,0,78691,32130,22063,0,0,0,0,0,0,0,1556.82177734375,5928.2685546875,333.0975952148437,1,0,248,1.0,-0.0,0.0,0,6,11532,1,71,0,529,521,588,582,0,-191.0524444580078,90.10992431640624,640.1878662109375,-2.674747943878174,-0.00394266564399,-68.96883392333984,MONTREALGRAND PRIX
1785642973.2614772,235.84490966796875,4733,0,78691,32630,22063,0,0,0,0,0,0,0,1592.0888671875,5963.53564453125,333.0975952148437,1,0,260,1.0,0.0012701039668172,0.0,0,7,10458,1,30,0,508,500,567,562,0,-192.42120361328125,90.1080322265625,604.8929443359375,-2.7925193309783936,-0.0013152551837265,-72.16929626464844,MONTREALGRAND PRIX
1785642973.7649307,236.3428192138672,4743,0,78691,33130,22063,0,0,0,0,0,0,0,1628.8486328125,6000.29541015625,333.0975952148437,1,0,270,1.0,0.0157505702227354,0.0,0,7,10849,1,45,0,487,479,548,542,0,-193.6873321533203,90.1068115234375,568.0906982421875,-1.866420030593872,-0.00152185827028,-74.98368835449219,MONTREALGRAND PRIX
1785642974.2665522,236.85421752929688,4753,0,78691,33630,22063,0,0,0,0,0,0,0,1666.90673828125,6038.353515625,333.0975952148437,1,0,278,1.0,0.0282849855720996,0.0,0,7,11194,1,57,0,466,459,528,523,0,-193.7515869140625,90.1058578491211,529.9633178710938,2.0817253589630127,-0.0015416105743497,-77.41596221923828,MONTREALGRAND PRIX
1785642974.7670395,237.35592651367188,4763,0,78691,34146,22063,0,0,0,0,0,0,0,1706.076171875,6077.52294921875,333.0975952148437,1,0,286,1.0,-0.0,0.0,0,7,11484,1,69,0,447,440,510,505,0,-191.2639923095703,90.10469818115234,490.7908630371094,7.687405586242676,-0.0047040549106895,-79.17242431640625,MONTREALGRAND PRIX
1785642975.2657695,237.8459014892578,4773,0,78691,34630,22063,0,0,0,0,0,0,0,1746.32373046875,6117.7705078125,333.0975952148437,1,0,293,1.0,-0.0,0.0,0,7,11756,1,81,0,427,421,491,486,0,-187.1490936279297,90.1037139892578,450.722412109375,8.387333869934082,-0.0014319156762212,-81.08856964111328,MONTREALGRAND PRIX
1785642975.769603,238.35548400878903,4783,0,78691,35130,22063,0,0,0,0,0,0,0,1787.55615234375,6159.0029296875,333.0975952148437,1,0,299,1.0,0.0213220715522766,0.0,0,8,10685,1,39,0,409,403,473,469,0,-182.8430938720703,90.10289764404295,409.7286987304688,9.34501838684082,-0.0015246454859152,-82.7655029296875,MONTREALGRAND PRIX
1785642976.2681184,238.85194396972656,4793,0,78691,35630,22063,0,0,0,0,0,0,0,1829.591796875,6201.03857421875,333.0975952148437,1,0,305,1.0,0.0239384546875953,0.0,0,8,10870,1,46,0,391,385,456,451,0,-176.98361206054688,90.10218048095705,368.1193542480469,14.334599494934082,-0.0012475443072617,-83.54734802246094,MONTREALGRAND PRIX
1785642976.7588286,239.34323120117188,4803,0,78691,36130,22063,0,0,0,0,0,0,0,1872.23876953125,6243.685546875,333.0975952148437,1,0,309,0.5764706134796143,-0.0,0.0,0,8,10903,1,47,0,374,368,439,435,0,-168.41807556152344,90.10169982910156,326.2815856933594,19.66936492919922,0.0045412993058562,-83.6080322265625,MONTREALGRAND PRIX
1785642977.2687657,239.85125732421875,4813,0,78691,36630,22063,0,0,0,0,0,0,0,1914.32470703125,6285.771484375,333.0975952148437,1,0,294,0.0,-0.0,0.7376840710639954,0,8,10076,0,12,0,396,391,456,452,0,-158.55348205566406,90.10066986083984,285.3274230957031,19.19857215881348,-0.0797348991036415,-79.42481994628906,MONTREALGRAND PRIX
1785642978.2602692,240.84445190429688,4834,0,78691,37630,22063,0,0,0,0,0,0,0,1979.00830078125,6350.455078125,333.0975952148437,1,0,175,0.0,-0.0,1.0,0,5,8982,0,0,0,868,866,892,889,0,-142.1620635986328,90.11476135253906,222.85525512695312,14.627525329589844,-0.0284784398972988,-46.45684814453125,MONTREALGRAND PRIX
1785642978.7667062,241.35047912597656,4844,0,78691,38130,22063,0,0,0,0,0,0,0,2000.27490234375,6371.7216796875,333.0975952148437,1,0,135,0.0,0.3301902413368225,1.0,0,3,9835,0,1,0,935,932,955,950,0,-135.13214111328125,90.0568618774414,202.6465301513672,15.591830253601074,-0.2098298966884613,-34.2615852355957,MONTREALGRAND PRIX
1785642979.266312,241.85096740722656,4854,0,78691,38630,22063,0,0,0,0,0,0,0,2018.26123046875,6389.7080078125,333.0975952148437,1,0,126,1.0,0.5674660801887512,0.0,0,3,9491,0,0,0,916,913,939,934,0,-125.22684478759766,89.93046569824219,187.9002990722656,24.224578857421875,-0.2434645891189575,-25.269874572753903,MONTREALGRAND PRIX
1785642979.75899,242.34344482421875,4864,0,78691,39130,22063,0,0,0,0,0,0,0,2039.7373046875,6411.18408203125,333.0975952148437,1,0,124,0.9372549057006836,0.2583236396312713,0.0,0,3,9392,0,0,0,892,890,919,914,0,-111.08065795898438,90.05892944335938,177.9816436767578,31.581899642944336,0.5785980224609375,-14.34337329864502,MONTREALGRAND PRIX
1785642980.2716572,242.8560791015625,4874,0,78691,39630,22063,0,0,0,0,0,0,0,2057.88134765625,6429.328125,333.0975952148437,1,0,137,1.0,-0.3057641685009002,0.0,0,3,10411,0,27,0,871,866,900,894,0,-94.13483428955078,90.27787017822266,171.5694580078125,34.878265380859375,0.3835330903530121,-15.679484367370604,MONTREALGRAND PRIX
1785642980.7663944,243.3489227294922,4884,0,78691,40130,22063,0,0,0,0,0,0,0,2079.70849609375,6451.1552734375,333.0975952148437,1,0,141,1.0,-0.0,0.0,0,3,10421,0,28,0,846,848,879,877,0,-77.99943542480469,90.5689697265625,161.0642852783203,29.999187469482425,0.743096649646759,-25.42524528503418,MONTREALGRAND PRIX
1785642981.265937,243.84947204589844,4894,0,78691,40630,22063,0,0,0,0,0,0,0,2102.6611328125,6474.10791015625,333.0975952148437,1,0,158,1.0,-0.2561973631381988,0.0,0,4,9998,0,9,0,821,824,857,856,0,-62.75756454467773,90.9480438232422,146.6945343017578,29.30644416809082,0.9469828605651855,-32.99571228027344,MONTREALGRAND PRIX
1785642981.7663429,244.34713745117188,4904,0,78691,41130,22063,0,0,0,0,0,0,0,2125.37158203125,6496.818359375,333.0975952148437,1,0,161,1.0,-0.0,0.0,0,4,10301,0,22,0,796,807,835,840,0,-50.58403778076172,91.4150161743164,128.16494750976562,19.41075134277344,0.8207967281341553,-40.48375701904297,MONTREALGRAND PRIX
1785642982.262435,244.84378051757807,4914,0,78691,41630,22063,0,0,0,0,0,0,0,2149.1630859375,6520.60986328125,333.0975952148437,1,0,180,1.0,-0.0957247465848922,0.0,0,4,11432,0,67,0,770,781,812,818,0,-41.34787368774414,91.78244018554688,106.21282196044922,17.026845932006836,0.6198883056640625,-47.239044189453125,MONTREALGRAND PRIX
1785642982.7673442,245.35206604003903,4924,0,78691,42130,22063,0,0,0,0,0,0,0,2175.4541015625,6546.90087890625,333.0975952148437,1,0,198,1.0,-0.0,0.0,0,5,10701,0,40,0,743,757,789,796,0,-33.40298080444336,92.34546661376952,81.13807678222656,16.170955657958984,1.5234489440917969,-52.6220588684082,MONTREALGRAND PRIX
1785642983.263832,245.8492889404297,4934,0,78691,42630,22063,0,0,0,0,0,0,0,2204.0732421875,6575.52001953125,333.0975952148437,1,0,213,1.0,-0.0,0.0,0,5,11509,0,70,0,716,729,765,772,0,-24.99036407470703,93.16354370117188,53.76525115966797,17.447404861450195,1.7283462285995483,-56.767234802246094,MONTREALGRAND PRIX
1785642983.7637265,246.35079956054688,4944,0,78691,43130,22063,0,0,0,0,0,0,0,2234.6796875,6606.12646484375,333.0975952148437,1,0,227,1.0,-0.032147642225027,0.0,0,6,10590,0,36,0,689,701,740,747,0,-16.093812942504883,94.05235290527344,24.4096622467041,17.415884017944336,1.7979563474655151,-60.82633590698242,MONTREALGRAND PRIX
1785642984.259086,246.8436584472656,4954,0,78691,43629,22063,0,0,0,0,0,0,0,2267.03125,6638.47802734375,333.0975952148437,1,0,239,1.0,-0.0217271912842988,0.0,0,6,11133,0,55,0,662,674,716,722,0,-8.277168273925781,94.94276428222656,-7.11961555480957,13.688794136047363,1.735093116760254,-65.19157409667969,MONTREALGRAND PRIX
1785642984.759159,247.34506225585935,4964,0,78691,44129,22063,0,0,0,0,0,0,0,2301.12548828125,6672.572265625,333.0975952148437,1,0,250,1.0,-0.0,0.0,0,6,11614,0,75,0,635,647,692,698,0,-1.719352126121521,95.74354553222656,-40.569969177246094,13.201329231262209,1.4401867389678955,-68.39517974853516,MONTREALGRAND PRIX
1785642985.2703774,247.85455322265625,4974,0,78691,44629,22063,0,0,0,0,0,0,0,2336.58154296875,6708.0283203125,333.0975952148437,1,0,260,1.0,-0.0172562431544065,0.0,0,7,10463,0,30,0,609,620,668,674,0,4.665684700012207,96.34314727783205,-75.50428771972656,11.8076171875,0.9202378392219543,-71.38021850585938,MONTREALGRAND PRIX
1785642985.7692575,248.3564300537109,4984,0,78691,45146,22063,0,0,0,0,0,0,0,2373.29736328125,6744.744140625,333.0975952148437,1,0,268,1.0,-0.0175698921084404,0.0,0,7,10791,0,43,0,584,594,644,650,0,9.905051231384276,96.61143493652344,-111.89730072021484,9.103348731994627,0.1157351657748222,-74.12625885009766,MONTREALGRAND PRIX
1785642986.2601483,248.83941650390625,4994,0,78691,45613,22063,0,0,0,0,0,0,0,2409.79150390625,6781.23828125,333.0975952148437,1,0,276,1.0,-0.0181006081402301,0.0,0,7,11069,0,53,0,560,570,622,628,0,13.599419593811035,96.61927032470705,-148.3086395263672,6.1547722816467285,-0.0056048310361802,-76.47061157226562,MONTREALGRAND PRIX
1785642986.7671587,249.3511199951172,5004,0,78691,46129,22063,0,0,0,0,0,0,0,2449.90673828125,6821.353515625,333.0975952148437,1,0,283,1.0,-0.0177637971937656,0.0,0,7,11337,0,62,0,535,545,599,605,0,15.893725395202637,96.61823272705078,-188.3850250244141,2.71695327758789,-0.0012077057035639,-78.58360290527344,MONTREALGRAND PRIX
1785642987.264076,249.8523101806641,5014,0,78691,46629,22063,0,0,0,0,0,0,0,2489.62841796875,6861.0751953125,333.0975952148437,1,0,288,1.0,-0.0530592054128646,0.0,0,7,11555,0,72,0,512,521,577,583,0,16.151487350463867,96.6174545288086,-228.09738159179688,-2.6241774559021,-0.0015135299181565,-80.11083984375,MONTREALGRAND PRIX
1785642987.7668402,250.35250854492188,5024,0,78691,47126,22063,0,24695,0,0,0,0,0,2530.05224609375,6901.4990234375,333.0975952148437,1,0,291,1.0,-0.0562169998884201,0.0,0,7,11680,0,77,0,490,502,556,564,0,12.157475471496582,96.6170425415039,-268.1791381835937,-13.663861274719238,-0.0012333161430433,-79.86666107177734,MONTREALGRAND PRIX
1785642988.2620609,250.8440093994141,5034,0,78691,47626,22063,0,24695,0,0,0,0,0,2570.45166015625,6941.8984375,333.0975952148437,1,0,282,0.0,-0.0,0.0,0,7,11119,0,55,0,469,482,536,545,0,3.760053873062134,96.6185302734375,-307.4031677246094,-17.283565521240234,0.005522440187633,-76.6851577758789,MONTREALGRAND PRIX
1785642988.760574,251.34803771972656,5044,0,78691,48126,22063,0,24695,0,0,0,0,0,2607.39404296875,6978.8408203125,333.0975952148437,1,0,235,0.0,-0.0,1.0,0,6,10418,0,28,0,681,690,725,732,0,-4.259058475494385,96.62764739990234,-343.3320007324219,-14.132469177246094,0.0211951117962598,-63.79548645019531,MONTREALGRAND PRIX
1785642989.2620182,251.8449249267578,5054,0,78691,48626,22063,0,24695,0,0,0,0,0,2635.94580078125,7007.392578125,333.0975952148437,1,0,177,0.0,-0.0,1.0,0,5,8720,0,0,0,844,849,873,878,0,-10.343586921691896,96.63420104980467,-371.25726318359375,-10.30806827545166,0.0157662741839885,-48.26310729980469,MONTREALGRAND PRIX
1785642989.7611277,252.34429931640625,5064,0,78691,49126,22063,0,24695,0,0,0,0,0,2657.37353515625,7028.8203125,333.0975952148437,1,0,133,0.0,-0.0,0.9423147439956664,0,3,9247,0,0,0,916,919,938,942,0,-14.793185234069824,96.63755798339844,-392.2294006347656,-7.683370590209961,-0.0388960130512714,-36.262481689453125,MONTREALGRAND PRIX
1785642990.260851,252.8489227294922,5074,0,78691,49626,22063,0,24695,0,0,0,0,0,2673.23193359375,7044.6787109375,333.0975952148437,1,0,97,0.0,0.1781442612409591,0.6806723475456238,0,2,8876,0,0,0,946,949,967,969,0,-17.979110717773438,96.63309478759766,-407.8019714355469,-4.390127182006836,-0.0363936088979244,-26.7046012878418,MONTREALGRAND PRIX
1785642990.7598848,253.34649658203125,5084,0,78691,50126,22063,0,24695,0,0,0,0,0,2685.427734375,7056.87451171875,333.0975952148437,1,0,85,0.0,0.4257271587848663,0.0,0,2,7564,0,0,0,934,936,956,957,0,-18.11219024658203,96.58528137207033,-420.3342895507813,4.38682222366333,-0.1944485455751419,-23.481616973876957,MONTREALGRAND PRIX
1785642991.2607949,253.8492889404297,5094,0,78691,50626,22063,0,24695,0,0,0,0,0,2696.71435546875,7068.1611328125,333.0975952148437,1,0,81,0.0980392172932624,0.5666448473930359,0.0,0,2,7176,0,0,0,916,919,941,942,0,-14.118826866149902,96.48435974121094,-431.1776428222656,11.57259464263916,-0.1565663665533065,-19.35961532592773,MONTREALGRAND PRIX
1785642991.7606783,254.3475646972656,5104,0,78691,51126,22063,0,24695,0,0,0,0,0,2709.37451171875,7080.8212890625,333.0975952148437,1,0,75,0.2823529541492462,0.7244796752929688,0.0,0,2,6983,0,0,0,900,903,927,928,0,-6.574755668640137,96.44947052001952,-438.8599243164063,18.01729393005371,0.0006015003309585,-10.904936790466309,MONTREALGRAND PRIX
1785642992.2608292,254.84808349609372,5114,0,78691,51626,22063,0,24695,0,0,0,0,0,2721.52392578125,7092.970703125,333.0975952148437,1,0,73,0.5137255191802979,0.7174184918403625,0.0,0,2,6958,0,0,0,885,888,914,915,0,3.2641444206237797,96.46839141845705,-441.8002014160156,20.52281951904297,0.0625716149806976,-0.737941563129425,MONTREALGRAND PRIX
1785642992.7587063,255.3428192138672,5124,0,78691,52126,22063,0,24695,0,0,0,0,0,2732.35205078125,7103.798828125,333.0975952148437,1,0,71,0.6431372761726379,0.7271119952201843,0.0,0,2,6771,0,0,0,871,873,901,903,0,12.975835800170898,96.51023864746094,-439.5662536621094,17.499902725219727,0.1012880876660347,9.323945045471191,MONTREALGRAND PRIX
1785642993.260107,255.8448028564453,5134,0,78691,52626,22063,0,24695,0,0,0,0,0,2741.97998046875,7113.4267578125,333.0975952148437,1,0,69,0.9215686321258544,0.7407058477401733,0.0,0,2,6618,0,0,0,857,859,889,891,0,19.992149353027344,96.55725860595705,-432.9630432128906,9.996447563171388,0.074945718050003,16.354942321777344,MONTREALGRAND PRIX
1785642993.76738,256.35302734375,5144,0,78691,53126,22063,0,24695,0,0,0,0,0,2751.55322265625,7123.0,333.0975952148437,1,0,79,1.0,-0.0,0.0,0,2,7512,0,0,0,843,845,878,879,0,23.251388549804688,96.58220672607422,-423.6161804199219,5.304303646087647,0.074296087026596,21.386049270629883,MONTREALGRAND PRIX
1785642994.2688615,256.8548278808594,5154,0,78691,53625,22063,0,24695,0,0,0,0,0,2764.04541015625,7135.4921875,333.0975952148437,1,0,101,1.0,-0.0,0.0,0,2,9989,0,8,0,827,828,863,864,0,26.26335906982422,96.61996459960938,-411.3936462402344,6.753712177276611,0.0691701099276542,27.507272720336918,MONTREALGRAND PRIX
1785642994.7627978,257.3481140136719,5164,0,78691,54125,22063,0,24695,0,0,0,0,0,2779.6796875,7151.12646484375,333.0975952148437,1,0,124,1.0,0.0650252774357795,0.0,0,3,9216,0,0,0,807,808,846,847,0,29.9012451171875,96.6387176513672,-396.0239562988281,6.904282093048096,0.0148036172613501,33.8596305847168,MONTREALGRAND PRIX
1785642995.2649076,257.8496398925781,5174,0,78691,54625,22063,0,24695,0,0,0,0,0,2798.33837890625,7169.78515625,333.0975952148437,1,0,147,1.0,0.031995840370655,0.0,0,3,11103,0,54,0,785,786,827,827,0,33.16176986694336,96.63597869873048,-377.4622802734375,6.665428161621094,-0.0040590525604784,40.38275909423828,MONTREALGRAND PRIX
1785642995.768358,258.3524780273437,5184,0,78691,55125,22063,0,24695,0,0,0,0,0,2820.083984375,7191.53076171875,333.0975952148437,1,0,166,1.0,-0.0,0.0,0,4,10508,0,33,0,763,762,807,806,0,35.666263580322266,96.65261840820312,-355.7671203613281,3.864067077636719,0.0817824006080627,46.14122772216797,MONTREALGRAND PRIX
1785642996.2670708,258.8534545898437,5194,0,78691,55625,22063,0,24695,0,0,0,0,0,2845.66748046875,7217.1142578125,333.0975952148437,1,0,184,1.0,-0.0558625608682632,0.0,0,4,11609,0,74,0,738,741,785,787,0,38.51205062866211,96.63056182861328,-331.4483642578125,9.47179126739502,0.0433330200612545,50.48139190673828,MONTREALGRAND PRIX
1785642996.768687,259.3547668457031,5204,0,78691,56125,22063,0,24695,0,0,0,0,0,2872.83935546875,7244.2861328125,333.0975952148437,1,0,201,1.0,-0.0372449234127998,0.0,0,5,10891,0,46,0,712,716,762,765,0,45.05133056640625,96.44857025146484,-305.42193603515625,16.36665916442871,-0.6780543327331543,53.61837768554688,MONTREALGRAND PRIX
1785642997.271907,259.85406494140625,5214,0,78691,56625,22063,0,24695,0,0,0,0,0,2901.78369140625,7273.23046875,333.0975952148437,1,0,217,1.0,-0.0430979691445827,0.0,0,5,11696,0,78,0,686,690,738,741,0,54.23371505737305,96.09522247314452,-277.7596740722656,19.810338973999023,-0.7151373624801636,57.08627700805664,MONTREALGRAND PRIX
1785642997.7705822,260.3539123535156,5224,0,78691,57125,22063,0,24695,0,0,0,0,0,2933.01416015625,7304.4609375,333.0975952148437,1,0,231,1.0,-0.0,0.0,0,6,10744,0,41,0,660,664,715,718,0,65.5894546508789,95.72396087646484,-248.72100830078125,25.086545944213867,-0.7710009217262268,59.17844009399414,MONTREALGRAND PRIX
1785642998.264732,260.8443298339844,5234,0,78691,57625,22063,0,24695,0,0,0,0,0,2966.17626953125,7337.623046875,333.0975952148437,1,0,243,1.0,-0.0,0.0,0,6,11306,0,61,0,634,638,691,694,0,78.47065734863281,95.3344955444336,-218.3003692626953,26.02210807800293,-0.7890548706054688,62.57447814941406,MONTREALGRAND PRIX
1785642998.761291,261.3434753417969,5244,0,78691,58125,22063,0,24695,0,0,0,0,0,3000.90869140625,7372.35546875,333.0975952148437,1,0,254,1.0,-0.0,0.0,0,6,11788,0,82,0,608,612,667,670,0,91.68498992919922,94.93677520751952,-186.25143432617188,26.958637237548828,-0.8007723093032837,65.46514129638672,MONTREALGRAND PRIX
1785642999.2656014,261.85174560546875,5254,0,78691,58625,22063,0,24695,0,0,0,0,0,3037.03515625,7408.48193359375,333.0975952148437,1,0,264,1.0,-0.0,0.0,0,7,10614,0,37,0,583,587,644,647,0,105.4279556274414,94.53472137451172,-152.87850952148438,27.977256774902344,-0.8054496645927429,67.93964385986328,MONTREALGRAND PRIX
1785642999.762014,262.3456420898437,5264,0,78691,59125,22063,0,24695,0,0,0,0,0,3074.36083984375,7445.8076171875,333.0975952148437,1,0,272,1.0,0.0069820242933928,0.0,0,7,10939,0,48,0,558,562,621,624,0,119.58761596679688,94.13351440429688,-118.3363037109375,28.40433692932129,-0.7999997138977051,70.27033996582031,MONTREALGRAND PRIX
1785643000.2589169,262.84405517578125,5274,0,78691,59625,22063,0,24695,0,0,0,0,0,3112.80322265625,7484.25,333.0975952148437,1,0,280,1.0,0.0070478953421115,0.0,0,7,11269,1,60,0,534,538,599,602,0,133.68931579589844,93.74002075195312,-82.5727767944336,27.9993953704834,-0.7877635955810547,72.83255004882812,MONTREALGRAND PRIX
1785643001.2621555,263.8479309082031,5295,0,78691,60625,22063,0,24695,0,0,0,0,0,3193.04541015625,7564.4921875,333.0975952148437,1,0,295,1.0,0.011668405495584,0.0,0,8,10553,1,34,0,489,492,556,559,0,161.10423278808594,92.73234558105467,-7.216700077056885,26.64752578735352,-1.6095170974731443,77.75508117675781,MONTREALGRAND PRIX
1785643001.7679727,264.3511047363281,5305,0,78691,61125,22063,0,24695,0,0,0,0,0,3235.00439453125,7606.451171875,333.0975952148437,1,0,302,1.0,0.0190707948058843,0.0,0,8,10762,1,42,0,468,471,536,538,0,173.8458709716797,91.842041015625,32.31636428833008,23.919836044311523,-1.804311156272888,80.43321228027344,MONTREALGRAND PRIX
1785643002.268568,264.85321044921875,5315,0,78691,61625,22063,0,24695,0,0,0,0,0,3277.32470703125,7648.771484375,333.0975952148437,1,0,307,1.0,-0.0,0.0,0,8,10951,1,49,0,447,450,516,518,0,184.908203125,91.05438995361328,73.19163513183594,20.787879943847656,-1.3050295114517212,82.88921356201172,MONTREALGRAND PRIX
1785643002.7687387,265.3523254394531,5325,0,78691,62125,22063,0,24695,0,0,0,0,0,3320.38232421875,7691.8291015625,333.0975952148437,1,0,312,1.0,0.0210745148360729,0.0,0,8,11121,1,55,0,428,430,497,499,0,195.2850646972656,90.56533813476562,115.00833892822266,20.38043975830078,-0.6703329682350159,84.40657806396484,MONTREALGRAND PRIX
1785643003.2670195,265.8514404296875,5335,0,78691,62625,22063,0,24695,0,0,0,0,0,3364.07275390625,7735.51953125,333.0975952148437,1,0,316,1.0,-0.0,0.0,0,8,11258,1,59,0,409,411,478,480,0,204.4954833984375,90.35572052001952,157.7200164794922,17.034767150878906,-0.2207436114549636,86.27090454101562,MONTREALGRAND PRIX
1785643003.766177,266.3495788574219,5345,0,78691,63125,22063,0,24695,0,0,0,0,0,3408.29541015625,7779.7421875,333.0975952148437,1,0,320,1.0,-0.0,0.0,0,8,11378,1,64,0,390,394,461,463,0,213.52735900878903,90.30667877197266,201.00103759765625,19.19017601013184,-0.0230826903134584,86.80078125,MONTREALGRAND PRIX
1785643004.2689002,266.8544006347656,5355,0,78691,63625,22063,0,24695,0,0,0,0,0,3452.97265625,7824.41943359375,333.0975952148437,1,0,323,1.0,-0.0,0.0,0,8,11484,1,69,0,373,377,443,446,0,223.18138122558597,90.30070495605467,244.61651611328125,19.396804809570312,-0.0069356062449514,87.6393051147461,MONTREALGRAND PRIX
1785643004.7694826,267.3511047363281,5365,0,78691,64125,22063,0,24695,0,0,0,0,0,3498.0341796875,7869.48095703125,333.0975952148437,1,0,325,1.0,-0.0,0.0,0,8,11576,1,73,0,357,360,427,429,0,232.92083740234372,90.29553985595705,288.6217346191406,19.55605697631836,-0.0478778928518295,88.35881805419922,MONTREALGRAND PRIX
1785643005.2690582,267.8483581542969,5375,0,78691,64625,22063,0,24695,0,0,0,0,0,3543.43994140625,7914.88671875,333.0975952148437,1,0,328,1.0,-0.0,0.0,0,8,11656,1,76,0,341,344,411,413,0,242.624755859375,90.193359375,332.985107421875,19.2795524597168,-0.3812093138694763,89.0718765258789,MONTREALGRAND PRIX
1785643005.7660823,268.34991455078125,5385,0,78691,65126,22063,0,24695,0,0,0,0,0,3589.146484375,7960.59326171875,333.0975952148437,1,0,330,1.0,-0.0,0.0,0,8,11726,1,79,0,326,329,395,398,0,252.29481506347656,89.85810089111328,377.6623840332031,19.39989280700684,-0.9851316213607788,89.62368774414062,MONTREALGRAND PRIX
1785643006.2621489,268.8460998535156,5395,0,78691,65626,22063,0,24695,0,0,0,0,0,3635.11572265625,8006.5625,333.0975952148437,1,0,331,1.0,-0.0,0.0,0,8,11787,1,82,0,311,314,380,383,0,261.92706298828125,89.2564926147461,422.6211853027344,19.194900512695312,-1.3251973390579224,90.1845245361328,MONTREALGRAND PRIX
1785643006.7588816,269.3431701660156,5405,0,78691,66126,22063,0,24695,0,0,0,0,0,3681.32958984375,8052.7763671875,333.0975952148437,1,0,333,1.0,-0.0,0.0,0,8,11838,1,84,0,298,300,366,369,0,271.5484313964844,88.58695983886719,467.8247375488281,19.287681579589844,-1.2293111085891724,90.61658477783205,MONTREALGRAND PRIX
1785643007.2620883,269.8451232910156,5415,0,78691,66626,22063,0,24695,0,0,0,0,0,3727.75244140625,8099.19921875,333.0975952148437,1,0,334,1.0,-0.0,0.0,0,8,11882,1,86,0,284,287,353,355,0,281.2115783691406,88.11949157714844,513.2255859375,19.361305236816406,-0.7649685144424438,90.9702377319336,MONTREALGRAND PRIX
1785643007.7687104,270.35498046875,5425,0,78691,67126,22063,0,24695,0,0,0,0,0,3774.2998046875,8145.74658203125,333.0975952148437,1,0,332,0.0,-0.0,0.0,0,8,11625,1,75,0,272,275,339,341,0,290.8945007324219,87.78732299804688,558.7261962890625,19.21519660949707,-0.5885398387908936,90.3060073852539,MONTREALGRAND PRIX
1785643008.2687333,270.8481750488281,5435,0,78691,67626,22063,0,24695,0,0,0,0,0,3818.5390625,8189.98583984375,333.0975952148437,1,0,291,0.0,-0.0,1.0,0,8,9889,0,4,0,525,527,569,570,0,300.0975036621094,87.6187973022461,602.01513671875,16.828125,0.0220907349139451,79.1434555053711,MONTREALGRAND PRIX
1785643008.7671263,271.3495788574219,5445,0,78691,68126,22063,0,24695,0,0,0,0,0,3854.25439453125,8225.701171875,333.0975952148437,1,0,224,0.0,-0.0,1.0,0,6,9748,0,0,0,798,799,824,825,0,307.53253173828125,87.62953186035156,636.9758911132812,12.999009132385254,0.0210488531738519,61.11762237548828,MONTREALGRAND PRIX
1785643009.2625072,271.843994140625,5455,0,78691,68626,22063,0,24695,0,0,0,0,0,3881.30615234375,8252.7529296875,333.0975952148437,1,0,170,0.0,0.2034371942281723,1.0,0,4,10076,0,12,0,908,908,928,927,0,312.8564147949219,87.63600158691406,663.4779663085938,6.938300132751465,-0.0381849817931652,46.94501876831055,MONTREALGRAND PRIX
1785643009.7684796,272.3535461425781,5465,0,78691,69126,22063,0,24695,0,0,0,0,0,3902.27392578125,8273.720703125,333.0975952148437,1,0,143,0.5921568870544434,0.5463532209396362,0.0,0,4,9060,0,0,0,929,928,949,946,0,313.2142944335937,87.57936096191406,684.81396484375,-5.4568376541137695,-0.2858542203903198,39.44782257080078,MONTREALGRAND PRIX
1785643010.2658734,272.8493347167969,5475,0,78691,69627,22063,0,24695,0,0,0,0,0,3925.78955078125,8297.236328125,333.0975952148437,1,0,142,0.5960784554481506,0.3515611290931701,0.0,0,4,8793,0,0,0,903,901,927,923,0,307.4671325683594,87.43708038330078,703.7677612304688,-17.648603439331055,0.0759694427251815,35.57939910888672,MONTREALGRAND PRIX
1785643010.766356,273.3472595214844,5485,0,78691,70127,22063,0,24695,0,0,0,0,0,3946.95068359375,8318.3974609375,333.0975952148437,1,0,150,0.7058823704719543,-0.283305823802948,0.0,0,4,9442,0,0,0,878,875,905,901,0,296.9825439453125,87.42117309570312,721.0895385742188,-20.13631820678711,-0.2056695520877838,36.6451530456543,MONTREALGRAND PRIX
1785643011.2653642,273.8494567871094,5495,0,78691,70627,22063,0,24695,0,0,0,0,0,3971.82861328125,8343.275390625,333.0975952148437,1,0,153,0.8078431487083435,-0.4823492467403412,0.0,0,4,9570,0,0,0,852,851,882,880,0,289.92095947265625,87.54486083984375,741.0523071289062,-7.6561455726623535,0.40860715508461,41.82933807373047,MONTREALGRAND PRIX
1785643011.769185,274.35333251953125,5505,0,78691,71127,22063,0,24695,0,0,0,0,0,3992.22216796875,8363.6689453125,333.0975952148437,1,0,151,0.9529411792755128,-0.2279944121837616,0.0,0,4,9451,0,0,0,826,825,861,858,0,289.2619323730469,87.63923645019531,762.0241088867188,4.900393962860107,0.0258843600749969,41.66205978393555,MONTREALGRAND PRIX
1785643012.2605777,274.8451232910156,5515,0,78691,71627,22063,0,24695,0,0,0,0,0,4014.07470703125,8385.521484375,333.0975952148437,1,0,166,0.9647058844566344,-0.0,0.0,0,4,10449,0,29,0,801,802,839,837,0,293.7326965332031,87.63745880126953,783.3863525390625,10.814388275146484,-0.0051135281100869,44.933082580566406,MONTREALGRAND PRIX
1785643012.762829,275.3401794433594,5525,0,78691,72110,22063,0,24695,0,0,0,0,0,4037.65380859375,8409.1005859375,333.0975952148437,1,0,185,1.0,-0.0074063926003873,0.0,0,4,11611,1,74,0,776,777,816,815,0,299.2704162597656,87.63621520996094,806.3511352539062,12.074655532836914,0.0277669634670019,50.018672943115234,MONTREALGRAND PRIX
1785643013.2618666,275.84478759765625,5535,0,78691,72627,22063,0,24695,0,0,0,0,0,4065.57470703125,8437.021484375,333.0975952148437,1,0,204,1.0,-0.0,0.0,0,5,11038,1,52,0,747,749,791,791,0,306.35711669921875,87.63607025146484,833.38427734375,14.963903427124023,-0.0050896108150482,54.65840530395508,MONTREALGRAND PRIX
1785643013.7653632,276.3485412597656,5545,0,78691,73127,22063,0,24695,0,0,0,0,0,4094.99755859375,8466.4443359375,333.0975952148437,1,0,220,1.0,-0.0,0.0,0,5,11861,1,84,0,720,721,767,766,0,314.1474914550781,87.63424682617188,861.824462890625,16.158449172973633,-0.0039248298853635,58.9868049621582,MONTREALGRAND PRIX
1785643014.258737,276.8399353027344,5555,0,78691,73611,22063,0,24695,0,0,0,0,0,4125.48876953125,8496.935546875,333.0975952148437,1,0,234,1.0,-0.0,0.0,0,6,10912,1,47,0,693,694,743,742,0,322.1626892089844,87.63240814208984,891.298583984375,16.658159255981445,-0.0037170923314988,62.97042083740234,MONTREALGRAND PRIX
1785643014.7716737,277.35479736328125,5565,0,78691,74128,22063,0,24695,0,0,0,0,0,4160.10986328125,8531.556640625,333.0975952148437,1,0,247,1.0,0.0231002401560544,0.0,0,6,11511,1,70,0,664,665,717,716,0,330.8535461425781,87.63065338134766,924.8399658203124,16.410179138183594,-0.0039301342330873,66.88848114013672,MONTREALGRAND PRIX
1785643015.2691193,277.8495483398437,5575,0,78691,74628,22063,0,24695,0,0,0,0,0,4195.35009765625,8566.796875,333.0975952148437,1,0,259,1.0,-0.0,0.0,0,7,10436,1,29,0,637,638,692,692,0,338.7391052246094,87.62873840332031,959.1895751953124,15.84341049194336,-0.0068124751560389,70.31812286376953,MONTREALGRAND PRIX
1785643015.7614586,278.3432312011719,5585,0,78691,75128,22063,0,24695,0,0,0,0,0,4232.08447265625,8603.53125,333.0975952148437,1,0,269,1.0,-0.0,0.0,0,7,10831,1,44,0,610,611,668,667,0,346.7573547363281,87.62737274169922,995.0613403320312,16.252229690551758,-0.0028959857299923,73.09996795654297,MONTREALGRAND PRIX
1785643016.265348,278.8483581542969,5595,0,78691,75628,22063,0,24695,0,0,0,0,0,4270.19091796875,8641.6376953125,333.0975952148437,1,0,278,1.0,-0.0,0.0,0,7,11184,1,57,0,584,585,644,643,0,355.0237731933594,87.62626647949219,1032.2427978515625,16.80043601989746,-0.0015589153626933,75.566162109375,MONTREALGRAND PRIX
1785643016.7666018,279.347412109375,5605,0,78691,76128,22063,0,24695,0,0,0,0,0,4309.47998046875,8680.9267578125,333.0975952148437,1,0,286,1.0,0.0040011960081756,0.0,0,7,11497,1,70,0,559,560,621,620,0,363.5487365722656,87.62527465820312,1070.5880126953125,17.272544860839844,-0.0015044360188767,77.76073455810547,MONTREALGRAND PRIX
1785643017.2671282,279.8440856933594,5615,0,78691,76628,22063,0,24695,0,0,0,0,0,4349.75732421875,8721.2041015625,333.0975952148437,1,0,293,1.0,-0.0,0.0,0,7,11746,1,80,0,537,536,600,598,0,371.223388671875,87.62451934814453,1110.1390380859375,12.438362121582031,-0.0049664508551359,80.47572326660156,MONTREALGRAND PRIX
1785643017.7624536,280.34478759765625,5625,0,76899,233,0,0,0,0,0,0,0,0,19.3876953125,8762.28125,333.0975952148437,1,0,299,1.0,-0.0,0.0,0,8,10674,1,39,0,514,512,578,576,0,377.2509765625,87.6236343383789,1150.869384765625,12.115954399108888,-0.0015241793589666,82.32746124267578,MONTREALGRAND PRIX
1785643018.2628255,280.8453369140625,5635,0,76899,733,0,0,0,0,0,0,0,0,61.3701171875,8804.263671875,333.0975952148437,1,0,305,1.0,0.0584364533424377,0.0,0,8,10870,1,46,0,491,490,557,554,0,382.9675903320313,87.62297058105469,1192.4820556640625,9.35400390625,-0.0012663699453696,84.21068572998047,MONTREALGRAND PRIX
1785643018.762818,281.34356689453125,5645,0,76899,1233,0,0,0,0,0,0,0,0,103.6962890625,8846.58984375,333.0975952148437,1,0,305,1.0,-0.0,0.0,0,8,10880,1,46,0,493,468,553,534,0,384.2076416015625,87.62318420410156,1234.8074951171875,-4.636658668518066,-0.0102921752259135,84.68148803710938,MONTREALGRAND PRIX
1785643019.2660666,281.8435363769531,5655,0,76899,1733,0,0,0,0,0,0,0,0,145.6787109375,8888.572265625,333.0975952148437,1,0,284,0.0,-0.0,1.0,0,8,9644,0,0,0,597,578,644,628,0,381.3682861328125,87.6207504272461,1276.7001953125,-5.472018241882324,0.0371498391032218,78.86327362060547,MONTREALGRAND PRIX
1785643019.7604723,282.3415222167969,5665,0,76899,2233,0,0,0,0,0,0,0,0,179.6015625,8922.4951171875,333.0975952148437,1,0,225,0.0,0.1001249924302101,1.0,0,6,9881,0,3,0,828,816,856,846,0,378.4216613769531,87.62989807128906,1310.5181884765625,-8.603825569152832,0.021003233268857,62.0671272277832,MONTREALGRAND PRIX
1785643020.2615075,282.840087890625,5675,0,76899,2716,0,0,0,0,0,0,0,0,207.021484375,8949.9150390625,333.0975952148437,1,0,170,0.0,-0.0,1.0,0,4,10276,0,21,0,927,919,948,941,0,373.5773010253906,87.63776397705078,1337.545166015625,-8.946976661682129,-0.0125716654583811,46.54053497314453,MONTREALGRAND PRIX
1785643020.7618442,283.3436584472656,5685,0,76899,3233,0,0,0,0,0,0,0,0,228.1533203125,8971.046875,333.0975952148437,1,0,128,0.0,-0.2613577246665954,1.0,0,3,8877,0,0,0,972,968,990,986,0,369.9702453613281,87.62549591064453,1358.3912353515625,-3.621811866760254,-0.0109559558331966,35.64535903930664,MONTREALGRAND PRIX
1785643021.7604067,284.3439636230469,5706,0,76899,4233,0,0,0,0,0,0,0,0,263.0517578125,9005.9453125,333.0975952148437,1,0,113,0.7843137383460999,-0.5613712668418884,0.0,0,3,8705,0,0,0,930,926,955,951,0,377.5227355957031,87.81651306152344,1389.167724609375,18.05712890625,0.4263066053390503,25.70767974853516,MONTREALGRAND PRIX
1785643022.266894,284.8501892089844,5716,0,76899,4733,0,0,0,0,0,0,0,0,280.1435546875,9023.037109375,333.0975952148437,1,0,110,0.7921568751335144,-0.4166720509529114,0.0,0,3,8395,0,0,0,908,905,936,932,0,388.3558654785156,87.8380355834961,1400.1824951171875,25.09507942199707,-0.0967156216502189,17.807308197021484,MONTREALGRAND PRIX
1785643022.767318,285.3517761230469,5726,0,76899,5233,0,0,0,0,0,0,0,0,296.24609375,9039.1396484375,333.0975952148437,1,0,121,0.0,0.0540881305932998,0.0,0,3,8652,0,0,0,886,884,917,914,0,402.510009765625,87.7586898803711,1407.7933349609375,30.38378143310547,-0.1910075396299362,14.788442611694336,MONTREALGRAND PRIX
1785643023.2637615,285.8502502441406,5736,0,76899,5733,0,0,0,0,0,0,0,0,311.9228515625,9054.81640625,333.0975952148437,1,0,102,0.0,0.3573956787586212,0.4117777645587921,0,3,7112,0,0,0,892,889,920,916,0,416.07080078125,87.7348403930664,1415.78955078125,22.50202751159668,-0.0484199523925781,17.23440170288086,MONTREALGRAND PRIX
1785643023.766002,286.349609375,5746,0,76899,6233,0,0,0,0,0,0,0,0,326.9501953125,9069.84375,333.0975952148437,1,0,92,0.2862745225429535,0.5223630666732788,0.0,0,2,8295,0,0,0,875,872,906,902,0,424.9764709472656,87.65955352783203,1425.752197265625,12.718989372253418,-0.0599227584898471,22.33513069152832,MONTREALGRAND PRIX
1785643024.2656574,286.8515930175781,5756,0,76899,6733,0,0,0,0,0,0,0,0,342.5263671875,9085.419921875,333.0975952148437,1,0,94,0.5960784554481506,0.5010929703712463,0.0,0,2,8849,0,0,0,857,854,890,887,0,428.93011474609375,87.68264770507812,1438.0631103515625,2.8016929626464844,0.0821556374430656,26.078033447265625,MONTREALGRAND PRIX
1785643024.764459,287.34375,5766,0,76899,7233,0,0,0,0,0,0,0,0,357.3193359375,9100.212890625,333.0975952148437,1,0,93,0.5960784554481506,0.5020093321800232,0.0,0,2,8924,0,0,0,840,837,875,872,0,427.552734375,87.7522201538086,1450.9324951171875,-8.11346435546875,0.193735733628273,24.698705673217773,MONTREALGRAND PRIX
1785643025.2684877,287.85272216796875,5776,0,76899,7733,0,0,0,0,0,0,0,0,370.912109375,9113.8056640625,333.0975952148437,1,0,94,0.6078431606292725,0.493354856967926,0.0,0,2,8808,0,0,0,823,820,860,857,0,421.0460815429688,87.87971496582031,1462.1121826171875,-17.49063491821289,0.3154207766056061,19.43666648864746,MONTREALGRAND PRIX
1785643025.768801,288.3529663085937,5786,0,76899,8233,0,0,0,0,0,0,0,0,383.89453125,9126.7880859375,333.0975952148437,1,0,94,0.6627451181411743,0.4901956915855407,0.0,0,2,8855,0,0,0,806,803,846,842,0,410.5332336425781,88.0701675415039,1469.7646484375,-23.914310455322266,0.4403072893619537,10.762484550476074,MONTREALGRAND PRIX
1785643026.2665763,288.84967041015625,5796,0,76899,8733,0,0,0,0,0,0,0,0,396.7275390625,9139.62109375,333.0975952148437,1,0,96,0.9176470637321472,0.1666537672281265,0.0,0,2,9029,0,0,0,790,787,832,828,0,397.75537109375,88.32489013671875,1472.5465087890625,-26.705781936645508,0.6262030005455017,0.3457336127758026,MONTREALGRAND PRIX
1785643026.7673628,289.3495483398437,5806,0,76899,9233,0,0,0,0,0,0,0,0,411.25390625,9154.1474609375,333.0975952148437,1,0,117,1.0,-0.0,0.0,0,2,10787,0,43,0,774,769,817,812,0,383.19287109375,88.77918243408203,1471.4266357421875,-32.330055236816406,1.2086737155914309,-3.31790542602539,MONTREALGRAND PRIX
1785643027.2682593,289.85186767578125,5816,0,76899,9733,0,0,0,0,0,0,0,0,428.8251953125,9171.71875,333.0975952148437,1,0,138,1.0,-0.0,0.0,0,3,10584,0,35,0,755,749,800,795,0,365.6764831542969,89.46256256103516,1469.115234375,-37.860137939453125,1.4192867279052734,-6.014795303344727,MONTREALGRAND PRIX
1785643027.7587333,290.34625244140625,5826,0,76899,10233,0,0,0,0,0,0,0,0,449.3779296875,9192.271484375,333.0975952148437,1,0,159,1.0,0.0638909414410591,0.0,0,4,9790,0,0,0,733,727,780,775,0,345.31597900390625,90.08527374267578,1465.380859375,-43.05287170410156,1.04612135887146,-9.911579132080078,MONTREALGRAND PRIX
1785643028.2632828,290.84423828125,5836,0,76899,10733,0,0,0,0,0,0,0,0,472.6650390625,9215.55859375,333.0975952148437,1,0,177,1.0,0.043890431523323,0.0,0,4,11229,0,58,0,709,704,759,754,0,322.8800354003906,90.4912109375,1458.9718017578125,-46.9029541015625,0.4493974447250366,-15.431307792663574,MONTREALGRAND PRIX
1785643028.7614565,291.34381103515625,5846,0,76899,11233,0,0,0,0,0,0,0,0,498.4912109375,9241.384765625,333.0975952148437,1,0,195,1.0,-0.0,0.0,0,5,10743,0,41,0,686,680,738,733,0,298.61505126953125,90.5481948852539,1449.80712890625,-50.35409164428711,-0.0029950262978672,-20.46491241455078,MONTREALGRAND PRIX
1785643029.265455,291.8450622558594,5856,0,76899,11733,0,0,0,0,0,0,0,0,526.6181640625,9269.51171875,333.0975952148437,1,0,212,1.0,0.0530124604701995,0.0,0,5,11426,0,67,0,661,655,716,711,0,272.4237060546875,90.54619598388672,1438.913330078125,-53.87209701538086,-0.003851955756545,-23.861759185791016,MONTREALGRAND PRIX
1785643029.7684429,292.3490600585937,5866,0,76899,12233,0,0,0,0,0,0,0,0,556.7060546875,9299.599609375,333.0975952148437,1,0,225,1.0,0.0681205317378044,0.0,0,6,10756,0,42,0,637,631,694,688,0,245.4324493408203,90.54481506347656,1424.94970703125,-53.58672332763672,-0.0049710609018802,-32.34554672241211,MONTREALGRAND PRIX
1785643030.272911,292.8480529785156,5876,0,76899,12733,0,0,0,0,0,0,0,0,588.533203125,9331.4267578125,333.0975952148437,1,0,236,1.0,-0.0,0.0,0,6,10997,0,50,0,617,606,675,666,0,219.22886657714844,90.54290771484376,1406.4012451171875,-51.1273078918457,-0.0088412817567586,-41.41890335083008,MONTREALGRAND PRIX
1785643030.7625303,293.3446044921875,5886,0,76899,13233,0,0,0,0,0,0,0,0,622.140625,9365.0341796875,333.0975952148437,1,0,248,1.0,0.020503532141447,0.0,0,6,11504,0,70,0,593,582,653,643,0,193.29769897460935,90.54098510742188,1384.8271484375,-52.286766052246094,-0.0020171161741018,-45.04045104980469,MONTREALGRAND PRIX
1785643031.2684174,293.8520202636719,5896,0,76899,13733,0,0,0,0,0,0,0,0,657.02734375,9399.9208984375,333.0975952148437,1,0,249,0.0,-0.0,0.3160000145435333,0,6,11179,0,57,0,575,564,635,626,0,167.1121063232422,90.54196166992188,1361.6624755859375,-51.77540969848633,-0.0048500690609216,-46.0368537902832,MONTREALGRAND PRIX
1785643031.7657626,294.3505249023437,5906,0,76899,14233,0,0,0,0,0,0,0,0,687.658203125,9430.5517578125,333.0975952148437,1,0,191,0.0,0.0228626690804958,1.0,0,5,9481,0,0,0,778,772,816,810,0,144.16244506835938,90.54041290283205,1341.251708984375,-39.59709548950195,-0.031530175358057,-35.33149337768555,MONTREALGRAND PRIX
1785643032.7590594,295.33990478515625,5927,0,76899,15216,0,0,0,0,0,0,0,0,730.3466796875,9473.240234375,333.0975952148437,1,0,143,0.5176470875740051,0.5120986700057983,0.0,0,4,9131,0,0,0,829,823,862,855,0,118.05953979492188,90.35481262207033,1307.5322265625,-14.618762969970703,-0.8453173637390137,-37.19351196289063,MONTREALGRAND PRIX
1785643033.2586715,295.840576171875,5937,0,76899,15733,0,0,0,0,0,0,0,0,752.5810546875,9495.474609375,333.0975952148437,1,0,143,0.5529412031173706,0.4728744626045227,0.0,0,4,8940,0,0,0,806,800,842,835,0,113.58909606933594,89.8064193725586,1288.194091796875,-2.475149393081665,-0.7903581261634827,-39.700721740722656,MONTREALGRAND PRIX
1785643033.7656808,296.3489074707031,5947,0,76899,16233,0,0,0,0,0,0,0,0,772.9306640625,9515.82421875,333.0975952148437,1,0,147,0.615686297416687,-0.0641522780060768,0.0,0,4,9126,0,0,0,785,776,823,814,0,115.26739501953124,89.1800308227539,1267.5911865234375,7.394520282745361,-1.7710946798324585,-40.35266876220703,MONTREALGRAND PRIX
1785643034.2693892,296.8525390625,5957,0,76899,16733,0,0,0,0,0,0,0,0,796.236328125,9539.1298828125,333.0975952148437,1,0,155,0.6235294342041016,-0.3493163585662842,0.0,0,4,9629,0,0,0,761,754,803,794,0,117.34517669677734,88.15203094482422,1246.64208984375,-1.1968083381652832,-1.9804153442382808,-43.017822265625,MONTREALGRAND PRIX
1785643034.761469,297.3417358398437,5967,0,76899,17233,0,0,0,0,0,0,0,0,817.1181640625,9560.01171875,333.0975952148437,1,0,141,0.3490196168422699,-0.5185464024543762,0.0,0,4,8718,0,0,0,740,738,784,780,0,113.22731018066406,87.73719024658203,1227.283203125,-14.971858978271484,-0.1666229516267776,-36.22258377075195,MONTREALGRAND PRIX
1785643035.269065,297.84539794921875,5977,0,76899,17733,0,0,0,0,0,0,0,0,836.9423828125,9579.8359375,333.0975952148437,1,0,142,0.7019608020782471,-0.0,0.0,0,3,10515,0,33,0,719,719,765,763,0,102.53142547607422,87.74390411376953,1210.4071044921875,-25.808300018310547,0.0124516924843192,-29.85560417175293,MONTREALGRAND PRIX
1785643035.767442,298.3496398925781,5987,0,76899,18233,0,0,0,0,0,0,0,0,857.5732421875,9600.466796875,333.0975952148437,1,0,155,0.7764706015586853,-0.0,0.0,0,3,11394,0,64,0,698,698,746,744,0,88.60116577148438,87.74884796142578,1195.1605224609375,-29.21834945678711,-0.0028541237115859,-31.766218185424805,MONTREALGRAND PRIX
1785643036.266349,298.847412109375,5997,0,76899,18733,0,0,0,0,0,0,0,0,880.189453125,9623.0830078125,333.0975952148437,1,0,169,0.7921568751335144,-0.0385265350341796,0.0,0,4,10537,0,34,0,676,676,727,725,0,73.26612854003906,87.74708557128906,1178.4990234375,-32.09308624267578,-0.0029794503934681,-34.592559814453125,MONTREALGRAND PRIX
1785643036.759029,299.3414306640625,6007,0,76899,19233,0,0,0,0,0,0,0,0,903.736328125,9646.6298828125,333.0975952148437,1,0,182,0.8196078538894653,-0.0,0.0,0,4,11291,0,61,0,654,655,707,705,0,56.67307662963867,87.74557495117188,1161.645751953125,-36.31620407104492,-0.0038308971561491,-35.305015563964844,MONTREALGRAND PRIX
1785643037.2690809,299.8489074707031,6017,0,76899,19733,0,0,0,0,0,0,0,0,930.7421875,9673.6357421875,333.0975952148437,1,0,195,0.8313725590705872,-0.0039983331225812,0.0,0,5,10513,0,33,0,631,632,686,685,0,37.19479751586914,87.74382781982422,1142.850830078125,-39.485145568847656,-0.0136995362117886,-37.10866928100586,MONTREALGRAND PRIX
1785643037.7614295,300.34381103515625,6027,0,76899,20233,0,0,0,0,0,0,0,0,960.123046875,9703.0166015625,333.0975952148437,1,0,206,0.8588235378265381,-0.0,0.0,0,5,11068,0,53,0,609,609,666,664,0,16.58429527282715,87.74118041992188,1124.0184326171875,-42.910343170166016,-0.0235995650291442,-38.187278747558594,MONTREALGRAND PRIX
1785643038.2709756,300.8539428710937,6037,0,76899,20733,0,0,0,0,0,0,0,0,989.1455078125,9732.0390625,333.0975952148437,1,0,216,0.8745098114013672,0.1350097507238388,0.0,0,5,11608,0,74,0,588,587,647,644,0,-4.808212757110596,87.67809295654297,1103.8021240234375,-40.59773254394531,-0.1861579716205597,-44.29049301147461,MONTREALGRAND PRIX
1785643038.767074,301.3464050292969,6047,0,76899,21233,0,0,0,0,0,0,0,0,1020.1181640625,9763.01171875,333.0975952148437,1,0,222,0.8901960849761963,0.0954571664333343,0.0,0,5,11932,0,88,0,570,565,629,623,0,-22.750263214111328,87.62858581542969,1079.2501220703125,-31.145294189453125,-0.0560686774551868,-53.44278717041016,MONTREALGRAND PRIX
1785643039.2604334,301.8382873535156,6057,0,76899,21716,0,0,0,0,0,0,0,0,1051.81640625,9794.7099609375,333.0975952148437,1,0,231,0.9058823585510254,0.0834227576851844,0.0,0,6,10711,0,40,0,552,544,612,604,0,-35.966461181640625,87.66828918457031,1051.813720703125,-23.52547645568848,0.2599717676639557,-59.75908660888672,MONTREALGRAND PRIX
1785643039.7699108,302.3510131835937,6067,0,76899,22233,0,0,0,0,0,0,0,0,1086.173828125,9829.0673828125,333.0975952148437,1,0,237,0.9098039269447328,0.126512810587883,0.0,0,6,11040,0,52,0,532,522,593,583,0,-45.288875579833984,87.73845672607422,1019.4871826171876,-11.717611312866213,-0.0099066803231835,-65.01087188720703,MONTREALGRAND PRIX
1785643040.2642362,302.8427734375,6077,0,76899,22722,22455,0,0,0,0,0,0,0,1119.556640625,9862.4501953125,333.0975952148437,1,0,242,0.9215686321258544,0.0198979973793029,0.0,0,6,11221,0,58,0,519,501,579,564,0,-47.56333541870117,87.7375717163086,986.2842407226562,2.316947221755981,-0.0086369104683399,-67.30690002441406,MONTREALGRAND PRIX
1785643040.7687838,303.349609375,6087,0,76899,23222,22455,0,0,0,0,0,0,0,1153.8017578125,9896.6953125,333.0975952148437,1,0,250,0.8823529481887817,-0.0,0.0,0,6,11565,0,73,0,499,481,560,545,0,-45.55753707885742,87.73506927490234,952.0748901367188,4.345733165740967,-0.0054705864749848,-69.56013488769531,MONTREALGRAND PRIX
1785643041.2590306,303.8388366699219,6097,0,76899,23705,22455,0,0,0,0,0,0,0,1186.017578125,9928.9111328125,333.0975952148437,1,0,218,0.0,-0.0,1.0,0,6,9426,0,0,0,628,615,672,661,0,-43.54499053955078,87.95842742919922,919.8631591796876,3.7820212841033936,0.8124841451644897,-60.47006607055664,MONTREALGRAND PRIX
1785643041.7623694,304.3440246582031,6107,0,76899,24222,22455,0,0,0,0,0,0,0,1212.8515625,9955.7451171875,333.0975952148437,1,0,162,0.0,-0.1573780924081802,1.0,0,4,9508,0,0,0,804,797,833,828,0,-42.09632110595703,88.42282104492188,893.0446166992188,0.5007615685462952,0.9799968004226683,-45.09623718261719,MONTREALGRAND PRIX
1785643042.767379,305.3483581542969,6128,0,76899,25222,22455,0,0,0,0,0,0,0,1248.0791015625,9990.97265625,333.0975952148437,1,0,104,0.0431372560560703,-0.295827180147171,0.0,0,3,7493,0,0,0,904,904,925,928,0,-49.84943771362305,89.18895721435547,858.5335083007812,-13.383095741271973,0.6174480319023132,-25.895198822021484,MONTREALGRAND PRIX
1785643043.2618911,305.84326171875,6138,0,76899,25722,22455,0,0,0,0,0,0,0,1264.904296875,10007.7978515625,333.0975952148437,1,0,101,0.6078431606292725,-0.5746105313301086,0.0,0,3,8002,0,0,0,884,884,908,911,0,-58.53159332275391,89.51367950439453,847.0492553710938,-20.67061424255371,0.4219547510147095,-19.353599548339844,MONTREALGRAND PRIX
1785643043.7637782,306.3424377441406,6148,0,76899,26222,22455,0,0,0,0,0,0,0,1281.6162109375,10024.509765625,333.0975952148437,1,0,98,0.8117647171020508,-0.1649218499660492,0.0,0,2,9296,0,0,0,865,866,892,896,0,-69.6706314086914,89.72209930419922,839.9386596679688,-25.345684051513672,0.3665986657142639,-10.410642623901367,MONTREALGRAND PRIX
1785643044.264964,306.84918212890625,6158,0,76899,26722,22455,0,0,0,0,0,0,0,1298.408203125,10041.3017578125,333.0975952148437,1,0,104,0.8235294222831726,-0.4665862321853637,0.0,0,2,9944,0,6,0,846,847,875,879,0,-83.92266082763672,89.86457061767578,836.8438110351562,-28.93046188354492,0.1447545886039734,-1.2332429885864258,MONTREALGRAND PRIX
1785643044.7622178,307.3457946777344,6168,0,76899,27222,22455,0,0,0,0,0,0,0,1313.1640625,10056.0576171875,333.0975952148437,1,0,116,0.8784313797950745,0.2514171898365021,0.0,0,2,11140,0,55,0,827,832,859,865,0,-98.80085754394533,89.91925811767578,838.2669067382812,-32.0723762512207,0.1230891644954681,3.847135305404663,MONTREALGRAND PRIX
1785643045.2614095,307.8439636230469,6178,0,76899,27722,22455,0,0,0,0,0,0,0,1330.390625,10073.2841796875,333.0975952148437,1,0,122,0.9176470637321472,0.1612137556076049,0.0,0,3,9511,0,0,0,811,811,845,847,0,-115.38790130615234,89.96836853027344,837.6372680664062,-33.423133850097656,0.1000301241874694,-6.758738040924072,MONTREALGRAND PRIX
1785643045.7715404,308.3541259765625,6188,0,76899,28222,22455,0,0,0,0,0,0,0,1348.6650390625,10091.55859375,333.0975952148437,1,0,130,1.0,0.4301475882530212,0.0,0,3,9847,0,2,0,792,790,827,829,0,-131.98757934570312,89.99337005615234,831.6331787109375,-31.783845901489254,0.0061030876822769,-17.331836700439453,MONTREALGRAND PRIX
1785643046.2588787,308.839111328125,6198,0,76899,28705,22455,0,0,0,0,0,0,0,1366.7431640625,10109.63671875,333.0975952148437,1,0,132,1.0,0.0612506866455078,0.0,0,3,9802,0,0,0,775,770,813,811,0,-145.76480102539062,90.01001739501953,820.8699340820312,-25.19367790222168,0.0821544677019119,-26.87557411193848,MONTREALGRAND PRIX
1785643046.7595055,309.3412170410156,6208,0,76899,29222,22455,0,0,0,0,0,0,0,1387.0,10129.8935546875,333.0975952148437,1,0,153,1.0,0.054239846765995,0.0,0,3,11558,0,72,0,754,748,794,792,0,-158.51168823242188,90.08775329589844,805.6753540039062,-26.866064071655277,0.1619726717472076,-33.27988052368164,MONTREALGRAND PRIX
1785643047.2686465,309.8501281738281,6218,0,76899,29722,22455,0,0,0,0,0,0,0,1409.7021484375,10152.595703125,333.0975952148437,1,0,165,1.0,0.3206956684589386,0.0,0,4,10683,0,39,0,734,724,776,771,0,-171.4508819580078,90.1193618774414,786.4613037109375,-20.84614372253418,0.0013506150571629,-41.11360549926758,MONTREALGRAND PRIX
1785643047.7685108,310.3495178222656,6228,0,76899,30222,22455,0,0,0,0,0,0,0,1432.380859375,10175.2744140625,333.0975952148437,1,0,168,1.0,0.0769517719745636,0.0,0,4,10807,0,43,0,715,701,758,750,0,-178.79193115234375,90.1186752319336,764.5682983398438,-8.654858589172363,-0.0058401431888341,-46.102294921875,MONTREALGRAND PRIX
1785643048.2687826,310.84649658203125,6238,0,76899,30722,22455,0,0,0,0,0,0,0,1456.849609375,10199.7431640625,333.0975952148437,1,0,187,1.0,-0.0,0.0,0,4,11732,0,80,0,693,678,738,729,0,-181.94305419921875,90.11425018310548,740.010498046875,-5.834018230438232,-0.0042449873872101,-51.814083099365234,MONTREALGRAND PRIX
1785643048.7620597,311.34674072265625,6248,0,76899,31222,22455,0,0,0,0,0,0,0,1483.984375,10226.8779296875,333.0975952148437,1,0,205,1.0,-0.0,0.0,0,5,11113,1,54,0,668,654,716,708,0,-184.9980316162109,90.115478515625,712.8692626953125,-6.37777042388916,0.0130781047046184,-56.66291046142578,MONTREALGRAND PRIX
1785643049.268931,311.8489990234375,6258,0,76899,31722,22455,0,0,0,0,0,0,0,1513.560546875,10256.4541015625,333.0975952148437,1,0,221,1.0,0.0551260225474834,0.0,0,5,11929,1,88,0,643,629,694,686,0,-188.1765289306641,90.11360168457033,683.3890991210938,-5.29315185546875,-0.0033824052661657,-61.20083999633789,MONTREALGRAND PRIX
1785643049.76877,312.348876953125,6268,0,76899,32222,22455,0,0,0,0,0,0,0,1545.2333984375,10288.126953125,333.0975952148437,1,0,235,1.0,-0.0,0.0,0,6,10953,1,49,0,621,605,673,663,0,-189.76226806640625,90.11167907714844,651.72265625,-2.463730573654175,-0.0042235674336552,-65.34593200683594,MONTREALGRAND PRIX
1785643050.25895,312.8423156738281,6278,0,76899,32722,22455,0,0,0,0,0,0,0,1577.6728515625,10320.56640625,333.0975952148437,1,0,247,1.0,0.0203173216432333,0.0,0,6,11511,1,70,0,597,582,651,642,0,-190.9764709472656,90.10999298095705,619.2715454101562,-2.401364326477051,-0.0041334275156259,-68.84554290771484,MONTREALGRAND PRIX
1785643050.7718923,313.3516540527344,6288,0,76899,33222,22455,0,0,0,0,0,0,0,1614.06640625,10356.9599609375,333.0975952148437,1,0,259,1.0,-0.0,0.0,0,7,10448,1,29,0,572,557,628,619,0,-191.3646240234375,90.10807800292967,582.8322143554688,0.8534356355667114,-0.0046751457266509,-72.1497802734375,MONTREALGRAND PRIX
1785643051.260138,313.84063720703125,6298,0,76899,33722,22455,0,0,0,0,0,0,0,1649.599609375,10392.4931640625,333.0975952148437,1,0,269,1.0,-0.0,0.0,0,7,10828,1,44,0,549,535,607,598,0,-190.8746795654297,90.10676574707033,547.2920532226562,1.0493580102920532,-0.0036304625682532,-74.85601806640625,MONTREALGRAND PRIX
1785643051.7695315,314.3510131835937,6308,0,76899,34222,22455,0,0,0,0,0,0,0,1689.0068359375,10431.900390625,333.0975952148437,1,0,278,1.0,0.015448996797204,0.0,0,7,11193,1,57,0,525,511,585,576,0,-190.2624053955078,90.10558319091795,507.9274597167969,1.6580430269241333,-0.0014307654928416,-77.44998168945312,MONTREALGRAND PRIX
1785643052.2620432,314.8402099609375,6318,0,76899,34705,22455,0,0,0,0,0,0,0,1726.9853515625,10469.87890625,333.0975952148437,1,0,286,1.0,0.0230725090950727,0.0,0,7,11488,1,69,0,503,490,564,556,0,-188.6117401123047,90.1046905517578,470.0018615722656,5.620331287384033,-0.0013756785774603,-79.36421203613281,MONTREALGRAND PRIX
1785643052.7629154,315.3430480957031,6328,0,76899,35222,22455,0,0,0,0,0,0,0,1768.6298828125,10511.5234375,333.0975952148437,1,0,293,1.0,-0.0,0.0,0,7,11762,1,81,0,480,468,543,535,0,-184.7174224853516,90.10372924804688,428.5536193847656,8.392265319824219,-0.0013229371979832,-81.12931060791016,MONTREALGRAND PRIX
1785643053.2697165,315.8492736816406,6338,0,76899,35722,22455,0,0,0,0,0,0,0,1809.875,10552.7685546875,333.0975952148437,1,0,299,1.0,0.0201548859477043,0.0,0,8,10687,1,39,0,459,448,523,516,0,-180.17678833007807,90.10291290283205,387.5699768066406,10.647320747375488,-0.001550025306642,-82.6227035522461,MONTREALGRAND PRIX
1785643053.7616868,316.3436279296875,6348,0,76899,36222,22455,0,0,0,0,0,0,0,1851.83984375,10594.7333984375,333.0975952148437,1,0,305,1.0,0.0326814278960228,0.0,0,8,10873,1,46,0,439,428,504,497,0,-173.66697692871094,90.10220336914062,346.04931640625,15.633249282836914,-0.0015135100111365,-83.32736206054688,MONTREALGRAND PRIX
1785643054.2668662,316.8493347167969,6358,0,76899,36722,22455,0,0,0,0,0,0,0,1894.353515625,10637.2470703125,333.0975952148437,1,0,306,0.0,-0.0,0.0,0,8,10736,1,41,0,421,410,486,478,0,-164.1814727783203,90.10224151611328,304.4720153808594,21.04899787902832,0.0032876785844564,-82.63046264648438,MONTREALGRAND PRIX
1785643054.7693005,317.3480529785156,6368,0,76899,37222,22455,0,0,0,0,0,0,0,1936.0634765625,10678.95703125,333.0975952148437,1,0,287,0.0,-0.0,0.4920618832111358,0,8,9924,0,5,0,469,460,522,516,0,-153.88351440429688,90.1004638671875,264.1624450683594,19.779199600219727,0.0124907447025179,-77.41783905029297,MONTREALGRAND PRIX
1785643055.2674258,317.84576416015625,6378,0,76899,37722,22455,0,0,0,0,0,0,0,1971.990234375,10714.8837890625,333.0975952148437,1,0,227,0.0,0.1102794334292411,1.0,0,6,10138,0,15,0,752,746,782,777,0,-144.8551025390625,90.1088638305664,229.4338531494141,17.551349639892578,0.0166347362101078,-60.84834289550781,MONTREALGRAND PRIX
1785643055.7662628,318.3495178222656,6388,0,76899,38222,22455,0,0,0,0,0,0,0,2000.4609375,10743.3544921875,333.0975952148437,1,0,188,0.0,0.2202428430318832,1.0,0,5,9554,0,0,0,891,885,912,904,0,-133.90797424316406,90.03382873535156,202.8115081787109,26.20937156677246,-0.3903217017650604,-45.43777084350586,MONTREALGRAND PRIX
1785643056.2587323,318.83563232421875,6399,0,76899,38705,22455,0,0,0,0,0,0,0,2025.447265625,10768.3408203125,333.0975952148437,1,0,152,0.0,0.3646604418754577,1.0,0,4,8950,0,0,0,955,949,973,964,0,-120.09602355957033,89.90000915527344,184.57565307617188,30.161510467529297,0.2628795504570007,-29.860179901123047,MONTREALGRAND PRIX
1785643056.7602713,319.3425598144531,6409,0,76899,39222,22455,0,0,0,0,0,0,0,2046.5751953125,10789.46875,333.0975952148437,1,0,129,0.91372549533844,0.3381880521774292,0.0,0,3,9739,0,0,0,961,955,980,970,0,-104.61688995361328,90.1780014038086,173.5291748046875,32.3386116027832,0.3802303969860077,-16.02490997314453,MONTREALGRAND PRIX
1785643057.7606635,320.342041015625,6430,0,76899,40222,22455,0,0,0,0,0,0,0,2089.3095703125,10832.203125,333.0975952148437,1,0,141,1.0,-0.4901879429817199,0.0,0,3,10673,0,39,0,910,903,935,926,0,-70.77848052978516,90.72391510009766,156.258056640625,29.46063995361328,0.7402352690696716,-25.85713768005371,MONTREALGRAND PRIX
1785643058.2662451,320.8466491699219,6440,0,76899,40722,22455,0,0,0,0,0,0,0,2110.6630859375,10853.556640625,333.0975952148437,1,0,142,1.0,-0.045227650552988,0.0,0,3,10501,0,33,0,883,879,913,905,0,-58.01930618286133,91.11710357666016,140.6298065185547,19.728086471557617,0.7849294543266296,-34.205013275146484,MONTREALGRAND PRIX
1785643058.75851,321.3387756347656,6450,0,76899,41205,22455,0,0,0,0,0,0,0,2131.2802734375,10874.173828125,333.0975952148437,1,0,159,1.0,-0.0178647730499506,0.0,0,4,9838,0,1,0,858,856,891,885,0,-49.35352325439453,91.51374816894533,122.34647369384766,16.011484146118164,0.8054311275482178,-41.17631149291992,MONTREALGRAND PRIX
1785643059.2669044,321.8429260253906,6460,0,76899,41722,22455,0,0,0,0,0,0,0,2155.599609375,10898.4931640625,333.0975952148437,1,0,179,1.0,-0.0,0.0,0,4,11222,0,58,0,829,828,866,861,0,-41.06292724609375,91.86331939697266,99.56689453125,16.853717803955078,0.6858856678009033,-46.82174301147461,MONTREALGRAND PRIX
1785643059.7763643,322.3481750488281,6470,0,76899,42222,22455,0,0,0,0,0,0,0,2181.7216796875,10924.615234375,333.0975952148437,1,0,197,1.0,-0.0042096571996808,0.0,0,5,10645,0,38,0,801,800,841,836,0,-32.20660781860352,92.5214614868164,74.96385192871094,18.52928733825684,1.5316050052642822,-51.54339218139648,MONTREALGRAND PRIX
1785643060.2628927,322.8446044921875,6480,0,76899,42722,22455,0,0,0,0,0,0,0,2210.1552734375,10953.048828125,333.0975952148437,1,0,212,1.0,-0.0436460115015506,0.0,0,5,11460,0,68,0,771,770,815,810,0,-22.999588012695312,93.34172058105467,47.99908447265625,17.315475463867188,1.724109411239624,-56.48932266235352,MONTREALGRAND PRIX
1785643060.7703185,323.35125732421875,6490,0,76899,43222,22455,0,0,0,0,0,0,0,2240.5869140625,10983.48046875,333.0975952148437,1,0,226,1.0,-0.0,0.0,0,6,10532,0,34,0,742,741,789,784,0,-15.368496894836426,94.22078704833984,18.48269844055176,13.636552810668944,1.7613695859909058,-61.41255187988281,MONTREALGRAND PRIX
1785643061.2717006,323.8492126464844,6500,0,76899,43722,22455,0,0,0,0,0,0,0,2272.876953125,11015.7705078125,333.0975952148437,1,0,239,1.0,-0.0119658894836902,0.0,0,6,11092,0,54,0,713,712,763,759,0,-8.525629997253418,95.09253692626952,-13.129638671875,13.658352851867676,1.6783888339996338,-64.9720230102539,MONTREALGRAND PRIX
1785643061.76907,324.3445129394531,6510,0,76899,44222,22455,0,0,0,0,0,0,0,2306.85546875,11049.7490234375,333.0975952148437,1,0,250,1.0,-0.0125794112682342,0.0,0,6,11584,0,73,0,684,683,738,733,0,-1.9889702796936035,95.859375,-46.48059844970703,12.39738655090332,1.357762575149536,-68.35076904296875,MONTREALGRAND PRIX
1785643062.2686653,324.85028076171875,6520,0,76899,44722,22455,0,0,0,0,0,0,0,2342.2490234375,11085.142578125,333.0975952148437,1,0,259,1.0,-0.0,0.0,0,7,10441,0,29,0,656,655,712,708,0,3.8559956550598153,96.4108657836914,-81.41825103759766,11.219245910644531,0.8076575994491577,-71.32215118408203,MONTREALGRAND PRIX
1785643062.7687452,325.35125732421875,6530,0,76899,45222,22455,0,0,0,0,0,0,0,2378.939453125,11121.8330078125,333.0975952148437,1,0,268,1.0,-0.0386414900422096,0.0,0,7,10773,0,42,0,629,628,687,683,0,9.480281829833984,96.61675262451172,-117.6956787109375,10.839526176452637,0.0426044426858425,-73.79458618164062,MONTREALGRAND PRIX
1785643063.2646968,325.8417358398437,6540,0,76899,45722,22455,0,0,0,0,0,0,0,2415.44921875,11158.3427734375,333.0975952148437,1,0,275,1.0,-0.0,0.0,0,7,11047,0,52,0,603,602,663,659,0,13.452878952026367,96.61935424804688,-154.00323486328125,6.442999362945557,-0.0013395744608715,-76.2907943725586,MONTREALGRAND PRIX
1785643063.7686834,326.3495178222656,6550,0,76899,46222,22455,0,0,0,0,0,0,0,2455.5,11198.3935546875,333.0975952148437,1,0,282,1.0,-0.0217866040766239,0.0,0,7,11313,0,61,0,576,575,639,635,0,15.880940437316896,96.61835479736328,-193.98699951171875,2.198251962661743,-0.0017278414452448,-78.4218521118164,MONTREALGRAND PRIX
1785643064.2649546,326.8448181152344,6560,0,76899,46722,22455,0,0,0,0,0,0,0,2495.162109375,11238.0556640625,333.0975952148437,1,0,288,1.0,-0.0389928519725799,0.0,0,7,11535,0,71,0,551,551,616,612,0,15.832770347595217,96.61748504638672,-233.61802673339844,-2.8354649543762207,-0.0015679298667237,-79.9769058227539,MONTREALGRAND PRIX
1785643064.7648962,327.3446350097656,6570,0,76899,47224,22455,0,24335,0,0,0,0,0,2535.5205078125,11278.4140625,333.0975952148437,1,0,290,1.0,-0.0494100153446197,0.0,0,7,11628,0,75,0,527,536,593,597,0,11.764063835144045,96.6173858642578,-273.6039733886719,-14.97496223449707,8.382153464481235e-05,-79.21082305908203,MONTREALGRAND PRIX
1785643065.2642584,327.8431091308594,6580,0,76899,47724,22455,0,24335,0,0,0,0,0,2576.236328125,11319.1298828125,333.0975952148437,1,0,288,0.0,-0.0,0.3125928342342376,0,7,11265,0,63,0,512,523,577,583,0,2.8016157150268555,96.61760711669922,-313.0782165527344,-18.350082397460938,-0.008640818297863,-78.14579772949219,MONTREALGRAND PRIX
1785643065.7632473,328.3445739746094,6590,0,76899,48224,22455,0,24335,0,0,0,0,0,2611.759765625,11354.6533203125,333.0975952148437,1,0,223,0.0,-0.0,1.0,0,6,9657,0,0,0,789,795,827,829,0,-5.192745685577393,96.62876892089844,-347.5901794433594,-13.269675254821776,0.0096258204430341,-60.57612609863281,MONTREALGRAND PRIX
1785643066.2689705,328.8516540527344,6600,0,76899,48724,22455,0,24335,0,0,0,0,0,2638.603515625,11381.4970703125,333.0975952148437,1,0,168,0.0,-0.0,1.0,0,4,9867,0,3,0,901,905,928,930,0,-10.727301597595217,96.63426208496094,-373.8999328613281,-9.45284652709961,-0.0319995991885662,-45.872318267822266,MONTREALGRAND PRIX
1785643066.7643378,329.34771728515625,6610,0,76899,49224,22455,0,24335,0,0,0,0,0,2658.767578125,11401.6611328125,333.0975952148437,1,0,125,0.0,-0.0,1.0,0,3,8491,0,0,0,952,955,974,975,0,-14.79649829864502,96.63712310791016,-393.65423583984375,-7.073380470275879,0.0136403944343328,-34.273475646972656,MONTREALGRAND PRIX
1785643067.2696552,329.8486328125,6620,0,76899,49724,22455,0,24335,0,0,0,0,0,2673.56640625,11416.4599609375,333.0975952148437,1,0,91,0.0,0.0316550023853778,1.0,0,2,7579,0,0,0,978,979,997,998,0,-17.750791549682617,96.62742614746094,-408.1912536621094,-4.825318336486816,-0.0119797838851809,-24.886228561401367,MONTREALGRAND PRIX
1785643067.7652552,330.3476257324219,6630,0,76899,50224,22455,0,24335,0,0,0,0,0,2684.984375,11427.8779296875,333.0975952148437,1,0,81,0.125490203499794,0.4477490484714508,0.0,0,2,7157,0,0,0,967,969,989,990,0,-19.320634841918945,96.60728454589844,-419.6786804199219,-0.2573997378349304,-0.0837720930576324,-22.555768966674805,MONTREALGRAND PRIX
1785643068.2650945,330.8480834960937,6640,0,76899,50724,22455,0,24335,0,0,0,0,0,2695.0927734375,11437.986328125,333.0975952148437,1,0,76,0.2627451121807098,0.7260552048683167,0.0,0,2,6942,0,0,0,950,952,974,975,0,-17.117572784423828,96.54349517822266,-430.32122802734375,9.056994438171388,-0.1385288387537002,-19.17946434020996,MONTREALGRAND PRIX
1785643068.7629564,331.3453674316406,6650,0,76899,51224,22455,0,24335,0,0,0,0,0,2705.486328125,11448.3798828125,333.0975952148437,1,0,76,0.6313725709915161,0.699949324131012,0.0,0,2,7263,0,0,0,934,936,960,961,0,-10.476692199707031,96.49225616455078,-438.40374755859375,16.995880126953125,-0.0526473484933376,-12.55639934539795,MONTREALGRAND PRIX
1785643069.2672973,331.8482666015625,6660,0,76899,51724,22455,0,24335,0,0,0,0,0,2716.9853515625,11459.87890625,333.0975952148437,1,0,75,0.6784313917160034,0.6928421854972839,0.0,0,2,7164,0,0,0,918,920,946,947,0,-0.8338906168937683,96.47905731201172,-442.3049621582031,20.736303329467773,0.0065701031126081,-2.777676105499268,MONTREALGRAND PRIX
1785643069.7654564,332.34869384765625,6670,0,76899,52224,22455,0,24335,0,0,0,0,0,2728.36328125,11471.2568359375,333.0975952148437,1,0,74,0.6901960968971252,0.6856921911239624,0.0,0,2,7072,0,0,0,902,904,933,934,0,9.40200424194336,96.49207305908205,-441.0760803222656,19.36379051208496,0.054008238017559,7.524394989013672,MONTREALGRAND PRIX
1785643070.2624822,332.8427429199219,6680,0,76899,52724,22455,0,24335,0,0,0,0,0,2738.6953125,11481.5888671875,333.0975952148437,1,0,73,1.0,0.4910699129104614,0.0,0,2,7030,0,0,0,888,889,920,921,0,17.45199203491211,96.53006744384766,-435.3558044433594,13.3240385055542,0.0865001082420349,15.583585739135742,MONTREALGRAND PRIX
1785643070.7620423,333.3456726074219,6690,0,76899,53224,22455,0,24335,0,0,0,0,0,2749.69921875,11492.5927734375,333.0975952148437,1,0,89,1.0,0.0851738899946212,0.0,0,2,8267,0,0,0,872,873,907,907,0,23.20781707763672,96.58209991455078,-425.52392578125,10.618382453918455,0.1358262598514557,22.42033195495605,MONTREALGRAND PRIX
1785643071.2668257,333.845947265625,6700,0,76899,53724,22455,0,24335,0,0,0,0,0,2763.048828125,11505.9423828125,333.0975952148437,1,0,107,1.0,0.0364936292171478,0.0,0,2,10161,0,16,0,855,854,891,891,0,27.826330184936523,96.62701416015624,-412.70794677734375,8.186441421508789,0.0426072143018245,28.7733097076416,MONTREALGRAND PRIX
1785643071.7695434,334.3515319824219,6710,0,76899,54224,22455,0,24335,0,0,0,0,0,2779.1298828125,11522.0234375,333.0975952148437,1,0,126,1.0,0.010257538408041,0.0,0,3,9656,0,0,0,834,834,874,873,0,30.991830825805664,96.63915252685548,-396.7333068847656,4.088747978210449,-0.0162170585244894,34.784114837646484,MONTREALGRAND PRIX
1785643072.269163,334.8503723144531,6720,0,76899,54724,22455,0,24335,0,0,0,0,0,2798.1142578125,11541.0078125,333.0975952148437,1,0,149,1.0,0.0142594426870346,0.0,0,3,11244,0,59,0,811,810,853,852,0,32.9959716796875,96.6357879638672,-377.6749877929688,4.216726303100586,-0.0042765457183122,41.3352165222168,MONTREALGRAND PRIX
1785643072.763441,335.3471984863281,6730,0,76899,55224,22455,0,24335,0,0,0,0,0,2820.36328125,11563.2568359375,333.0975952148437,1,0,171,1.0,-0.0004853440041188,0.0,0,4,10773,0,41,0,787,785,831,830,0,34.80805206298828,96.63359832763672,-355.43975830078125,3.4428322315216064,-0.0058980644680559,47.44724655151367,MONTREALGRAND PRIX
1785643073.2638545,335.8444519042969,6740,0,76899,55724,22455,0,24335,0,0,0,0,0,2846.333984375,11589.2275390625,333.0975952148437,1,0,189,1.0,-0.1667905151844024,0.0,0,4,11922,0,86,0,760,760,808,808,0,37.48837661743164,96.63237762451172,-330.4900207519531,9.304431915283203,0.0049902810715138,51.67226028442383,MONTREALGRAND PRIX
1785643073.7588923,336.3427429199219,6750,0,76899,56224,22455,0,24335,0,0,0,0,0,2872.6416015625,11615.53515625,333.0975952148437,1,0,199,1.0,-0.0,0.0,0,5,10771,0,42,0,734,743,785,791,0,44.778438568115234,96.45054626464844,-305.5163269042969,20.28830337524414,-0.6879820227622986,51.60329818725586,MONTREALGRAND PRIX
1785643074.2597284,336.8429260253906,6760,0,76899,56724,22455,0,24335,0,0,0,0,0,2902.474609375,11645.3681640625,333.0975952148437,1,0,216,1.0,-0.0,0.0,0,5,11624,0,75,0,706,715,760,766,0,56.04222106933594,96.08707427978516,-277.8585510253906,22.724285125732425,-0.7154735326766968,55.57698059082031,MONTREALGRAND PRIX
1785643074.7592368,337.3409729003906,6770,0,76899,57224,22455,0,24335,0,0,0,0,0,2932.4638671875,11675.357421875,333.0975952148437,1,0,230,1.0,-0.0,0.0,0,6,10687,0,39,0,680,688,737,742,0,67.38452911376953,95.73067474365234,-250.1190185546875,24.191898345947266,-0.7579969763755798,59.16712951660156,MONTREALGRAND PRIX
1785643075.2653236,337.84674072265625,6780,0,76899,57724,22455,0,24335,0,0,0,0,0,2966.5283203125,11709.421875,333.0975952148437,1,0,243,1.0,-0.0,0.0,0,6,11274,0,60,0,653,660,711,717,0,80.2494125366211,95.3305206298828,-218.6535186767578,25.57151985168457,-0.786174476146698,62.54516220092773,MONTREALGRAND PRIX
1785643075.7613804,338.344970703125,6790,0,76899,58224,22455,0,24335,0,0,0,0,0,3001.14453125,11744.0380859375,333.0975952148437,1,0,254,1.0,-0.0,0.0,0,6,11761,0,81,0,626,633,687,692,0,93.33366394042967,94.9342041015625,-186.65042114257807,26.728591918945312,-0.7989192008972168,65.37630462646484,MONTREALGRAND PRIX
1785643076.2675154,338.8460388183594,6800,0,76899,58724,22455,0,24335,0,0,0,0,0,3037.1748046875,11780.068359375,333.0975952148437,1,0,263,1.0,-0.0,0.0,0,7,10593,0,36,0,600,607,663,668,0,106.9612274169922,94.5332489013672,-153.3178253173828,27.748659133911133,-0.8035585880279541,67.87274169921875,MONTREALGRAND PRIX
1785643076.7619767,339.34149169921875,6810,0,76899,59224,22455,0,24335,0,0,0,0,0,3073.1708984375,11816.064453125,333.0975952148437,1,0,272,1.0,-0.0,0.0,0,7,10911,0,47,0,576,582,641,645,0,120.58509063720705,94.14608001708984,-119.99394989013672,28.60521697998047,-0.7983558177947998,69.96817779541016,MONTREALGRAND PRIX
1785643077.2584982,339.83984375,6820,0,76899,59724,22455,0,24335,0,0,0,0,0,3111.509765625,11854.4033203125,333.0975952148437,1,0,280,1.0,-0.0,0.0,0,7,11242,1,59,0,551,558,618,622,0,135.09645080566406,93.75318908691406,-84.49925231933594,29.457460403442383,-0.7946601510047913,72.05281829833984,MONTREALGRAND PRIX
1785643077.7622638,340.34246826171875,6830,0,76899,60224,22455,0,24335,0,0,0,0,0,3150.9951171875,11893.888671875,333.0975952148437,1,0,288,1.0,0.0262078754603862,0.0,0,7,11560,1,72,0,527,534,595,600,0,150.0358428955078,93.36062622070312,-47.939640045166016,30.12026596069336,-0.8252601623535156,74.19104766845703,MONTREALGRAND PRIX
1785643078.269061,340.8479309082031,6840,0,76899,60724,22455,0,24335,0,0,0,0,0,3192.8564453125,11935.75,333.0975952148437,1,0,295,1.0,0.0262995138764381,0.0,0,8,10529,1,34,0,504,510,573,577,0,164.51605224609375,92.73622131347656,-8.661916732788086,25.266645431518555,-1.6019188165664673,77.97444152832031,MONTREALGRAND PRIX
1785643078.770962,341.3482360839844,6850,0,76899,61224,22455,0,24335,0,0,0,0,0,3234.2880859375,11977.181640625,333.0975952148437,1,0,301,1.0,0.0207220800220966,0.0,0,8,10738,1,41,0,482,487,552,556,0,176.45730590820312,91.85784912109376,31.001686096191406,23.574745178222656,-1.78143048286438,80.33216857910156,MONTREALGRAND PRIX
1785643079.2631507,341.8427734375,6860,0,76899,61724,22455,0,24335,0,0,0,0,0,3276.4580078125,12019.3515625,333.0975952148437,1,0,306,1.0,-0.0,0.0,0,8,10902,1,47,0,466,466,536,535,0,186.81988525390625,91.06783294677734,71.90167999267578,17.70999526977539,-1.3125839233398438,83.1965560913086,MONTREALGRAND PRIX
1785643079.7614126,342.3407897949219,6870,0,76899,62224,22455,0,24335,0,0,0,0,0,3317.9140625,12060.8076171875,333.0975952148437,1,0,311,1.0,-0.0,0.0,0,8,11073,1,53,0,446,446,516,516,0,195.34164428710935,90.5849838256836,112.47552490234376,17.75053596496582,-0.7013130187988281,84.60794067382812,MONTREALGRAND PRIX
1785643080.258903,342.8420104980469,6880,0,76899,62724,22455,0,24335,0,0,0,0,0,3361.4501953125,12104.34375,333.0975952148437,1,0,315,1.0,-0.0,0.0,0,8,11225,1,58,0,427,426,497,497,0,204.2817230224609,90.36268615722656,155.0876922607422,18.00113868713379,-0.2417673021554947,85.80065155029297,MONTREALGRAND PRIX
1785643080.7687063,343.3471374511719,6890,0,76899,63224,22455,0,24335,0,0,0,0,0,3407.04296875,12149.9365234375,333.0975952148437,1,0,319,1.0,-0.0,0.0,0,8,11358,1,63,0,407,407,478,478,0,213.6409454345703,90.30709075927734,199.6973114013672,18.221025466918945,-0.0257603097707033,86.84782409667969,MONTREALGRAND PRIX
1785643081.2646887,343.8424987792969,6900,0,76899,63724,22455,0,24335,0,0,0,0,0,3450.15625,12193.0498046875,333.0975952148437,1,0,322,1.0,-0.0,0.0,0,8,11464,1,68,0,390,389,461,460,0,222.52589416503903,90.30096435546876,241.8760223388672,18.621999740600582,-0.0063600526191294,87.64076232910156,MONTREALGRAND PRIX
1785643081.7648103,344.34100341796875,6910,0,76899,64224,22455,0,24335,0,0,0,0,0,3495.14453125,12238.0380859375,333.0975952148437,1,0,325,1.0,-0.0,0.0,0,8,11559,1,72,0,372,372,443,443,0,231.8874969482422,90.2969970703125,285.88623046875,18.801475524902344,-0.0368212014436721,88.380126953125,MONTREALGRAND PRIX
1785643082.2648215,344.84649658203125,6920,0,76899,64724,22455,0,24335,0,0,0,0,0,3542.005859375,12284.8994140625,333.0975952148437,1,0,327,1.0,-0.0,0.0,0,8,11643,1,76,0,355,355,426,426,0,241.6391448974609,90.1994857788086,331.7256164550781,18.94316673278809,-0.36577108502388,89.04380798339844,MONTREALGRAND PRIX
1785643082.7639687,345.3435974121094,6930,0,76899,65224,22455,0,24335,0,0,0,0,0,3587.6689453125,12330.5625,333.0975952148437,1,0,329,1.0,-0.0,0.0,0,8,11716,1,79,0,339,339,410,410,0,251.14208984375,89.87431335449219,376.39202880859375,19.065601348876957,-0.9655544757843018,89.60834503173828,MONTREALGRAND PRIX
1785643083.2649662,345.8429870605469,6940,0,76899,65725,22455,0,24335,0,0,0,0,0,3633.6015625,12376.4951171875,333.0975952148437,1,0,331,1.0,-0.0,0.0,0,8,11778,1,82,0,324,324,395,395,0,260.70281982421875,89.27879333496094,421.3259582519531,19.17441940307617,-1.3159456253051758,90.11481475830078,MONTREALGRAND PRIX
1785643083.7645786,346.3443603515625,6950,0,76899,66225,22455,0,24335,0,0,0,0,0,3679.7822265625,12422.67578125,333.0975952148437,1,0,333,1.0,-0.0,0.0,0,8,11830,1,84,0,310,310,380,380,0,270.3143615722656,88.60794830322266,466.497314453125,19.26837730407715,-1.2429633140563965,90.55723571777344,MONTREALGRAND PRIX
1785643084.2721596,346.84918212890625,6960,0,76899,66725,22455,0,24335,0,0,0,0,0,3726.173828125,12469.0673828125,333.0975952148437,1,0,334,1.0,-0.0,0.0,0,8,11877,1,86,0,296,296,366,366,0,279.9683837890625,88.13238525390625,511.8708801269531,19.34400177001953,-0.7774293422698975,90.92015075683594,MONTREALGRAND PRIX
1785643084.7662652,347.3443298339844,6971,0,76899,67225,22455,0,24335,0,0,0,0,0,3772.7392578125,12515.6328125,333.0975952148437,1,0,334,0.0,-0.0,0.0,0,8,11689,1,78,0,283,283,352,352,0,289.65283203125,87.79545593261719,557.3947143554688,19.31270980834961,-0.5906414985656738,90.79521942138672,MONTREALGRAND PRIX
1785643085.2694805,347.84930419921875,6981,0,76899,67725,22455,0,24335,0,0,0,0,0,3817.9326171875,12560.826171875,333.0975952148437,1,0,309,0.0,-0.0,0.8922956585884094,0,8,10573,0,35,0,393,393,444,444,0,299.0553283691406,87.61650085449219,601.6126098632812,17.883140563964844,0.029571171849966,84.12537384033203,MONTREALGRAND PRIX
1785643085.7687397,348.3457946777344,6991,0,76899,68225,22455,0,24335,0,0,0,0,0,3856.0478515625,12598.94140625,333.0975952148437,1,0,240,0.0,-0.0,1.0,0,7,9095,0,0,0,747,747,776,776,0,306.9876708984375,87.62722778320312,638.9163818359375,13.919244766235352,0.0220087375491857,65.44874572753906,MONTREALGRAND PRIX
1785643086.2655587,348.84381103515625,7001,0,76899,68725,22455,0,24335,0,0,0,0,0,3885.294921875,12628.1884765625,333.0975952148437,1,0,185,0.0,0.2281647622585296,1.0,0,5,9361,0,0,0,887,886,908,906,0,312.7121887207031,87.62998962402344,667.5748901367188,7.170805931091309,-0.0538492128252983,50.99934768676758,MONTREALGRAND PRIX
1785643086.7684233,349.3462219238281,7011,0,76899,69225,22455,0,24335,0,0,0,0,0,3908.2177734375,12651.111328125,333.0975952148437,1,0,150,0.0,0.5492392778396606,0.0,0,4,8990,0,0,0,947,944,964,959,0,312.9214172363281,87.54026794433594,690.7642822265625,-5.7398786544799805,-0.2588287591934204,41.277923583984375,MONTREALGRAND PRIX
1785643087.270512,349.847900390625,7021,0,76899,69725,22455,0,24335,0,0,0,0,0,3931.0068359375,12673.900390625,333.0975952148437,1,0,134,0.0,0.5715504288673401,0.0,0,3,9615,0,0,0,920,917,941,936,0,307.1010131835937,87.47040557861328,709.480224609375,-17.021854400634766,0.0441977009177207,33.31863784790039,MONTREALGRAND PRIX
1785643087.7699585,350.3440246582031,7031,0,76899,70226,22455,0,24335,0,0,0,0,0,3950.314453125,12693.2080078125,333.0975952148437,1,0,124,0.0,-0.2652153670787811,0.0,0,3,8869,0,0,0,897,893,921,916,0,297.04229736328125,87.42021179199219,724.2205810546875,-20.029571533203125,0.0060692694969475,28.22097587585449,MONTREALGRAND PRIX
1785643088.2710478,350.84527587890625,7041,0,76899,70726,22455,0,24335,0,0,0,0,0,3969.8203125,12712.7138671875,333.0975952148437,1,0,113,0.0,-0.5713189840316772,0.0,0,3,8108,0,0,0,875,871,902,897,0,289.7991027832031,87.53838348388672,739.0277709960938,-8.4461669921875,0.353886991739273,30.25999641418457,MONTREALGRAND PRIX
1785643088.760938,351.3379821777344,7051,0,76899,71209,22455,0,24335,0,0,0,0,0,3983.8837890625,12726.77734375,333.0975952148437,1,0,109,1.0,-0.312259167432785,0.0,0,3,8501,0,0,0,855,852,885,880,0,288.3843078613281,87.63146209716797,753.6896362304688,2.421040773391724,0.0548803769052028,30.226001739501957,MONTREALGRAND PRIX
1785643089.261494,351.8420104980469,7061,0,76899,71726,22455,0,24335,0,0,0,0,0,3999.7705078125,12742.6640625,333.0975952148437,1,0,124,1.0,-0.0,0.0,0,3,9453,0,0,0,834,834,867,864,0,291.6865539550781,87.6405258178711,769.2249755859375,8.961645126342773,0.0075612193904817,33.333473205566406,MONTREALGRAND PRIX
1785643089.7613308,352.3385314941406,7071,0,76899,72209,22455,0,24335,0,0,0,0,0,4018.6357421875,12761.529296875,333.0975952148437,1,0,147,1.0,-0.0,0.0,0,3,11125,0,55,0,812,811,848,844,0,296.6159362792969,87.63911437988281,787.4674682617188,10.711562156677246,-0.0039574573747813,39.61112976074219,MONTREALGRAND PRIX
1785643090.2706468,352.8499755859375,7081,0,76899,72726,22455,0,24335,0,0,0,0,0,4041.4521484375,12784.345703125,333.0975952148437,1,0,170,1.0,-0.0,0.0,0,4,10807,1,43,0,786,785,825,822,0,302.5555419921875,87.63948822021484,809.5408935546875,12.025680541992188,-0.0072360960766673,45.77560424804688,MONTREALGRAND PRIX
1785643090.768678,353.3485717773437,7091,0,76899,73226,22455,0,24335,0,0,0,0,0,4066.4931640625,12809.38671875,333.0975952148437,1,0,190,1.0,0.0162801146507263,0.0,0,4,11916,1,87,0,759,759,802,799,0,308.8416748046875,87.63746643066406,833.8137817382812,13.163515090942385,-0.0038860123604536,51.13642501831055,MONTREALGRAND PRIX
1785643091.259525,353.84051513671875,7101,0,76899,73726,22455,0,24335,0,0,0,0,0,4093.1904296875,12836.083984375,333.0975952148437,1,0,207,1.0,-0.0,0.0,0,5,11211,1,58,0,733,732,779,776,0,315.1285705566406,87.63567352294922,859.7739868164062,13.20380687713623,-0.0042327344417572,56.080074310302734,MONTREALGRAND PRIX
1785643091.7676458,354.3478088378906,7111,0,76899,74226,22455,0,24335,0,0,0,0,0,4124.1494140625,12867.04296875,333.0975952148437,1,0,223,1.0,-0.0,0.0,0,5,12038,1,93,0,705,704,754,750,0,322.2237243652344,87.63383483886719,889.9160766601562,14.23389720916748,-0.0042009940370917,60.47053909301758,MONTREALGRAND PRIX
1785643092.2660773,354.8437805175781,7121,0,76899,74726,22455,0,24335,0,0,0,0,0,4156.2509765625,12899.14453125,333.0975952148437,1,0,238,1.0,-0.0,0.0,0,6,11076,1,53,0,677,677,729,726,0,329.579833984375,87.63191986083984,921.1672973632812,15.158638954162598,-0.0039888829924166,64.3982925415039,MONTREALGRAND PRIX
1785643092.7608118,355.3416748046875,7131,0,76899,75227,22455,0,24335,0,0,0,0,0,4189.0693359375,12931.962890625,333.0975952148437,1,0,250,1.0,-0.0,0.0,0,6,11617,1,75,0,651,650,705,702,0,337.1002197265625,87.63025665283203,953.1157836914062,15.938453674316406,-0.0038689307402819,67.71057891845703,MONTREALGRAND PRIX
1785643093.2662234,355.8451843261719,7141,0,76899,75727,22455,0,24335,0,0,0,0,0,4225.8330078125,12968.7265625,333.0975952148437,1,0,262,1.0,-0.0,0.0,0,7,10539,1,34,0,623,623,680,677,0,345.5299377441406,87.62858581542969,988.9274291992188,16.679128646850586,-0.0010433265706524,70.85682678222656,MONTREALGRAND PRIX
1785643093.770925,356.3406982421875,7151,0,76899,76210,22455,0,24335,0,0,0,0,0,4261.6728515625,13004.56640625,333.0975952148437,1,0,271,1.0,7.9612378613092e-05,0.0,0,7,10909,1,47,0,598,597,657,654,0,353.7414245605469,87.62710571289062,1023.812255859375,17.286102294921875,-0.0015410532942041,73.43631744384766,MONTREALGRAND PRIX
1785643094.270497,356.8455505371094,7161,0,76899,76727,22455,0,24335,0,0,0,0,0,4301.3330078125,13044.2265625,333.0975952148437,1,0,280,1.0,-0.0,0.0,0,7,11262,1,60,0,572,571,632,630,0,362.40771484375,87.62605285644531,1062.5003662109375,15.802735328674316,-0.0015586427180096,76.34607696533203,MONTREALGRAND PRIX
1785643094.7603478,357.3393859863281,7171,0,76899,77210,22455,0,24335,0,0,0,0,0,4339.5380859375,13082.431640625,333.0975952148437,1,0,288,1.0,0.0098534654825925,0.0,0,7,11555,1,72,0,548,547,610,608,0,370.0104675292969,87.62511444091797,1099.942138671875,15.718493461608888,-0.0014655607519671,78.51495361328125,MONTREALGRAND PRIX
1785643096.2656376,358.8447570800781,7203,0,77613,1116,0,0,0,0,0,0,0,0,93.0927734375,13207.4326171875,333.0975952148437,1,0,304,1.0,0.0473039411008358,0.0,0,8,10855,1,45,0,485,478,550,543,0,380.7922973632813,87.6229248046875,1224.2119140625,-0.916764795780182,-0.0012752013280987,84.64263916015625,MONTREALGRAND PRIX
1785643097.262364,359.842041015625,7224,0,77613,2116,0,0,0,0,0,0,0,0,174.04296875,13288.3828125,333.0975952148437,1,0,251,0.0,-0.0,1.0,0,7,9524,0,0,0,727,718,765,758,0,373.7218933105469,87.62570190429688,1304.3170166015625,-8.156283378601074,0.0255914684385061,69.42870330810547,MONTREALGRAND PRIX
1785643097.7702444,360.35052490234375,7234,0,77613,2616,0,0,0,0,0,0,0,0,205.376953125,13319.716796875,333.0975952148437,1,0,186,0.0,-0.041500587016344,1.0,0,5,9106,0,0,0,882,878,908,904,0,370.0782775878906,87.63580322265625,1335.449462890625,-5.785747051239014,0.0247407965362072,51.5449333190918,MONTREALGRAND PRIX
1785643098.2638948,360.8458862304688,7244,0,77613,3116,0,0,0,0,0,0,0,0,228.16796875,13342.5078125,333.0975952148437,1,0,146,0.0,-0.0755950435996055,1.0,0,4,8312,0,0,0,947,945,966,967,0,369.0978393554688,87.6280517578125,1358.2972412109375,2.847893238067627,-0.0492025651037693,40.5561637878418,MONTREALGRAND PRIX
1785643098.7656589,361.3450622558594,7254,0,77613,3616,0,0,0,0,0,0,0,0,246.1611328125,13360.5009765625,333.0975952148437,1,0,127,0.0,-0.2760290205478668,0.0,0,3,9079,0,0,0,949,949,969,972,0,372.0995178222656,87.61679077148438,1376.5865478515625,9.390096664428713,0.1592469066381454,34.14167022705078,MONTREALGRAND PRIX
1785643099.2586868,361.8407897949219,7264,0,77613,4116,0,0,0,0,0,0,0,0,266.3359375,13380.67578125,333.0975952148437,1,0,115,0.0,-0.5705317854881287,0.0,0,3,8277,0,0,0,926,926,950,952,0,378.92236328125,87.84477996826172,1391.3924560546875,17.956207275390625,0.2612044811248779,26.70167732238769,MONTREALGRAND PRIX
1785643099.7619452,362.3429870605469,7274,0,77613,4616,0,0,0,0,0,0,0,0,282.6904296875,13397.0302734375,333.0975952148437,1,0,109,0.5921568870544434,-0.5550365447998047,0.0,0,3,8377,0,0,0,904,904,930,933,0,389.9164123535156,87.83061218261719,1402.7374267578125,24.770078659057617,-0.1227853894233703,17.595956802368164,MONTREALGRAND PRIX
1785643100.2689693,362.852294921875,7284,0,77613,5116,0,0,0,0,0,0,0,0,297.9677734375,13412.3076171875,333.0975952148437,1,0,112,0.0,0.1003412380814552,0.0,0,3,8019,0,0,0,883,884,912,916,0,403.72747802734375,87.74372863769531,1409.326171875,29.902587890625,-0.2093174010515213,9.342764854431152,MONTREALGRAND PRIX
1785643101.266293,363.8463745117188,7305,0,77613,6116,0,0,0,0,0,0,0,0,324.2978515625,13438.6376953125,333.0975952148437,1,0,83,0.7137255072593689,0.6564122438430786,0.0,0,2,7812,0,0,0,891,891,920,921,0,425.1411743164063,87.68191528320312,1422.7982177734375,12.73554801940918,-0.0881240218877792,19.22317314147949,MONTREALGRAND PRIX
1785643101.7647743,364.3464660644531,7315,0,77613,6616,0,0,0,0,0,0,0,0,337.2978515625,13451.6376953125,333.0975952148437,1,0,83,1.0,0.6346946358680725,0.0,0,2,8071,0,0,0,874,874,906,906,0,429.1295776367188,87.6801528930664,1433.5506591796875,2.939735174179077,0.0367705821990966,22.89434051513672,MONTREALGRAND PRIX
1785643102.257146,364.8405456542969,7325,0,77613,7116,0,0,0,0,0,0,0,0,350.1796875,13464.51953125,333.0975952148437,1,0,83,1.0,0.3504577875137329,0.0,0,2,8058,0,0,0,859,859,892,893,0,428.0797119140625,87.70494842529297,1444.4974365234375,-7.148828029632568,0.0923371985554695,21.96877670288086,MONTREALGRAND PRIX
1785643103.2703173,365.8470458984375,7346,0,77613,8116,0,0,0,0,0,0,0,0,380.244140625,13494.583984375,333.0975952148437,1,0,100,1.0,0.273445188999176,0.0,0,2,9592,0,0,0,825,825,863,863,0,411.41748046875,87.98495483398438,1463.0048828125,-24.476274490356445,0.518695592880249,13.439730644226074,MONTREALGRAND PRIX
1785643103.760497,366.33831787109375,7356,0,77613,8600,0,0,0,0,0,0,0,0,395.7158203125,13510.0556640625,333.0975952148437,1,0,108,1.0,0.161313384771347,0.0,0,2,10140,0,15,0,810,807,849,848,0,398.17291259765625,88.28258514404297,1467.7298583984375,-29.58820915222168,0.7677566409111023,5.259934902191162,MONTREALGRAND PRIX
1785643104.2628798,366.8396301269531,7366,0,77613,9100,0,0,0,0,0,0,0,0,412.7470703125,13527.0869140625,333.0975952148437,1,0,127,1.0,0.0165840946137905,0.0,0,3,9671,0,0,0,792,787,833,830,0,381.98052978515625,88.83582305908203,1469.1185302734375,-35.31972122192383,1.3927311897277832,1.967507123947144,MONTREALGRAND PRIX
1785643104.761463,367.3417053222656,7376,0,77613,9616,0,0,0,0,0,0,0,0,431.4970703125,13545.8369140625,333.0975952148437,1,0,145,1.0,0.1323507875204086,0.0,0,3,11017,0,51,0,771,765,814,811,0,362.920166015625,89.56180572509766,1469.06982421875,-40.09366226196289,1.4211732149124146,-3.619810104370117,MONTREALGRAND PRIX
1785643105.2631617,367.8429260253906,7386,0,77613,10116,0,0,0,0,0,0,0,0,453.2861328125,13567.6259765625,333.0975952148437,1,0,162,1.0,0.1249019727110862,0.0,0,4,10352,0,25,0,748,742,794,790,0,341.2325744628906,90.17559051513672,1465.326171875,-43.72420501708984,0.992245316505432,-10.751510620117188,MONTREALGRAND PRIX
1785643105.760396,368.3360595703125,7396,0,77613,10600,0,0,0,0,0,0,0,0,476.2294921875,13590.5693359375,333.0975952148437,1,0,180,1.0,-0.0,0.0,0,4,11368,0,63,0,728,719,775,770,0,319.2466735839844,90.5168228149414,1458.644775390625,-47.63554382324219,0.2832629084587097,-15.633688926696776,MONTREALGRAND PRIX
1785643106.2642436,368.8433532714844,7406,0,77613,11116,0,0,0,0,0,0,0,0,503.2978515625,13617.6376953125,333.0975952148437,1,0,198,1.0,0.0369553081691265,0.0,0,5,10735,0,41,0,704,693,754,747,0,293.6264953613281,90.54774475097656,1449.41552734375,-51.38813400268555,0.0009545038919895,-20.25406646728516,MONTREALGRAND PRIX
1785643107.2600331,369.8427429199219,7427,0,77613,12116,0,0,0,0,0,0,0,0,560.751953125,13675.091796875,333.0975952148437,1,0,226,1.0,0.0757045000791549,0.0,0,6,10542,0,34,0,661,643,714,702,0,242.5258331298828,90.54410552978516,1421.9517822265625,-52.99837875366211,-0.0063295806758105,-33.95050048828125,MONTREALGRAND PRIX
1785643107.768958,370.3482360839844,7437,0,77613,12616,0,0,0,0,0,0,0,0,593.953125,13708.29296875,333.0975952148437,1,0,239,1.0,0.0036032653879374,0.0,0,6,11101,0,54,0,638,617,692,678,0,214.94000244140625,90.54239654541016,1403.03466796875,-53.76482772827149,-0.0029587864410132,-39.12094497680664,MONTREALGRAND PRIX
1785643108.2593417,370.8426513671875,7447,0,77613,13116,0,0,0,0,0,0,0,0,626.6591796875,13740.9990234375,333.0975952148437,1,0,248,1.0,0.01496072858572,0.0,0,6,11540,0,71,0,620,593,675,656,0,188.99038696289065,90.54156494140624,1382.89990234375,-52.20122909545898,-0.008622913621366,-45.37119674682617,MONTREALGRAND PRIX
1785643108.7604578,371.3385925292969,7457,0,77613,13599,0,0,0,0,0,0,0,0,660.9091796875,13775.2490234375,333.0975952148437,1,0,234,0.0,-0.0,1.0,0,6,10209,0,18,0,661,637,707,690,0,163.7769775390625,90.54336547851562,1359.55810546875,-47.170928955078125,0.0099488208070397,-44.771728515625,MONTREALGRAND PRIX
1785643109.2587583,371.8350524902344,7467,0,77613,14099,0,0,0,0,0,0,0,0,688.96484375,13803.3046875,333.0975952148437,1,0,173,0.0,0.0411371067166328,0.694682240486145,0,4,9910,0,5,0,821,807,853,842,0,143.37274169921875,90.5408172607422,1340.176513671875,-34.91411590576172,-0.0507372356951236,-33.394874572753906,MONTREALGRAND PRIX
1785643109.7642305,372.3432312011719,7477,0,77613,14616,0,0,0,0,0,0,0,0,712.0791015625,13826.4189453125,333.0975952148437,1,0,158,0.5764706134796143,0.3600813150405884,0.0,0,4,9854,0,2,0,818,805,849,839,0,127.93213653564452,90.48218536376952,1322.7528076171875,-24.63287734985352,-0.194327026605606,-36.35694122314453,MONTREALGRAND PRIX
1785643110.2708485,372.8472595214844,7487,0,77613,15116,0,0,0,0,0,0,0,0,734.3251953125,13848.6650390625,333.0975952148437,1,0,157,0.9058823585510254,0.4728531837463379,0.0,0,4,10094,0,13,0,793,780,828,818,0,118.35842895507812,90.22876739501952,1303.0546875,-14.059207916259766,-1.3393315076828003,-41.38969039916992,MONTREALGRAND PRIX
1785643110.76226,373.3413696289063,7497,0,77613,15616,0,0,0,0,0,0,0,0,758.71875,13873.05859375,333.0975952148437,1,0,159,0.8980392217636108,0.3834776878356933,0.0,0,4,10131,0,15,0,769,757,807,797,0,114.63497924804688,89.65797424316406,1282.244384765625,-1.2261407375335691,-0.9382733702659608,-44.36531448364258,MONTREALGRAND PRIX
1785643111.259018,373.8377380371094,7507,0,77613,16099,0,0,0,0,0,0,0,0,781.0966796875,13895.4365234375,333.0975952148437,1,0,170,1.0,-0.1797769963741302,0.0,0,4,10829,0,44,0,749,734,789,777,0,116.45783233642578,88.80702209472656,1259.749755859375,5.394662380218506,-2.3459153175354004,-46.870643615722656,MONTREALGRAND PRIX
1785643111.7609937,374.3388366699219,7517,0,77613,16599,0,0,0,0,0,0,0,0,808.677734375,13923.017578125,333.0975952148437,1,0,177,1.0,-0.4349993765354156,0.0,0,4,11361,0,63,0,724,723,767,765,0,115.86554718017578,87.80531311035156,1235.5394287109375,-9.659850120544434,-0.7384299039840698,-48.40641784667969,MONTREALGRAND PRIX
1785643112.260117,374.8338623046875,7527,0,77613,17099,0,0,0,0,0,0,0,0,832.271484375,13946.611328125,333.0975952148437,1,0,176,1.0,-0.4813364148139953,0.0,0,4,11158,0,56,0,700,703,746,747,0,107.20487213134766,87.74846649169922,1212.6185302734375,-23.96881484985352,0.0555579774081707,-42.76369094848633,MONTREALGRAND PRIX
1785643112.7692409,375.3436279296875,7537,0,77613,17616,0,0,0,0,0,0,0,0,857.5634765625,13971.9033203125,333.0975952148437,1,0,181,1.0,-0.0,0.0,0,4,11469,0,68,0,676,688,725,732,0,91.30159759521484,87.74790954589844,1192.9608154296875,-36.40211868286133,-0.0494676008820533,-35.03370666503906,MONTREALGRAND PRIX
1785643113.2676284,375.8472290039063,7547,0,77613,18116,0,0,0,0,0,0,0,0,883.9521484375,13998.2919921875,333.0975952148437,1,0,199,1.0,-0.1036318987607956,0.0,0,5,10792,0,43,0,655,664,705,711,0,72.44171142578125,87.74237823486328,1174.324951171875,-39.63700866699219,0.0033448585309088,-38.79199981689453,MONTREALGRAND PRIX
1785643113.7581525,376.33734130859375,7558,0,77613,18599,0,0,0,0,0,0,0,0,911.416015625,14025.755859375,333.0975952148437,1,0,214,1.0,-0.0,0.0,0,5,11538,0,71,0,631,644,684,692,0,51.80289077758789,87.74047088623047,1155.711669921875,-44.72148513793945,-0.0041052037850022,-39.354434967041016,MONTREALGRAND PRIX
1785643114.2589238,376.8393249511719,7568,0,77613,19116,0,0,0,0,0,0,0,0,942.583984375,14056.923828125,333.0975952148437,1,0,228,1.0,-0.0,0.0,0,6,10635,0,37,0,607,619,662,670,0,28.68285751342773,87.7363510131836,1135.365966796875,-47.722930908203125,-0.0474978573620319,-42.004669189453125,MONTREALGRAND PRIX
1785643114.7704103,377.3470764160156,7578,0,77613,19616,0,0,0,0,0,0,0,0,977.029296875,14091.369140625,333.0975952148437,1,0,241,1.0,0.1060670241713523,0.0,0,6,11220,0,58,0,583,594,640,647,0,3.531163215637207,87.71175384521484,1112.7880859375,-48.195682525634766,-0.1649128496646881,-46.66748809814453,MONTREALGRAND PRIX
1785643115.26558,377.8429870605469,7588,0,77613,20116,0,0,0,0,0,0,0,0,1011.1728515625,14125.5126953125,333.0975952148437,1,0,248,1.0,0.0763355866074562,0.0,0,6,11536,0,71,0,571,570,626,625,0,-18.40504264831543,87.63707733154297,1086.84521484375,-39.29673385620117,-0.0642672479152679,-56.7772102355957,MONTREALGRAND PRIX
1785643115.7591813,378.3366394042969,7598,0,77613,20599,0,0,0,0,0,0,0,0,1046.072265625,14160.412109375,333.0975952148437,1,0,255,1.0,0.1240584552288055,0.0,0,6,11844,0,84,0,554,548,610,605,0,-35.29570770263672,87.65692138671875,1057.5311279296875,-29.706098556518555,0.2437514364719391,-64.35813903808594,MONTREALGRAND PRIX
1785643116.263125,378.8382568359375,7608,0,77613,21099,0,0,0,0,0,0,0,0,1082.017578125,14196.357421875,333.0975952148437,1,0,257,1.0,0.1776200532913208,0.0,0,7,10430,0,28,0,539,526,594,584,0,-46.34550857543945,87.73668670654297,1023.7341918945312,-13.99789810180664,-0.0106735453009605,-70.19932556152344,MONTREALGRAND PRIX
1785643116.7596388,379.3366394042969,7618,0,77613,21602,21369,0,0,0,0,0,0,0,1117.71484375,14232.0546875,333.0975952148437,1,0,258,1.0,0.0235650613903999,0.0,0,7,10393,0,27,0,524,504,580,564,0,-48.7421875,87.73558807373047,988.1215209960938,4.040077209472656,-0.0115277478471398,-71.57002258300781,MONTREALGRAND PRIX
1785643117.2602189,379.8352966308594,7628,0,77613,22102,21369,0,0,0,0,0,0,0,1153.8994140625,14268.2392578125,333.0975952148437,1,0,259,0.0,-0.0,0.1704392433166504,0,7,10148,0,15,0,509,489,564,549,0,-45.76067733764648,87.73485565185547,951.9729614257812,5.174871921539307,-0.0003964538336731,-71.92442321777344,MONTREALGRAND PRIX
1785643117.7649496,380.3441162109375,7638,0,77613,22619,21369,0,0,0,0,0,0,0,1187.31640625,14301.65625,333.0975952148437,1,0,202,0.0,-0.0,1.0,0,5,10336,0,24,0,738,727,771,761,0,-43.44964218139648,87.97862243652344,918.5638427734376,3.86147141456604,0.7673366069793701,-56.04069137573242,MONTREALGRAND PRIX
1785643118.264833,380.8433532714844,7648,0,77613,23119,21369,0,0,0,0,0,0,0,1211.626953125,14325.966796875,333.0975952148437,1,0,153,0.0,-0.1660951524972915,1.0,0,4,8948,0,0,0,860,854,884,880,0,-42.53007507324219,88.4017333984375,894.2642822265625,-1.7741025686264038,0.9076607823371888,-42.64924621582031,MONTREALGRAND PRIX
1785643118.7637243,381.3424682617188,7658,0,77613,23619,21369,0,0,0,0,0,0,0,1230.1767578125,14344.5166015625,333.0975952148437,1,0,133,0.0,-0.0623354502022266,0.008823936805129,0,3,9477,0,0,0,879,876,901,900,0,-45.11724090576172,88.80432891845703,875.683837890625,-7.718151092529297,0.7460534572601318,-36.205562591552734,MONTREALGRAND PRIX
1785643119.264964,381.8438415527344,7668,0,77613,24119,21369,0,0,0,0,0,0,0,1248.783203125,14363.123046875,333.0975952148437,1,0,124,0.0,-0.383331149816513,0.0,0,3,8882,0,0,0,855,852,881,880,0,-50.70329666137695,89.20541381835938,858.0428466796875,-14.97158145904541,0.7447749376296997,-31.15813446044922,MONTREALGRAND PRIX
1785643119.765395,382.3440246582031,7678,0,77613,24619,21369,0,0,0,0,0,0,0,1268.37890625,14382.71875,333.0975952148437,1,0,110,0.0,-0.5534796118736267,0.0,0,3,7876,0,0,0,834,831,863,862,0,-60.09912490844727,89.55545043945312,844.7868041992188,-21.58104133605957,0.4478212594985962,-21.651996612548828,MONTREALGRAND PRIX
1785643120.2649963,382.8439636230469,7688,0,77613,25119,21369,0,0,0,0,0,0,0,1285.3955078125,14399.7353515625,333.0975952148437,1,0,104,1.0,-0.5458683371543884,0.0,0,3,8049,0,0,0,816,813,847,846,0,-72.13170623779297,89.74427795410156,836.4757690429688,-26.59841728210449,0.3381650149822235,-11.961506843566896,MONTREALGRAND PRIX
1785643120.7622793,383.34124755859375,7698,0,77613,25619,21369,0,0,0,0,0,0,0,1298.908203125,14413.248046875,333.0975952148437,1,0,99,0.0,-0.5523566603660583,0.0,0,2,8795,0,0,0,798,795,832,831,0,-85.46549987792969,89.83789825439453,833.0269775390625,-27.48982048034668,0.0486229732632637,-2.057352304458618,MONTREALGRAND PRIX
1785643121.259331,383.8388366699219,7708,0,77613,26119,21369,0,0,0,0,0,0,0,1312.068359375,14426.408203125,333.0975952148437,1,0,94,0.5372549295425415,0.1437956541776657,0.0,0,2,8463,0,0,0,782,779,818,817,0,-98.53339385986328,89.8622817993164,834.3242797851562,-25.79195213317871,0.0640406385064125,4.596510410308838,MONTREALGRAND PRIX
1785643122.2640097,384.8433837890625,7729,0,77613,27119,21369,0,0,0,0,0,0,0,1344.0615234375,14458.4013671875,333.0975952148437,1,0,105,0.686274528503418,0.0602823682129383,0.0,0,2,9778,0,0,0,752,745,790,787,0,-126.5000228881836,89.9375,830.45703125,-25.754261016845703,0.0704477280378341,-14.065895080566406,MONTREALGRAND PRIX
1785643122.7626698,385.3400268554688,7739,0,77613,27619,21369,0,0,0,0,0,0,0,1360.2685546875,14474.6083984375,333.0975952148437,1,0,116,0.7607843279838562,0.0494135618209838,0.0,0,2,10490,0,31,0,736,729,777,772,0,-139.04928588867188,89.94390869140625,822.5438842773438,-26.97488212585449,-0.040873248130083,-17.80986976623535,MONTREALGRAND PRIX
1785643123.2658834,385.8436279296875,7749,0,77613,28119,21369,0,0,0,0,0,0,0,1378.857421875,14493.197265625,333.0975952148437,1,0,131,0.8470588326454163,0.1414276957511901,0.0,0,3,10062,0,11,0,717,710,760,755,0,-153.10926818847656,90.05184936523438,811.68701171875,-26.78137588500977,0.2140490710735321,-24.964906692504883,MONTREALGRAND PRIX
1785643123.76729,386.3404235839844,7759,0,77613,28602,21369,0,0,0,0,0,0,0,1397.0478515625,14511.3876953125,333.0975952148437,1,0,141,0.9176470637321472,0.2012538015842437,0.0,0,3,10535,0,34,0,699,691,744,739,0,-164.9803009033203,90.11801147460938,797.7293090820312,-21.746416091918945,0.0502282232046127,-32.61727523803711,MONTREALGRAND PRIX
1785643124.2653198,386.8448181152344,7769,0,77613,29119,21369,0,0,0,0,0,0,0,1417.353515625,14531.693359375,333.0975952148437,1,0,150,0.9607843160629272,-0.0,0.0,0,3,11338,0,61,0,683,670,728,720,0,-174.056640625,90.11944580078124,779.0633544921875,-14.141627311706545,-0.0213578436523675,-39.33891677856445,MONTREALGRAND PRIX
1785643124.7592983,387.33343505859375,7779,0,77613,29602,21369,0,0,0,0,0,0,0,1438.60546875,14552.9453125,333.0975952148437,1,0,170,1.0,0.1903481483459472,0.0,0,4,10993,0,50,0,663,650,711,703,0,-180.73460388183597,90.11320495605467,758.5302124023438,-11.98920440673828,-0.0618233792483806,-45.7269172668457,MONTREALGRAND PRIX
1785643125.2694106,387.8439636230469,7789,0,77613,30119,21369,0,0,0,0,0,0,0,1463.6923828125,14578.0322265625,333.0975952148437,1,0,186,1.0,-0.0,0.0,0,4,11662,0,77,0,648,628,696,683,0,-184.86285400390625,90.11468505859376,733.483642578125,-6.29713249206543,-0.0181677248328924,-51.34049987792969,MONTREALGRAND PRIX
1785643125.7630324,388.3391723632813,7799,0,77613,30602,21369,0,0,0,0,0,0,0,1489.5595703125,14603.8994140625,333.0975952148437,1,0,203,1.0,0.0057928850874304,0.0,0,5,11007,1,51,0,627,607,677,663,0,-187.57492065429688,90.115478515625,707.4658813476562,-5.199153423309326,-0.00792081002146,-56.26294708251953,MONTREALGRAND PRIX
1785643126.2638,388.8438720703125,7809,0,77613,31119,21369,0,0,0,0,0,0,0,1519.9189453125,14634.2587890625,333.0975952148437,1,0,220,1.0,-0.0,0.0,0,5,11854,1,85,0,604,584,656,642,0,-189.8789978027344,90.1136703491211,677.137939453125,-3.760316610336304,-0.0039410977624356,-61.00341796875,MONTREALGRAND PRIX
1785643126.7608566,389.3423461914063,7819,0,77613,31619,21369,0,0,0,0,0,0,0,1550.388671875,14664.728515625,333.0975952148437,1,0,234,1.0,-0.0,0.0,0,6,10899,1,47,0,582,562,636,622,0,-191.34251403808597,90.11180114746094,646.661376953125,-2.235374689102173,-0.0035871122963726,-65.02297973632812,MONTREALGRAND PRIX
1785643127.2597754,389.837646484375,7829,0,77613,32102,21369,0,0,0,0,0,0,0,1583.798828125,14698.138671875,333.0975952148437,1,0,247,1.0,0.0203018672764301,0.0,0,6,11483,1,69,0,559,540,615,601,0,-192.43199157714844,90.11009216308594,613.212158203125,-1.7801859378814695,-0.0038276573177427,-68.68253326416016,MONTREALGRAND PRIX
1785643127.770429,390.3481750488281,7839,0,77613,32619,21369,0,0,0,0,0,0,0,1620.0869140625,14734.4267578125,333.0975952148437,1,0,259,1.0,0.0020333342254161,0.0,0,7,10430,1,28,0,536,517,593,580,0,-192.83084106445312,90.10814666748048,576.8493041992188,-0.3285826742649078,-0.0064433994702994,-72.03510284423828,MONTREALGRAND PRIX
1785643128.2671363,390.8463439941406,7849,0,77613,33119,21369,0,0,0,0,0,0,0,1656.767578125,14771.107421875,333.0975952148437,1,0,269,1.0,0.023732891306281,0.0,0,7,10823,1,44,0,513,496,572,560,0,-192.47776794433597,90.10710144042967,540.1255493164062,2.4826626777648926,-0.00158971932251,-74.7567367553711,MONTREALGRAND PRIX
1785643128.7696164,391.349853515625,7859,0,77613,33619,21369,0,0,0,0,0,0,0,1694.7685546875,14809.1083984375,333.0975952148437,1,0,278,1.0,-0.0,0.0,0,7,11166,1,56,0,492,475,552,540,0,-190.21905517578125,90.1056900024414,502.1666870117188,5.730478763580322,-0.001767735579051,-77.06827545166016,MONTREALGRAND PRIX
1785643129.2688897,391.8476257324219,7869,0,77613,34119,21369,0,0,0,0,0,0,0,1734.0126953125,14848.3525390625,333.0975952148437,1,0,286,1.0,0.002094391034916,0.0,0,7,11481,1,69,0,471,455,532,521,0,-187.3008575439453,90.1046371459961,463.05511474609375,5.920878410339356,-0.0013834155397489,-79.32054138183594,MONTREALGRAND PRIX
1785643129.771905,392.34771728515625,7879,0,77613,34619,21369,0,0,0,0,0,0,0,1774.3173828125,14888.6572265625,333.0975952148437,1,0,293,1.0,0.0152001595124602,0.0,0,7,11755,1,81,0,450,435,513,502,0,-183.8984832763672,90.1037826538086,422.9249572753906,8.211177825927734,-0.0013300629798322,-81.08162689208984,MONTREALGRAND PRIX
1785643130.2696755,392.8464660644531,7889,0,77613,35118,21369,0,0,0,0,0,0,0,1815.54296875,14929.8828125,333.0975952148437,1,0,299,1.0,0.0160198919475078,0.0,0,8,10677,1,39,0,431,416,494,483,0,-178.91969299316406,90.10293579101562,382.0340881347656,11.73789119720459,-0.0012579372851178,-82.39794921875,MONTREALGRAND PRIX
1785643130.7689545,393.3396301269531,7899,0,77613,35602,21369,0,0,0,0,0,0,0,1856.1005859375,14970.4404296875,333.0975952148437,1,0,304,1.0,0.0064581898041069,0.0,0,8,10859,1,45,0,413,399,477,466,0,-172.21005249023438,90.10224151611328,342.0094299316406,16.27259635925293,-0.001433937693946,-83.09969329833984,MONTREALGRAND PRIX
1785643131.2624898,393.83984375,7909,0,77613,36118,21369,0,0,0,0,0,0,0,1898.6240234375,15012.9638671875,333.0975952148437,1,0,307,0.0,0.0352885276079177,0.0,0,8,10732,1,41,0,401,381,464,449,0,-163.1885528564453,90.10253143310548,300.315673828125,21.163597106933597,0.0198706071823835,-82.62064361572266,MONTREALGRAND PRIX
1785643131.767598,394.342529296875,7919,0,77613,36618,21369,0,0,0,0,0,0,0,1938.5576171875,15052.8974609375,333.0975952148437,1,0,255,0.0,-0.0,1.0,0,7,9695,0,0,0,672,660,710,700,0,-152.3798065185547,90.10403442382812,261.9852294921875,19.69510078430176,0.0342374518513679,-68.31609344482422,MONTREALGRAND PRIX
1785643132.269303,394.8458251953125,7929,0,77613,37118,21369,0,0,0,0,0,0,0,1970.4638671875,15084.8037109375,333.0975952148437,1,0,190,0.0,-0.0,1.0,0,5,9357,0,0,0,855,848,880,874,0,-143.54220581054688,90.114501953125,231.3331756591797,14.649577140808104,0.0187681410461664,-50.80133056640625,MONTREALGRAND PRIX
1785643132.764732,395.337890625,7939,0,77613,37602,21369,0,0,0,0,0,0,0,1992.8681640625,15107.2080078125,333.0975952148437,1,0,148,0.0,0.2397963404655456,1.0,0,4,8660,0,0,0,929,924,949,945,0,-137.00698852539062,90.07937622070312,209.84085083007807,14.3072509765625,-0.1654611676931381,-38.77514266967773,MONTREALGRAND PRIX
1785643133.767947,396.3454284667969,7960,0,77613,38618,21369,0,0,0,0,0,0,0,2037.4326171875,15151.7724609375,333.0975952148437,1,0,143,1.0,0.497420459985733,0.0,0,3,10754,0,42,0,892,886,918,913,0,-112.95423126220705,90.0158462524414,178.98178100585938,33.289146423339844,0.7884495258331299,-21.664308547973636,MONTREALGRAND PRIX
1785643134.266147,396.8424072265625,7970,0,77613,39118,21369,0,0,0,0,0,0,0,2056.3798828125,15170.7197265625,333.0975952148437,1,0,143,1.0,-0.1338694393634796,0.0,0,3,10730,0,41,0,870,862,899,892,0,-95.65504455566406,90.25990295410156,170.9453582763672,38.05493927001953,0.334003746509552,-12.110682487487791,MONTREALGRAND PRIX
1785643134.7626257,397.34033203125,7980,0,77613,39618,21369,0,0,0,0,0,0,0,2079.912109375,15194.251953125,333.0975952148437,1,0,153,1.0,-0.4173026978969574,0.0,0,3,11657,0,76,0,844,839,877,871,0,-76.40584564208984,90.58287811279295,162.81076049804688,36.47578430175781,0.910498023033142,-22.10762405395508,MONTREALGRAND PRIX
1785643135.2595866,397.8363342285156,7990,0,77613,40102,21369,0,0,0,0,0,0,0,2101.859375,15216.19921875,333.0975952148437,1,0,151,1.0,-0.4768570065498352,0.0,0,3,11327,0,62,0,819,814,855,850,0,-60.28894805908203,91.0078353881836,149.18386840820312,27.59911155700684,0.8026042580604553,-31.88019180297852,MONTREALGRAND PRIX
1785643135.76293,398.3401489257813,8000,0,77613,40618,21369,0,0,0,0,0,0,0,2122.8076171875,15237.1474609375,333.0975952148437,1,0,151,1.0,-0.1849416494369506,0.0,0,3,11224,0,58,0,795,790,834,829,0,-49.2103157043457,91.39705657958984,131.4268341064453,16.53864097595215,0.6934458613395691,-38.553741455078125,MONTREALGRAND PRIX
1785643136.2690406,398.8451843261719,8010,0,77613,41118,21369,0,0,0,0,0,0,0,2145.4365234375,15259.7763671875,333.0975952148437,1,0,168,1.0,-0.0,0.0,0,4,10632,0,37,0,770,768,812,809,0,-42.19424819946289,91.73580932617188,109.85574340820312,13.215773582458496,0.6127409338951111,-44.92826461791992,MONTREALGRAND PRIX
1785643136.766075,399.337890625,8020,0,77613,41602,21369,0,0,0,0,0,0,0,2169.34375,15283.68359375,333.0975952148437,1,0,187,1.0,-0.0,0.0,0,4,11702,0,78,0,745,744,790,788,0,-35.448883056640625,92.17764282226562,86.90692138671875,14.65703010559082,1.438609600067139,-49.86687850952149,MONTREALGRAND PRIX
1785643137.259347,399.8340148925781,8030,0,77613,42102,21369,0,0,0,0,0,0,0,2196.546875,15310.88671875,333.0975952148437,1,0,204,1.0,-0.0151414135470986,0.0,0,5,11015,0,51,0,718,717,767,764,0,-27.78138732910156,92.94583892822266,60.80953979492188,15.903437614440918,1.6387383937835691,-54.446624755859375,MONTREALGRAND PRIX
1785643137.7623348,400.3403930664063,8040,0,77613,42618,21369,0,0,0,0,0,0,0,2225.9658203125,15340.3056640625,333.0975952148437,1,0,219,1.0,-0.0192187670618295,0.0,0,5,11779,0,82,0,692,691,743,741,0,-19.986726760864254,93.80232238769533,32.44217300415039,15.003643035888672,1.76438570022583,-58.96095657348633,MONTREALGRAND PRIX
1785643138.264005,400.8412170410156,8050,0,77613,43118,21369,0,0,0,0,0,0,0,2257.279296875,15371.619140625,333.0975952148437,1,0,232,1.0,-0.0196536909788846,0.0,0,6,10799,0,43,0,665,664,719,717,0,-12.898109436035156,94.6842803955078,1.8871487379074097,13.266084671020508,1.7454012632369995,-63.18283462524414,MONTREALGRAND PRIX
1785643138.7597854,401.32904052734375,8060,0,77613,43602,21369,0,0,0,0,0,0,0,2290.4130859375,15404.7529296875,333.0975952148437,1,0,244,1.0,-0.0,0.0,0,6,11327,0,61,0,639,638,695,693,0,-6.713038921356201,95.51207733154295,-30.65184211730957,11.989728927612305,1.5316131114959717,-66.78742218017578,MONTREALGRAND PRIX
1785643139.2688975,401.83929443359375,8070,0,77613,44102,21369,0,0,0,0,0,0,0,2325.078125,15439.41796875,333.0975952148437,1,0,254,1.0,-0.0,0.0,0,6,11788,0,82,0,613,612,671,669,0,-0.5917243957519531,96.18108367919922,-64.78094482421875,12.491131782531738,1.1038976907730105,-69.64059448242188,MONTREALGRAND PRIX
1785643139.769008,402.3429260253906,8080,0,77613,44618,21369,0,0,0,0,0,0,0,2362.3505859375,15476.6904296875,333.0975952148437,1,0,264,1.0,-0.0091737946495413,0.0,0,7,10615,0,37,0,587,586,647,645,0,5.944300651550293,96.5753936767578,-101.47209930419922,12.517105102539062,0.381282240152359,-72.3526382446289,MONTREALGRAND PRIX
1785643140.2622812,402.8398132324219,8090,0,77613,45118,21369,0,0,0,0,0,0,0,2398.396484375,15512.736328125,333.0975952148437,1,0,272,1.0,-0.0351381115615367,0.0,0,7,10910,0,47,0,563,562,625,623,0,11.521857261657717,96.6195831298828,-137.06307983398438,9.662893295288086,0.0081696780398488,-74.95609283447266,MONTREALGRAND PRIX
1785643140.7602406,403.3345642089844,8100,0,77613,45602,21369,0,0,0,0,0,0,0,2436.6591796875,15550.9990234375,333.0975952148437,1,0,278,1.0,-0.0376596301794052,0.0,0,7,11172,0,56,0,539,538,603,601,0,14.754287719726562,96.61894989013672,-175.17845153808594,3.108327865600586,-0.0012292044702917,-77.36231231689453,MONTREALGRAND PRIX
1785643141.266689,403.8407897949219,8110,0,77613,46118,21369,0,0,0,0,0,0,0,2475.7685546875,15590.1083984375,333.0975952148437,1,0,284,1.0,-0.0,0.0,0,7,11398,0,64,0,516,515,581,579,0,14.564844131469728,96.61795806884766,-214.29293823242188,-3.0794148445129395,-0.0016922081122174,-79.0150146484375,MONTREALGRAND PRIX
1785643141.765631,404.3409118652344,8120,0,77613,46604,21369,0,25035,0,0,0,0,0,2515.9599609375,15630.2998046875,333.0975952148437,1,0,290,1.0,-0.0453997328877449,0.0,0,7,11616,0,75,0,494,493,560,558,0,12.638113975524902,96.6171875,-254.187744140625,-6.0365166664123535,-0.0014924188144505,-80.37457275390625,MONTREALGRAND PRIX
1785643142.2692251,404.8450317382813,8130,0,77613,47104,21369,0,25035,0,0,0,0,0,2558.259765625,15672.599609375,333.0975952148437,1,0,292,0.0,-0.0608958303928375,0.0,0,8,10221,0,19,0,471,472,539,538,0,7.289187431335449,96.61713409423828,-295.7578125,-14.44604778289795,0.015400294214487,-79.9041748046875,MONTREALGRAND PRIX
1785643142.760424,405.3372192382813,8140,0,77613,47587,21369,0,25035,0,0,0,0,0,2596.68359375,15711.0234375,333.0975952148437,1,0,276,0.0,0.0557020120322704,0.5160627365112305,0,7,10720,0,40,0,481,487,544,547,0,-1.6058838367462158,96.61863708496094,-332.963623046875,-19.301271438598636,0.0026012025773525,-74.43441009521484,MONTREALGRAND PRIX
1785643143.2602232,405.8308715820313,8150,0,77613,48087,21369,0,25035,0,0,0,0,0,2631.3515625,15745.69140625,333.0975952148437,1,0,225,0.0,0.0572745837271213,1.0,0,6,9843,0,1,0,756,759,792,794,0,-9.59172534942627,96.6373291015625,-366.70843505859375,-13.218371391296388,0.0196781177073717,-61.27303314208984,MONTREALGRAND PRIX
1785643143.7643275,406.3390808105469,8160,0,77613,48587,21369,0,25035,0,0,0,0,0,2659.5908203125,15773.9306640625,333.0975952148437,1,0,179,0.0,-0.0,1.0,0,5,8738,0,0,0,887,888,914,913,0,-14.31596565246582,96.63209533691406,-394.5985412597656,-6.959310054779053,-0.0078007569536566,-49.32378387451172,MONTREALGRAND PRIX
1785643144.270741,406.8466796875,8170,0,77613,49104,21369,0,25035,0,0,0,0,0,2681.783203125,15796.123046875,333.0975952148437,1,0,135,0.0,0.2259560972452163,1.0,0,3,9926,0,5,0,949,949,970,969,0,-17.079322814941406,96.5814971923828,-416.7296142578125,-2.632922649383545,-0.16341133415699,-37.65084457397461,MONTREALGRAND PRIX
1785643144.7650254,407.3433837890625,8180,0,77613,49604,21369,0,25035,0,0,0,0,0,2698.0458984375,15812.3857421875,333.0975952148437,1,0,102,0.0,0.6109174489974976,1.0,0,3,6976,0,0,0,979,977,998,994,0,-16.103361129760742,96.53191375732422,-433.2512817382813,6.365055561065674,0.0605286471545696,-27.83405303955078,MONTREALGRAND PRIX
1785643145.7725036,408.3472900390625,8201,0,77613,50604,21369,0,25035,0,0,0,0,0,2714.388671875,15828.728515625,333.0975952148437,1,0,52,0.0,1.0,0.0,0,1,6265,0,0,0,999,995,1014,1010,0,-5.32310152053833,96.6729965209961,-450.5202026367188,12.609003067016602,0.1389156877994537,-7.333921432495117,MONTREALGRAND PRIX
1785643146.2641368,408.8385620117188,8211,0,77613,51087,21369,0,25035,0,0,0,0,0,2719.40625,15833.74609375,333.0975952148437,1,0,46,0.0313725508749485,1.0,0.0,0,1,5503,0,0,0,988,984,1004,1000,0,0.9658815264701844,96.68701171875,-452.1247863769531,12.76326847076416,-0.0080548701807856,0.6837313771247864,MONTREALGRAND PRIX
1785643146.7723484,409.3446960449219,8221,0,77613,51604,21369,0,25035,0,0,0,0,0,2723.9208984375,15838.2607421875,333.0975952148437,1,0,47,1.0,1.0,0.0,0,1,6012,0,0,0,977,973,994,990,0,7.152743816375732,96.65343475341795,-449.8186950683594,10.416796684265137,-0.1262666434049606,7.98905086517334,MONTREALGRAND PRIX
1785643147.259007,409.8335571289063,8231,0,77613,52087,21369,0,25035,0,0,0,0,0,2728.228515625,15842.568359375,333.0975952148437,1,0,53,1.0,0.217522919178009,0.0,0,1,7072,0,0,0,965,961,985,981,0,10.970843315124512,96.57199096679688,-444.6046142578125,6.354497909545898,-0.2086159586906433,13.348639488220217,MONTREALGRAND PRIX
1785643147.7612295,410.33990478515625,8241,0,77613,52604,21369,0,25035,0,0,0,0,0,2735.8857421875,15850.2255859375,333.0975952148437,1,0,74,1.0,0.2836287915706634,0.0,0,1,9580,0,0,0,951,947,973,969,0,14.660428047180176,96.49053955078124,-436.4893798828125,7.451095581054687,-0.0972398892045021,19.411640167236328,MONTREALGRAND PRIX
1785643148.2617614,410.8369140625,8252,0,77613,53087,21369,0,25035,0,0,0,0,0,2748.8017578125,15863.1416015625,333.0975952148437,1,0,96,1.0,-0.0,0.0,0,2,9635,0,0,0,933,929,958,953,0,18.245620727539062,96.50697326660156,-425.212646484375,7.497900485992432,0.161130279302597,25.644819259643555,MONTREALGRAND PRIX
1785643148.7711678,411.3452453613281,8262,0,77613,53604,21369,0,25035,0,0,0,0,0,2764.458984375,15878.798828125,333.0975952148437,1,0,119,1.0,-0.0,0.0,0,2,11838,0,84,0,911,907,939,934,0,22.41333770751953,96.6009292602539,-410.2698059082031,8.423360824584961,0.1620614826679229,32.247493743896484,MONTREALGRAND PRIX
1785643149.262789,411.8395385742188,8272,0,77613,54104,21369,0,25035,0,0,0,0,0,2781.966796875,15896.306640625,333.0975952148437,1,0,141,1.0,-0.0,0.0,0,3,10756,0,42,0,888,884,918,914,0,26.65654182434082,96.63678741455078,-393.2775573730469,9.15316104888916,-0.0077802632004022,38.21434020996094,MONTREALGRAND PRIX
1785643149.769464,412.34271240234375,8282,0,77613,54604,21369,0,25035,0,0,0,0,0,2802.9921875,15917.33203125,333.0975952148437,1,0,161,1.0,-0.0,0.0,0,4,10231,0,19,0,862,857,896,891,0,31.2450008392334,96.6355972290039,-372.5970764160156,8.169212341308594,-0.0035406020469963,44.21403884887695,MONTREALGRAND PRIX
1785643150.2597146,412.8395385742188,8292,0,77613,55104,21369,0,25035,0,0,0,0,0,2827.0341796875,15941.3740234375,333.0975952148437,1,0,181,1.0,-0.0,0.0,0,4,11401,0,66,0,834,830,872,867,0,35.4095458984375,96.63241577148438,-349.05328369140625,8.747942924499512,-0.0019082927610725,49.78832626342773,MONTREALGRAND PRIX
1785643150.763638,413.3433227539063,8302,0,77613,55604,21369,0,25035,0,0,0,0,0,2855.5390625,15969.87890625,333.0975952148437,1,0,200,1.0,-0.0581849291920661,0.0,0,5,10851,0,45,0,804,800,845,841,0,40.90656280517578,96.62772369384766,-322.16705322265625,13.804550170898438,-0.1092223152518272,53.83992767333984,MONTREALGRAND PRIX
1785643151.2616396,413.8372802734375,8312,0,77613,56087,21369,0,25035,0,0,0,0,0,2883.5166015625,15997.8564453125,333.0975952148437,1,0,215,1.0,-0.0221070516854524,0.0,0,5,11577,0,73,0,775,772,820,816,0,48.92823791503906,96.31573486328124,-295.463134765625,18.32456588745117,-0.7323998212814331,56.90922164916992,MONTREALGRAND PRIX
1785643151.7678478,414.34466552734375,8322,0,77613,56604,21369,0,25035,0,0,0,0,0,2915.306640625,16029.646484375,333.0975952148437,1,0,230,1.0,-0.0098210796713829,0.0,0,6,10685,0,39,0,745,741,793,789,0,59.43829727172852,95.93365478515624,-265.2770690917969,22.302156448364254,-0.7558448910713196,59.88785552978516,MONTREALGRAND PRIX
1785643152.2657688,414.84271240234375,8332,0,77613,57104,21369,0,25035,0,0,0,0,0,2947.138671875,16061.478515625,333.0975952148437,1,0,242,1.0,-0.0,0.0,0,6,11225,0,58,0,716,714,767,765,0,71.22869110107422,95.55625915527344,-235.8376007080078,25.89420318603516,-0.793791651725769,62.08351135253906,MONTREALGRAND PRIX
1785643152.768987,415.3464965820313,8343,0,77613,57604,21369,0,25035,0,0,0,0,0,2982.845703125,16097.185546875,333.0975952148437,1,0,253,1.0,-0.0,0.0,0,6,11735,0,80,0,686,684,740,738,0,84.93953704833984,95.14169311523438,-202.97564697265625,27.132396697998047,-0.8094186186790466,65.0320816040039,MONTREALGRAND PRIX
1785643153.2720096,415.84661865234375,8353,0,77613,58104,21369,0,25035,0,0,0,0,0,3018.8232421875,16133.1630859375,333.0975952148437,1,0,263,1.0,-0.0,0.0,0,7,10573,0,35,0,658,656,715,712,0,98.77516174316406,94.73527526855467,-169.8137969970703,28.178539276123047,-0.8159250020980835,67.54078674316406,MONTREALGRAND PRIX
1785643153.763768,416.3406982421875,8363,0,77613,58604,21369,0,25035,0,0,0,0,0,3054.7705078125,16169.1103515625,333.0975952148437,1,0,271,1.0,0.0329428613185882,0.0,0,7,10893,0,46,0,631,629,690,688,0,112.60012817382812,94.34174346923828,-136.64346313476562,28.77152633666992,-0.8112208247184753,69.75961303710938,MONTREALGRAND PRIX
1785643154.2685366,416.8434753417969,8373,0,77613,59104,21369,0,25035,0,0,0,0,0,3094.31640625,16208.65625,333.0975952148437,1,0,279,1.0,0.0122500080615282,0.0,0,7,11195,1,57,0,603,601,665,662,0,127.25123596191406,93.92504119873048,-99.90097045898438,28.40087509155273,-0.7883625030517578,72.23152160644531,MONTREALGRAND PRIX
1785643154.7668974,417.3434448242188,8383,0,77613,59604,21369,0,25035,0,0,0,0,0,3133.69140625,16248.03125,333.0975952148437,1,0,287,1.0,-0.0,0.0,0,7,11521,1,71,0,577,575,641,638,0,141.01065063476562,93.5312042236328,-63.01857376098633,27.200639724731445,-0.7887009382247925,75.05045318603516,MONTREALGRAND PRIX
1785643155.272478,417.8468017578125,8393,0,77613,60104,21369,0,25035,0,0,0,0,0,3174.1240234375,16288.4638671875,333.0975952148437,1,0,294,1.0,0.0225039385259151,0.0,0,8,10557,1,35,0,552,550,617,615,0,154.7496795654297,93.06749725341795,-25.00318145751953,27.33546638488769,-1.249927282333374,77.11185455322266,MONTREALGRAND PRIX
1785643155.7586012,418.33306884765625,8403,0,77613,60587,21369,0,25035,0,0,0,0,0,3214.28125,16328.62109375,333.0975952148437,1,0,300,1.0,-0.0,0.0,0,8,10714,1,40,0,529,527,595,593,0,167.21469116210938,92.2895965576172,12.963793754577637,24.48934555053711,-1.8235759735107424,79.8425064086914,MONTREALGRAND PRIX
1785643156.2648191,418.8388671875,8413,0,77613,61087,21369,0,25035,0,0,0,0,0,3256.7685546875,16371.1083984375,333.0975952148437,1,0,306,1.0,0.0090775229036808,0.0,0,8,10916,1,47,0,505,504,573,571,0,179.39659118652344,91.40442657470705,53.34360504150391,23.94223403930664,-1.594545602798462,81.71963500976562,MONTREALGRAND PRIX
1785643156.7606664,419.3339538574219,8423,0,77613,61587,21369,0,25035,0,0,0,0,0,3299.62890625,16413.96875,333.0975952148437,1,0,311,1.0,-0.0,0.0,0,8,11084,1,53,0,483,481,552,550,0,190.6992645263672,90.75977325439452,94.76319122314452,21.04862594604492,-0.9670538902282716,83.94407653808594,MONTREALGRAND PRIX
1785643157.270057,419.8380737304688,8433,0,77613,62087,21369,0,25035,0,0,0,0,0,3343.17578125,16457.515625,333.0975952148437,1,0,315,1.0,-0.0,0.0,0,8,11234,1,59,0,461,460,531,529,0,201.01319885253903,90.42758178710938,137.1088104248047,20.034032821655277,-0.3961897492408752,85.4329605102539,MONTREALGRAND PRIX
1785643157.7682304,420.3440856933594,8443,0,77613,62604,21369,0,25035,0,0,0,0,0,3388.796875,16503.13671875,333.0975952148437,1,0,319,1.0,-0.0,0.0,0,8,11363,1,63,0,441,439,511,509,0,210.9839782714844,90.31640625,181.61688232421875,18.30471611022949,-0.07459557056427,86.87088012695312,MONTREALGRAND PRIX
1785643158.2657664,420.84228515625,8453,0,77613,63104,21369,0,25035,0,0,0,0,0,3431.9375,16546.27734375,333.0975952148437,1,0,322,1.0,-0.0,0.0,0,8,11469,1,68,0,422,420,493,490,0,219.8544464111328,90.30256652832033,223.81716918945312,18.43732643127441,-0.0118403956294059,87.7155532836914,MONTREALGRAND PRIX
1785643158.761202,421.3360900878906,8463,0,77613,63587,21369,0,25035,0,0,0,0,0,3476.9453125,16591.28515625,333.0975952148437,1,0,325,1.0,-0.0,0.0,0,8,11561,1,72,0,403,401,474,472,0,229.1132354736328,90.2999038696289,267.86572265625,18.592819213867188,-0.0013312210794538,88.45487976074219,MONTREALGRAND PRIX
1785643159.2623372,421.83978271484375,8473,0,77613,64104,21369,0,25035,0,0,0,0,0,3522.296875,16636.63671875,333.0975952148437,1,0,327,1.0,-0.0,0.0,0,8,11644,1,76,0,385,383,456,454,0,238.4439697265625,90.26359558105467,312.2564392089844,18.726224899291992,-0.2158337384462356,89.08920288085938,MONTREALGRAND PRIX
1785643159.7628543,422.337646484375,8483,0,77613,64587,21369,0,25035,0,0,0,0,0,3567.95703125,16682.296875,333.0975952148437,1,0,329,1.0,-0.0,0.0,0,8,11715,1,79,0,368,366,439,437,0,247.83743286132807,90.05198669433594,356.9440002441406,18.845043182373047,-0.685929536819458,89.64623260498047,MONTREALGRAND PRIX
1785643160.2584448,422.8328247070313,8493,0,77613,65087,21369,0,25035,0,0,0,0,0,3613.8828125,16728.22265625,333.0975952148437,1,0,331,1.0,-0.0,0.0,0,8,11776,1,82,0,352,350,423,420,0,257.28717041015625,89.55342864990234,401.8945617675781,18.95133781433105,-1.247083067893982,90.14474487304688,MONTREALGRAND PRIX
1785643160.765595,423.3364562988281,8503,0,77613,65587,21369,0,25035,0,0,0,0,0,3660.052734375,16774.392578125,333.0975952148437,1,0,333,1.0,-0.0,0.0,0,8,11830,1,84,0,336,334,407,405,0,266.786865234375,88.88804626464844,447.0807800292969,19.044931411743164,-1.3677889108657837,90.58760833740234,MONTREALGRAND PRIX
1785643161.2589717,423.8334045410156,8513,0,77613,66087,21369,0,25035,0,0,0,0,0,3706.431640625,16820.771484375,333.3315124511719,4,0,334,1.0,-0.0,0.0,0,8,11873,1,86,0,321,319,391,389,0,276.32977294921875,88.3016128540039,492.4726257324219,19.12318420410156,-0.8511731624603271,90.96417236328124,MONTREALGRAND PRIX
1785643161.7599962,424.3327941894531,8523,0,77613,66588,21369,0,25035,0,0,0,0,0,3753.015625,16867.35546875,333.3315124511719,4,0,335,1.0,-0.0,0.0,0,8,11914,1,87,0,307,305,377,375,0,285.9070129394531,87.92598724365234,538.0324096679688,19.18312644958496,-0.659549355506897,91.26531219482422,MONTREALGRAND PRIX
1785643162.2658606,424.84088134765625,8533,0,77613,67104,21369,0,25035,0,0,0,0,0,3799.38671875,16913.7265625,333.3315124511719,4,0,321,0.0,-0.0,1.0,0,8,10983,0,50,0,382,380,441,440,0,295.4385070800781,87.60905456542969,583.4083862304688,18.259201049804688,0.0411742851138114,87.38481903076172,MONTREALGRAND PRIX
1785643162.7659333,425.33880615234375,8543,0,77613,67588,21369,0,25035,0,0,0,0,0,3839.033203125,16953.373046875,333.3315124511719,4,0,251,0.0,-0.0,1.0,0,7,9531,0,0,0,752,751,784,784,0,303.5808410644531,87.62556457519531,622.2357177734375,14.365818977355955,0.0244938302785158,68.4422378540039,MONTREALGRAND PRIX
1785643163.2619894,425.8331909179688,8553,0,77613,68088,21369,0,25035,0,0,0,0,0,3869.5234375,16983.86328125,333.3315124511719,4,0,189,0.0,0.0205546058714389,1.0,0,5,9280,0,0,0,894,893,916,916,0,309.8455505371094,87.63542938232422,652.086181640625,10.745349884033203,0.0250041596591472,51.39842987060547,MONTREALGRAND PRIX
1785643163.7590084,426.33209228515625,8564,0,77613,68588,21369,0,25035,0,0,0,0,0,3892.794921875,17007.134765625,333.3315124511719,4,0,155,0.0431372560560703,0.3996759057044983,0.0,0,4,9388,0,0,0,927,926,948,946,0,313.0537109375,87.61954498291016,675.1640625,0.4922840297222137,-0.1388478726148605,43.129920959472656,MONTREALGRAND PRIX
1785643164.2687163,426.843017578125,8574,0,77613,69105,21369,0,25035,0,0,0,0,0,3914.70703125,17029.046875,333.3315124511719,4,0,153,1.0,0.5192594528198242,0.0,0,4,9613,0,0,0,898,897,924,922,0,309.9044494628906,87.46351623535156,696.9942016601562,-12.544234275817873,-0.3501086831092834,40.877071380615234,MONTREALGRAND PRIX
1785643164.766192,427.34271240234375,8584,0,77613,69605,21369,0,25035,0,0,0,0,0,3939.361328125,17053.701171875,333.3315124511719,4,0,155,1.0,-0.153791144490242,0.0,0,4,9865,0,2,0,875,871,903,899,0,300.9368591308594,87.4477767944336,715.5074462890625,-23.24042320251465,-0.1583848595619201,36.45238494873047,MONTREALGRAND PRIX
1785643165.2579696,427.831298828125,8594,0,77613,70088,21369,0,25035,0,0,0,0,0,3966.61328125,17080.953125,333.3315124511719,4,0,164,1.0,-0.4339997172355652,0.0,0,4,10284,0,22,0,847,847,880,878,0,291.04315185546875,87.48621368408203,735.6480102539062,-13.58775806427002,0.5547010898590088,43.564002990722656,MONTREALGRAND PRIX
1785643165.7695694,428.3385925292969,8604,0,77613,70588,21369,0,25035,0,0,0,0,0,3987.9140625,17102.25390625,333.3315124511719,4,0,162,1.0,-0.4636659622192383,0.0,0,4,10293,0,22,0,821,820,856,855,0,287.4736328125,87.6370620727539,757.9947509765625,-0.9081302881240844,-0.0428830608725547,45.051551818847656,MONTREALGRAND PRIX
1785643166.2683964,428.8377685546875,8614,0,77613,71089,21369,0,25035,0,0,0,0,0,4009.626953125,17123.966796875,333.3315124511719,4,0,159,1.0,-0.0076837013475596,0.0,0,4,10331,0,24,0,796,801,834,837,0,291.47509765625,87.63866424560547,779.3134155273438,14.929899215698242,-0.1202868074178695,41.74591064453125,MONTREALGRAND PRIX
1785643166.7703135,429.3424682617188,8624,0,77613,71605,21369,0,25035,0,0,0,0,0,4032.744140625,17147.083984375,333.3315124511719,4,0,177,1.0,0.0800946503877639,0.0,0,4,11170,0,56,0,772,776,813,815,0,299.0035095214844,87.63621520996094,801.4061889648438,14.568339347839355,-0.006383647210896,47.16114807128906,MONTREALGRAND PRIX
1785643167.263862,429.8366394042969,8634,0,77613,72089,21369,0,25035,0,0,0,0,0,4058.66015625,17173.0,333.3315124511719,4,0,195,1.0,-0.0,0.0,0,5,10830,1,52,0,748,750,792,792,0,305.4709777832031,87.63700103759766,826.5062255859375,12.546394348144531,-0.0062367608770728,52.905879974365234,MONTREALGRAND PRIX
1785643167.7693384,430.3388977050781,8644,0,77613,72589,21369,0,25035,0,0,0,0,0,4087.08203125,17201.421875,333.3315124511719,4,0,213,1.0,-0.0,0.0,0,5,11502,1,70,0,721,722,768,768,0,312.0273132324219,87.63504028320312,854.1796875,13.645212173461914,-0.0040017212741076,57.60104751586914,MONTREALGRAND PRIX
1785643168.2589936,430.8310546875,8654,0,77613,73089,21369,0,25035,0,0,0,0,0,4117.744140625,17232.083984375,333.3315124511719,4,0,228,1.0,-0.0,0.0,0,6,10642,1,38,0,693,695,743,743,0,319.0990600585937,87.63284301757812,884.0309448242188,14.634689331054688,-0.0044774590060114,61.77723693847656,MONTREALGRAND PRIX
1785643168.7641768,431.3355712890625,8664,0,77613,73589,21369,0,25035,0,0,0,0,0,4150.453125,17264.79296875,333.3315124511719,4,0,242,1.0,-0.0,0.0,0,6,11259,1,60,0,666,667,719,719,0,326.6416931152344,87.63134765625,915.8699340820312,15.515396118164062,-0.0040053278207778,65.494140625,MONTREALGRAND PRIX
1785643169.766313,432.3390197753906,8685,0,77613,74589,21369,0,25035,0,0,0,0,0,4221.060546875,17335.400390625,333.3315124511719,4,0,265,1.0,-0.0,0.0,0,7,10662,1,38,0,613,614,670,670,0,342.9227294921875,87.6280746459961,984.596435546875,16.984363555908203,-0.0041232355870306,71.69396209716797,MONTREALGRAND PRIX
1785643170.261099,432.8267211914063,8695,0,77613,75073,21369,0,25035,0,0,0,0,0,4257.345703125,17371.685546875,333.3315124511719,4,0,274,1.0,-0.0,0.0,0,7,11022,1,51,0,588,589,647,647,0,351.2890014648437,87.62679290771484,1019.912109375,17.576690673828125,-0.0012547193327918,74.19397735595703,MONTREALGRAND PRIX
1785643170.771584,433.341552734375,8705,0,77613,75591,21369,0,25035,0,0,0,0,0,4297.427734375,17411.767578125,333.3315124511719,4,0,283,1.0,-0.0,0.0,0,7,11365,1,63,0,562,563,623,623,0,360.5280456542969,87.62569427490234,1058.9117431640625,18.142478942871094,-0.0014511428307741,76.58219146728516,MONTREALGRAND PRIX
1785643171.2689056,433.8423156738281,8715,0,77613,76107,21369,0,25035,0,0,0,0,0,4337.310546875,17451.650390625,333.3315124511719,4,0,290,1.0,0.019989950582385,0.0,0,7,11654,1,76,0,537,538,600,600,0,369.5462036132813,87.62483978271484,1097.76318359375,17.133525848388672,-0.0012866042088717,78.92990112304688,MONTREALGRAND PRIX
1785643171.7736034,434.34466552734375,8725,0,76525,83,0,0,0,0,0,0,0,0,8.001953125,17493.7890625,333.3315124511719,4,0,297,1.0,0.0211820863187313,0.0,0,8,10599,1,36,0,513,514,578,578,0,377.3630676269531,87.62397003173828,1139.242919921875,13.028403282165527,-0.0009837537072598,81.56704711914062,MONTREALGRAND PRIX
1785643172.2667654,434.8359680175781,8735,0,76525,566,0,0,0,0,0,0,0,0,48.11328125,17533.900390625,333.3315124511719,4,0,301,1.0,0.0541334263980388,0.0,0,8,10767,1,42,0,495,492,560,557,0,382.2433471679688,87.62364196777344,1179.198974609375,5.893073081970215,0.0013317121192812,83.65896606445312,MONTREALGRAND PRIX
1785643172.7686803,435.3405456542969,8745,0,76525,1066,0,0,0,0,0,0,0,0,90.173828125,17575.9609375,333.3315124511719,4,0,304,1.0,0.0570707842707634,0.0,0,8,10864,1,45,0,481,471,545,537,0,382.2727966308594,87.62338256835938,1221.295654296875,-5.8921003341674805,-0.0011891066096723,84.41812133789062,MONTREALGRAND PRIX
1785643173.2677076,435.8346862792969,8755,0,76525,1566,0,0,0,0,0,0,0,0,132.888671875,17618.67578125,333.3315124511719,4,0,307,0.0,-0.0,0.0,0,8,10760,1,42,0,465,450,528,517,0,377.5164184570313,87.62210083007812,1263.5928955078125,-10.613911628723145,0.0431389547884464,84.80657196044922,MONTREALGRAND PRIX
1785643173.766303,436.3402099609375,8765,0,76525,2066,0,0,0,0,0,0,0,0,172.486328125,17658.2734375,333.3315124511719,4,0,251,0.0,-0.0810055509209632,1.0,0,7,9678,0,0,0,739,730,775,766,0,372.7947082519531,87.63610076904297,1302.630126953125,-7.348631858825684,0.1387457251548767,69.45500183105469,MONTREALGRAND PRIX
1785643174.2742145,436.8380126953125,8775,0,76525,2566,0,0,0,0,0,0,0,0,203.798828125,17689.5859375,333.3315124511719,4,0,197,0.0,-0.0,1.0,0,5,9923,0,5,0,888,885,913,909,0,370.7496337890625,87.63449096679688,1333.9415283203125,-2.225996732711792,0.0049414131790399,54.90947723388672,MONTREALGRAND PRIX
1785643174.764814,437.3377990722656,8785,0,76525,3066,0,0,0,0,0,0,0,0,227.51171875,17713.298828125,333.3315124511719,4,0,147,0.0,-0.1212689727544784,1.0,0,4,8569,0,0,0,952,950,972,970,0,369.9470520019531,87.62548828125,1357.741943359375,-0.5710865259170532,-0.0329020358622074,40.95976257324219,MONTREALGRAND PRIX
1785643175.271808,437.84478759765625,8796,0,76525,3583,0,0,0,0,0,0,0,0,246.275390625,17732.0625,333.3315124511719,4,0,124,0.1450980454683303,-0.5164173245429993,0.0,0,3,8930,0,0,0,955,954,975,974,0,371.89447021484375,87.619873046875,1376.6893310546875,9.09005355834961,0.1611483246088028,33.344417572021484,MONTREALGRAND PRIX
1785643175.7686884,438.3435363769531,8806,0,76525,4083,0,0,0,0,0,0,0,0,266.19921875,17751.986328125,333.3315124511719,4,0,120,0.572549045085907,-0.5475473999977112,0.0,0,3,9038,0,0,0,932,930,955,954,0,378.7674560546875,87.84242248535156,1391.4007568359375,18.438087463378903,0.245903879404068,27.94593811035156,MONTREALGRAND PRIX
1785643176.259094,438.8316040039063,8816,0,76525,4566,0,0,0,0,0,0,0,0,283.064453125,17768.8515625,333.3315124511719,4,0,119,0.6039215922355652,-0.518828272819519,0.0,0,3,8915,0,0,0,909,907,936,935,0,389.9090270996094,87.82923889160156,1403.615234375,25.940689086914062,-0.126467227935791,20.50847053527832,MONTREALGRAND PRIX
1785643176.7729151,439.3420104980469,8826,0,76525,5083,0,0,0,0,0,0,0,0,299.681640625,17785.46875,333.3315124511719,4,0,122,0.0,0.1167975217103958,0.0,0,3,8695,0,0,0,886,886,916,916,0,404.4360046386719,87.72222900390625,1411.9940185546875,30.626441955566406,-0.2811030149459839,14.678214073181152,MONTREALGRAND PRIX
1785643177.262604,439.8380432128906,8836,0,76525,5566,0,0,0,0,0,0,0,0,315.671875,17801.458984375,333.3315124511719,4,0,104,0.0,0.4832842350006103,0.0,0,3,7506,0,0,0,889,888,919,918,0,417.3637390136719,87.70201873779297,1420.1529541015625,21.852081298828125,-0.1801324635744094,19.04071617126465,MONTREALGRAND PRIX
1785643177.7640302,440.33984375,8846,0,76525,6066,0,0,0,0,0,0,0,0,333.056640625,17818.84375,333.3315124511719,4,0,92,0.0,0.5802707672119141,0.0,0,2,8143,0,0,0,870,869,903,902,0,425.7525634765625,87.671875,1430.8707275390625,11.5782470703125,0.0400332659482955,23.05050277709961,MONTREALGRAND PRIX
1785643178.2678902,440.8419799804688,8856,0,76525,6583,0,0,0,0,0,0,0,0,347.935546875,17833.72265625,333.3315124511719,4,0,86,0.2901960909366607,0.6167886853218079,0.0,0,2,7936,0,0,0,853,852,888,887,0,429.1022338867188,87.70220184326172,1442.6932373046875,1.7326231002807615,0.1342920809984207,24.029733657836918,MONTREALGRAND PRIX
1785643178.765387,441.3399963378906,8866,0,76525,7066,0,0,0,0,0,0,0,0,360.666015625,17846.453125,333.3315124511719,4,0,84,0.5254902243614197,0.6182493567466736,0.0,0,2,8112,0,0,0,837,836,874,873,0,427.3515930175781,87.78413391113281,1454.35693359375,-8.55618667602539,0.2053466588258743,21.92662239074707,MONTREALGRAND PRIX
1785643179.2687907,441.8400573730469,8876,0,76525,7566,0,0,0,0,0,0,0,0,372.21484375,17858.001953125,333.3315124511719,4,0,83,0.6823529601097107,0.6191678047180176,0.0,0,2,8018,0,0,0,822,821,861,860,0,420.85101318359375,87.90155792236328,1463.9058837890625,-16.961862564086914,0.2752531766891479,15.753997802734377,MONTREALGRAND PRIX
1785643179.7612426,442.3364868164063,8886,0,76525,8066,0,0,0,0,0,0,0,0,383.486328125,17869.2734375,333.3315124511719,4,0,83,0.8901960849761963,0.4550020396709442,0.0,0,2,7890,0,0,0,806,806,847,846,0,410.9283752441406,88.0641098022461,1469.6156005859375,-22.07613754272461,0.3688738048076629,6.787217617034912,MONTREALGRAND PRIX
1785643180.267345,442.8440246582031,8896,0,76525,8583,0,0,0,0,0,0,0,0,395.767578125,17881.5546875,333.3315124511719,4,0,93,1.0,0.1261199414730072,0.0,0,2,9259,0,0,0,791,790,834,832,0,398.5220947265625,88.29496765136719,1470.8184814453125,-25.899585723876957,0.5819856524467468,-1.767179250717163,MONTREALGRAND PRIX
1785643180.7606485,443.32904052734375,8906,0,76525,9066,0,0,0,0,0,0,0,0,410.015625,17895.802734375,333.3315124511719,4,0,115,1.0,0.0415490269660949,0.0,0,2,10815,0,44,0,775,773,819,818,0,384.6391906738281,88.73136138916016,1469.1871337890625,-31.79310607910156,1.2457700967788696,-4.396605968475342,MONTREALGRAND PRIX
1785643181.258577,443.8329162597656,8916,0,76525,9566,0,0,0,0,0,0,0,0,427.880859375,17913.66796875,333.3315124511719,4,0,136,1.0,-0.0,0.0,0,3,10492,0,31,0,755,753,802,800,0,367.4074401855469,89.42739868164062,1466.1300048828125,-37.231727600097656,1.4327772855758667,-7.455713748931885,MONTREALGRAND PRIX
1785643181.7595603,444.33306884765625,8926,0,76525,10066,0,0,0,0,0,0,0,0,448.455078125,17934.2421875,333.3315124511719,4,0,158,1.0,0.0131026720628142,0.0,0,4,10509,0,33,0,733,731,782,780,0,347.28497314453125,90.06351470947266,1461.9647216796875,-43.096675872802734,1.0365371704101562,-9.3351469039917,MONTREALGRAND PRIX
1785643182.2588103,444.8302307128906,8937,0,76525,10566,0,0,0,0,0,0,0,0,471.9453125,17957.732421875,333.3315124511719,4,0,179,1.0,0.0500152707099914,0.0,0,4,11317,0,62,0,710,708,761,759,0,324.35498046875,90.48465728759766,1456.62939453125,-48.26749420166016,0.4732555747032165,-12.27992057800293,MONTREALGRAND PRIX
1785643182.7668276,445.3406372070313,8947,0,76525,11066,0,0,0,0,0,0,0,0,498.041015625,17983.828125,333.3315124511719,4,0,196,1.0,0.0611170977354049,0.0,0,5,10652,0,38,0,686,683,740,738,0,299.40643310546875,90.5478057861328,1448.8758544921875,-51.2303352355957,-0.0069212159141898,-19.188337326049805,MONTREALGRAND PRIX
1785643183.2675872,445.8428649902344,8957,0,76525,11583,0,0,0,0,0,0,0,0,526.419921875,18012.20703125,333.3315124511719,4,0,212,1.0,0.0647367313504219,0.0,0,5,11442,0,67,0,661,658,717,715,0,273.4837646484375,90.5463638305664,1437.232177734375,-52.14487457275391,-0.0039266748353838,-27.45456886291504,MONTREALGRAND PRIX
1785643183.7747543,446.3439331054688,8967,0,76525,12083,0,0,0,0,0,0,0,0,557.978515625,18043.765625,333.3315124511719,4,0,226,1.0,0.0065465974621474,0.0,0,6,10530,0,34,0,637,633,695,692,0,246.55235290527344,90.54387664794922,1420.9798583984375,-52.744964599609375,-0.0119973430410027,-34.34346389770508,MONTREALGRAND PRIX
1785643184.265252,446.8399658203125,8977,0,76525,12566,0,0,0,0,0,0,0,0,589.232421875,18075.01953125,333.3315124511719,4,0,239,1.0,0.0079390183091163,0.0,0,6,11089,0,53,0,613,609,673,670,0,220.47178649902344,90.54216766357422,1403.7091064453125,-55.13911056518555,-0.0037057402078062,-37.03065872192383,MONTREALGRAND PRIX
1785643184.767206,447.3428955078125,8987,0,76525,13083,0,0,0,0,0,0,0,0,623.07421875,18108.861328125,333.3315124511719,4,0,250,1.0,0.0333184190094471,0.0,0,6,11590,0,74,0,588,584,650,647,0,192.6522521972656,90.54076385498048,1384.1431884765625,-55.57008361816406,-0.0028578096535056,-41.78076171875,MONTREALGRAND PRIX
1785643185.2603474,447.8320007324219,8998,0,76525,13566,0,0,0,0,0,0,0,0,658.3671875,18144.154296875,333.3315124511719,4,0,256,0.0,-0.0,0.0,0,7,10095,0,13,0,564,560,628,625,0,165.2207794189453,90.54064178466795,1361.7698974609375,-53.60887908935547,0.0240239035338163,-47.1390380859375,MONTREALGRAND PRIX
1785643185.7607963,448.3357543945313,9008,0,76525,14066,0,0,0,0,0,0,0,0,692.2890625,18178.076171875,333.3315124511719,4,0,224,0.0,0.1203155219554901,1.0,0,6,9805,0,0,0,679,676,724,721,0,139.88442993164062,90.53939056396484,1339.0247802734375,-45.33842849731445,-0.0012386811431497,-42.70095443725586,MONTREALGRAND PRIX
1785643186.2674978,448.841064453125,9019,0,76525,14583,0,0,0,0,0,0,0,0,720.17578125,18205.962890625,333.3315124511719,4,0,183,0.0,0.4146310985088348,1.0,0,5,9269,0,0,0,846,841,876,868,0,121.68180084228516,90.48827362060548,1317.4952392578125,-27.228984832763672,-0.1916888207197189,-43.18083572387695,MONTREALGRAND PRIX
1785643186.75898,449.3312377929688,9029,0,76525,15066,0,0,0,0,0,0,0,0,743.51171875,18229.298828125,333.3315124511719,4,0,148,0.0,0.5349581837654114,1.0,0,4,8682,0,0,0,926,921,946,939,0,111.69207000732422,90.04876708984375,1296.6927490234375,-12.551901817321776,-0.9604358673095704,-39.163536071777344,MONTREALGRAND PRIX
