timestamp,session_time,frame_identifier,player_car_index,last_lap_time,current_lap_time,sector_1_time_ms,sector_1_time_min,sector_2_time_ms,sector_2_time_min,delta_car_ahead_ms,delta_car_ahead_min,delta_race_leader_ms,delta_race_leader_min,lap_distance,total_distance,delta_safety_car,car_position,current_lap_num,pit_status,pit_stops_count,sector,current_lap_invalid,penalties,total_warnings,corner_cutting_warnings,unserved_drive_thru_pens_count,unserved_stop_go_pens_count,grid_pos,driver_status,result_status,pitlane_timer_active,pitlane_time_in_lane_ms,pitstop_timer_ms,pitstop_should_serve_pen,speed_trap_fastest_speed,speed_trap_fastest_lap
1786296861.5524929,469.3744812011719,9583,0,84058,80538,28024,0,25405,0,0,0,0,0,4049.26953125,12792.1630859375,-0.0,1,3,0,0,2,1,0,0,0,0,0,0,1,2,0,0,0,0,332.7499084472656,3
1786296861.60436,469.43121337890625,9584,0,84058,80605,28024,0,25405,0,0,0,0,0,4052.5439453125,12795.4375,-0.0,1,3,0,0,2,1,0,0,0,0,0,0,1,2,0,0,0,0,332.7499084472656,3
1786296861.6540685,469.47430419921875,9585,0,84058,80638,28024,0,25405,0,0,0,0,0,4054.173828125,12797.0673828125,-0.0,1,3,0,0,2,1,0,0,0,0,0,0,1,2,0,0,0,0,332.7499084472656,3
1786296861.7205226,469.5356140136719,9586,0,84058,80705,28024,0,25405,0,0,0,0,0,4057.423828125,12800.3173828125,-0.0,1,3,0,0,2,1,0,0,0,0,0,0,1,2,0,0,0,0,332.7499084472656,3
1786296861.7593324,469.56927490234375,9587,0,84058,80738,28024,0,25405,0,0,0,0,0,4059.04296875,12801.9365234375,-0.0,1,3,0,0,2,1,0,0,0,0,0,0,1,2,0,0,0,0,332.7499084472656,3
1786296861.817323,469.625,9588,0,84058,80788,28024,0,25405,0,0,0,0,0,4061.4638671875,12804.357421875,-0.0,1,3,0,0,2,1,0,0,0,0,0,0,1,2,0,0,0,0,332.7499084472656,3
1786296861.8590124,469.6640625,9589,0,84058,80821,28024,0,25405,0,0,0,0,0,4063.080078125,12805.9736328125,-0.0,1,3,0,0,2,1,0,0,0,0,0,0,1,2,0,0,0,0,332.7499084472656,3
1786296861.9191556,469.7242736816406,9590,0,84058,80878,28024,0,25405,0,0,0,0,0,4065.9755859375,12808.869140625,-0.0,1,3,0,0,2,1,0,0,0,0,0,0,1,2,0,0,0,0,332.7499084472656,3
1786296861.9580185,469.77947998046875,9591,0,84058,80936,28024,0,25405,0,0,0,0,0,4068.6201171875,12811.513671875,-0.0,1,3,0,0,2,1,0,0,0,0,0,0,1,2,0,0,0,0,332.7499084472656,3
1786296862.0063612,469.8369445800781,9592,0,84058,81004,28024,0,25405,0,0,0,0,0,4071.798828125,12814.6923828125,-0.0,1,3,0,0,2,1,0,0,0,0,0,0,1,2,0,0,0,0,332.7499084472656,3
1786296862.063964,469.88677978515625,9593,0,84058,0,0,0,0,0,0,0,0,0,3066.27099609375,7437.7177734375,-0.0,1,3,0,0,2,0,0,0,0,0,0,0,1,2,0,0,0,0,332.7499084472656,3
1786296862.1114478,469.92974853515625,9594,0,84058,0,0,0,0,0,0,0,0,0,3070.18701171875,7441.6337890625,-0.0,1,3,0,0,2,0,0,0,0,0,0,0,1,2,0,0,0,0,332.7499084472656,3
1786296862.15929,469.97772216796875,9595,0,84058,0,0,0,0,0,0,0,0,0,3072.80322265625,7444.25,-0.0,1,3,0,0,2,0,0,0,0,0,0,0,1,2,0,0,0,0,332.7499084472656,3
1786296862.2016065,470.0247802734375,9596,0,84058,0,0,0,0,0,0,0,0,0,3076.73486328125,7448.181640625,-0.0,1,3,0,0,2,0,0,0,0,0,0,0,1,2,0,0,0,0,332.7499084472656,3
1786296862.2610939,470.0849914550781,9597,0,84058,0,0,0,0,0,0,0,0,0,3081.98974609375,7453.4365234375,-0.0,1,3,0,0,2,0,0,0,0,0,0,0,1,2,0,0,0,0,332.7499084472656,3
1786296862.3121295,470.14068603515625,9598,0,84058,0,0,0,0,0,0,0,0,0,3085.94189453125,7457.388671875,-0.0,1,3,0,0,2,0,0,0,0,0,0,0,1,2,0,0,0,0,332.7499084472656,3
1786296862.3544815,470.1801452636719,9599,0,84058,0,0,0,0,0,0,0,0,0,3089.90380859375,7461.3505859375,-0.0,1,3,0,0,2,0,0,0,0,0,0,0,1,2,0,0,0,0,332.7499084472656,3
1786296862.4077506,470.2339172363281,9600,0,84058,0,0,0,0,0,0,0,0,0,3093.87548828125,7465.322265625,-0.0,1,3,0,0,2,0,0,0,0,0,0,0,1,2,0,0,0,0,332.7499084472656,3
1786296862.4594362,470.2869567871094,9601,0,84058,0,0,0,0,0,0,0,0,0,3097.85693359375,7469.3037109375,-0.0,1,3,0,0,2,0,0,0,0,0,0,0,1,2,0,0,0,0,332.7499084472656,3
1786296862.5105217,470.33917236328125,9602,0,84058,0,0,0,0,0,0,0,0,0,3101.84814453125,7473.294921875,-0.0,1,3,0,0,2,0,0,0,0,0,0,0,1,2,0,0,0,0,332.7499084472656,3
1786296862.5670807,470.3919372558594,9603,0,84058,0,0,0,0,0,0,0,0,0,3105.8505859375,7477.29736328125,-0.0,1,3,0,0,2,0,0,0,0,0,0,0,1,2,0,0,0,0,332.7499084472656,3
1786296862.6051152,470.4320983886719,9604,0,84058,0,0,0,0,0,0,0,0,0,3109.86279296875,7481.3095703125,-0.0,1,3,0,0,2,0,0,0,0,0,0,0,1,2,0,0,0,0,332.7499084472656,3
1786296862.6546488,470.47357177734375,9605,0,84058,0,0,0,0,0,0,0,0,0,3112.54443359375,7483.9912109375,-0.0,1,3,0,0,2,0,0,0,0,0,0,0,1,2,0,0,0,0,332.7499084472656,3
1786296862.7098565,470.5209655761719,9606,0,84058,0,0,0,0,0,0,0,0,0,3116.5751953125,7488.02197265625,-0.0,1,3,0,0,2,0,0,0,0,0,0,0,1,2,0,0,0,0,332.7499084472656,3
1786296862.7654858,470.57470703125,9607,0,84058,0,0,0,0,0,0,0,0,0,3120.6171875,7492.06396484375,-0.0,1,3,0,0,2,0,0,0,0,0,0,0,1,2,0,0,0,0,332.7499084472656,3
1786296862.804588,470.6124267578125,9608,0,84058,0,0,0,0,0,0,0,0,0,3123.3173828125,7494.76416015625,-0.0,1,3,0,0,2,0,0,0,0,0,0,0,1,2,0,0,0,0,332.7499084472656,3
1786296862.8630304,470.669921875,9609,0,84058,0,0,0,0,0,0,0,0,0,3127.95263671875,7499.3994140625,-0.0,1,3,0,0,2,0,0,0,0,0,0,0,1,2,0,0,0,0,332.7499084472656,3
1786296862.904936,470.7240905761719,9610,0,84058,0,0,0,0,0,0,0,0,0,3132.36279296875,7503.8095703125,-0.0,1,3,0,0,2,0,0,0,0,0,0,0,1,2,0,0,0,0,332.7499084472656,3
1786296862.9596174,470.78448486328125,9611,0,84058,0,0,0,0,0,0,0,0,0,3137.80419921875,7509.2509765625,-0.0,1,3,0,0,2,0,0,0,0,0,0,0,1,2,0,0,0,0,332.7499084472656,3
1786296863.0077355,470.8376159667969,9612,0,84058,0,0,0,0,0,0,0,0,0,3141.89501953125,7513.341796875,-0.0,1,3,0,0,2,0,0,0,0,0,0,0,1,2,0,0,0,0,332.7499084472656,3
1786296863.0612018,470.87860107421875,9613,0,84058,0,0,0,0,0,0,0,0,0,3145.9951171875,7517.44189453125,-0.0,1,3,0,0,2,0,0,0,0,0,0,0,1,2,0,0,0,0,332.7499084472656,3
1786296863.1022794,470.9232482910156,9614,0,84058,0,0,0,0,0,0,0,0,0,3148.732421875,7520.17919921875,-0.0,1,3,0,0,2,0,0,0,0,0,0,0,1,2,0,0,0,0,332.7499084472656,3
1786296863.1535432,470.97052001953125,9615,0,84058,0,0,0,0,0,0,0,0,0,3152.84619140625,7524.29296875,-0.0,1,3,0,0,2,0,0,0,0,0,0,0,1,2,0,0,0,0,332.7499084472656,3
1786296863.2073338,471.0311279296875,9616,0,84058,0,0,0,0,0,0,0,0,0,3158.34423828125,7529.791015625,-0.0,1,3,0,0,2,0,0,0,0,0,0,0,1,2,0,0,0,0,332.7499084472656,3
1786296863.2593465,471.08660888671875,9617,0,84058,0,0,0,0,0,0,0,0,0,3162.47802734375,7533.9248046875,-0.0,1,3,0,0,2,0,0,0,0,0,0,0,1,2,0,0,0,0,332.7499084472656,3
1786296863.3105228,471.1386413574219,9618,0,84058,0,0,0,0,0,0,0,0,0,3166.62060546875,7538.0673828125,-0.0,1,3,0,0,2,0,0,0,0,0,0,0,1,2,0,0,0,0,332.7499084472656,3
1786296863.352803,471.178466796875,9619,0,84058,0,0,0,0,0,0,0,0,0,3170.77392578125,7542.220703125,-0.0,1,3,0,0,2,0,0,0,0,0,0,0,1,2,0,0,0,0,332.7499084472656,3
1786296863.4077942,471.2330017089844,9620,0,84058,0,0,0,0,0,0,0,0,0,3174.93994140625,7546.38671875,-0.0,1,3,0,0,2,0,0,0,0,0,0,0,1,2,0,0,0,0,332.7499084472656,3
1786296863.4523628,471.2752685546875,9621,0,84058,0,0,0,0,0,0,0,0,0,3179.115234375,7550.56201171875,-0.0,1,3,0,0,2,0,0,0,0,0,0,0,1,2,0,0,0,0,332.7499084472656,3
1786296863.504293,471.3315124511719,9622,0,84058,0,0,0,0,0,0,0,0,0,3183.29931640625,7554.74609375,-0.0,1,3,0,0,2,0,0,0,0,0,0,0,1,2,0,0,0,0,332.7499084472656,3
1786296863.5541387,471.3742370605469,9623,0,84058,0,0,0,0,0,0,0,0,0,3187.4921875,7558.93896484375,-0.0,1,3,0,0,2,0,0,0,0,0,0,0,1,2,0,0,0,0,332.7499084472656,3
1786296863.611288,471.43304443359375,9624,0,84058,0,0,0,0,0,0,0,0,0,3191.69384765625,7563.140625,-0.0,1,3,0,0,2,0,0,0,0,0,0,0,1,2,0,0,0,0,332.7499084472656,3
1786296863.6690516,471.4801330566406,9625,0,84058,0,0,0,0,0,0,0,0,0,3195.92041015625,7567.3671875,-0.0,1,3,0,0,2,0,0,0,0,0,0,0,1,2,0,0,0,0,332.7499084472656,3
1786296863.706902,471.5145568847656,9626,0,84058,0,0,0,0,0,0,0,0,0,3198.748046875,7570.19482421875,-0.0,1,3,0,0,2,0,0,0,0,0,0,0,1,2,0,0,0,0,332.7499084472656,3
1786296863.763592,471.5712585449219,9627,0,84058,0,0,0,0,0,0,0,0,0,3202.99658203125,7574.443359375,-0.0,1,3,0,0,2,0,0,0,0,0,0,0,1,2,0,0,0,0,332.7499084472656,3
1786296863.802821,471.609619140625,9628,0,84058,0,0,0,0,0,0,0,0,0,3206.02197265625,7577.46875,-0.0,1,3,0,0,2,0,0,0,0,0,0,0,1,2,0,0,0,0,332.7499084472656,3
1786296863.8555174,471.6673278808594,9629,0,84058,0,0,0,0,0,0,0,0,0,3210.94384765625,7582.390625,-0.0,1,3,0,0,2,0,0,0,0,0,0,0,1,2,0,0,0,0,332.7499084472656,3
1786296863.9095757,471.7344055175781,9630,0,84058,0,0,0,0,0,0,0,0,0,3216.81005859375,7588.2568359375,-0.0,1,3,0,0,2,0,0,0,0,0,0,0,1,2,0,0,0,0,332.7499084472656,3
1786296863.9612308,471.7886657714844,9631,0,84058,0,0,0,0,0,0,0,0,0,3222.58056640625,7594.02734375,-0.0,1,3,0,0,2,0,0,0,0,0,0,0,1,2,0,0,0,0,332.7499084472656,3
1786296864.0031295,471.8283996582031,9632,0,84058,0,0,0,0,0,0,0,0,0,3225.466796875,7596.91357421875,-0.0,1,3,0,0,2,0,0,0,0,0,0,0,1,2,0,0,0,0,332.7499084472656,3
1786296864.053151,471.8714599609375,9633,0,84058,0,0,0,0,0,0,0,0,0,3229.79833984375,7601.2451171875,-0.0,1,3,0,0,2,0,0,0,0,0,0,0,1,2,0,0,0,0,332.7499084472656,3
1786296864.1107917,471.9325256347656,9634,0,84058,0,0,0,0,0,0,0,0,0,3234.13330078125,7605.580078125,-0.0,1,3,0,0,2,0,0,0,0,0,0,0,1,2,0,0,0,0,332.7499084472656,3
1786296864.1653507,471.9899597167969,9635,0,84058,0,0,0,0,0,0,0,0,0,3239.9091796875,7611.35595703125,-0.0,1,3,0,0,2,0,0,0,0,0,0,0,1,2,0,0,0,0,332.7499084472656,3
1786296864.204437,472.0304260253906,9636,0,84058,0,0,0,0,0,0,0,0,0,3242.7578125,7614.20458984375,-0.0,1,3,0,0,2,0,0,0,0,0,0,0,1,2,0,0,0,0,332.7499084472656,3
1786296864.2672067,472.0869140625,9637,0,84058,0,0,0,0,0,0,0,0,0,3248.4677734375,7619.91455078125,-0.0,1,3,0,0,2,0,0,0,0,0,0,0,1,2,0,0,0,0,332.7499084472656,3
1786296864.313693,472.1316833496094,9638,0,84058,0,0,0,0,0,0,0,0,0,3251.32861328125,7622.775390625,-0.0,1,3,0,0,2,0,0,0,0,0,0,0,1,2,0,0,0,0,332.7499084472656,3
1786296864.3624802,472.1784973144531,9639,0,84058,0,0,0,0,0,0,0,0,0,3255.62744140625,7627.07421875,-0.0,1,3,0,0,2,0,0,0,0,0,0,0,1,2,0,0,0,0,332.7499084472656,3
1786296864.409007,472.2266845703125,9640,0,84058,0,0,0,0,0,0,0,0,0,3259.93505859375,7631.3818359375,-0.0,1,3,0,0,2,0,0,0,0,0,0,0,1,2,0,0,0,0,332.7499084472656,3
1786296864.4547715,472.2740783691406,9641,0,84058,0,0,0,0,0,0,0,0,0,3264.25146484375,7635.6982421875,-0.0,1,3,0,0,2,0,0,0,0,0,0,0,1,2,0,0,0,0,332.7499084472656,3
1786296864.5100017,472.3336181640625,9642,0,84058,0,0,0,0,0,0,0,0,0,3268.57666015625,7640.0234375,-0.0,1,3,0,0,2,0,0,0,0,0,0,0,1,2,0,0,0,0,332.7499084472656,3
1786296864.5551932,472.3760070800781,9643,0,84058,0,0,0,0,0,0,0,0,0,3272.90966796875,7644.3564453125,-0.0,1,3,0,0,2,0,0,0,0,0,0,0,1,2,0,0,0,0,332.7499084472656,3
1786296864.6048017,472.4319763183594,9644,0,84058,0,0,0,0,0,0,0,0,0,3277.25048828125,7648.697265625,-0.0,1,3,0,0,2,0,0,0,0,0,0,0,1,2,0,0,0,0,332.7499084472656,3
1786296864.661592,472.48724365234375,9645,0,84058,0,0,0,0,0,0,0,0,0,3283.04833984375,7654.4951171875,-0.0,1,3,0,0,2,0,0,0,0,0,0,0,1,2,0,0,0,0,332.7499084472656,3
1786296864.7026951,472.52813720703125,9646,0,84058,0,0,0,0,0,0,0,0,0,3285.95263671875,7657.3994140625,-0.0,1,3,0,0,2,0,0,0,0,0,0,0,1,2,0,0,0,0,332.7499084472656,3
1786296864.7580874,472.58270263671875,9647,0,84058,0,0,0,0,0,0,0,0,0,3290.31396484375,7661.7607421875,-0.0,1,3,0,0,2,0,0,0,0,0,0,0,1,2,0,0,0,0,332.7499084472656,3
1786296864.8078516,472.6257629394531,9648,0,84058,0,0,0,0,0,0,0,0,0,3294.68310546875,7666.1298828125,-0.0,1,3,0,0,2,0,0,0,0,0,0,0,1,2,0,0,0,0,332.7499084472656,3
1786296864.8672686,472.675048828125,9649,0,84058,0,0,0,0,0,0,0,0,0,3299.05712890625,7670.50390625,-0.0,1,3,0,0,2,0,0,0,0,0,0,0,1,2,0,0,0,0,332.7499084472656,3
1786296864.9085033,472.71258544921875,9650,0,84058,0,0,0,0,0,0,0,0,0,3301.9765625,7673.42333984375,-0.0,1,3,0,0,2,0,0,0,0,0,0,0,1,2,0,0,0,0,332.7499084472656,3
1786296864.9643013,472.7709655761719,9651,0,84058,0,0,0,0,0,0,0,0,0,3306.52099609375,7677.9677734375,-0.0,1,3,0,0,2,0,0,0,0,0,0,0,1,2,0,0,0,0,332.7499084472656,3
1786296865.007342,472.8106994628906,9652,0,84058,0,0,0,0,0,0,0,0,0,3310.01123046875,7681.4580078125,-0.0,1,3,0,0,2,0,0,0,0,0,0,0,1,2,0,0,0,0,332.7499084472656,3
1786296865.0628536,472.88421630859375,9653,0,84058,0,0,0,0,0,0,0,0,0,3316.47509765625,7687.921875,-0.0,1,3,0,0,2,0,0,0,0,0,0,0,1,2,0,0,0,0,332.7499084472656,3
1786296865.103712,472.9297180175781,9654,0,84058,0,0,0,0,0,0,0,0,0,3320.87890625,7692.32568359375,-0.0,1,3,0,0,2,0,0,0,0,0,0,0,1,2,0,0,0,0,332.7499084472656,3
1786296865.1529531,472.983154296875,9655,0,84058,0,0,0,0,0,0,0,0,0,3325.2880859375,7696.73486328125,-0.0,1,3,0,0,2,0,0,0,0,0,0,0,1,2,0,0,0,0,332.7499084472656,3
1786296865.2128696,473.0369873046875,9656,0,84058,0,0,0,0,0,0,0,0,0,3331.17529296875,7702.6220703125,-0.0,1,3,0,0,2,0,0,0,0,0,0,0,1,2,0,0,0,0,332.7499084472656,3
1786296865.258901,473.0794372558594,9657,0,84058,0,0,0,0,0,0,0,0,0,3334.12255859375,7705.5693359375,-0.0,1,3,0,0,2,0,0,0,0,0,0,0,1,2,0,0,0,0,332.7499084472656,3
1786296865.3032703,473.1246337890625,9658,0,84058,0,0,0,0,0,0,0,0,0,3338.54833984375,7709.9951171875,-0.0,1,3,0,0,2,0,0,0,0,0,0,0,1,2,0,0,0,0,332.7499084472656,3
1786296865.356253,473.18389892578125,9659,0,84058,0,0,0,0,0,0,0,0,0,3342.97900390625,7714.42578125,-0.0,1,3,0,0,2,0,0,0,0,0,0,0,1,2,0,0,0,0,332.7499084472656,3
1786296865.402782,473.2264404296875,9660,0,84058,0,0,0,0,0,0,0,0,0,3347.41748046875,7718.8642578125,-0.0,1,3,0,0,2,0,0,0,0,0,0,0,1,2,0,0,0,0,332.7499084472656,3
1786296865.454958,473.28204345703125,9661,0,84058,0,0,0,0,0,0,0,0,0,3351.86181640625,7723.30859375,-0.0,1,3,0,0,2,0,0,0,0,0,0,0,1,2,0,0,0,0,332.7499084472656,3
1786296865.5015585,473.3241882324219,9662,0,84058,0,0,0,0,0,0,0,0,0,3356.31103515625,7727.7578125,-0.0,1,3,0,0,2,0,0,0,0,0,0,0,1,2,0,0,0,0,332.7499084472656,3
1786296865.5541852,473.3808288574219,9663,0,84058,0,0,0,0,0,0,0,0,0,3360.76513671875,7732.2119140625,-0.0,1,3,0,0,2,0,0,0,0,0,0,0,1,2,0,0,0,0,332.7499084472656,3
1786296865.608238,473.4353332519531,9664,0,84058,0,0,0,0,0,0,0,0,0,3366.71142578125,7738.158203125,-0.0,1,3,0,0,2,0,0,0,0,0,0,0,1,2,0,0,0,0,332.7499084472656,3
1786296865.6661944,473.4896240234375,9665,0,84058,0,0,0,0,0,0,0,0,0,3371.17724609375,7742.6240234375,-0.0,1,3,0,0,2,0,0,0,0,0,0,0,1,2,0,0,0,0,332.7499084472656,3
1786296865.7063584,473.53125,9666,0,84058,0,0,0,0,0,0,0,0,0,3374.15673828125,7745.603515625,-0.0,1,3,0,0,2,0,0,0,0,0,0,0,1,2,0,0,0,0,332.7499084472656,3
1786296865.761192,473.5755310058594,9667,0,84058,0,0,0,0,0,0,0,0,0,3378.63037109375,7750.0771484375,-0.0,1,3,0,0,2,0,0,0,0,0,0,0,1,2,0,0,0,0,332.7499084472656,3
1786296865.8203754,473.6271667480469,9668,0,84058,0,0,0,0,0,0,0,0,0,3383.10791015625,7754.5546875,-0.0,1,3,0,0,2,0,0,0,0,0,0,0,1,2,0,0,0,0,332.7499084472656,3
1786296865.8611746,473.6656494140625,9669,0,84058,0,0,0,0,0,0,0,0,0,3386.09619140625,7757.54296875,-0.0,1,3,0,0,2,0,0,0,0,0,0,0,1,2,0,0,0,0,332.7499084472656,3
1786296865.9056396,473.7063293457031,9670,0,84058,0,0,0,0,0,0,0,0,0,3389.57470703125,7761.021484375,-0.0,1,3,0,0,2,0,0,0,0,0,0,0,1,2,0,0,0,0,332.7499084472656,3
1786296865.9619062,473.76708984375,9671,0,84058,0,0,0,0,0,0,0,0,0,3395.029296875,7766.47607421875,-0.0,1,3,0,0,2,0,0,0,0,0,0,0,1,2,0,0,0,0,332.7499084472656,3
1786296866.0080686,473.82366943359375,9672,0,84058,0,0,0,0,0,0,0,0,0,3400.11474609375,7771.5615234375,-0.0,1,3,0,0,2,0,0,0,0,0,0,0,1,2,0,0,0,0,332.7499084472656,3
1786296866.0624292,473.8869934082031,9673,0,84058,0,0,0,0,0,0,0,0,0,3406.15966796875,7777.6064453125,-0.0,1,3,0,0,2,0,0,0,0,0,0,0,1,2,0,0,0,0,332.7499084472656,3
1786296866.102796,473.92864990234375,9674,0,84058,0,0,0,0,0,0,0,0,0,3410.66357421875,7782.1103515625,-0.0,1,3,0,0,2,0,0,0,0,0,0,0,1,2,0,0,0,0,332.7499084472656,3
1786296866.1702416,473.9851989746094,9675,0,84058,0,0,0,0,0,0,0,0,0,3415.171875,7786.61865234375,-0.0,1,3,0,0,2,0,0,0,0,0,0,0,1,2,0,0,0,0,332.7499084472656,3
1786296866.2139812,474.0323181152344,9676,0,84058,0,0,0,0,0,0,0,0,0,3419.68408203125,7791.130859375,-0.0,1,3,0,0,2,0,0,0,0,0,0,0,1,2,0,0,0,0,332.7499084472656,3
1786296866.2551506,474.07879638671875,9677,0,84058,0,0,0,0,0,0,0,0,0,3424.2001953125,7795.64697265625,-0.0,1,3,0,0,2,0,0,0,0,0,0,0,1,2,0,0,0,0,332.7499084472656,3
1786296866.3096302,474.1363220214844,9678,0,84058,0,0,0,0,0,0,0,0,0,3428.72021484375,7800.1669921875,-0.0,1,3,0,0,2,0,0,0,0,0,0,0,1,2,0,0,0,0,332.7499084472656,3
1786296866.35292,474.17791748046875,9679,0,84058,0,0,0,0,0,0,0,0,0,3433.24365234375,7804.6904296875,-0.0,1,3,0,0,2,0,0,0,0,0,0,0,1,2,0,0,0,0,332.7499084472656,3
1786296866.4068098,474.2323913574219,9680,0,84058,0,0,0,0,0,0,0,0,0,3437.77099609375,7809.2177734375,-0.0,1,3,0,0,2,0,0,0,0,0,0,0,1,2,0,0,0,0,332.7499084472656,3
1786296866.4621327,474.2875061035156,9681,0,84058,0,0,0,0,0,0,0,0,0,3442.3017578125,7813.74853515625,-0.0,1,3,0,0,2,0,0,0,0,0,0,0,1,2,0,0,0,0,332.7499084472656,3
1786296866.5024273,474.32861328125,9682,0,84058,0,0,0,0,0,0,0,0,0,3446.8349609375,7818.28173828125,-0.0,1,3,0,0,2,0,0,0,0,0,0,0,1,2,0,0,0,0,332.7499084472656,3
1786296866.5590007,474.38226318359375,9683,0,84058,0,0,0,0,0,0,0,0,0,3451.36962890625,7822.81640625,-0.0,1,3,0,0,2,0,0,0,0,0,0,0,1,2,0,0,0,0,332.7499084472656,3
1786296866.6135414,474.4364318847656,9684,0,84058,0,0,0,0,0,0,0,0,0,3455.90771484375,7827.3544921875,-0.0,1,3,0,0,2,0,0,0,0,0,0,0,1,2,0,0,0,0,332.7499084472656,3
1786296866.6582563,474.4800109863281,9685,0,84058,0,0,0,0,0,0,0,0,0,3460.44921875,7831.89599609375,-0.0,1,3,0,0,2,0,0,0,0,0,0,0,1,2,0,0,0,0,332.7499084472656,3
1786296866.7230337,474.5288391113281,9686,0,84058,0,0,0,0,0,0,0,0,0,3464.99365234375,7836.4404296875,-0.0,1,3,0,0,2,0,0,0,0,0,0,0,1,2,0,0,0,0,332.7499084472656,3
1786296866.7620525,474.5660705566406,9687,0,84058,0,0,0,0,0,0,0,0,0,3468.02587890625,7839.47265625,-0.0,1,3,0,0,2,0,0,0,0,0,0,0,1,2,0,0,0,0,332.7499084472656,3
1786296866.804477,474.6067810058594,9688,0,84058,0,0,0,0,0,0,0,0,0,3471.05908203125,7842.505859375,-0.0,1,3,0,0,2,0,0,0,0,0,0,0,1,2,0,0,0,0,332.7499084472656,3
1786296866.867819,474.6696472167969,9689,0,84058,0,0,0,0,0,0,0,0,0,3476.71728515625,7848.1640625,-0.0,1,3,0,0,2,0,0,0,0,0,0,0,1,2,0,0,0,0,332.7499084472656,3
1786296866.9011965,474.71026611328125,9690,0,84058,0,0,0,0,0,0,0,0,0,3480.4169921875,7851.86376953125,-0.0,1,3,0,0,2,0,0,0,0,0,0,0,1,2,0,0,0,0,332.7499084472656,3
1786296866.956586,474.78045654296875,9691,0,84058,0,0,0,0,0,0,0,0,0,3486.87890625,7858.32568359375,-0.0,1,3,0,0,2,0,0,0,0,0,0,0,1,2,0,0,0,0,332.7499084472656,3
1786296867.0124946,474.8368225097656,9692,0,84058,0,0,0,0,0,0,0,0,0,3492.96435546875,7864.4111328125,-0.0,1,3,0,0,2,0,0,0,0,0,0,0,1,2,0,0,0,0,332.7499084472656,3
1786296867.05939,474.87847900390625,9693,0,84058,0,0,0,0,0,0,0,0,0,3496.0087890625,7867.45556640625,-0.0,1,3,0,0,2,0,0,0,0,0,0,0,1,2,0,0,0,0,332.7499084472656,3
1786296867.1241996,474.9265441894531,9694,0,84058,0,0,0,0,0,0,0,0,0,3500.57861328125,7872.025390625,-0.0,1,3,0,0,2,0,0,0,0,0,0,0,1,2,0,0,0,0,332.7499084472656,3
1786296867.154895,474.9622497558594,9695,0,84058,0,0,0,0,0,0,0,0,0,3503.62646484375,7875.0732421875,-0.0,1,3,0,0,2,0,0,0,0,0,0,0,1,2,0,0,0,0,332.7499084472656,3
1786296867.2109907,475.0330505371094,9696,0,84058,0,0,0,0,0,0,0,0,0,3509.90185546875,7881.3486328125,-0.0,1,3,0,0,2,0,0,0,0,0,0,0,1,2,0,0,0,0,332.7499084472656,3
1786296867.2530754,475.0772705078125,9697,0,84058,0,0,0,0,0,0,0,0,0,3514.47998046875,7885.9267578125,-0.0,1,3,0,0,2,0,0,0,0,0,0,0,1,2,0,0,0,0,332.7499084472656,3
1786296867.3094254,475.1333923339844,9698,0,84058,0,0,0,0,0,0,0,0,0,3520.5888671875,7892.03564453125,-0.0,1,3,0,0,2,0,0,0,0,0,0,0,1,2,0,0,0,0,332.7499084472656,3
1786296867.3566375,475.1769714355469,9699,0,84058,0,0,0,0,0,0,0,0,0,3523.64501953125,7895.091796875,-0.0,1,3,0,0,2,0,0,0,0,0,0,0,1,2,0,0,0,0,332.7499084472656,3
1786296867.4014442,475.2229919433594,9700,0,84058,0,0,0,0,0,0,0,0,0,3528.23193359375,7899.6787109375,-0.0,1,3,0,0,2,0,0,0,0,0,0,0,1,2,0,0,0,0,332.7499084472656,3
1786296867.4594803,475.2837219238281,9701,0,84058,0,0,0,0,0,0,0,0,0,3534.35205078125,7905.798828125,-0.0,1,3,0,0,2,0,0,0,0,0,0,0,1,2,0,0,0,0,332.7499084472656,3
1786296867.5181653,475.33953857421875,9702,0,84058,0,0,0,0,0,0,0,0,0,3538.94580078125,7910.392578125,-0.0,1,3,0,0,2,0,0,0,0,0,0,0,1,2,0,0,0,0,332.7499084472656,3
1786296867.5593896,475.3824768066406,9703,0,84058,0,0,0,0,0,0,0,0,0,3542.00927734375,7913.4560546875,-0.0,1,3,0,0,2,0,0,0,0,0,0,0,1,2,0,0,0,0,332.7499084472656,3
1786296867.605178,475.4263000488281,9704,0,84058,0,0,0,0,0,0,0,0,0,3546.607421875,7918.05419921875,-0.0,1,3,0,0,2,0,0,0,0,0,0,0,1,2,0,0,0,0,332.7499084472656,3
1786296867.6671565,475.4747314453125,9705,0,84058,0,0,0,0,0,0,0,0,0,3551.20751953125,7922.654296875,-0.0,1,3,0,0,2,0,0,0,0,0,0,0,1,2,0,0,0,0,332.7499084472656,3
1786296867.7061381,475.5110778808594,9706,0,84058,0,0,0,0,0,0,0,0,0,3554.27587890625,7925.72265625,-0.0,1,3,0,0,2,0,0,0,0,0,0,0,1,2,0,0,0,0,332.7499084472656,3
1786296867.7660036,475.5709228515625,9707,0,84058,0,0,0,0,0,0,0,0,0,3559.29931640625,7930.74609375,-0.0,1,3,0,0,2,0,0,0,0,0,0,0,1,2,0,0,0,0,332.7499084472656,3
1786296867.8085656,475.6117858886719,9708,0,84058,0,0,0,0,0,0,0,0,0,3563.06591796875,7934.5126953125,-0.0,1,3,0,0,2,0,0,0,0,0,0,0,1,2,0,0,0,0,332.7499084472656,3
1786296867.859305,475.6710510253906,9709,0,84058,0,0,0,0,0,0,0,0,0,3568.529296875,7939.97607421875,-0.0,1,3,0,0,2,0,0,0,0,0,0,0,1,2,0,0,0,0,332.7499084472656,3
1786296867.9098215,475.736572265625,9710,0,84058,0,0,0,0,0,0,0,0,0,3574.82666015625,7946.2734375,-0.0,1,3,0,0,2,0,0,0,0,0,0,0,1,2,0,0,0,0,332.7499084472656,3
1786296867.9572587,475.778564453125,9711,0,84058,0,0,0,0,0,0,0,0,0,3579.43408203125,7950.880859375,-0.0,1,3,0,0,2,0,0,0,0,0,0,0,1,2,0,0,0,0,332.7499084472656,3
1786296868.006307,475.8231201171875,9712,0,84058,0,0,0,0,0,0,0,0,0,3584.0224609375,7955.46923828125,-0.0,1,3,0,0,2,0,0,0,0,0,0,0,1,2,0,0,0,0,332.7499084472656,3
1786296868.0644603,475.87359619140625,9713,0,84058,0,0,0,0,0,0,0,0,0,3587.15771484375,7958.6044921875,-0.0,1,3,0,0,2,0,0,0,0,0,0,0,1,2,0,0,0,0,332.7499084472656,3
1786296868.1175911,475.9277038574219,9714,0,84058,0,0,0,0,0,0,0,0,0,3592.08740234375,7963.5341796875,-0.0,1,3,0,0,2,0,0,0,0,0,0,0,1,2,0,0,0,0,332.7499084472656,3
1786296868.1704144,475.9818420410156,9715,0,84058,0,0,0,0,0,0,0,0,0,3596.998046875,7968.44482421875,-0.0,1,3,0,0,2,0,0,0,0,0,0,0,1,2,0,0,0,0,332.7499084472656,3
1786296868.2164443,476.0332336425781,9716,0,84058,0,0,0,0,0,0,0,0,0,3601.64404296875,7973.0908203125,-0.0,1,3,0,0,2,0,0,0,0,0,0,0,1,2,0,0,0,0,332.7499084472656,3
1786296868.260879,476.0819091796875,9717,0,84058,0,0,0,0,0,0,0,0,0,3606.1689453125,7977.61572265625,-0.0,1,3,0,0,2,0,0,0,0,0,0,0,1,2,0,0,0,0,332.7499084472656,3
1786296868.3135316,476.1401062011719,9718,0,84058,0,0,0,0,0,0,0,0,0,3612.201171875,7983.64794921875,-0.0,1,3,0,0,2,0,0,0,0,0,0,0,1,2,0,0,0,0,332.7499084472656,3
1786296868.3574836,476.1820373535156,9719,0,84058,0,0,0,0,0,0,0,0,0,3615.2197265625,7986.66650390625,-0.0,1,3,0,0,2,0,0,0,0,0,0,0,1,2,0,0,0,0,332.7499084472656,3
1786296868.4129136,476.2387390136719,9720,0,84058,0,0,0,0,0,0,0,0,0,3621.26123046875,7992.7080078125,-0.0,1,3,0,0,2,0,0,0,0,0,0,0,1,2,0,0,0,0,332.7499084472656,3
1786296868.456261,476.2806091308594,9721,0,84058,0,0,0,0,0,0,0,0,0,3624.28466796875,7995.7314453125,-0.0,1,3,0,0,2,0,0,0,0,0,0,0,1,2,0,0,0,0,332.7499084472656,3
1786296868.5118709,476.3372802734375,9722,0,84058,0,0,0,0,0,0,0,0,0,3630.33642578125,8001.783203125,-0.0,1,3,0,0,2,0,0,0,0,0,0,0,1,2,0,0,0,0,332.7499084472656,3
1786296868.5546966,476.3795166015625,9723,0,84058,0,0,0,0,0,0,0,0,0,3633.36474609375,8004.8115234375,-0.0,1,3,0,0,2,0,0,0,0,0,0,0,1,2,0,0,0,0,332.7499084472656,3
1786296868.6042404,476.4241027832031,9724,0,84058,0,0,0,0,0,0,0,0,0,3637.91064453125,8009.357421875,-0.0,1,3,0,0,2,0,0,0,0,0,0,0,1,2,0,0,0,0,332.7499084472656,3
1786296868.663748,476.4859619140625,9725,0,84058,0,0,0,0,0,0,0,0,0,3643.97705078125,8015.423828125,-0.0,1,3,0,0,2,0,0,0,0,0,0,0,1,2,0,0,0,0,332.7499084472656,3
1786296868.7060735,476.51800537109375,9726,0,84058,0,0,0,0,0,0,0,0,0,3647.01220703125,8018.458984375,-0.0,1,3,0,0,2,0,0,0,0,0,0,0,1,2,0,0,0,0,332.7499084472656,3
1786296868.7694733,476.57281494140625,9727,0,84058,0,0,0,0,0,0,0,0,0,3651.56787109375,8023.0146484375,-0.0,1,3,0,0,2,0,0,0,0,0,0,0,1,2,0,0,0,0,332.7499084472656,3
1786296868.8106174,476.61383056640625,9728,0,84058,0,0,0,0,0,0,0,0,0,3654.6064453125,8026.05322265625,-0.0,1,3,0,0,2,0,0,0,0,0,0,0,1,2,0,0,0,0,332.7499084472656,3
1786296868.8541234,476.6556396484375,9729,0,84058,0,0,0,0,0,0,0,0,0,3658.16650390625,8029.61328125,-0.0,1,3,0,0,2,0,0,0,0,0,0,0,1,2,0,0,0,0,332.7499084472656,3
1786296868.9062104,476.7167663574219,9730,0,84058,0,0,0,0,0,0,0,0,0,3663.74462890625,8035.19140625,-0.0,1,3,0,0,2,0,0,0,0,0,0,0,1,2,0,0,0,0,332.7499084472656,3
1786296868.9624338,476.78619384765625,9731,0,84058,0,0,0,0,0,0,0,0,0,3670.14892578125,8041.595703125,-0.0,1,3,0,0,2,0,0,0,0,0,0,0,1,2,0,0,0,0,332.7499084472656,3
1786296869.0054212,476.8296813964844,9732,0,84058,0,0,0,0,0,0,0,0,0,3674.72021484375,8046.1669921875,-0.0,1,3,0,0,2,0,0,0,0,0,0,0,1,2,0,0,0,0,332.7499084472656,3
1786296869.0610704,476.8853759765625,9733,0,84058,0,0,0,0,0,0,0,0,0,3679.29443359375,8050.7412109375,-0.0,1,3,0,0,2,0,0,0,0,0,0,0,1,2,0,0,0,0,332.7499084472656,3
1786296869.1150222,476.9305725097656,9734,0,84058,0,0,0,0,0,0,0,0,0,3683.87158203125,8055.318359375,-0.0,1,3,0,0,2,0,0,0,0,0,0,0,1,2,0,0,0,0,332.7499084472656,3
1786296869.1668115,476.97998046875,9735,0,84058,0,0,0,0,0,0,0,0,0,3688.45068359375,8059.8974609375,-0.0,1,3,0,0,2,0,0,0,0,0,0,0,1,2,0,0,0,0,332.7499084472656,3
1786296869.213151,477.0304870605469,9736,0,84058,0,0,0,0,0,0,0,0,0,3693.033203125,8064.47998046875,-0.0,1,3,0,0,2,0,0,0,0,0,0,0,1,2,0,0,0,0,332.7499084472656,3
1786296869.2645063,477.0799865722656,9737,0,84058,0,0,0,0,0,0,0,0,0,3697.61865234375,8069.0654296875,-0.0,1,3,0,0,2,0,0,0,0,0,0,0,1,2,0,0,0,0,332.7499084472656,3
1786296869.3084772,477.1280517578125,9738,0,84058,0,0,0,0,0,0,0,0,0,3702.2060546875,8073.65283203125,-0.0,1,3,0,0,2,0,0,0,0,0,0,0,1,2,0,0,0,0,332.7499084472656,3
1786296869.3530996,477.1741943359375,9739,0,84058,0,0,0,0,0,0,0,0,0,3706.79638671875,8078.2431640625,-0.0,1,3,0,0,2,0,0,0,0,0,0,0,1,2,0,0,0,0,332.7499084472656,3
1786296869.4097564,477.23248291015625,9740,0,84058,0,0,0,0,0,0,0,0,0,3711.38916015625,8082.8359375,-0.0,1,3,0,0,2,0,0,0,0,0,0,0,1,2,0,0,0,0,332.7499084472656,3
1786296869.4545162,477.2763366699219,9741,0,84058,0,0,0,0,0,0,0,0,0,3715.98583984375,8087.4326171875,-0.0,1,3,0,0,2,0,0,0,0,0,0,0,1,2,0,0,0,0,332.7499084472656,3
1786296869.5025375,477.32208251953125,9742,0,84058,0,0,0,0,0,0,0,0,0,3720.5859375,8092.03271484375,-0.0,1,3,0,0,2,0,0,0,0,0,0,0,1,2,0,0,0,0,332.7499084472656,3
1786296869.5626972,477.3828125,9743,0,84058,0,0,0,0,0,0,0,0,0,3725.18896484375,8096.6357421875,-0.0,1,3,0,0,2,0,0,0,0,0,0,0,1,2,0,0,0,0,332.7499084472656,3
1786296869.6085174,477.4280700683594,9744,0,84058,0,0,0,0,0,0,0,0,0,3729.79345703125,8101.240234375,-0.0,1,3,0,0,2,0,0,0,0,0,0,0,1,2,0,0,0,0,332.7499084472656,3
1786296869.6572232,477.4745788574219,9745,0,84058,0,0,0,0,0,0,0,0,0,3734.40087890625,8105.84765625,-0.0,1,3,0,0,2,0,0,0,0,0,0,0,1,2,0,0,0,0,332.7499084472656,3
1786296869.7076147,477.5223083496094,9746,0,84058,0,0,0,0,0,0,0,0,0,3739.01025390625,8110.45703125,-0.0,1,3,0,0,2,0,0,0,0,0,0,0,1,2,0,0,0,0,332.7499084472656,3
1786296869.7533925,477.55712890625,9747,0,84058,0,0,0,0,0,0,0,0,0,3742.08447265625,8113.53125,-0.0,1,3,0,0,2,0,0,0,0,0,0,0,1,2,0,0,0,0,332.7499084472656,3
1786296869.8180606,477.6170349121094,9748,0,84058,0,0,0,0,0,0,0,0,0,3746.69775390625,8118.14453125,-0.0,1,3,0,0,2,0,0,0,0,0,0,0,1,2,0,0,0,0,332.7499084472656,3
1786296869.8662226,477.6610412597656,9749,0,84058,0,0,0,0,0,0,0,0,0,3750.46875,8121.91552734375,-0.0,1,3,0,0,2,0,0,0,0,0,0,0,1,2,0,0,0,0,332.7499084472656,3
1786296869.9081655,477.7059326171875,9750,0,84058,0,0,0,0,0,0,0,0,0,3754.61279296875,8126.0595703125,-0.0,1,3,0,0,2,0,0,0,0,0,0,0,1,2,0,0,0,0,332.7499084472656,3
1786296869.9594743,477.7696838378906,9751,0,84058,0,0,0,0,0,0,0,0,0,3760.5,8131.94677734375,-0.0,1,3,0,0,2,0,0,0,0,0,0,0,1,2,0,0,0,0,332.7499084472656,3
1786296870.0028112,477.8240051269531,9752,0,84058,0,0,0,0,0,0,0,0,0,3765.52001953125,8136.966796875,-0.0,1,3,0,0,2,0,0,0,0,0,0,0,1,2,0,0,0,0,332.7499084472656,3
1786296870.0622258,477.88360595703125,9753,0,84058,0,0,0,0,0,0,0,0,0,3771.68408203125,8143.130859375,-0.0,1,3,0,0,2,0,0,0,0,0,0,0,1,2,0,0,0,0,332.7499084472656,3
1786296870.1107917,477.9281005859375,9754,0,84058,0,0,0,0,0,0,0,0,0,3776.30859375,8147.75537109375,-0.0,1,3,0,0,2,0,0,0,0,0,0,0,1,2,0,0,0,0,332.7499084472656,3
1786296870.1647563,477.97711181640625,9755,0,84058,0,0,0,0,0,0,0,0,0,3780.935546875,8152.38232421875,-0.0,1,3,0,0,2,0,0,0,0,0,0,0,1,2,0,0,0,0,332.7499084472656,3
1786296870.214579,478.028564453125,9756,0,84058,0,0,0,0,0,0,0,0,0,3785.56396484375,8157.0107421875,-0.0,1,3,0,0,2,0,0,0,0,0,0,0,1,2,0,0,0,0,332.7499084472656,3
1786296870.2610335,478.0787658691406,9757,0,84058,0,0,0,0,0,0,0,0,0,3790.17919921875,8161.6259765625,-0.0,1,3,0,0,2,0,0,0,0,0,0,0,1,2,0,0,0,0,332.7499084472656,3
1786296870.3049564,478.1263427734375,9758,0,84058,0,0,0,0,0,0,0,0,0,3794.76318359375,8166.2099609375,-0.0,1,3,0,0,2,0,0,0,0,0,0,0,1,2,0,0,0,0,332.7499084472656,3
1786296870.3540134,478.1725769042969,9759,0,84058,0,0,0,0,0,0,0,0,0,3797.79052734375,8169.2373046875,-0.0,1,3,0,0,2,0,0,0,0,0,0,0,1,2,0,0,0,0,332.7499084472656,3
1786296870.4096518,478.2327575683594,9760,0,84058,0,0,0,0,0,0,0,0,0,3803.77880859375,8175.2255859375,-0.0,1,3,0,0,2,0,0,0,0,0,0,0,1,2,0,0,0,0,332.7499084472656,3
1786296870.4541955,478.2767639160156,9761,0,84058,0,0,0,0,0,0,0,0,0,3808.220703125,8179.66748046875,-0.0,1,3,0,0,2,0,0,0,0,0,0,0,1,2,0,0,0,0,332.7499084472656,3
1786296870.5020175,478.3225402832031,9762,0,84058,0,0,0,0,0,0,0,0,0,3811.16064453125,8182.607421875,-0.0,1,3,0,0,2,0,0,0,0,0,0,0,1,2,0,0,0,0,332.7499084472656,3
1786296870.5639808,478.3836364746094,9763,0,84058,0,0,0,0,0,0,0,0,0,3816.9873046875,8188.43408203125,-0.0,1,3,0,0,2,0,0,0,0,0,0,0,1,2,0,0,0,0,332.7499084472656,3
1786296870.609933,478.4290466308594,9764,0,84058,0,0,0,0,0,0,0,0,0,3821.29736328125,8192.744140625,-0.0,1,3,0,0,2,0,0,0,0,0,0,0,1,2,0,0,0,0,332.7499084472656,3
1786296870.6527262,478.4619140625,9765,0,84058,0,0,0,0,0,0,0,0,0,3824.12939453125,8195.576171875,-0.0,1,3,0,0,2,0,0,0,0,0,0,0,1,2,0,0,0,0,332.7499084472656,3
1786296870.7181444,478.5176086425781,9766,0,84058,0,0,0,0,0,0,0,0,0,3828.29638671875,8199.7431640625,-0.0,1,3,0,0,2,0,0,0,0,0,0,0,1,2,0,0,0,0,332.7499084472656,3
1786296870.7562702,478.557861328125,9767,0,84058,0,0,0,0,0,0,0,0,0,3831.06298828125,8202.509765625,-0.0,1,3,0,0,2,0,0,0,0,0,0,0,1,2,0,0,0,0,332.7499084472656,3
1786296870.8186336,478.6200866699219,9768,0,84058,0,0,0,0,0,0,0,0,0,3836.02587890625,8207.47265625,-0.0,1,3,0,0,2,0,0,0,0,0,0,0,1,2,0,0,0,0,332.7499084472656,3
1786296870.860092,478.66162109375,9769,0,84058,0,0,0,0,0,0,0,0,0,3839.25634765625,8210.703125,-0.0,1,3,0,0,2,0,0,0,0,0,0,0,1,2,0,0,0,0,332.7499084472656,3
1786296870.9062061,478.7211608886719,9770,0,84058,0,0,0,0,0,0,0,0,0,3843.77197265625,8215.21875,-0.0,1,3,0,0,2,0,0,0,0,0,0,0,1,2,0,0,0,0,332.7499084472656,3
1786296870.962213,478.78619384765625,9771,0,84058,0,0,0,0,0,0,0,0,0,3848.78564453125,8220.232421875,-0.0,1,3,0,0,2,0,0,0,0,0,0,0,1,2,0,0,0,0,332.7499084472656,3
1786296871.0019288,478.82763671875,9772,0,84058,0,0,0,0,0,0,0,0,0,3852.35205078125,8223.798828125,-0.0,1,3,0,0,2,0,0,0,0,0,0,0,1,2,0,0,0,0,332.7499084472656,3
1786296871.071561,478.88580322265625,9773,0,84058,0,0,0,0,0,0,0,0,0,3855.82373046875,8227.2705078125,-0.0,1,3,0,0,2,0,0,0,0,0,0,0,1,2,0,0,0,0,332.7499084472656,3
1786296871.10392,478.9179382324219,9774,0,84058,0,0,0,0,0,0,0,0,0,3858.08642578125,8229.533203125,-0.0,1,3,0,0,2,0,0,0,0,0,0,0,1,2,0,0,0,0,332.7499084472656,3
1786296871.1628146,478.9833679199219,9775,0,84058,0,0,0,0,0,0,0,0,0,3862.49072265625,8233.9375,-0.0,1,3,0,0,2,0,0,0,0,0,0,0,1,2,0,0,0,0,332.7499084472656,3
1786296871.2061007,479.0286865234375,9776,0,84058,0,0,0,0,0,0,0,0,0,3865.69775390625,8237.14453125,-0.0,1,3,0,0,2,0,0,0,0,0,0,0,1,2,0,0,0,0,332.7499084472656,3
1786296871.2615106,479.0859069824219,9777,0,84058,0,0,0,0,0,0,0,0,0,3868.82080078125,8240.267578125,-0.0,1,3,0,0,2,0,0,0,0,0,0,0,1,2,0,0,0,0,332.7499084472656,3
1786296871.3051865,479.1286926269531,9778,0,84058,0,0,0,0,0,0,0,0,0,3871.85400390625,8243.30078125,-0.0,1,3,0,0,2,0,0,0,0,0,0,0,1,2,0,0,0,0,332.7499084472656,3
1786296871.3550622,479.1730041503906,9779,0,84058,0,0,0,0,0,0,0,0,0,3874.79736328125,8246.244140625,-0.0,1,3,0,0,2,0,0,0,0,0,0,0,1,2,0,0,0,0,332.7499084472656,3
1786296871.4113243,479.2338562011719,9780,0,84058,0,0,0,0,0,0,0,0,0,3877.66259765625,8249.109375,-0.0,1,3,0,0,2,0,0,0,0,0,0,0,1,2,0,0,0,0,332.7499084472656,3
1786296871.4539928,479.2779541015625,9781,0,84058,0,0,0,0,0,0,0,0,0,3880.46923828125,8251.916015625,-0.0,1,3,0,0,2,0,0,0,0,0,0,0,1,2,0,0,0,0,332.7499084472656,3
1786296871.5030415,479.3222961425781,9782,0,84058,0,0,0,0,0,0,0,0,0,3882.31103515625,8253.7578125,-0.0,1,3,0,0,2,0,0,0,0,0,0,0,1,2,0,0,0,0,332.7499084472656,3
1786296871.562779,479.3836975097656,9783,0,84058,0,0,0,0,0,0,0,0,0,3885.91845703125,8257.365234375,-0.0,1,3,0,0,2,0,0,0,0,0,0,0,1,2,0,0,0,0,332.7499084472656,3
1786296871.6214418,479.4317321777344,9784,0,84058,0,0,0,0,0,0,0,0,0,3888.55419921875,8260.0009765625,-0.0,1,3,0,0,2,0,0,0,0,0,0,0,1,2,0,0,0,0,332.7499084472656,3
1786296871.6653507,479.4676818847656,9785,0,84058,0,0,0,0,0,0,0,0,0,3890.27392578125,8261.720703125,-0.0,1,3,0,0,2,0,0,0,0,0,0,0,1,2,0,0,0,0,332.7499084472656,3
1786296871.7064233,479.5075988769531,9786,0,84058,0,0,0,0,0,0,0,0,0,3892.04736328125,8263.494140625,-0.0,1,3,0,0,2,0,0,0,0,0,0,0,1,2,0,0,0,0,332.7499084472656,3
1786296871.769549,479.5717468261719,9787,0,84058,0,0,0,0,0,0,0,0,0,3895.22119140625,8266.66796875,-0.0,1,3,0,0,2,0,0,0,0,0,0,0,1,2,0,0,0,0,332.7499084472656,3
1786296871.8128505,479.61456298828125,9788,0,84058,0,0,0,0,0,0,0,0,0,3897.28271484375,8268.7294921875,-0.0,1,3,0,0,2,0,0,0,0,0,0,0,1,2,0,0,0,0,332.7499084472656,3
1786296871.857543,479.6734313964844,9789,0,84058,0,0,0,0,0,0,0,0,0,3900.04833984375,8271.4951171875,-0.0,1,3,0,0,2,0,0,0,0,0,0,0,1,2,0,0,0,0,332.7499084472656,3
1786296871.9130106,479.7374572753906,9790,0,84058,0,0,0,0,0,0,0,0,0,3903.11474609375,8274.5615234375,-0.0,1,3,0,0,2,0,0,0,0,0,0,0,1,2,0,0,0,0,332.7499084472656,3
1786296871.9562976,479.7797546386719,9791,0,84058,0,0,0,0,0,0,0,0,0,3905.33447265625,8276.78125,-0.0,1,3,0,0,2,0,0,0,0,0,0,0,1,2,0,0,0,0,332.7499084472656,3
1786296872.0007284,479.8228759765625,9792,0,84058,0,0,0,0,0,0,0,0,0,3906.81689453125,8278.263671875,-0.0,1,3,0,0,2,0,0,0,0,0,0,0,1,2,0,0,0,0,332.7499084472656,3
1786296872.0530927,479.86932373046875,9793,0,84058,0,0,0,0,0,0,0,0,0,3909.00537109375,8280.4521484375,-0.0,1,3,0,0,2,0,0,0,0,0,0,0,1,2,0,0,0,0,332.7499084472656,3
1786296872.1129148,479.93292236328125,9794,0,84058,0,0,0,0,0,0,0,0,0,3911.86669921875,8283.3134765625,-0.0,1,3,0,0,2,0,0,0,0,0,0,0,1,2,0,0,0,0,332.7499084472656,3
1786296872.154127,479.9776306152344,9795,0,84058,0,0,0,0,0,0,0,0,0,3913.97705078125,8285.423828125,-0.0,1,3,0,0,2,0,0,0,0,0,0,0,1,2,0,0,0,0,332.7499084472656,3
1786296872.2125916,480.0358581542969,9796,0,84058,0,0,0,0,0,0,0,0,0,3916.06298828125,8287.509765625,-0.0,1,3,0,0,2,0,0,0,0,0,0,0,1,2,0,0,0,0,332.7499084472656,3
1786296872.25659,480.0793762207031,9797,0,84058,0,0,0,0,0,0,0,0,0,3918.15673828125,8289.603515625,-0.0,1,3,0,0,2,0,0,0,0,0,0,0,1,2,0,0,0,0,332.7499084472656,3
1786296872.3149376,480.1376037597656,9798,0,84058,0,0,0,0,0,0,0,0,0,3921.03076171875,8292.4775390625,-0.0,1,3,0,0,2,0,0,0,0,0,0,0,1,2,0,0,0,0,332.7499084472656,3
1786296872.3558722,480.18084716796875,9799,0,84058,0,0,0,0,0,0,0,0,0,3923.56591796875,8295.0126953125,-0.0,1,3,0,0,2,0,0,0,0,0,0,0,1,2,0,0,0,0,332.7499084472656,3
1786296872.4127946,480.23687744140625,9800,0,84058,0,0,0,0,0,0,0,0,0,3925.85986328125,8297.306640625,-0.0,1,3,0,0,2,0,0,0,0,0,0,0,1,2,0,0,0,0,332.7499084472656,3
1786296872.4585567,480.2795104980469,9801,0,84058,0,0,0,0,0,0,0,0,0,3927.97412109375,8299.4208984375,-0.0,1,3,0,0,2,0,0,0,0,0,0,0,1,2,0,0,0,0,332.7499084472656,3
1786296872.5064356,480.32501220703125,9802,0,84058,0,0,0,0,0,0,0,0,0,3929.83837890625,8301.28515625,-0.0,1,3,0,0,2,0,0,0,0,0,0,0,1,2,0,0,0,0,332.7499084472656,3
1786296872.5614672,480.3724365234375,9803,0,84058,0,0,0,0,0,0,0,0,0,3930.79931640625,8302.24609375,-0.0,1,3,0,0,2,0,0,0,0,0,0,0,1,2,0,0,0,0,332.7499084472656,3
1786296872.619641,480.42535400390625,9804,0,84058,0,0,0,0,0,0,0,0,0,3932.24072265625,8303.6875,-0.0,1,3,0,0,2,0,0,0,0,0,0,0,1,2,0,0,0,0,332.7499084472656,3
1786296872.6660638,480.46490478515625,9805,0,84058,0,0,0,0,0,0,0,0,0,3933.33154296875,8304.7783203125,-0.0,1,3,0,0,2,0,0,0,0,0,0,0,1,2,0,0,0,0,332.7499084472656,3
1786296872.708837,480.5078125,9806,0,84058,0,0,0,0,0,0,0,0,0,3934.49267578125,8305.939453125,-0.0,1,3,0,0,2,0,0,0,0,0,0,0,1,2,0,0,0,0,332.7499084472656,3
1786296872.7537246,480.55145263671875,9807,0,84058,0,0,0,0,0,0,0,0,0,3935.64990234375,8307.0966796875,-0.0,1,3,0,0,2,0,0,0,0,0,0,0,1,2,0,0,0,0,332.7499084472656,3
1786296872.8068376,480.6150817871094,9808,0,84058,0,0,0,0,0,0,0,0,0,3937.29736328125,8308.744140625,-0.0,1,3,0,0,2,0,0,0,0,0,0,0,1,2,0,0,0,0,332.7499084472656,3
1786296872.8552318,480.6710205078125,9809,0,84058,0,0,0,0,0,0,0,0,0,3938.70556640625,8310.15234375,-0.0,1,3,0,0,2,0,0,0,0,0,0,0,1,2,0,0,0,0,332.7499084472656,3
1786296872.9140732,480.7341003417969,9810,0,84058,0,0,0,0,0,0,0,0,0,3940.34228515625,8311.7890625,-0.0,1,3,0,0,2,0,0,0,0,0,0,0,1,2,0,0,0,0,332.7499084472656,3
1786296872.9550178,480.7776794433594,9811,0,84058,0,0,0,0,0,0,0,0,0,3941.96240234375,8313.4091796875,-0.0,1,3,0,0,2,0,0,0,0,0,0,0,1,2,0,0,0,0,332.7499084472656,3
1786296873.0176458,480.8359680175781,9812,0,84058,0,0,0,0,0,0,0,0,0,3943.94384765625,8315.390625,-0.0,1,3,0,0,2,0,0,0,0,0,0,0,1,2,0,0,0,0,332.7499084472656,3
1786296873.0634975,480.8819580078125,9813,0,84058,0,0,0,0,0,0,0,0,0,3945.91845703125,8317.365234375,-0.0,1,3,0,0,2,0,0,0,0,0,0,0,1,2,0,0,0,0,332.7499084472656,3
1786296873.1060677,480.92779541015625,9814,0,84058,0,0,0,0,0,0,0,0,0,3947.86376953125,8319.310546875,-0.0,1,3,0,0,2,0,0,0,0,0,0,0,1,2,0,0,0,0,332.7499084472656,3
1786296873.1593883,480.9853515625,9815,0,84058,0,0,0,0,0,0,0,0,0,3949.76416015625,8321.2109375,-0.0,1,3,0,0,2,0,0,0,0,0,0,0,1,2,0,0,0,0,332.7499084472656,3
1786296873.2067983,481.0273132324219,9816,0,84058,0,0,0,0,0,0,0,0,0,3951.63232421875,8323.0791015625,-0.0,1,3,0,0,2,0,0,0,0,0,0,0,1,2,0,0,0,0,332.7499084472656,3
1786296873.2626579,481.0847473144531,9817,0,84058,0,0,0,0,0,0,0,0,0,3953.44970703125,8324.896484375,-0.0,1,3,0,0,2,0,0,0,0,0,0,0,1,2,0,0,0,0,332.7499084472656,3
1786296873.3074155,481.128173828125,9818,0,84058,0,0,0,0,0,0,0,0,0,3955.08935546875,8326.5361328125,-0.0,1,3,0,0,2,0,0,0,0,0,0,0,1,2,0,0,0,0,332.7499084472656,3
1786296873.3613741,481.1849365234375,9819,0,84058,0,0,0,0,0,0,0,0,0,3956.58056640625,8328.02734375,-0.0,1,3,0,0,2,0,0,0,0,0,0,0,1,2,0,0,0,0,332.7499084472656,3
1786296873.4061346,481.22808837890625,9820,0,84058,0,0,0,0,0,0,0,0,0,3957.95654296875,8329.4033203125,-0.0,1,3,0,0,2,0,0,0,0,0,0,0,1,2,0,0,0,0,332.7499084472656,3
1786296873.4551291,481.27276611328125,9821,0,84058,0,0,0,0,0,0,0,0,0,3959.23486328125,8330.681640625,-0.0,1,3,0,0,2,0,0,0,0,0,0,0,1,2,0,0,0,0,332.7499084472656,3
1786296873.5244484,481.32562255859375,9822,0,84058,0,0,0,0,0,0,0,0,0,3960.41064453125,8331.857421875,-0.0,1,3,0,0,2,0,0,0,0,0,0,0,1,2,0,0,0,0,332.7499084472656,3
1786296873.5714054,481.3658447265625,9823,0,84058,0,0,0,0,0,0,0,0,0,3961.14404296875,8332.5908203125,-0.0,1,3,0,0,2,0,0,0,0,0,0,0,1,2,0,0,0,0,332.7499084472656,3
1786296873.61123,481.40966796875,9824,0,84058,0,0,0,0,0,0,0,0,0,3961.94873046875,8333.3955078125,-0.0,1,3,0,0,2,0,0,0,0,0,0,0,1,2,0,0,0,0,332.7499084472656,3
1786296873.659685,481.4547424316406,9825,0,84058,0,0,0,0,0,0,0,0,0,3962.84521484375,8334.2919921875,-0.0,1,3,0,0,2,0,0,0,0,0,0,0,1,2,0,0,0,0,332.7499084472656,3
1786296873.7092986,481.518798828125,9826,0,84058,0,0,0,0,0,0,0,0,0,3963.99853515625,8335.4453125,-0.0,1,3,0,0,2,0,0,0,0,0,0,0,1,2,0,0,0,0,332.7499084472656,3
1786296873.7554467,481.57440185546875,9827,0,84058,0,0,0,0,0,0,0,0,0,3964.89404296875,8336.3408203125,-0.0,1,3,0,0,2,0,0,0,0,0,0,0,1,2,0,0,0,0,332.7499084472656,3
1786296873.8099449,481.6343688964844,9828,0,84058,0,0,0,0,0,0,0,0,0,3965.96923828125,8337.416015625,-0.0,1,3,0,0,2,0,0,0,0,0,0,0,1,2,0,0,0,0,332.7499084472656,3
1786296873.8534276,481.67657470703125,9829,0,84058,0,0,0,0,0,0,0,0,0,3966.77978515625,8338.2265625,-0.0,1,3,0,0,2,0,0,0,0,0,0,0,1,2,0,0,0,0,332.7499084472656,3
1786296873.9020603,481.7204895019531,9830,0,84058,0,0,0,0,0,0,0,0,0,3967.32275390625,8338.76953125,-0.0,1,3,0,0,2,0,0,0,0,0,0,0,1,2,0,0,0,0,332.7499084472656,3
1786296873.9667418,481.7839660644531,9831,0,84058,0,0,0,0,0,0,0,0,0,3968.42529296875,8339.8720703125,-0.0,1,3,0,0,2,0,0,0,0,0,0,0,1,2,0,0,0,0,332.7499084472656,3
1786296874.0188465,481.8330078125,9832,0,84058,0,0,0,0,0,0,0,0,0,3969.26513671875,8340.7119140625,-0.0,1,3,0,0,2,0,0,0,0,0,0,0,1,2,0,0,0,0,332.7499084472656,3
1786296874.0528424,481.86614990234375,9833,0,84058,0,0,0,0,0,0,0,0,0,3969.82958984375,8341.2763671875,-0.0,1,3,0,0,2,0,0,0,0,0,0,0,1,2,0,0,0,0,332.7499084472656,3
1786296874.111464,481.9324645996094,9834,0,84058,0,0,0,0,0,0,0,0,0,3970.96728515625,8342.4140625,-0.0,1,3,0,0,2,0,0,0,0,0,0,0,1,2,0,0,0,0,332.7499084472656,3
1786296874.1558309,481.97796630859375,9835,0,84058,0,0,0,0,0,0,0,0,0,3971.82666015625,8343.2734375,-0.0,1,3,0,0,2,0,0,0,0,0,0,0,1,2,0,0,0,0,332.7499084472656,3
1786296874.2132347,482.0355529785156,9836,0,84058,0,0,0,0,0,0,0,0,0,3972.68798828125,8344.134765625,-0.0,1,3,0,0,2,0,0,0,0,0,0,0,1,2,0,0,0,0,332.7499084472656,3
1786296874.25819,482.0794372558594,9837,0,84058,0,0,0,0,0,0,0,0,0,3973.55126953125,8344.998046875,-0.0,1,3,0,0,2,0,0,0,0,0,0,0,1,2,0,0,0,0,332.7499084472656,3
1786296874.3156042,482.1380310058594,9838,0,84058,0,0,0,0,0,0,0,0,0,3974.41845703125,8345.865234375,-0.0,1,3,0,0,2,0,0,0,0,0,0,0,1,2,0,0,0,0,332.7499084472656,3
1786296874.354738,482.18023681640625,9839,0,84058,0,0,0,0,0,0,0,0,0,3975.29443359375,8346.7412109375,-0.0,1,3,0,0,2,0,0,0,0,0,0,0,1,2,0,0,0,0,332.7499084472656,3
1786296874.4163105,482.23760986328125,9840,0,84058,0,0,0,0,0,0,0,0,0,3976.18212890625,8347.62890625,-0.0,1,3,0,0,2,0,0,0,0,0,0,0,1,2,0,0,0,0,332.7499084472656,3
1786296874.4615319,482.2817687988281,9841,0,84058,0,0,0,0,0,0,0,0,0,3977.10009765625,8348.546875,-0.0,1,3,0,0,2,0,0,0,0,0,0,0,1,2,0,0,0,0,332.7499084472656,3
1786296874.5234213,482.3303527832031,9842,0,84058,0,0,0,0,0,0,0,0,0,3978.06494140625,8349.51171875,-0.0,1,3,0,0,2,0,0,0,0,0,0,0,1,2,0,0,0,0,332.7499084472656,3
1786296874.567958,482.36737060546875,9843,0,84058,0,0,0,0,0,0,0,0,0,3978.72412109375,8350.1708984375,-0.0,1,3,0,0,2,0,0,0,0,0,0,0,1,2,0,0,0,0,332.7499084472656,3
1786296874.6060748,482.4081115722656,9844,0,84058,0,0,0,0,0,0,0,0,0,3979.40576171875,8350.8525390625,-0.0,1,3,0,0,2,0,0,0,0,0,0,0,1,2,0,0,0,0,332.7499084472656,3
1786296874.6695075,482.47088623046875,9845,0,84058,0,0,0,0,0,0,0,0,0,3980.71142578125,8352.158203125,-0.0,1,3,0,0,2,0,0,0,0,0,0,0,1,2,0,0,0,0,332.7499084472656,3
1786296874.7055795,482.5119323730469,9846,0,84058,0,0,0,0,0,0,0,0,0,3981.59130859375,8353.0380859375,-0.0,1,3,0,0,2,0,0,0,0,0,0,0,1,2,0,0,0,0,332.7499084472656,3
1786296874.763975,482.5839538574219,9847,0,84058,0,0,0,0,0,0,0,0,0,3983.18310546875,8354.6298828125,-0.0,1,3,0,0,2,0,0,0,0,0,0,0,1,2,0,0,0,0,332.7499084472656,3
1786296874.8035405,482.62841796875,9848,0,84058,0,0,0,0,0,0,0,0,0,3984.32666015625,8355.7734375,-0.0,1,3,0,0,2,0,0,0,0,0,0,0,1,2,0,0,0,0,332.7499084472656,3
1786296874.865172,482.6845397949219,9849,0,84058,0,0,0,0,0,0,0,0,0,3985.90087890625,8357.34765625,-0.0,1,3,0,0,2,0,0,0,0,0,0,0,1,2,0,0,0,0,332.7499084472656,3
1786296874.9139214,482.7299499511719,9850,0,84058,0,0,0,0,0,0,0,0,0,3986.70751953125,8358.154296875,-0.0,1,3,0,0,2,0,0,0,0,0,0,0,1,2,0,0,0,0,332.7499084472656,3
1786296874.964353,482.7794189453125,9851,0,84058,0,0,0,0,0,0,0,0,0,3987.94580078125,8359.392578125,-0.0,1,3,0,0,2,0,0,0,0,0,0,0,1,2,0,0,0,0,332.7499084472656,3
1786296875.0070155,482.82806396484375,9852,0,84058,0,0,0,0,0,0,0,0,0,3989.21728515625,8360.6640625,-0.0,1,3,0,0,2,0,0,0,0,0,0,0,1,2,0,0,0,0,332.7499084472656,3
1786296875.0530741,482.8737487792969,9853,0,84058,0,0,0,0,0,0,0,0,0,3990.52001953125,8361.966796875,-0.0,1,3,0,0,2,0,0,0,0,0,0,0,1,2,0,0,0,0,332.7499084472656,3
1786296875.1110723,482.93304443359375,9854,0,84058,0,0,0,0,0,0,0,0,0,3991.85498046875,8363.3017578125,-0.0,1,3,0,0,2,0,0,0,0,0,0,0,1,2,0,0,0,0,332.7499084472656,3
1786296875.1563883,482.9776306152344,9855,0,84058,0,0,0,0,0,0,0,0,0,3993.22119140625,8364.66796875,-0.0,1,3,0,0,2,0,0,0,0,0,0,0,1,2,0,0,0,0,332.7499084472656,3
1786296875.2154102,483.037353515625,9856,0,84058,0,0,0,0,0,0,0,0,0,3995.09130859375,8366.5380859375,-0.0,1,3,0,0,2,0,0,0,0,0,0,0,1,2,0,0,0,0,332.7499084472656,3
1786296875.2572813,483.0814208984375,9857,0,84058,0,0,0,0,0,0,0,0,0,3996.04833984375,8367.4951171875,-0.0,1,3,0,0,2,0,0,0,0,0,0,0,1,2,0,0,0,0,332.7499084472656,3
1786296875.3130314,483.1378479003906,9858,0,84058,0,0,0,0,0,0,0,0,0,3998.00830078125,8369.455078125,-0.0,1,3,0,0,2,0,0,0,0,0,0,0,1,2,0,0,0,0,332.7499084472656,3
1786296875.362236,483.1809387207031,9859,0,84058,0,0,0,0,0,0,0,0,0,3999.01025390625,8370.45703125,-0.0,1,3,0,0,2,0,0,0,0,0,0,0,1,2,0,0,0,0,332.7499084472656,3
1786296875.4065623,483.2261047363281,9860,0,84058,0,0,0,0,0,0,0,0,0,4000.53955078125,8371.986328125,-0.0,1,3,0,0,2,0,0,0,0,0,0,0,1,2,0,0,0,0,332.7499084472656,3
1786296875.471449,483.276611328125,9861,0,84058,0,0,0,0,0,0,0,0,0,4002.10107421875,8373.5478515625,-0.0,1,3,0,0,2,0,0,0,0,0,0,0,1,2,0,0,0,0,332.7499084472656,3
1786296875.5141528,483.31494140625,9862,0,84058,0,0,0,0,0,0,0,0,0,4003.16064453125,8374.607421875,-0.0,1,3,0,0,2,0,0,0,0,0,0,0,1,2,0,0,0,0,332.7499084472656,3
1786296875.5613446,483.357177734375,9863,0,84058,0,0,0,0,0,0,0,0,0,4004.44775390625,8375.89453125,-0.0,1,3,0,0,2,0,0,0,0,0,0,0,1,2,0,0,0,0,332.7499084472656,3
1786296875.6245663,483.4226989746094,9864,0,84058,0,0,0,0,0,0,0,0,0,4006.60986328125,8378.056640625,-0.0,1,3,0,0,2,0,0,0,0,0,0,0,1,2,0,0,0,0,332.7499084472656,3
1786296875.659689,483.46527099609375,9865,0,84058,0,0,0,0,0,0,0,0,0,4008.04638671875,8379.4931640625,-0.0,1,3,0,0,2,0,0,0,0,0,0,0,1,2,0,0,0,0,332.7499084472656,3
1786296875.713355,483.53717041015625,9866,0,84058,0,0,0,0,0,0,0,0,0,4010.53173828125,8381.978515625,-0.0,1,3,0,0,2,0,0,0,0,0,0,0,1,2,0,0,0,0,332.7499084472656,3
1786296875.7615626,483.5813903808594,9867,0,84058,0,0,0,0,0,0,0,0,0,4012.28271484375,8383.7294921875,-0.0,1,3,0,0,2,0,0,0,0,0,0,0,1,2,0,0,0,0,332.7499084472656,3
1786296875.8040266,483.6251525878906,9868,0,84058,0,0,0,0,0,0,0,0,0,4014.06201171875,8385.5087890625,-0.0,1,3,0,0,2,0,0,0,0,0,0,0,1,2,0,0,0,0,332.7499084472656,3
1786296875.8590367,483.6721496582031,9869,0,84058,0,0,0,0,0,0,0,0,0,4015.87158203125,8387.318359375,-0.0,1,3,0,0,2,0,0,0,0,0,0,0,1,2,0,0,0,0,332.7499084472656,3
1786296875.9161344,483.7361145019531,9870,0,84058,0,0,0,0,0,0,0,0,0,4017.70947265625,8389.15625,-0.0,1,3,0,0,2,0,0,0,0,0,0,0,1,2,0,0,0,0,332.7499084472656,3
1786296875.958832,483.7809753417969,9871,0,84058,0,0,0,0,0,0,0,0,0,4019.57958984375,8391.0263671875,-0.0,1,3,0,0,2,0,0,0,0,0,0,0,1,2,0,0,0,0,332.7499084472656,3
1786296876.0016925,483.8241882324219,9872,0,84058,0,0,0,0,0,0,0,0,0,4021.48291015625,8392.9296875,-0.0,1,3,0,0,2,0,0,0,0,0,0,0,1,2,0,0,0,0,332.7499084472656,3
1786296876.0603905,483.8819580078125,9873,0,84058,0,0,0,0,0,0,0,0,0,4023.42041015625,8394.8671875,-0.0,1,3,0,0,2,0,0,0,0,0,0,0,1,2,0,0,0,0,332.7499084472656,3
1786296876.1021316,483.9251403808594,9874,0,84058,0,0,0,0,0,0,0,0,0,4025.39111328125,8396.837890625,-0.0,1,3,0,0,2,0,0,0,0,0,0,0,1,2,0,0,0,0,332.7499084472656,3
1786296876.1600971,483.98248291015625,9875,0,84058,0,0,0,0,0,0,0,0,0,4027.39892578125,8398.845703125,-0.0,1,3,0,0,2,0,0,0,0,0,0,0,1,2,0,0,0,0,332.7499084472656,3
1786296876.205681,484.0265197753906,9876,0,84058,0,0,0,0,0,0,0,0,0,4029.43798828125,8400.884765625,-0.0,1,3,0,0,2,0,0,0,0,0,0,0,1,2,0,0,0,0,332.7499084472656,3
1786296876.2532864,484.0716857910156,9877,0,84058,0,0,0,0,0,0,0,0,0,4031.50830078125,8402.955078125,-0.0,1,3,0,0,2,0,0,0,0,0,0,0,1,2,0,0,0,0,332.7499084472656,3
1786296876.3113286,484.1332092285156,9878,0,84058,0,0,0,0,0,0,0,0,0,4033.60986328125,8405.056640625,-0.0,1,3,0,0,2,0,0,0,0,0,0,0,1,2,0,0,0,0,332.7499084472656,3
1786296876.3514142,484.164794921875,9879,0,84058,0,0,0,0,0,0,0,0,0,4035.03076171875,8406.4775390625,-0.0,1,3,0,0,2,0,0,0,0,0,0,0,1,2,0,0,0,0,332.7499084472656,3
1786296876.4157481,484.21844482421875,9880,0,84058,0,0,0,0,0,0,0,0,0,4037.18994140625,8408.63671875,-0.0,1,3,0,0,2,0,0,0,0,0,0,0,1,2,0,0,0,0,332.7499084472656,3
1786296876.4601827,484.2585144042969,9881,0,84058,0,0,0,0,0,0,0,0,0,4038.84033203125,8410.287109375,-0.0,1,3,0,0,2,0,0,0,0,0,0,0,1,2,0,0,0,0,332.7499084472656,3
1786296876.5197988,484.3215026855469,9882,0,84058,0,0,0,0,0,0,0,0,0,4041.62939453125,8413.076171875,-0.0,1,3,0,0,2,0,0,0,0,0,0,0,1,2,0,0,0,0,332.7499084472656,3
1786296876.5592542,484.3627624511719,9883,0,84058,0,0,0,0,0,0,0,0,0,4043.48193359375,8414.9287109375,-0.0,1,3,0,0,2,0,0,0,0,0,0,0,1,2,0,0,0,0,332.7499084472656,3
1786296876.6017342,484.41912841796875,9884,0,84058,0,0,0,0,0,0,0,0,0,4046.04541015625,8417.4921875,-0.0,1,3,0,0,2,0,0,0,0,0,0,0,1,2,0,0,0,0,332.7499084472656,3
1786296876.6565635,484.48040771484375,9885,0,84058,0,0,0,0,0,0,0,0,0,4049.13037109375,8420.5771484375,-0.0,1,3,0,0,2,0,0,0,0,0,0,0,1,2,0,0,0,0,332.7499084472656,3
1786296876.717777,484.5367736816406,9886,0,84058,0,0,0,0,0,0,0,0,0,4052.26416015625,8423.7109375,-0.0,1,3,0,0,2,0,0,0,0,0,0,0,1,2,0,0,0,0,332.7499084472656,3
1786296876.7632277,484.5820007324219,9887,0,84058,0,0,0,0,0,0,0,0,0,4053.85009765625,8425.296875,-0.0,1,3,0,0,2,0,0,0,0,0,0,0,1,2,0,0,0,0,332.7499084472656,3
1786296876.8094914,484.62841796875,9888,0,84058,0,0,0,0,0,0,0,0,0,4056.25244140625,8427.69921875,-0.0,1,3,0,0,2,0,0,0,0,0,0,0,1,2,0,0,0,0,332.7499084472656,3
1786296876.8644667,484.6885681152344,9889,0,84058,0,0,0,0,0,0,0,0,0,4059.50146484375,8430.9482421875,-0.0,1,3,0,0,2,0,0,0,0,0,0,0,1,2,0,0,0,0,332.7499084472656,3
1786296876.9041896,484.7303466796875,9890,0,84058,0,0,0,0,0,0,0,0,0,4061.14404296875,8432.5908203125,-0.0,1,3,0,0,2,0,0,0,0,0,0,0,1,2,0,0,0,0,332.7499084472656,3
1786296876.9645514,484.78662109375,9891,0,84058,0,0,0,0,0,0,0,0,0,4064.46728515625,8435.9140625,-0.0,1,3,0,0,2,0,0,0,0,0,0,0,1,2,0,0,0,0,332.7499084472656,3
1786296877.0069566,484.830078125,9892,0,84058,0,0,0,0,0,0,0,0,0,4066.14697265625,8437.59375,-0.0,1,3,0,0,2,0,0,0,0,0,0,0,1,2,0,0,0,0,332.7499084472656,3
1786296877.0567193,484.8740234375,9893,0,84058,0,0,0,0,0,0,0,0,0,4068.68896484375,8440.1357421875,-0.0,1,3,0,0,2,0,0,0,0,0,0,0,1,2,0,0,0,0,332.7499084472656,3
1786296877.1136334,484.93499755859375,9894,0,84058,0,0,0,0,0,0,0,0,0,4071.25830078125,8442.705078125,-0.0,1,3,0,0,2,0,0,0,0,0,0,0,1,2,0,0,0,0,332.7499084472656,3
1786296877.1616535,484.98089599609375,9895,0,84058,0,0,0,0,0,0,0,0,0,4073.85302734375,8445.2998046875,-0.0,1,3,0,0,2,0,0,0,0,0,0,0,1,2,0,0,0,0,332.7499084472656,3
1786296877.2081292,485.0273742675781,9896,0,84058,0,0,0,0,0,0,0,0,0,4076.47412109375,8447.9208984375,-0.0,1,3,0,0,2,0,0,0,0,0,0,0,1,2,0,0,0,0,332.7499084472656,3
1786296877.256437,485.0743103027344,9897,0,84058,0,0,0,0,0,0,0,0,0,4079.11962890625,8450.56640625,-0.0,1,3,0,0,2,0,0,0,0,0,0,0,1,2,0,0,0,0,332.7499084472656,3
1786296877.3022666,485.1085510253906,9898,0,84058,0,0,0,0,0,0,0,0,0,4080.89599609375,8452.3427734375,-0.0,1,3,0,0,2,0,0,0,0,0,0,0,1,2,0,0,0,0,332.7499084472656,3
1786296877.3694634,485.1667785644531,9899,0,84058,0,0,0,0,0,0,0,0,0,4083.58154296875,8455.0283203125,-0.0,1,3,0,0,2,0,0,0,0,0,0,0,1,2,0,0,0,0,332.7499084472656,3
1786296877.4113202,485.2100524902344,9900,0,84058,0,0,0,0,0,0,0,0,0,4085.79345703125,8457.240234375,-0.0,1,3,0,0,2,0,0,0,0,0,0,0,1,2,0,0,0,0,332.7499084472656,3
1786296877.4569483,485.25360107421875,9901,0,84058,0,0,0,0,0,0,0,0,0,4088.17431640625,8459.62109375,-0.0,1,3,0,0,2,0,0,0,0,0,0,0,1,2,0,0,0,0,332.7499084472656,3
1786296877.5094466,485.3177490234375,9902,0,84058,0,0,0,0,0,0,0,0,0,4091.71435546875,8463.1611328125,-0.0,1,3,0,0,2,0,0,0,0,0,0,0,1,2,0,0,0,0,332.7499084472656,3
1786296877.555489,485.3731994628906,9903,0,84058,0,0,0,0,0,0,0,0,0,4094.80810546875,8466.2548828125,-0.0,1,3,0,0,2,0,0,0,0,0,0,0,1,2,0,0,0,0,332.7499084472656,3
1786296877.611318,485.434814453125,9904,0,84058,0,0,0,0,0,0,0,0,0,4098.57470703125,8470.021484375,-0.0,1,3,0,0,2,0,0,0,0,0,0,0,1,2,0,0,0,0,332.7499084472656,3
1786296877.655088,485.47821044921875,9905,0,84058,0,0,0,0,0,0,0,0,0,4101.42236328125,8472.869140625,-0.0,1,3,0,0,2,0,0,0,0,0,0,0,1,2,0,0,0,0,332.7499084472656,3
1786296877.7174115,485.5363464355469,9906,0,84058,0,0,0,0,0,0,0,0,0,4104.29150390625,8475.73828125,-0.0,1,3,0,0,2,0,0,0,0,0,0,0,1,2,0,0,0,0,332.7499084472656,3
1786296877.7598493,485.58154296875,9907,0,84058,0,0,0,0,0,0,0,0,0,4107.18603515625,8478.6328125,-0.0,1,3,0,0,2,0,0,0,0,0,0,0,1,2,0,0,0,0,332.7499084472656,3
1786296877.8037007,485.6268005371094,9908,0,84058,0,0,0,0,0,0,0,0,0,4110.10205078125,8481.548828125,-0.0,1,3,0,0,2,0,0,0,0,0,0,0,1,2,0,0,0,0,332.7499084472656,3
1786296877.8631346,485.68511962890625,9909,0,84058,0,0,0,0,0,0,0,0,0,4113.04150390625,8484.48828125,-0.0,1,3,0,0,2,0,0,0,0,0,0,0,1,2,0,0,0,0,332.7499084472656,3
1786296877.906911,485.7283020019531,9910,0,84058,0,0,0,0,0,0,0,0,0,4116.00341796875,8487.4501953125,-0.0,1,3,0,0,2,0,0,0,0,0,0,0,1,2,0,0,0,0,332.7499084472656,3
1786296877.9515393,485.7729187011719,9911,0,84058,0,0,0,0,0,0,0,0,0,4117.99072265625,8489.4375,-0.0,1,3,0,0,2,0,0,0,0,0,0,0,1,2,0,0,0,0,332.7499084472656,3
1786296878.0053985,485.8203125,9912,0,84058,0,0,0,0,0,0,0,0,0,4120.98876953125,8492.435546875,-0.0,1,3,0,0,2,0,0,0,0,0,0,0,1,2,0,0,0,0,332.7499084472656,3
1786296878.056692,485.8700866699219,9913,0,84058,0,0,0,0,0,0,0,0,0,4124.00927734375,8495.4560546875,-0.0,1,3,0,0,2,0,0,0,0,0,0,0,1,2,0,0,0,0,332.7499084472656,3
1786296878.1079428,485.9216003417969,9914,0,84058,0,0,0,0,0,0,0,0,0,4127.05126953125,8498.498046875,-0.0,1,3,0,0,2,0,0,0,0,0,0,0,1,2,0,0,0,0,332.7499084472656,3
1786296878.156981,485.972900390625,9915,0,84058,0,0,0,0,0,0,0,0,0,4130.11376953125,8501.560546875,-0.0,1,3,0,0,2,0,0,0,0,0,0,0,1,2,0,0,0,0,332.7499084472656,3
1786296878.2065694,486.0232238769531,9916,0,84058,0,0,0,0,0,0,0,0,0,4133.20556640625,8504.65234375,-0.0,1,3,0,0,2,0,0,0,0,0,0,0,1,2,0,0,0,0,332.7499084472656,3
1786296878.2532268,486.0719299316406,9917,0,84058,0,0,0,0,0,0,0,0,0,4136.31005859375,8507.7568359375,-0.0,1,3,0,0,2,0,0,0,0,0,0,0,1,2,0,0,0,0,332.7499084472656,3
1786296878.3172028,486.13543701171875,9918,0,84058,0,0,0,0,0,0,0,0,0,4140.48095703125,8511.927734375,-0.0,1,3,0,0,2,0,0,0,0,0,0,0,1,2,0,0,0,0,332.7499084472656,3
1786296878.3653555,486.18255615234375,9919,0,84058,0,0,0,0,0,0,0,0,0,4143.63720703125,8515.083984375,-0.0,1,3,0,0,2,0,0,0,0,0,0,0,1,2,0,0,0,0,332.7499084472656,3
1786296878.4205978,486.2318420410156,9920,0,84058,0,0,0,0,0,0,0,0,0,4146.81396484375,8518.2607421875,-0.0,1,3,0,0,2,0,0,0,0,0,0,0,1,2,0,0,0,0,332.7499084472656,3
1786296878.4653547,486.26800537109375,9921,0,84058,0,0,0,0,0,0,0,0,0,4148.94287109375,8520.3896484375,-0.0,1,3,0,0,2,0,0,0,0,0,0,0,1,2,0,0,0,0,332.7499084472656,3
1786296878.5080545,486.3077087402344,9922,0,84058,0,0,0,0,0,0,0,0,0,4151.13623046875,8522.5830078125,-0.0,1,3,0,0,2,0,0,0,0,0,0,0,1,2,0,0,0,0,332.7499084472656,3
1786296878.554234,486.3501892089844,9923,0,84058,0,0,0,0,0,0,0,0,0,4153.87353515625,8525.3203125,-0.0,1,3,0,0,2,0,0,0,0,0,0,0,1,2,0,0,0,0,332.7499084472656,3
1786296878.6223001,486.4176940917969,9924,0,84058,0,0,0,0,0,0,0,0,0,4158.25146484375,8529.6982421875,-0.0,1,3,0,0,2,0,0,0,0,0,0,0,1,2,0,0,0,0,332.7499084472656,3
1786296878.6568065,486.4615173339844,9925,0,84058,0,0,0,0,0,0,0,0,0,4161.11376953125,8532.560546875,-0.0,1,3,0,0,2,0,0,0,0,0,0,0,1,2,0,0,0,0,332.7499084472656,3
1786296878.715953,486.5357666015625,9926,0,84058,0,0,0,0,0,0,0,0,0,4165.99853515625,8537.4453125,-0.0,1,3,0,0,2,0,0,0,0,0,0,0,1,2,0,0,0,0,332.7499084472656,3
1786296878.759686,486.5810852050781,9927,0,84058,0,0,0,0,0,0,0,0,0,4169.30908203125,8540.755859375,-0.0,1,3,0,0,2,0,0,0,0,0,0,0,1,2,0,0,0,0,332.7499084472656,3
1786296878.804627,486.6252746582031,9928,0,84058,0,0,0,0,0,0,0,0,0,4172.63818359375,8544.0849609375,-0.0,1,3,0,0,2,0,0,0,0,0,0,0,1,2,0,0,0,0,332.7499084472656,3
1786296878.863875,486.6845703125,9929,0,84058,0,0,0,0,0,0,0,0,0,4175.98486328125,8547.431640625,-0.0,1,3,0,0,2,0,0,0,0,0,0,0,1,2,0,0,0,0,332.7499084472656,3
1786296878.9120624,486.7313537597656,9930,0,84058,0,0,0,0,0,0,0,0,0,4179.35107421875,8550.7978515625,-0.0,1,3,0,0,2,0,0,0,0,0,0,0,1,2,0,0,0,0,332.7499084472656,3
1786296878.954706,486.7769775390625,9931,0,84058,0,0,0,0,0,0,0,0,0,4182.73486328125,8554.181640625,-0.0,1,3,0,0,2,0,0,0,0,0,0,0,1,2,0,0,0,0,332.7499084472656,3
1786296879.013838,486.8345642089844,9932,0,84058,0,0,0,0,0,0,0,0,0,4186.13623046875,8557.5830078125,-0.0,1,3,0,0,2,0,0,0,0,0,0,0,1,2,0,0,0,0,332.7499084472656,3
1786296879.0547712,486.8783874511719,9933,0,84058,0,0,0,0,0,0,0,0,0,4189.55419921875,8561.0009765625,-0.0,1,3,0,0,2,0,0,0,0,0,0,0,1,2,0,0,0,0,332.7499084472656,3
1786296879.1168828,486.9370422363281,9934,0,84058,0,0,0,0,0,0,0,0,0,4194.13720703125,8565.583984375,-0.0,1,3,0,0,2,0,0,0,0,0,0,0,1,2,0,0,0,0,332.7499084472656,3
1786296879.161532,486.9821472167969,9935,0,84058,0,0,0,0,0,0,0,0,0,4196.43994140625,8567.88671875,-0.0,1,3,0,0,2,0,0,0,0,0,0,0,1,2,0,0,0,0,332.7499084472656,3
1786296879.2042441,487.02734375,9936,0,84058,0,0,0,0,0,0,0,0,0,4199.90869140625,8571.35546875,-0.0,1,3,0,0,2,0,0,0,0,0,0,0,1,2,0,0,0,0,332.7499084472656,3
1786296879.2519495,487.0721740722656,9937,0,84058,0,0,0,0,0,0,0,0,0,4203.39208984375,8574.8388671875,-0.0,1,3,0,0,2,0,0,0,0,0,0,0,1,2,0,0,0,0,332.7499084472656,3
1786296879.3126705,487.1336669921875,9938,0,84058,0,0,0,0,0,0,0,0,0,4206.89306640625,8578.33984375,-0.0,1,3,0,0,2,0,0,0,0,0,0,0,1,2,0,0,0,0,332.7499084472656,3
1786296879.376817,487.1820068359375,9939,0,84058,0,0,0,0,0,0,0,0,0,4210.40869140625,8581.85546875,-0.0,1,3,0,0,2,0,0,0,0,0,0,0,1,2,0,0,0,0,332.7499084472656,3
1786296879.4193697,487.2191467285156,9940,0,84058,0,0,0,0,0,0,0,0,0,4212.76220703125,8584.208984375,-0.0,1,3,0,0,2,0,0,0,0,0,0,0,1,2,0,0,0,0,332.7499084472656,3
1786296879.4615164,487.2601318359375,9941,0,84058,0,0,0,0,0,0,0,0,0,4215.66650390625,8587.11328125,-0.0,1,3,0,0,2,0,0,0,0,0,0,0,1,2,0,0,0,0,332.7499084472656,3
1786296879.506574,487.30426025390625,9942,0,84058,0,0,0,0,0,0,0,0,0,4218.80322265625,8590.25,-0.0,1,3,0,0,2,0,0,0,0,0,0,0,1,2,0,0,0,0,332.7499084472656,3
1786296879.570981,487.3698425292969,9943,0,84058,0,0,0,0,0,0,0,0,0,4223.48486328125,8594.931640625,-0.0,1,3,0,0,2,0,0,0,0,0,0,0,1,2,0,0,0,0,332.7499084472656,3
1786296879.6110787,487.42840576171875,9944,0,84058,0,0,0,0,0,0,0,0,0,4227.68994140625,8599.13671875,-0.0,1,3,0,0,2,0,0,0,0,0,0,0,1,2,0,0,0,0,332.7499084472656,3
1786296879.6570446,487.47833251953125,9945,0,84058,0,0,0,0,0,0,0,0,0,4231.37841796875,8602.8251953125,-0.0,1,3,0,0,2,0,0,0,0,0,0,0,1,2,0,0,0,0,332.7499084472656,3
1786296879.713056,487.5372314453125,9946,0,84058,0,0,0,0,0,0,0,0,0,4236.21142578125,8607.658203125,-0.0,1,3,0,0,2,0,0,0,0,0,0,0,1,2,0,0,0,0,332.7499084472656,3
1786296879.760059,487.58038330078125,9947,0,84058,0,0,0,0,0,0,0,0,0,4239.85693359375,8611.3037109375,-0.0,1,3,0,0,2,0,0,0,0,0,0,0,1,2,0,0,0,0,332.7499084472656,3
1786296879.8066742,487.625,9948,0,84058,0,0,0,0,0,0,0,0,0,4242.29541015625,8613.7421875,-0.0,1,3,0,0,2,0,0,0,0,0,0,0,1,2,0,0,0,0,332.7499084472656,3
1786296879.8532505,487.6717529296875,9949,0,84058,0,0,0,0,0,0,0,0,0,4245.96337890625,8617.41015625,-0.0,1,3,0,0,2,0,0,0,0,0,0,0,1,2,0,0,0,0,332.7499084472656,3
1786296879.9112504,487.7336730957031,9950,0,84058,0,0,0,0,0,0,0,0,0,4250.87744140625,8622.32421875,-0.0,1,3,0,0,2,0,0,0,0,0,0,0,1,2,0,0,0,0,332.7499084472656,3
1786296879.9621265,487.7799987792969,9951,0,84058,0,0,0,0,0,0,0,0,0,4254.57861328125,8626.025390625,-0.0,1,3,0,0,2,0,0,0,0,0,0,0,1,2,0,0,0,0,332.7499084472656,3
1786296880.0147846,487.82769775390625,9952,0,84058,0,0,0,0,0,0,0,0,0,4257.05517578125,8628.501953125,-0.0,1,3,0,0,2,0,0,0,0,0,0,0,1,2,0,0,0,0,332.7499084472656,3
1786296880.0612657,487.8773498535156,9953,0,84058,0,0,0,0,0,0,0,0,0,4260.77978515625,8632.2265625,-0.0,1,3,0,0,2,0,0,0,0,0,0,0,1,2,0,0,0,0,332.7499084472656,3
1786296880.110537,487.9268493652344,9954,0,84058,0,0,0,0,0,0,0,0,0,4264.51708984375,8635.9638671875,-0.0,1,3,0,0,2,0,0,0,0,0,0,0,1,2,0,0,0,0,332.7499084472656,3
1786296880.1622703,487.9761047363281,9955,0,84058,0,0,0,0,0,0,0,0,0,4268.26806640625,8639.71484375,-0.0,1,3,0,0,2,0,0,0,0,0,0,0,1,2,0,0,0,0,332.7499084472656,3
1786296880.2110708,488.0267639160156,9956,0,84058,0,0,0,0,0,0,0,0,0,4272.03271484375,8643.4794921875,-0.0,1,3,0,0,2,0,0,0,0,0,0,0,1,2,0,0,0,0,332.7499084472656,3
1786296880.261072,488.0763854980469,9957,0,84058,0,0,0,0,0,0,0,0,0,4275.81103515625,8647.2578125,-0.0,1,3,0,0,2,0,0,0,0,0,0,0,1,2,0,0,0,0,332.7499084472656,3
1786296880.3088114,488.125,9958,0,84058,0,0,0,0,0,0,0,0,0,4279.60107421875,8651.0478515625,-0.0,1,3,0,0,2,0,0,0,0,0,0,0,1,2,0,0,0,0,332.7499084472656,3
1786296880.362244,488.17413330078125,9959,0,84058,0,0,0,0,0,0,0,0,0,4283.40283203125,8654.849609375,-0.0,1,3,0,0,2,0,0,0,0,0,0,0,1,2,0,0,0,0,332.7499084472656,3
1786296880.4046948,488.20941162109375,9960,0,84058,0,0,0,0,0,0,0,0,0,4285.94384765625,8657.390625,-0.0,1,3,0,0,2,0,0,0,0,0,0,0,1,2,0,0,0,0,332.7499084472656,3
1786296880.4535596,488.2489929199219,9961,0,84058,0,0,0,0,0,0,0,0,0,4288.70361328125,8660.150390625,-0.0,1,3,0,0,2,0,0,0,0,0,0,0,1,2,0,0,0,0,332.7499084472656,3
1786296880.5184786,488.31414794921875,9962,0,84058,0,0,0,0,0,0,0,0,0,4293.69970703125,8665.146484375,-0.0,1,3,0,0,2,0,0,0,0,0,0,0,1,2,0,0,0,0,332.7499084472656,3
1786296880.565341,488.359619140625,9963,0,84058,0,0,0,0,0,0,0,0,0,4297.19775390625,8668.64453125,-0.0,1,3,0,0,2,0,0,0,0,0,0,0,1,2,0,0,0,0,332.7499084472656,3
1786296880.6044915,488.4041442871094,9964,0,84058,0,0,0,0,0,0,0,0,0,4300.63330078125,8672.080078125,-0.0,1,3,0,0,2,0,0,0,0,0,0,0,1,2,0,0,0,0,332.7499084472656,3
1786296880.6536925,488.4656677246094,9965,0,84058,0,0,0,0,0,0,0,0,0,4305.39599609375,8676.8427734375,-0.0,1,3,0,0,2,0,0,0,0,0,0,0,1,2,0,0,0,0,332.7499084472656,3
1786296880.7165976,488.5341796875,9966,0,84058,0,0,0,0,0,0,0,0,0,4310.77587890625,8682.22265625,-0.0,1,3,0,0,2,0,0,0,0,0,0,0,1,2,0,0,0,0,332.7499084472656,3
1786296880.7693806,488.58282470703125,9967,0,84058,0,0,0,0,0,0,0,0,0,4314.67626953125,8686.123046875,-0.0,1,3,0,0,2,0,0,0,0,0,0,0,1,2,0,0,0,0,332.7499084472656,3
1786296880.813477,488.6315002441406,9968,0,84058,0,0,0,0,0,0,0,0,0,4318.58642578125,8690.033203125,-0.0,1,3,0,0,2,0,0,0,0,0,0,0,1,2,0,0,0,0,332.7499084472656,3
1786296880.8638182,488.67962646484375,9969,0,84058,0,0,0,0,0,0,0,0,0,4322.51025390625,8693.95703125,-0.0,1,3,0,0,2,0,0,0,0,0,0,0,1,2,0,0,0,0,332.7499084472656,3
1786296880.9113474,488.7278137207031,9970,0,84058,0,0,0,0,0,0,0,0,0,4326.44384765625,8697.890625,-0.0,1,3,0,0,2,0,0,0,0,0,0,0,1,2,0,0,0,0,332.7499084472656,3
1786296880.9615216,488.7772216796875,9971,0,84058,0,0,0,0,0,0,0,0,0,4330.38818359375,8701.8349609375,-0.0,1,3,0,0,2,0,0,0,0,0,0,0,1,2,0,0,0,0,332.7499084472656,3
1786296881.0115597,488.8265075683594,9972,0,84058,0,0,0,0,0,0,0,0,0,4334.34423828125,8705.791015625,-0.0,1,3,0,0,2,0,0,0,0,0,0,0,1,2,0,0,0,0,332.7499084472656,3
1786296881.0609062,488.8765563964844,9973,0,84058,0,0,0,0,0,0,0,0,0,4338.31005859375,8709.7568359375,-0.0,1,3,0,0,2,0,0,0,0,0,0,0,1,2,0,0,0,0,332.7499084472656,3
1786296881.1099887,488.9264221191406,9974,0,84058,0,0,0,0,0,0,0,0,0,4342.28662109375,8713.7333984375,-0.0,1,3,0,0,2,0,0,0,0,0,0,0,1,2,0,0,0,0,332.7499084472656,3
1786296881.162842,488.9765625,9975,0,84058,0,0,0,0,0,0,0,0,0,4346.27392578125,8717.720703125,-0.0,1,3,0,0,2,0,0,0,0,0,0,0,1,2,0,0,0,0,332.7499084472656,3
1786296881.2103505,489.0270080566406,9976,0,84058,0,0,0,0,0,0,0,0,0,4350.26611328125,8721.712890625,-0.0,1,3,0,0,2,0,0,0,0,0,0,0,1,2,0,0,0,0,332.7499084472656,3
1786296881.2581923,489.0760498046875,9977,0,84058,0,0,0,0,0,0,0,0,0,4354.26123046875,8725.7080078125,-0.0,1,3,0,0,2,0,0,0,0,0,0,0,1,2,0,0,0,0,332.7499084472656,3
1786296881.309002,489.12445068359375,9978,0,84058,0,0,0,0,0,0,0,0,0,4358.26611328125,8729.712890625,-0.0,1,3,0,0,2,0,0,0,0,0,0,0,1,2,0,0,0,0,332.7499084472656,3
1786296881.356659,489.1730041503906,9979,0,84058,0,0,0,0,0,0,0,0,0,4362.28173828125,8733.728515625,-0.0,1,3,0,0,2,0,0,0,0,0,0,0,1,2,0,0,0,0,332.7499084472656,3
1786296881.4056818,489.2220764160156,9980,0,84058,0,0,0,0,0,0,0,0,0,4366.30517578125,8737.751953125,-0.0,1,3,0,0,2,0,0,0,0,0,0,0,1,2,0,0,0,0,332.7499084472656,3
1786296881.4644444,489.2721252441406,9981,0,84058,0,0,0,0,0,0,0,0,0,4370.33837890625,8741.78515625,-0.0,1,3,0,0,2,0,0,0,0,0,0,0,1,2,0,0,0,0,332.7499084472656,3
1786296881.5068464,489.3091125488281,9982,0,84058,16,0,0,0,0,0,0,0,0,1.5888671875,8744.482421875,-0.0,1,3,0,0,0,0,0,0,0,0,0,0,1,2,0,0,0,0,332.7499084472656,3
1786296881.555487,489.3497009277344,9983,0,84058,50,0,0,0,0,0,0,0,0,4.291015625,8747.1845703125,-0.0,1,3,0,0,0,0,0,0,0,0,0,0,1,2,0,0,0,0,332.7499084472656,3
1786296881.6239192,489.41656494140625,9984,0,84058,108,0,0,0,0,0,0,0,0,9.5703125,8752.4638671875,-0.0,1,3,0,0,0,0,0,0,0,0,0,0,1,2,0,0,0,0,332.7499084472656,3
1786296881.6743355,489.4642028808594,9985,0,84058,155,0,0,0,0,0,0,0,0,13.4482421875,8756.341796875,-0.0,1,3,0,0,0,0,0,0,0,0,0,0,1,2,0,0,0,0,332.7499084472656,3
1786296881.7138698,489.5114440917969,9986,0,84058,203,0,0,0,0,0,0,0,0,17.2998046875,8760.193359375,-0.0,1,3,0,0,0,0,0,0,0,0,0,0,1,2,0,0,0,0,332.7499084472656,3
1786296881.758083,489.5736389160156,9987,0,84058,269,0,0,0,0,0,0,0,0,22.3720703125,8765.265625,-0.0,1,3,0,0,0,0,0,0,0,0,0,0,1,2,0,0,0,0,332.7499084472656,3
1786296881.8053756,489.6234436035156,9988,0,84058,323,0,0,0,0,0,0,0,0,26.52734375,8769.4208984375,-0.0,1,3,0,0,0,0,0,0,0,0,0,0,1,2,0,0,0,0,332.7499084472656,3
1786296881.855214,489.6705322265625,9989,0,84058,373,0,0,0,0,0,0,0,0,30.6025390625,8773.49609375,-0.0,1,3,0,0,0,0,0,0,0,0,0,0,1,2,0,0,0,0,332.7499084472656,3
1786296881.9048474,489.71929931640625,9990,0,84058,423,0,0,0,0,0,0,0,0,34.6845703125,8777.578125,-0.0,1,3,0,0,0,0,0,0,0,0,0,0,1,2,0,0,0,0,332.7499084472656,3
1786296881.9561477,489.76995849609375,9991,0,84058,473,0,0,0,0,0,0,0,0,38.7724609375,8781.666015625,-0.0,1,3,0,0,0,0,0,0,0,0,0,0,1,2,0,0,0,0,332.7499084472656,3
1786296882.0031116,489.8199462890625,9992,0,84058,523,0,0,0,0,0,0,0,0,42.8681640625,8785.76171875,-0.0,1,3,0,0,0,0,0,0,0,0,0,0,1,2,0,0,0,0,332.7499084472656,3
1786296882.0648932,489.8835754394531,9993,0,84058,589,0,0,0,0,0,0,0,0,48.33203125,8791.2255859375,-0.0,1,3,0,0,0,0,0,0,0,0,0,0,1,2,0,0,0,0,332.7499084472656,3
1786296882.10933,489.9290466308594,9994,0,84058,639,0,0,0,0,0,0,0,0,52.4404296875,8795.333984375,-0.0,1,3,0,0,0,0,0,0,0,0,0,0,1,2,0,0,0,0,332.7499084472656,3
1786296882.1672044,489.98797607421875,9995,0,84058,689,0,0,0,0,0,0,0,0,56.560546875,8799.4541015625,-0.0,1,3,0,0,0,0,0,0,0,0,0,0,1,2,0,0,0,0,332.7499084472656,3
1786296882.2144878,490.03277587890625,9996,0,84058,739,0,0,0,0,0,0,0,0,60.6943359375,8803.587890625,-0.0,1,3,0,0,0,0,0,0,0,0,0,0,1,2,0,0,0,0,332.7499084472656,3
1786296882.2593205,490.07855224609375,9997,0,84058,789,0,0,0,0,0,0,0,0,64.8427734375,8807.736328125,-0.0,1,3,0,0,0,0,0,0,0,0,0,0,1,2,0,0,0,0,332.7499084472656,3
1786296882.3147085,490.1379089355469,9998,0,84058,839,0,0,0,0,0,0,0,0,69.0009765625,8811.89453125,-0.0,1,3,0,0,0,0,0,0,0,0,0,0,1,2,0,0,0,0,332.7499084472656,3
1786296882.3612964,490.18133544921875,9999,0,84058,889,0,0,0,0,0,0,0,0,73.1689453125,8816.0625,-0.0,1,3,0,0,0,0,0,0,0,0,0,0,1,2,0,0,0,0,332.7499084472656,3
1786296882.4070075,490.2264404296875,10000,0,84058,939,0,0,0,0,0,0,0,0,77.3466796875,8820.240234375,-0.0,1,3,0,0,0,0,0,0,0,0,0,0,1,2,0,0,0,0,332.7499084472656,3
1786296882.4688194,490.2745361328125,10001,0,84058,973,0,0,0,0,0,0,0,0,80.138671875,8823.0322265625,-0.0,1,3,0,0,0,0,0,0,0,0,0,0,1,2,0,0,0,0,332.7499084472656,3
1786296882.511256,490.3111267089844,10002,0,84058,1007,0,0,0,0,0,0,0,0,83.19140625,8826.0849609375,-0.0,1,3,0,0,0,0,0,0,0,0,0,0,1,2,0,0,0,0,332.7499084472656,3
1786296882.573358,490.37225341796875,10003,0,84058,1066,0,0,0,0,0,0,0,0,88.330078125,8831.2236328125,-0.0,1,3,0,0,0,0,0,0,0,0,0,0,1,2,0,0,0,0,332.7499084472656,3
1786296882.6140392,490.41485595703125,10004,0,84058,1108,0,0,0,0,0,0,0,0,91.91796875,8834.8115234375,-0.0,1,3,0,0,0,0,0,0,0,0,0,0,1,2,0,0,0,0,332.7499084472656,3
1786296882.6569438,490.4569396972656,10005,0,84058,1151,0,0,0,0,0,0,0,0,95.466796875,8838.3603515625,-0.0,1,3,0,0,0,0,0,0,0,0,0,0,1,2,0,0,0,0,332.7499084472656,3
1786296882.7034168,490.5165710449219,10006,0,84058,1212,0,0,0,0,0,0,0,0,100.5087890625,8843.40234375,-0.0,1,3,0,0,0,0,0,0,0,0,0,0,1,2,0,0,0,0,332.7499084472656,3
1786296882.7617788,490.5826721191406,10007,0,84058,1283,0,0,0,0,0,0,0,0,106.298828125,8849.1923828125,-0.0,1,3,0,0,0,0,0,0,0,0,0,0,1,2,0,0,0,0,332.7499084472656,3
1786296882.8036501,490.6260986328125,10008,0,84058,1333,0,0,0,0,0,0,0,0,110.5517578125,8853.4453125,-0.0,1,3,0,0,0,0,0,0,0,0,0,0,1,2,0,0,0,0,332.7499084472656,3
1786296882.8631554,490.6836242675781,10009,0,84058,1399,0,0,0,0,0,0,0,0,114.8134765625,8857.70703125,-0.0,1,3,0,0,0,0,0,0,0,0,0,0,1,2,0,0,0,0,332.7499084472656,3
1786296882.9096744,490.7284240722656,10010,0,84058,1433,0,0,0,0,0,0,0,0,119.08203125,8861.9755859375,-0.0,1,3,0,0,0,0,0,0,0,0,0,0,1,2,0,0,0,0,332.7499084472656,3
1786296882.9572084,490.77557373046875,10011,0,84058,1483,0,0,0,0,0,0,0,0,123.3583984375,8866.251953125,-0.0,1,3,0,0,0,0,0,0,0,0,0,0,1,2,0,0,0,0,332.7499084472656,3
1786296883.0169044,490.8370361328125,10012,0,84058,1549,0,0,0,0,0,0,0,0,129.056640625,8871.9501953125,-0.0,1,3,0,0,0,0,0,0,0,0,0,0,1,2,0,0,0,0,332.7499084472656,3
1786296883.0601041,490.8819580078125,10013,0,84058,1583,0,0,0,0,0,0,0,0,131.890625,8874.7841796875,-0.0,1,3,0,0,0,0,0,0,0,0,0,0,1,2,0,0,0,0,332.7499084472656,3
1786296883.1048286,490.92596435546875,10014,0,84058,1633,0,0,0,0,0,0,0,0,136.087890625,8878.9814453125,-0.0,1,3,0,0,0,0,0,0,0,0,0,0,1,2,0,0,0,0,332.7499084472656,3
1786296883.1617455,490.9845275878906,10015,0,84058,1699,0,0,0,0,0,0,0,0,140.1875,8883.0810546875,-0.0,1,3,0,0,0,0,0,0,0,0,0,0,1,2,0,0,0,0,332.7499084472656,3
1786296883.2064853,491.0281982421875,10016,0,84058,1733,0,0,0,0,0,0,0,0,144.1875,8887.0810546875,-0.0,1,3,0,0,0,0,0,0,0,0,0,0,1,2,0,0,0,0,332.7499084472656,3
1786296883.262657,491.08575439453125,10017,0,84058,1799,0,0,0,0,0,0,0,0,149.3740234375,8892.267578125,-0.0,1,3,0,0,0,0,0,0,0,0,0,0,1,2,0,0,0,0,332.7499084472656,3
1786296883.3054256,491.1279602050781,10018,0,84058,1833,0,0,0,0,0,0,0,0,151.90625,8894.7998046875,-0.0,1,3,0,0,0,0,0,0,0,0,0,0,1,2,0,0,0,0,332.7499084472656,3
1786296883.3523924,491.1709899902344,10019,0,84058,1883,0,0,0,0,0,0,0,0,155.6337890625,8898.52734375,-0.0,1,3,0,0,0,0,0,0,0,0,0,0,1,2,0,0,0,0,332.7499084472656,3
1786296883.4138932,491.2318115234375,10020,0,84058,1933,0,0,0,0,0,0,0,0,159.267578125,8902.1611328125,-0.0,1,3,0,0,0,0,0,0,0,0,0,0,1,2,0,0,0,0,332.7499084472656,3
1786296883.45795,491.2652893066406,10021,0,84058,1966,0,0,0,0,0,0,0,0,161.6376953125,8904.53125,-0.0,1,3,0,0,0,0,0,0,0,0,0,0,1,2,0,0,0,0,332.7499084472656,3
1786296883.5205886,491.32159423828125,10022,0,84058,2017,0,0,0,0,0,0,0,0,165.3447265625,8908.23828125,-0.0,1,3,0,0,0,0,0,0,0,0,0,0,1,2,0,0,0,0,332.7499084472656,3
1786296883.5629702,491.36322021484375,10023,0,84058,2057,0,0,0,0,0,0,0,0,168.1455078125,8911.0390625,-0.0,1,3,0,0,0,0,0,0,0,0,0,0,1,2,0,0,0,0,332.7499084472656,3
1786296883.6054559,491.4051513671875,10024,0,84058,2099,0,0,0,0,0,0,0,0,170.904296875,8913.7978515625,-0.0,1,3,0,0,0,0,0,0,0,0,0,0,1,2,0,0,0,0,332.7499084472656,3
1786296883.6599379,491.46697998046875,10025,0,84058,2162,0,0,0,0,0,0,0,0,174.86328125,8917.7568359375,-0.0,1,3,0,0,0,0,0,0,0,0,0,0,1,2,0,0,0,0,332.7499084472656,3
1786296883.7034736,491.5222473144531,10026,0,84058,2219,0,0,0,0,0,0,0,0,178.28515625,8921.1787109375,-0.0,1,3,0,0,0,0,0,0,0,0,0,0,1,2,0,0,0,0,332.7499084472656,3
1786296883.7591076,491.5824279785156,10027,0,84058,2287,0,0,0,0,0,0,0,0,182.2685546875,8925.162109375,-0.0,1,3,0,0,0,0,0,0,0,0,0,0,1,2,0,0,0,0,332.7499084472656,3
1786296883.8124926,491.6374816894531,10028,0,84058,2354,0,0,0,0,0,0,0,0,185.15234375,8928.0458984375,-0.0,1,3,0,0,0,0,0,0,0,0,0,0,1,2,0,0,0,0,332.7499084472656,3
1786296883.8600771,491.6802673339844,10029,0,84058,2387,0,0,0,0,0,0,0,0,187.9541015625,8930.84765625,-0.0,1,3,0,0,0,0,0,0,0,0,0,0,1,2,0,0,0,0,332.7499084472656,3
1786296883.9069452,491.7258605957031,10030,0,84058,2437,0,0,0,0,0,0,0,0,190.67578125,8933.5693359375,-0.0,1,3,0,0,0,0,0,0,0,0,0,0,1,2,0,0,0,0,332.7499084472656,3
1786296883.956959,491.7735900878906,10031,0,84058,2487,0,0,0,0,0,0,0,0,193.3134765625,8936.20703125,-0.0,1,3,0,0,0,0,0,0,0,0,0,0,1,2,0,0,0,0,332.7499084472656,3
1786296884.0020714,491.8210754394531,10032,0,84058,2520,0,0,0,0,0,0,0,0,195.0244140625,8937.91796875,-0.0,1,3,0,0,0,0,0,0,0,0,0,0,1,2,0,0,0,0,332.7499084472656,3
1786296884.0598469,491.8818359375,10033,0,84058,2587,0,0,0,0,0,0,0,0,198.33984375,8941.2333984375,-0.0,1,3,0,0,0,0,0,0,0,0,0,0,1,2,0,0,0,0,332.7499084472656,3
1786296884.1135306,491.9386901855469,10034,0,84058,2654,0,0,0,0,0,0,0,0,200.73828125,8943.6318359375,-0.0,1,3,0,0,0,0,0,0,0,0,0,0,1,2,0,0,0,0,332.7499084472656,3
1786296884.1579034,491.9809265136719,10035,0,84058,2687,0,0,0,0,0,0,0,0,203.0703125,8945.9638671875,-0.0,1,3,0,0,0,0,0,0,0,0,0,0,1,2,0,0,0,0,332.7499084472656,3
1786296884.2051969,492.02423095703125,10036,0,84058,2737,0,0,0,0,0,0,0,0,205.330078125,8948.2236328125,-0.0,1,3,0,0,0,0,0,0,0,0,0,0,1,2,0,0,0,0,332.7499084472656,3
1786296884.2595904,492.08282470703125,10037,0,84058,2787,0,0,0,0,0,0,0,0,207.5185546875,8950.412109375,-0.0,1,3,0,0,0,0,0,0,0,0,0,0,1,2,0,0,0,0,332.7499084472656,3
1786296884.3059719,492.1263732910156,10038,0,84058,2837,0,0,0,0,0,0,0,0,209.6357421875,8952.529296875,-0.0,1,3,0,0,0,0,0,0,0,0,0,0,1,2,0,0,0,0,332.7499084472656,3
1786296884.3536117,492.1718444824219,10039,0,84058,2887,0,0,0,0,0,0,0,0,211.0126953125,8953.90625,-0.0,1,3,0,0,0,0,0,0,0,0,0,0,1,2,0,0,0,0,332.7499084472656,3
1786296884.42186,492.236083984375,10040,0,84058,2937,0,0,0,0,0,0,0,0,213.6962890625,8956.58984375,-0.0,1,3,0,0,0,0,0,0,0,0,0,0,1,2,0,0,0,0,332.7499084472656,3
1786296884.4699538,492.271240234375,10041,0,84058,2970,0,0,0,0,0,0,0,0,215.0048828125,8957.8984375,-0.0,1,3,0,0,0,0,0,0,0,0,0,0,1,2,0,0,0,0,332.7499084472656,3
1786296884.5114202,492.3098449707031,10042,0,84058,3005,0,0,0,0,0,0,0,0,216.4521484375,8959.345703125,-0.0,1,3,0,0,0,0,0,0,0,0,0,0,1,2,0,0,0,0,332.7499084472656,3
1786296884.5538135,492.3515930175781,10043,0,84058,3045,0,0,0,0,0,0,0,0,218.029296875,8960.9228515625,-0.0,1,3,0,0,0,0,0,0,0,0,0,0,1,2,0,0,0,0,332.7499084472656,3
1786296884.6162398,492.4163818359375,10044,0,84058,3110,0,0,0,0,0,0,0,0,220.4189453125,8963.3125,-0.0,1,3,0,0,0,0,0,0,0,0,0,0,1,2,0,0,0,0,332.7499084472656,3
1786296884.6659307,492.47711181640625,10045,0,84058,3172,0,0,0,0,0,0,0,0,222.5830078125,8965.4765625,-0.0,1,3,0,0,0,0,0,0,0,0,0,0,1,2,0,0,0,0,332.7499084472656,3
1786296884.711099,492.52984619140625,10046,0,84058,3228,0,0,0,0,0,0,0,0,224.40234375,8967.2958984375,-0.0,1,3,0,0,0,0,0,0,0,0,0,0,1,2,0,0,0,0,332.7499084472656,3
1786296884.753302,492.5750732421875,10047,0,84058,3278,0,0,0,0,0,0,0,0,226.076171875,8968.9697265625,-0.0,1,3,0,0,0,0,0,0,0,0,0,0,1,2,0,0,0,0,332.7499084472656,3
1786296884.810753,492.632568359375,10048,0,84058,3344,0,0,0,0,0,0,0,0,228.2490234375,8971.142578125,-0.0,1,3,0,0,0,0,0,0,0,0,0,0,1,2,0,0,0,0,332.7499084472656,3
1786296884.8618104,492.6774597167969,10049,0,84058,3378,0,0,0,0,0,0,0,0,229.3212890625,8972.21484375,-0.0,1,3,0,0,0,0,0,0,0,0,0,0,1,2,0,0,0,0,332.7499084472656,3
1786296884.906875,492.7244567871094,10050,0,84058,3428,0,0,0,0,0,0,0,0,230.9140625,8973.8076171875,-0.0,1,3,0,0,0,0,0,0,0,0,0,0,1,2,0,0,0,0,332.7499084472656,3
1786296884.963545,492.7854919433594,10051,0,84058,3494,0,0,0,0,0,0,0,0,233.001953125,8975.8955078125,-0.0,1,3,0,0,0,0,0,0,0,0,0,0,1,2,0,0,0,0,332.7499084472656,3
1786296885.0029519,492.8283996582031,10052,0,84058,3544,0,0,0,0,0,0,0,0,234.037109375,8976.9306640625,-0.0,1,3,0,0,0,0,0,0,0,0,0,0,1,2,0,0,0,0,332.7499084472656,3
1786296885.0635,492.8852844238281,10053,0,84058,3594,0,0,0,0,0,0,0,0,236.095703125,8978.9892578125,-0.0,1,3,0,0,0,0,0,0,0,0,0,0,1,2,0,0,0,0,332.7499084472656,3
1786296885.1093864,492.92938232421875,10054,0,84058,3644,0,0,0,0,0,0,0,0,237.1201171875,8980.013671875,-0.0,1,3,0,0,0,0,0,0,0,0,0,0,1,2,0,0,0,0,332.7499084472656,3
1786296885.1570299,492.97528076171875,10055,0,84058,3678,0,0,0,0,0,0,0,0,238.6484375,8981.5419921875,-0.0,1,3,0,0,0,0,0,0,0,0,0,0,1,2,0,0,0,0,332.7499084472656,3
1786296885.2152743,493.0364990234375,10056,0,84058,3744,0,0,0,0,0,0,0,0,240.6689453125,8983.5625,-0.0,1,3,0,0,0,0,0,0,0,0,0,0,1,2,0,0,0,0,332.7499084472656,3
1786296885.2652376,493.0827331542969,10057,0,84058,3794,0,0,0,0,0,0,0,0,242.1669921875,8985.060546875,-0.0,1,3,0,0,0,0,0,0,0,0,0,0,1,2,0,0,0,0,332.7499084472656,3
1786296885.3117676,493.130126953125,10058,0,84058,3844,0,0,0,0,0,0,0,0,243.646484375,8986.5400390625,-0.0,1,3,0,0,0,0,0,0,0,0,0,0,1,2,0,0,0,0,332.7499084472656,3
1786296885.3690643,493.17877197265625,10059,0,84058,3878,0,0,0,0,0,0,0,0,244.623046875,8987.5166015625,-0.0,1,3,0,0,0,0,0,0,0,0,0,0,1,2,0,0,0,0,332.7499084472656,3
1786296885.4104993,493.21484375,10060,0,84058,3911,0,0,0,0,0,0,0,0,245.63671875,8988.5302734375,-0.0,1,3,0,0,0,0,0,0,0,0,0,0,1,2,0,0,0,0,332.7499084472656,3
1786296885.4571087,493.2546691894531,10061,0,84058,3949,0,0,0,0,0,0,0,0,246.78515625,8989.6787109375,-0.0,1,3,0,0,0,0,0,0,0,0,0,0,1,2,0,0,0,0,332.7499084472656,3
1786296885.5212922,493.31964111328125,10062,0,84058,4012,0,0,0,0,0,0,0,0,249.0888671875,8991.982421875,-0.0,1,3,0,0,0,0,0,0,0,0,0,0,1,2,0,0,0,0,332.7499084472656,3
1786296885.5655317,493.3631591796875,10063,0,84058,4056,0,0,0,0,0,0,0,0,250.6650390625,8993.55859375,-0.0,1,3,0,0,0,0,0,0,0,0,0,0,1,2,0,0,0,0,332.7499084472656,3
1786296885.6047328,493.4058837890625,10064,0,84058,4099,0,0,0,0,0,0,0,0,252.2470703125,8995.140625,-0.0,1,3,0,0,0,0,0,0,0,0,0,0,1,2,0,0,0,0,332.7499084472656,3
1786296885.665228,493.4817199707031,10065,0,84058,4179,0,0,0,0,0,0,0,0,255.16015625,8998.0537109375,-0.0,1,3,0,0,0,0,0,0,0,0,0,0,1,2,0,0,0,0,332.7499084472656,3
1786296885.7109528,493.5296630859375,10066,0,84058,4230,0,0,0,0,0,0,0,0,257.1669921875,9000.060546875,-0.0,1,3,0,0,0,0,0,0,0,0,0,0,1,2,0,0,0,0,332.7499084472656,3
1786296885.7547812,493.574951171875,10067,0,84058,4280,0,0,0,0,0,0,0,0,259.26953125,9002.1630859375,-0.0,1,3,0,0,0,0,0,0,0,0,0,0,1,2,0,0,0,0,332.7499084472656,3
1786296885.817691,493.63525390625,10068,0,84058,4346,0,0,0,0,0,0,0,0,262.0283203125,9004.921875,-0.0,1,3,0,0,0,0,0,0,0,0,0,0,1,2,0,0,0,0,332.7499084472656,3
1786296885.861227,493.68170166015625,10069,0,84058,4396,0,0,0,0,0,0,0,0,263.3486328125,9006.2421875,-0.0,1,3,0,0,0,0,0,0,0,0,0,0,1,2,0,0,0,0,332.7499084472656,3
1786296885.9100869,493.728515625,10070,0,84058,4430,0,0,0,0,0,0,0,0,265.2685546875,9008.162109375,-0.0,1,3,0,0,0,0,0,0,0,0,0,0,1,2,0,0,0,0,332.7499084472656,3
1786296885.9540439,493.77447509765625,10071,0,84058,4480,0,0,0,0,0,0,0,0,267.1318359375,9010.025390625,-0.0,1,3,0,0,0,0,0,0,0,0,0,0,1,2,0,0,0,0,332.7499084472656,3
1786296886.016255,493.8354187011719,10072,0,84058,4546,0,0,0,0,0,0,0,0,269.55078125,9012.4443359375,-0.0,1,3,0,0,0,0,0,0,0,0,0,0,1,2,0,0,0,0,332.7499084472656,3
1786296886.0599983,493.880615234375,10073,0,84058,4596,0,0,0,0,0,0,0,0,270.51171875,9013.4052734375,-0.0,1,3,0,0,0,0,0,0,0,0,0,0,1,2,0,0,0,0,332.7499084472656,3
1786296886.107969,493.9255065917969,10074,0,84058,4630,0,0,0,0,0,0,0,0,271.91015625,9014.8037109375,-0.0,1,3,0,0,0,0,0,0,0,0,0,0,1,2,0,0,0,0,332.7499084472656,3
1786296886.1634347,493.9851989746094,10075,0,84058,4696,0,0,0,0,0,0,0,0,273.7548828125,9016.6484375,-0.0,1,3,0,0,0,0,0,0,0,0,0,0,1,2,0,0,0,0,332.7499084472656,3
1786296886.2073166,494.02947998046875,10076,0,84058,4730,0,0,0,0,0,0,0,0,274.6669921875,9017.560546875,-0.0,1,3,0,0,0,0,0,0,0,0,0,0,1,2,0,0,0,0,332.7499084472656,3
1786296886.2554128,494.07366943359375,10077,0,84058,4780,0,0,0,0,0,0,0,0,276.0341796875,9018.927734375,-0.0,1,3,0,0,0,0,0,0,0,0,0,0,1,2,0,0,0,0,332.7499084472656,3
1786296886.316147,494.1344909667969,10078,0,84058,4846,0,0,0,0,0,0,0,0,277.8466796875,9020.740234375,-0.0,1,3,0,0,0,0,0,0,0,0,0,0,1,2,0,0,0,0,332.7499084472656,3
1786296886.3621778,494.1814270019531,10079,0,84058,4896,0,0,0,0,0,0,0,0,278.744140625,9021.6376953125,-0.0,1,3,0,0,0,0,0,0,0,0,0,0,1,2,0,0,0,0,332.7499084472656,3
1786296886.4043858,494.2140197753906,10080,0,84058,4913,0,0,0,0,0,0,0,0,279.6357421875,9022.529296875,-0.0,1,3,0,0,0,0,0,0,0,0,0,0,1,2,0,0,0,0,332.7499084472656,3
1786296886.470102,494.2697448730469,10081,0,84058,4965,0,0,0,0,0,0,0,0,281.0849609375,9023.978515625,-0.0,1,3,0,0,0,0,0,0,0,0,0,0,1,2,0,0,0,0,332.7499084472656,3
1786296886.511417,494.31036376953125,10082,0,84058,5004,0,0,0,0,0,0,0,0,282.1552734375,9025.048828125,-0.0,1,3,0,0,0,0,0,0,0,0,0,0,1,2,0,0,0,0,332.7499084472656,3
1786296886.553912,494.3526611328125,10083,0,84058,5046,0,0,0,0,0,0,0,0,283.26953125,9026.1630859375,-0.0,1,3,0,0,0,0,0,0,0,0,0,0,1,2,0,0,0,0,332.7499084472656,3
1786296886.6203692,494.4166564941406,10084,0,84058,5110,0,0,0,0,0,0,0,0,284.9638671875,9027.857421875,-0.0,1,3,0,0,0,0,0,0,0,0,0,0,1,2,0,0,0,0,332.7499084472656,3
1786296886.663633,494.4765625,10085,0,84058,5172,0,0,0,0,0,0,0,0,286.5576171875,9029.451171875,-0.0,1,3,0,0,0,0,0,0,0,0,0,0,1,2,0,0,0,0,332.7499084472656,3
1786296886.707241,494.52801513671875,10086,0,84058,5227,0,0,0,0,0,0,0,0,287.9453125,9030.8388671875,-0.0,1,3,0,0,0,0,0,0,0,0,0,0,1,2,0,0,0,0,332.7499084472656,3
1786296886.7636962,494.5863952636719,10087,0,84058,5293,0,0,0,0,0,0,0,0,289.7265625,9032.6201171875,-0.0,1,3,0,0,0,0,0,0,0,0,0,0,1,2,0,0,0,0,332.7499084472656,3
1786296886.8132591,494.63037109375,10088,0,84058,5343,0,0,0,0,0,0,0,0,291.0673828125,9033.9609375,-0.0,1,3,0,0,0,0,0,0,0,0,0,0,1,2,0,0,0,0,332.7499084472656,3
1786296886.861627,494.6776428222656,10089,0,84058,5377,0,0,0,0,0,0,0,0,291.9638671875,9034.857421875,-0.0,1,3,0,0,0,0,0,0,0,0,0,0,1,2,0,0,0,0,332.7499084472656,3
1786296886.9118688,494.72686767578125,10090,0,84058,5427,0,0,0,0,0,0,0,0,293.3115234375,9036.205078125,-0.0,1,3,0,0,0,0,0,0,0,0,0,0,1,2,0,0,0,0,332.7499084472656,3
1786296886.9563053,494.7743835449219,10091,0,84058,5477,0,0,0,0,0,0,0,0,294.669921875,9037.5634765625,-0.0,1,3,0,0,0,0,0,0,0,0,0,0,1,2,0,0,0,0,332.7499084472656,3
1786296887.004468,494.82147216796875,10092,0,84058,5527,0,0,0,0,0,0,0,0,296.044921875,9038.9384765625,-0.0,1,3,0,0,0,0,0,0,0,0,0,0,1,2,0,0,0,0,332.7499084472656,3
1786296887.0565186,494.87017822265625,10093,0,84058,5577,0,0,0,0,0,0,0,0,297.44140625,9040.3349609375,-0.0,1,3,0,0,0,0,0,0,0,0,0,0,1,2,0,0,0,0,332.7499084472656,3
1786296887.103552,494.9195861816406,10094,0,84058,5627,0,0,0,0,0,0,0,0,298.859375,9041.7529296875,-0.0,1,3,0,0,0,0,0,0,0,0,0,0,1,2,0,0,0,0,332.7499084472656,3
1786296887.16783,494.9847106933594,10095,0,84058,5693,0,0,0,0,0,0,0,0,300.779296875,9043.6728515625,-0.0,1,3,0,0,0,0,0,0,0,0,0,0,1,2,0,0,0,0,332.7499084472656,3
1786296887.210395,495.0312194824219,10096,0,84058,5743,0,0,0,0,0,0,0,0,302.2412109375,9045.134765625,-0.0,1,3,0,0,0,0,0,0,0,0,0,0,1,2,0,0,0,0,332.7499084472656,3
1786296887.25397,495.0753173828125,10097,0,84058,5777,0,0,0,0,0,0,0,0,303.2255859375,9046.119140625,-0.0,1,3,0,0,0,0,0,0,0,0,0,0,1,2,0,0,0,0,332.7499084472656,3
1786296887.3148754,495.1337585449219,10098,0,84058,5843,0,0,0,0,0,0,0,0,305.21875,9048.1123046875,-0.0,1,3,0,0,0,0,0,0,0,0,0,0,1,2,0,0,0,0,332.7499084472656,3
1786296887.3624673,495.1799011230469,10099,0,84058,5893,0,0,0,0,0,0,0,0,306.732421875,9049.6259765625,-0.0,1,3,0,0,0,0,0,0,0,0,0,0,1,2,0,0,0,0,332.7499084472656,3
1786296887.4199364,495.22930908203125,10100,0,84058,5943,0,0,0,0,0,0,0,0,308.24609375,9051.1396484375,-0.0,1,3,0,0,0,0,0,0,0,0,0,0,1,2,0,0,0,0,332.7499084472656,3
1786296887.4625764,495.265625,10101,0,84058,5977,0,0,0,0,0,0,0,0,309.2509765625,9052.14453125,-0.0,1,3,0,0,0,0,0,0,0,0,0,0,1,2,0,0,0,0,332.7499084472656,3
1786296887.5094805,495.3060607910156,10102,0,84058,6010,0,0,0,0,0,0,0,0,310.25,9053.1435546875,-0.0,1,3,0,0,0,0,0,0,0,0,0,0,1,2,0,0,0,0,332.7499084472656,3
1786296887.5527864,495.349365234375,10103,0,84058,6043,0,0,0,0,0,0,0,0,311.365234375,9054.2587890625,-0.0,1,3,0,0,0,0,0,0,0,0,0,0,1,2,0,0,0,0,332.7499084472656,3
1786296887.6223652,495.41583251953125,10104,0,84058,6108,0,0,0,0,0,0,0,0,313.3291015625,9056.22265625,-0.0,1,3,0,0,0,0,0,0,0,0,0,0,1,2,0,0,0,0,332.7499084472656,3
1786296887.6532,495.4588623046875,10105,0,84058,6153,0,0,0,0,0,0,0,0,314.5556640625,9057.44921875,-0.0,1,3,0,0,0,0,0,0,0,0,0,0,1,2,0,0,0,0,332.7499084472656,3
1786296887.7111294,495.5321960449219,10106,0,84058,6230,0,0,0,0,0,0,0,0,316.568359375,9059.4619140625,-0.0,1,3,0,0,0,0,0,0,0,0,0,0,1,2,0,0,0,0,332.7499084472656,3
1786296887.7554038,495.5768127441406,10107,0,84058,6280,0,0,0,0,0,0,0,0,317.8916015625,9060.78515625,-0.0,1,3,0,0,0,0,0,0,0,0,0,0,1,2,0,0,0,0,332.7499084472656,3
1786296887.8115823,495.63470458984375,10108,0,84058,6347,0,0,0,0,0,0,0,0,319.603515625,9062.4970703125,-0.0,1,3,0,0,0,0,0,0,0,0,0,0,1,2,0,0,0,0,332.7499084472656,3
1786296887.8634274,495.6899719238281,10109,0,84058,6397,0,0,0,0,0,0,0,0,320.85546875,9063.7490234375,-0.0,1,3,0,0,0,0,0,0,0,0,0,0,1,2,0,0,0,0,332.7499084472656,3
1786296887.9030926,495.7297668457031,10110,0,84058,6447,0,0,0,0,0,0,0,0,321.677734375,9064.5712890625,-0.0,1,3,0,0,0,0,0,0,0,0,0,0,1,2,0,0,0,0,332.7499084472656,3
1786296887.9514165,495.78131103515625,10111,0,84058,6497,0,0,0,0,0,0,0,0,322.89453125,9065.7880859375,-0.0,1,3,0,0,0,0,0,0,0,0,0,0,1,2,0,0,0,0,332.7499084472656,3
1786296888.0022135,495.8310546875,10112,0,84058,6547,0,0,0,0,0,0,0,0,324.0927734375,9066.986328125,-0.0,1,3,0,0,0,0,0,0,0,0,0,0,1,2,0,0,0,0,332.7499084472656,3
1786296888.0616705,495.884033203125,10113,0,84058,6597,0,0,0,0,0,0,0,0,325.6669921875,9068.560546875,-0.0,1,3,0,0,0,0,0,0,0,0,0,0,1,2,0,0,0,0,332.7499084472656,3
1786296888.1022751,495.9261169433594,10114,0,84058,6630,0,0,0,0,0,0,0,0,326.4462890625,9069.33984375,-0.0,1,3,0,0,0,0,0,0,0,0,0,0,1,2,0,0,0,0,332.7499084472656,3
1786296888.1535103,495.9806823730469,10115,0,84058,6697,0,0,0,0,0,0,0,0,327.59765625,9070.4912109375,-0.0,1,3,0,0,0,0,0,0,0,0,0,0,1,2,0,0,0,0,332.7499084472656,3
1786296888.2038336,496.032470703125,10116,0,84058,6747,0,0,0,0,0,0,0,0,329.046875,9071.9404296875,-0.0,1,3,0,0,0,0,0,0,0,0,0,0,1,2,0,0,0,0,332.7499084472656,3
1786296888.263329,496.0870666503906,10117,0,84058,6797,0,0,0,0,0,0,0,0,330.0712890625,9072.96484375,-0.0,1,3,0,0,0,0,0,0,0,0,0,0,1,2,0,0,0,0,332.7499084472656,3
1786296888.3068717,496.1299743652344,10118,0,84058,6830,0,0,0,0,0,0,0,0,330.728515625,9073.6220703125,-0.0,1,3,0,0,0,0,0,0,0,0,0,0,1,2,0,0,0,0,332.7499084472656,3
1786296888.3630393,496.1862487792969,10119,0,84058,6897,0,0,0,0,0,0,0,0,331.990234375,9074.8837890625,-0.0,1,3,0,0,0,0,0,0,0,0,0,0,1,2,0,0,0,0,332.7499084472656,3
1786296888.4055378,496.228515625,10120,0,84058,6930,0,0,0,0,0,0,0,0,332.59765625,9075.4912109375,-0.0,1,3,0,0,0,0,0,0,0,0,0,0,1,2,0,0,0,0,332.7499084472656,3
1786296888.454592,496.2725524902344,10121,0,84058,6980,0,0,0,0,0,0,0,0,333.48046875,9076.3740234375,-0.0,1,3,0,0,0,0,0,0,0,0,0,0,1,2,0,0,0,0,332.7499084472656,3
1786296888.5206492,496.3343811035156,10122,0,84058,7047,0,0,0,0,0,0,0,0,334.6103515625,9077.50390625,-0.0,1,3,0,0,0,0,0,0,0,0,0,0,1,2,0,0,0,0,332.7499084472656,3
1786296888.5612042,496.3682556152344,10123,0,84058,7080,0,0,0,0,0,0,0,0,335.1591796875,9078.052734375,-0.0,1,3,0,0,0,0,0,0,0,0,0,0,1,2,0,0,0,0,332.7499084472656,3
1786296888.6186593,496.42303466796875,10124,0,84058,7130,0,0,0,0,0,0,0,0,335.9697265625,9078.86328125,-0.0,1,3,0,0,0,0,0,0,0,0,0,0,1,2,0,0,0,0,332.7499084472656,3
1786296888.65824,496.462646484375,10125,0,84058,7164,0,0,0,0,0,0,0,0,336.5,9079.3935546875,-0.0,1,3,0,0,0,0,0,0,0,0,0,0,1,2,0,0,0,0,332.7499084472656,3
1786296888.7169044,496.5216979980469,10126,0,84058,7216,0,0,0,0,0,0,0,0,337.3896484375,9080.283203125,-0.0,1,3,0,0,0,0,0,0,0,0,0,0,1,2,0,0,0,0,332.7499084472656,3
1786296888.7669399,496.5789489746094,10127,0,84058,7275,0,0,0,0,0,0,0,0,338.2919921875,9081.185546875,-0.0,1,3,0,0,0,0,0,0,0,0,0,0,1,2,0,0,0,0,332.7499084472656,3
1786296888.8106053,496.63031005859375,10128,0,84058,7329,0,0,0,0,0,0,0,0,339.1015625,9081.9951171875,-0.0,1,3,0,0,0,0,0,0,0,0,0,0,1,2,0,0,0,0,332.7499084472656,3
1786296888.8598697,496.68743896484375,10129,0,84058,7395,0,0,0,0,0,0,0,0,340.138671875,9083.0322265625,-0.0,1,3,0,0,0,0,0,0,0,0,0,0,1,2,0,0,0,0,332.7499084472656,3
1786296888.9071949,496.7281799316406,10130,0,84058,7445,0,0,0,0,0,0,0,0,340.658203125,9083.5517578125,-0.0,1,3,0,0,0,0,0,0,0,0,0,0,1,2,0,0,0,0,332.7499084472656,3
1786296888.9540167,496.77227783203125,10131,0,84058,7479,0,0,0,0,0,0,0,0,341.4453125,9084.3388671875,-0.0,1,3,0,0,0,0,0,0,0,0,0,0,1,2,0,0,0,0,332.7499084472656,3
1786296889.01063,496.83380126953125,10132,0,84058,7545,0,0,0,0,0,0,0,0,342.533203125,9085.4267578125,-0.0,1,3,0,0,0,0,0,0,0,0,0,0,1,2,0,0,0,0,332.7499084472656,3
1786296889.0529122,496.876708984375,10133,0,84058,7579,0,0,0,0,0,0,0,0,343.091796875,9085.9853515625,-0.0,1,3,0,0,0,0,0,0,0,0,0,0,1,2,0,0,0,0,332.7499084472656,3
1786296889.1021974,496.9301452636719,10134,0,84058,7645,0,0,0,0,0,0,0,0,343.9482421875,9086.841796875,-0.0,1,3,0,0,0,0,0,0,0,0,0,0,1,2,0,0,0,0,332.7499084472656,3
1786296889.1546512,496.97216796875,10135,0,84058,7679,0,0,0,0,0,0,0,0,344.828125,9087.7216796875,-0.0,1,3,0,0,0,0,0,0,0,0,0,0,1,2,0,0,0,0,332.7499084472656,3
1786296889.2213047,497.0340576171875,10136,0,84058,7745,0,0,0,0,0,0,0,0,346.041015625,9088.9345703125,-0.0,1,3,0,0,0,0,0,0,0,0,0,0,1,2,0,0,0,0,332.7499084472656,3
1786296889.2631624,497.08233642578125,10137,0,84058,7795,0,0,0,0,0,0,0,0,346.98046875,9089.8740234375,-0.0,1,3,0,0,0,0,0,0,0,0,0,0,1,2,0,0,0,0,332.7499084472656,3
1786296889.310654,497.13031005859375,10138,0,84058,7845,0,0,0,0,0,0,0,0,347.62109375,9090.5146484375,-0.0,1,3,0,0,0,0,0,0,0,0,0,0,1,2,0,0,0,0,332.7499084472656,3
1786296889.3593693,497.17620849609375,10139,0,84058,7879,0,0,0,0,0,0,0,0,348.60546875,9091.4990234375,-0.0,1,3,0,0,0,0,0,0,0,0,0,0,1,2,0,0,0,0,332.7499084472656,3
1786296889.4202728,497.23687744140625,10140,0,84058,7945,0,0,0,0,0,0,0,0,349.958984375,9092.8525390625,-0.0,1,3,0,0,0,0,0,0,0,0,0,0,1,2,0,0,0,0,332.7499084472656,3
1786296889.4638402,497.27069091796875,10141,0,84058,7979,0,0,0,0,0,0,0,0,350.6552734375,9093.548828125,-0.0,1,3,0,0,0,0,0,0,0,0,0,0,1,2,0,0,0,0,332.7499084472656,3
1786296889.5083013,497.3075256347656,10142,0,84058,8012,0,0,0,0,0,0,0,0,351.3642578125,9094.2578125,-0.0,1,3,0,0,0,0,0,0,0,0,0,0,1,2,0,0,0,0,332.7499084472656,3
1786296889.5719068,497.3702392578125,10143,0,84058,8064,0,0,0,0,0,0,0,0,352.59375,9095.4873046875,-0.0,1,3,0,0,0,0,0,0,0,0,0,0,1,2,0,0,0,0,332.7499084472656,3
1786296889.61371,497.4127197265625,10144,0,84058,8106,0,0,0,0,0,0,0,0,353.5498046875,9096.443359375,-0.0,1,3,0,0,0,0,0,0,0,0,0,0,1,2,0,0,0,0,332.7499084472656,3
1786296889.6544702,497.4555969238281,10145,0,84058,8149,0,0,0,0,0,0,0,0,354.5419921875,9097.435546875,-0.0,1,3,0,0,0,0,0,0,0,0,0,0,1,2,0,0,0,0,332.7499084472656,3
1786296889.711586,497.531494140625,10146,0,84058,8228,0,0,0,0,0,0,0,0,356.3701171875,9099.263671875,-0.0,1,3,0,0,0,0,0,0,0,0,0,0,1,2,0,0,0,0,332.7499084472656,3
1786296889.7644632,497.5899963378906,10147,0,84058,8296,0,0,0,0,0,0,0,0,358.0478515625,9100.94140625,-0.0,1,3,0,0,0,0,0,0,0,0,0,0,1,2,0,0,0,0,332.7499084472656,3
1786296889.8014724,497.6292419433594,10148,0,84058,8346,0,0,0,0,0,0,0,0,358.876953125,9101.7705078125,-0.0,1,3,0,0,0,0,0,0,0,0,0,0,1,2,0,0,0,0,332.7499084472656,3
1786296889.8659465,497.6839599609375,10149,0,84058,8396,0,0,0,0,0,0,0,0,360.5361328125,9103.4296875,-0.0,1,3,0,0,0,0,0,0,0,0,0,0,1,2,0,0,0,0,332.7499084472656,3
1786296889.9059517,497.7281188964844,10150,0,84058,8429,0,0,0,0,0,0,0,0,361.37109375,9104.2646484375,-0.0,1,3,0,0,0,0,0,0,0,0,0,0,1,2,0,0,0,0,332.7499084472656,3
1786296889.963481,497.78704833984375,10151,0,84058,8496,0,0,0,0,0,0,0,0,363.046875,9105.9404296875,-0.0,1,3,0,0,0,0,0,0,0,0,0,0,1,2,0,0,0,0,332.7499084472656,3
1786296890.00283,497.8289794921875,10152,0,84058,8546,0,0,0,0,0,0,0,0,363.8818359375,9106.775390625,-0.0,1,3,0,0,0,0,0,0,0,0,0,0,1,2,0,0,0,0,332.7499084472656,3
1786296890.0615752,497.8848571777344,10153,0,84058,8596,0,0,0,0,0,0,0,0,365.55078125,9108.4443359375,-0.0,1,3,0,0,0,0,0,0,0,0,0,0,1,2,0,0,0,0,332.7499084472656,3
1786296890.1147885,497.93951416015625,10154,0,84058,8646,0,0,0,0,0,0,0,0,366.80859375,9109.7021484375,-0.0,1,3,0,0,0,0,0,0,0,0,0,0,1,2,0,0,0,0,332.7499084472656,3
1786296890.1550925,497.9798278808594,10155,0,84058,8696,0,0,0,0,0,0,0,0,367.65234375,9110.5458984375,-0.0,1,3,0,0,0,0,0,0,0,0,0,0,1,2,0,0,0,0,332.7499084472656,3
1786296890.20709,498.0328063964844,10156,0,84058,8746,0,0,0,0,0,0,0,0,369.349609375,9112.2431640625,-0.0,1,3,0,0,0,0,0,0,0,0,0,0,1,2,0,0,0,0,332.7499084472656,3
1786296890.253038,498.07391357421875,10157,0,84058,8779,0,0,0,0,0,0,0,0,370.203125,9113.0966796875,-0.0,1,3,0,0,0,0,0,0,0,0,0,0,1,2,0,0,0,0,332.7499084472656,3
1786296890.3194268,498.1324768066406,10158,0,84058,8846,0,0,0,0,0,0,0,0,371.9267578125,9114.8203125,-0.0,1,3,0,0,0,0,0,0,0,0,0,0,1,2,0,0,0,0,332.7499084472656,3
1786296890.3559506,498.1649475097656,10159,0,84058,8879,0,0,0,0,0,0,0,0,372.796875,9115.6904296875,-0.0,1,3,0,0,0,0,0,0,0,0,0,0,1,2,0,0,0,0,332.7499084472656,3
1786296890.4186656,498.2205810546875,10160,0,84058,8929,0,0,0,0,0,0,0,0,374.0927734375,9116.986328125,-0.0,1,3,0,0,0,0,0,0,0,0,0,0,1,2,0,0,0,0,332.7499084472656,3
1786296890.459225,498.2611389160156,10161,0,84058,8963,0,0,0,0,0,0,0,0,374.94140625,9117.8349609375,-0.0,1,3,0,0,0,0,0,0,0,0,0,0,1,2,0,0,0,0,332.7499084472656,3
1786296890.5227773,498.3233947753906,10162,0,84058,9017,0,0,0,0,0,0,0,0,376.4150390625,9119.30859375,-0.0,1,3,0,0,0,0,0,0,0,0,0,0,1,2,0,0,0,0,332.7499084472656,3
1786296890.5596578,498.3643493652344,10163,0,84058,9059,0,0,0,0,0,0,0,0,377.4345703125,9120.328125,-0.0,1,3,0,0,0,0,0,0,0,0,0,0,1,2,0,0,0,0,332.7499084472656,3
1786296890.6129704,498.4356994628906,10164,0,84058,9134,0,0,0,0,0,0,0,0,379.212890625,9122.1064453125,-0.0,1,3,0,0,0,0,0,0,0,0,0,0,1,2,0,0,0,0,332.7499084472656,3
1786296890.6533647,498.4778747558594,10165,0,84058,9184,0,0,0,0,0,0,0,0,380.4521484375,9123.345703125,-0.0,1,3,0,0,0,0,0,0,0,0,0,0,1,2,0,0,0,0,332.7499084472656,3
1786296890.7072587,498.53094482421875,10166,0,84058,9234,0,0,0,0,0,0,0,0,381.6962890625,9124.58984375,-0.0,1,3,0,0,0,0,0,0,0,0,0,0,1,2,0,0,0,0,332.7499084472656,3
1786296890.7550535,498.57232666015625,10167,0,84058,9284,0,0,0,0,0,0,0,0,382.9580078125,9125.8515625,-0.0,1,3,0,0,0,0,0,0,0,0,0,0,1,2,0,0,0,0,332.7499084472656,3
1786296890.8141344,498.63232421875,10168,0,84058,9334,0,0,0,0,0,0,0,0,384.2451171875,9127.138671875,-0.0,1,3,0,0,0,0,0,0,0,0,0,0,1,2,0,0,0,0,332.7499084472656,3
1786296890.8592064,498.678955078125,10169,0,84058,9384,0,0,0,0,0,0,0,0,385.5625,9128.4560546875,-0.0,1,3,0,0,0,0,0,0,0,0,0,0,1,2,0,0,0,0,332.7499084472656,3
1786296890.9033687,498.7243347167969,10170,0,84058,9434,0,0,0,0,0,0,0,0,386.9091796875,9129.802734375,-0.0,1,3,0,0,0,0,0,0,0,0,0,0,1,2,0,0,0,0,332.7499084472656,3
1786296890.96309,498.7832946777344,10171,0,84058,9484,0,0,0,0,0,0,0,0,388.2880859375,9131.181640625,-0.0,1,3,0,0,0,0,0,0,0,0,0,0,1,2,0,0,0,0,332.7499084472656,3
1786296891.0066717,498.82757568359375,10172,0,84058,9534,0,0,0,0,0,0,0,0,389.640625,9132.5341796875,-0.0,1,3,0,0,0,0,0,0,0,0,0,0,1,2,0,0,0,0,332.7499084472656,3
1786296891.055315,498.8729248046875,10173,0,84058,9584,0,0,0,0,0,0,0,0,391.0,9133.8935546875,-0.0,1,3,0,0,0,0,0,0,0,0,0,0,1,2,0,0,0,0,332.7499084472656,3
1786296891.112921,498.9337158203125,10174,0,84058,9634,0,0,0,0,0,0,0,0,392.3779296875,9135.271484375,-0.0,1,3,0,0,0,0,0,0,0,0,0,0,1,2,0,0,0,0,332.7499084472656,3
1786296891.1547527,498.97705078125,10175,0,84058,9684,0,0,0,0,0,0,0,0,393.77734375,9136.6708984375,-0.0,1,3,0,0,0,0,0,0,0,0,0,0,1,2,0,0,0,0,332.7499084472656,3
1786296891.2119849,499.0338439941406,10176,0,84058,9751,0,0,0,0,0,0,0,0,395.19921875,9138.0927734375,-0.0,1,3,0,0,0,0,0,0,0,0,0,0,1,2,0,0,0,0,332.7499084472656,3
1786296891.2556908,499.0771179199219,10177,0,84058,9784,0,0,0,0,0,0,0,0,396.6455078125,9139.5390625,-0.0,1,3,0,0,0,0,0,0,0,0,0,0,1,2,0,0,0,0,332.7499084472656,3
1786296891.3032784,499.1206359863281,10178,0,84058,9834,0,0,0,0,0,0,0,0,398.1171875,9141.0107421875,-0.0,1,3,0,0,0,0,0,0,0,0,0,0,1,2,0,0,0,0,332.7499084472656,3
1786296891.365654,499.17095947265625,10179,0,84058,9884,0,0,0,0,0,0,0,0,399.609375,9142.5029296875,-0.0,1,3,0,0,0,0,0,0,0,0,0,0,1,2,0,0,0,0,332.7499084472656,3
1786296891.4138665,499.2098083496094,10180,0,84058,9917,0,0,0,0,0,0,0,0,400.6142578125,9143.5078125,-0.0,1,3,0,0,0,0,0,0,0,0,0,0,1,2,0,0,0,0,332.7499084472656,3
1786296891.4576957,499.2527160644531,10181,0,84058,9951,0,0,0,0,0,0,0,0,401.62890625,9144.5224609375,-0.0,1,3,0,0,0,0,0,0,0,0,0,0,1,2,0,0,0,0,332.7499084472656,3
1786296891.5191076,499.3179626464844,10182,0,84058,10011,0,0,0,0,0,0,0,0,403.63671875,9146.5302734375,-0.0,1,3,0,0,0,0,0,0,0,0,0,0,1,2,0,0,0,0,332.7499084472656,3
1786296891.553213,499.3598327636719,10183,0,84058,10054,0,0,0,0,0,0,0,0,404.935546875,9147.8291015625,-0.0,1,3,0,0,0,0,0,0,0,0,0,0,1,2,0,0,0,0,332.7499084472656,3
1786296891.6089249,499.430419921875,10184,0,84058,10129,0,0,0,0,0,0,0,0,407.1318359375,9150.025390625,-0.0,1,3,0,0,0,0,0,0,0,0,0,0,1,2,0,0,0,0,332.7499084472656,3
1786296891.6630082,499.4862365722656,10185,0,84058,10196,0,0,0,0,0,0,0,0,409.1865234375,9152.080078125,-0.0,1,3,0,0,0,0,0,0,0,0,0,0,1,2,0,0,0,0,332.7499084472656,3
1786296891.703183,499.5263671875,10186,0,84058,10229,0,0,0,0,0,0,0,0,410.212890625,9153.1064453125,-0.0,1,3,0,0,0,0,0,0,0,0,0,0,1,2,0,0,0,0,332.7499084472656,3
1786296891.756436,499.5819396972656,10187,0,84058,10296,0,0,0,0,0,0,0,0,412.2666015625,9155.16015625,-0.0,1,3,0,0,0,0,0,0,0,0,0,0,1,2,0,0,0,0,332.7499084472656,3
1786296891.8150144,499.6374816894531,10188,0,84058,10346,0,0,0,0,0,0,0,0,413.810546875,9156.7041015625,-0.0,1,3,0,0,0,0,0,0,0,0,0,0,1,2,0,0,0,0,332.7499084472656,3
1786296891.854311,499.67913818359375,10189,0,84058,10396,0,0,0,0,0,0,0,0,414.8447265625,9157.73828125,-0.0,1,3,0,0,0,0,0,0,0,0,0,0,1,2,0,0,0,0,332.7499084472656,3
1786296891.909657,499.7342834472656,10190,0,84058,10446,0,0,0,0,0,0,0,0,416.9296875,9159.8232421875,-0.0,1,3,0,0,0,0,0,0,0,0,0,0,1,2,0,0,0,0,332.7499084472656,3
1786296891.9572303,499.7763366699219,10191,0,84058,10479,0,0,0,0,0,0,0,0,417.9833984375,9160.876953125,-0.0,1,3,0,0,0,0,0,0,0,0,0,0,1,2,0,0,0,0,332.7499084472656,3
1786296892.0090153,499.8330078125,10192,0,84058,10546,0,0,0,0,0,0,0,0,420.1298828125,9163.0234375,-0.0,1,3,0,0,0,0,0,0,0,0,0,0,1,2,0,0,0,0,332.7499084472656,3
1786296892.058438,499.87615966796875,10193,0,84058,10579,0,0,0,0,0,0,0,0,421.224609375,9164.1181640625,-0.0,1,3,0,0,0,0,0,0,0,0,0,0,1,2,0,0,0,0,332.7499084472656,3
1786296892.1160855,499.9360046386719,10194,0,84058,10646,0,0,0,0,0,0,0,0,423.455078125,9166.3486328125,-0.0,1,3,0,0,0,0,0,0,0,0,0,0,1,2,0,0,0,0,332.7499084472656,3
1786296892.1570072,499.97998046875,10195,0,84058,10696,0,0,0,0,0,0,0,0,424.5927734375,9167.486328125,-0.0,1,3,0,0,0,0,0,0,0,0,0,0,1,2,0,0,0,0,332.7499084472656,3
1786296892.214113,500.0364685058594,10196,0,84058,10746,0,0,0,0,0,0,0,0,426.8916015625,9169.78515625,-0.0,1,3,0,0,0,0,0,0,0,0,0,0,1,2,0,0,0,0,332.7499084472656,3
1786296892.254861,500.0784912109375,10197,0,84058,10796,0,0,0,0,0,0,0,0,428.056640625,9170.9501953125,-0.0,1,3,0,0,0,0,0,0,0,0,0,0,1,2,0,0,0,0,332.7499084472656,3
1786296892.3108065,500.1344299316406,10198,0,84058,10846,0,0,0,0,0,0,0,0,430.421875,9173.3154296875,-0.0,1,3,0,0,0,0,0,0,0,0,0,0,1,2,0,0,0,0,332.7499084472656,3
1786296892.354929,500.1769714355469,10199,0,84058,10879,0,0,0,0,0,0,0,0,431.6220703125,9174.515625,-0.0,1,3,0,0,0,0,0,0,0,0,0,0,1,2,0,0,0,0,332.7499084472656,3
1786296892.4193656,500.23394775390625,10200,0,84058,10946,0,0,0,0,0,0,0,0,434.05859375,9176.9521484375,-0.0,1,3,0,0,0,0,0,0,0,0,0,0,1,2,0,0,0,0,332.7499084472656,3
1786296892.457359,500.2656555175781,10201,0,84058,10979,0,0,0,0,0,0,0,0,435.2958984375,9178.189453125,-0.0,1,3,0,0,0,0,0,0,0,0,0,0,1,2,0,0,0,0,332.7499084472656,3
1786296892.520044,500.3199462890625,10202,0,84058,11029,0,0,0,0,0,0,0,0,437.1708984375,9180.064453125,-0.0,1,3,0,0,0,0,0,0,0,0,0,0,1,2,0,0,0,0,332.7499084472656,3
1786296892.5597372,500.3604431152344,10203,0,84058,11062,0,0,0,0,0,0,0,0,438.4365234375,9181.330078125,-0.0,1,3,0,0,0,0,0,0,0,0,0,0,1,2,0,0,0,0,332.7499084472656,3
1786296892.623945,500.4220275878906,10204,0,84058,11116,0,0,0,0,0,0,0,0,440.658203125,9183.5517578125,-0.0,1,3,0,0,0,0,0,0,0,0,0,0,1,2,0,0,0,0,332.7499084472656,3
1786296892.6572497,500.4627990722656,10205,0,84058,11157,0,0,0,0,0,0,0,0,442.2470703125,9185.140625,-0.0,1,3,0,0,0,0,0,0,0,0,0,0,1,2,0,0,0,0,332.7499084472656,3
1786296892.7037287,500.51995849609375,10206,0,84058,11216,0,0,0,0,0,0,0,0,444.505859375,9187.3994140625,-0.0,1,3,0,0,0,0,0,0,0,0,0,0,1,2,0,0,0,0,332.7499084472656,3
1786296892.7575285,500.5818786621094,10207,0,84058,11285,0,0,0,0,0,0,0,0,447.2060546875,9190.099609375,-0.0,1,3,0,0,0,0,0,0,0,0,0,0,1,2,0,0,0,0,332.7499084472656,3
1786296892.8102472,500.6354064941406,10208,0,84058,11352,0,0,0,0,0,0,0,0,449.2509765625,9192.14453125,-0.0,1,3,0,0,0,0,0,0,0,0,0,0,1,2,0,0,0,0,332.7499084472656,3
1786296892.863002,500.67901611328125,10209,0,84058,11385,0,0,0,0,0,0,0,0,451.32421875,9194.2177734375,-0.0,1,3,0,0,0,0,0,0,0,0,0,0,1,2,0,0,0,0,332.7499084472656,3
1786296892.9102428,500.72607421875,10210,0,84058,11435,0,0,0,0,0,0,0,0,453.427734375,9196.3212890625,-0.0,1,3,0,0,0,0,0,0,0,0,0,0,1,2,0,0,0,0,332.7499084472656,3
1786296892.9572897,500.7749328613281,10211,0,84058,11485,0,0,0,0,0,0,0,0,455.5615234375,9198.455078125,-0.0,1,3,0,0,0,0,0,0,0,0,0,0,1,2,0,0,0,0,332.7499084472656,3
1786296893.0148158,500.83721923828125,10212,0,84058,11552,0,0,0,0,0,0,0,0,458.4560546875,9201.349609375,-0.0,1,3,0,0,0,0,0,0,0,0,0,0,1,2,0,0,0,0,332.7499084472656,3
1786296893.0583513,500.8805847167969,10213,0,84058,11585,0,0,0,0,0,0,0,0,459.921875,9202.8154296875,-0.0,1,3,0,0,0,0,0,0,0,0,0,0,1,2,0,0,0,0,332.7499084472656,3
1786296893.1042538,500.9237365722656,10214,0,84058,11635,0,0,0,0,0,0,0,0,462.1328125,9205.0263671875,-0.0,1,3,0,0,0,0,0,0,0,0,0,0,1,2,0,0,0,0,332.7499084472656,3
1786296893.1611066,500.9822998046875,10215,0,84058,11685,0,0,0,0,0,0,0,0,464.3662109375,9207.259765625,-0.0,1,3,0,0,0,0,0,0,0,0,0,0,1,2,0,0,0,0,332.7499084472656,3
1786296893.2041256,501.0258483886719,10216,0,84058,11735,0,0,0,0,0,0,0,0,466.6279296875,9209.521484375,-0.0,1,3,0,0,0,0,0,0,0,0,0,0,1,2,0,0,0,0,332.7499084472656,3
1786296893.2609231,501.08331298828125,10217,0,84058,11785,0,0,0,0,0,0,0,0,468.91796875,9211.8115234375,-0.0,1,3,0,0,0,0,0,0,0,0,0,0,1,2,0,0,0,0,332.7499084472656,3
1786296893.311552,501.12762451171875,10218,0,84058,11835,0,0,0,0,0,0,0,0,471.2373046875,9214.130859375,-0.0,1,3,0,0,0,0,0,0,0,0,0,0,1,2,0,0,0,0,332.7499084472656,3
1786296893.3569515,501.1739807128906,10219,0,84058,11885,0,0,0,0,0,0,0,0,473.583984375,9216.4775390625,-0.0,1,3,0,0,0,0,0,0,0,0,0,0,1,2,0,0,0,0,332.7499084472656,3
1786296893.4112203,501.2225646972656,10220,0,84058,11935,0,0,0,0,0,0,0,0,475.9580078125,9218.8515625,-0.0,1,3,0,0,0,0,0,0,0,0,0,0,1,2,0,0,0,0,332.7499084472656,3
1786296893.455896,501.2581787109375,10221,0,84058,11968,0,0,0,0,0,0,0,0,477.556640625,9220.4501953125,-0.0,1,3,0,0,0,0,0,0,0,0,0,0,1,2,0,0,0,0,332.7499084472656,3
1786296893.5162377,501.31707763671875,10222,0,84058,12018,0,0,0,0,0,0,0,0,479.97265625,9222.8662109375,-0.0,1,3,0,0,0,0,0,0,0,0,0,0,1,2,0,0,0,0,332.7499084472656,3
1786296893.5600317,501.35882568359375,10223,0,84058,12053,0,0,0,0,0,0,0,0,481.845703125,9224.7392578125,-0.0,1,3,0,0,0,0,0,0,0,0,0,0,1,2,0,0,0,0,332.7499084472656,3
1786296893.6023722,501.4006042480469,10224,0,84058,12094,0,0,0,0,0,0,0,0,483.8994140625,9226.79296875,-0.0,1,3,0,0,0,0,0,0,0,0,0,0,1,2,0,0,0,0,332.7499084472656,3
1786296893.6563916,501.4626770019531,10225,0,84058,12157,0,0,0,0,0,0,0,0,486.9794921875,9229.873046875,-0.0,1,3,0,0,0,0,0,0,0,0,0,0,1,2,0,0,0,0,332.7499084472656,3
1786296893.713779,501.5339660644531,10226,0,84058,12232,0,0,0,0,0,0,0,0,490.5810546875,9233.474609375,-0.0,1,3,0,0,0,0,0,0,0,0,0,0,1,2,0,0,0,0,332.7499084472656,3
1786296893.7548285,501.57757568359375,10227,0,84058,12282,0,0,0,0,0,0,0,0,493.1123046875,9236.005859375,-0.0,1,3,0,0,0,0,0,0,0,0,0,0,1,2,0,0,0,0,332.7499084472656,3
1786296893.8181129,501.63519287109375,10228,0,84058,12349,0,0,0,0,0,0,0,0,496.5205078125,9239.4140625,-0.0,1,3,0,0,0,0,0,0,0,0,0,0,1,2,0,0,0,0,332.7499084472656,3
1786296893.8670607,501.68218994140625,10229,0,84058,12382,0,0,0,0,0,0,0,0,498.2392578125,9241.1328125,-0.0,1,3,0,0,0,0,0,0,0,0,0,0,1,2,0,0,0,0,332.7499084472656,3
1786296893.9104757,501.7293701171875,10230,0,84058,12432,0,0,0,0,0,0,0,0,500.8359375,9243.7294921875,-0.0,1,3,0,0,0,0,0,0,0,0,0,0,1,2,0,0,0,0,332.7499084472656,3
1786296893.9617374,501.7760314941406,10231,0,84058,12482,0,0,0,0,0,0,0,0,503.439453125,9246.3330078125,-0.0,1,3,0,0,0,0,0,0,0,0,0,0,1,2,0,0,0,0,332.7499084472656,3
1786296894.015017,501.8369140625,10232,0,84058,12549,0,0,0,0,0,0,0,0,506.9345703125,9249.828125,-0.0,1,3,0,0,0,0,0,0,0,0,0,0,1,2,0,0,0,0,332.7499084472656,3
1786296894.0588143,501.87933349609375,10233,0,84058,12582,0,0,0,0,0,0,0,0,508.7001953125,9251.59375,-0.0,1,3,0,0,0,0,0,0,0,0,0,0,1,2,0,0,0,0,332.7499084472656,3
1786296894.1099823,501.9344482421875,10234,0,84058,12649,0,0,0,0,0,0,0,0,511.3740234375,9254.267578125,-0.0,1,3,0,0,0,0,0,0,0,0,0,0,1,2,0,0,0,0,332.7499084472656,3
1786296894.1621792,501.9889221191406,10235,0,84058,12699,0,0,0,0,0,0,0,0,514.9912109375,9257.884765625,-0.0,1,3,0,0,0,0,0,0,0,0,0,0,1,2,0,0,0,0,332.7499084472656,3
1786296894.2141623,502.040771484375,10236,0,84058,12749,0,0,0,0,0,0,0,0,517.73828125,9260.6318359375,-0.0,1,3,0,0,0,0,0,0,0,0,0,0,1,2,0,0,0,0,332.7499084472656,3
1786296894.255555,502.0800476074219,10237,0,84058,12782,0,0,0,0,0,0,0,0,519.5859375,9262.4794921875,-0.0,1,3,0,0,0,0,0,0,0,0,0,0,1,2,0,0,0,0,332.7499084472656,3
1786296894.3056889,502.13348388671875,10238,0,84058,12849,0,0,0,0,0,0,0,0,522.3828125,9265.2763671875,-0.0,1,3,0,0,0,0,0,0,0,0,0,0,1,2,0,0,0,0,332.7499084472656,3
1786296894.3619606,502.18768310546875,10239,0,84058,12899,0,0,0,0,0,0,0,0,526.154296875,9269.0478515625,-0.0,1,3,0,0,0,0,0,0,0,0,0,0,1,2,0,0,0,0,332.7499084472656,3
1786296894.4053195,502.2283630371094,10240,0,84058,12932,0,0,0,0,0,0,0,0,528.05078125,9270.9443359375,-0.0,1,3,0,0,0,0,0,0,0,0,0,0,1,2,0,0,0,0,332.7499084472656,3
1786296894.456169,502.2816162109375,10241,0,84058,12999,0,0,0,0,0,0,0,0,530.912109375,9273.8056640625,-0.0,1,3,0,0,0,0,0,0,0,0,0,0,1,2,0,0,0,0,332.7499084472656,3
1786296894.509397,502.3348083496094,10242,0,84058,13049,0,0,0,0,0,0,0,0,534.7568359375,9277.650390625,-0.0,1,3,0,0,0,0,0,0,0,0,0,0,1,2,0,0,0,0,332.7499084472656,3
1786296894.5631237,502.38824462890625,10244,0,84058,13099,0,0,0,0,0,0,0,0,537.6650390625,9280.55859375,-0.0,1,3,0,0,0,0,0,0,0,0,0,0,1,2,0,0,0,0,332.7499084472656,3
1786296894.603298,502.4282531738281,10245,0,84058,13132,0,0,0,0,0,0,0,0,539.6162109375,9282.509765625,-0.0,1,3,0,0,0,0,0,0,0,0,0,0,1,2,0,0,0,0,332.7499084472656,3
1786296894.6552844,502.4811706542969,10246,0,84058,13199,0,0,0,0,0,0,0,0,542.5625,9285.4560546875,-0.0,1,3,0,0,0,0,0,0,0,0,0,0,1,2,0,0,0,0,332.7499084472656,3
1786296894.7143698,502.5368347167969,10247,0,84058,13249,0,0,0,0,0,0,0,0,546.5263671875,9289.419921875,-0.0,1,3,0,0,0,0,0,0,0,0,0,0,1,2,0,0,0,0,332.7499084472656,3
1786296894.7538872,502.57843017578125,10248,0,84058,13282,0,0,0,0,0,0,0,0,548.5244140625,9291.41796875,-0.0,1,3,0,0,0,0,0,0,0,0,0,0,1,2,0,0,0,0,332.7499084472656,3
1786296894.8057275,502.631591796875,10249,0,84058,13349,0,0,0,0,0,0,0,0,551.53515625,9294.4287109375,-0.0,1,3,0,0,0,0,0,0,0,0,0,0,1,2,0,0,0,0,332.7499084472656,3
1786296894.8601265,502.6847839355469,10250,0,84058,13399,0,0,0,0,0,0,0,0,555.5751953125,9298.46875,-0.0,1,3,0,0,0,0,0,0,0,0,0,0,1,2,0,0,0,0,332.7499084472656,3
1786296894.9095314,502.7368469238281,10251,0,84058,13449,0,0,0,0,0,0,0,0,558.6240234375,9301.517578125,-0.0,1,3,0,0,0,0,0,0,0,0,0,0,1,2,0,0,0,0,332.7499084472656,3
1786296894.9519506,502.7758483886719,10252,0,84058,13482,0,0,0,0,0,0,0,0,560.6650390625,9303.55859375,-0.0,1,3,0,0,0,0,0,0,0,0,0,0,1,2,0,0,0,0,332.7499084472656,3
1786296895.0083222,502.8302001953125,10253,0,84058,13532,0,0,0,0,0,0,0,0,563.7412109375,9306.634765625,-0.0,1,3,0,0,0,0,0,0,0,0,0,0,1,2,0,0,0,0,332.7499084472656,3
1786296895.0545537,502.873046875,10254,0,84058,13582,0,0,0,0,0,0,0,0,566.833984375,9309.7275390625,-0.0,1,3,0,0,0,0,0,0,0,0,0,0,1,2,0,0,0,0,332.7499084472656,3
1786296895.1073453,502.9305419921875,10255,0,84058,13632,0,0,0,0,0,0,0,0,569.943359375,9312.8369140625,-0.0,1,3,0,0,0,0,0,0,0,0,0,0,1,2,0,0,0,0,332.7499084472656,3
1786296895.1547637,502.9741516113281,10256,0,84058,13682,0,0,0,0,0,0,0,0,573.076171875,9315.9697265625,-0.0,1,3,0,0,0,0,0,0,0,0,0,0,1,2,0,0,0,0,332.7499084472656,3
1786296895.2096,503.0322265625,10257,0,84058,13732,0,0,0,0,0,0,0,0,576.232421875,9319.1259765625,-0.0,1,3,0,0,0,0,0,0,0,0,0,0,1,2,0,0,0,0,332.7499084472656,3
1786296895.2630281,503.0872497558594,10258,0,84058,13799,0,0,0,0,0,0,0,0,580.4658203125,9323.359375,-0.0,1,3,0,0,0,0,0,0,0,0,0,0,1,2,0,0,0,0,332.7499084472656,3
1786296895.3031702,503.1275634765625,10259,0,84058,13832,0,0,0,0,0,0,0,0,582.5947265625,9325.48828125,-0.0,1,3,0,0,0,0,0,0,0,0,0,0,1,2,0,0,0,0,332.7499084472656,3
1786296895.3594077,503.1824035644531,10260,0,84058,13899,0,0,0,0,0,0,0,0,585.80078125,9328.6943359375,-0.0,1,3,0,0,0,0,0,0,0,0,0,0,1,2,0,0,0,0,332.7499084472656,3
1786296895.401648,503.2245788574219,10261,0,84058,13932,0,0,0,0,0,0,0,0,589.0244140625,9331.91796875,-0.0,1,3,0,0,0,0,0,0,0,0,0,0,1,2,0,0,0,0,332.7499084472656,3
1786296895.4636762,503.2820739746094,10262,0,84058,13982,0,0,0,0,0,0,0,0,592.2646484375,9335.158203125,-0.0,1,3,0,0,0,0,0,0,0,0,0,0,1,2,0,0,0,0,332.7499084472656,3
1786296895.5126371,503.3285827636719,10263,0,84058,14032,0,0,0,0,0,0,0,0,595.5205078125,9338.4140625,-0.0,1,3,0,0,0,0,0,0,0,0,0,0,1,2,0,0,0,0,332.7499084472656,3
1786296895.5751529,503.3788146972656,10264,0,84058,14082,0,0,0,0,0,0,0,0,598.7939453125,9341.6875,-0.0,1,3,0,0,0,0,0,0,0,0,0,0,1,2,0,0,0,0,332.7499084472656,3
1786296895.615099,503.4162292480469,10265,0,84058,14116,0,0,0,0,0,0,0,0,600.984375,9343.8779296875,-0.0,1,3,0,0,0,0,0,0,0,0,0,0,1,2,0,0,0,0,332.7499084472656,3
1786296895.6576579,503.4562683105469,10266,0,84058,14150,0,0,0,0,0,0,0,0,603.5205078125,9346.4140625,-0.0,1,3,0,0,0,0,0,0,0,0,0,0,1,2,0,0,0,0,332.7499084472656,3
1786296895.7204576,503.52032470703125,10267,0,84058,14214,0,0,0,0,0,0,0,0,607.7763671875,9350.669921875,-0.0,1,3,0,0,0,0,0,0,0,0,0,0,1,2,0,0,0,0,332.7499084472656,3
1786296895.7628744,503.5622253417969,10268,0,84058,14256,0,0,0,0,0,0,0,0,610.5771484375,9353.470703125,-0.0,1,3,0,0,0,0,0,0,0,0,0,0,1,2,0,0,0,0,332.7499084472656,3
1786296895.808762,503.62078857421875,10269,0,84058,14317,0,0,0,0,0,0,0,0,614.5087890625,9357.40234375,-0.0,1,3,0,0,0,0,0,0,0,0,0,0,1,2,0,0,0,0,332.7499084472656,3
1786296895.855645,503.6720275878906,10270,0,84058,14370,0,0,0,0,0,0,0,0,617.986328125,9360.8798828125,-0.0,1,3,0,0,0,0,0,0,0,0,0,0,1,2,0,0,0,0,332.7499084472656,3
1786296895.9065495,503.73126220703125,10271,0,84058,14437,0,0,0,0,0,0,0,0,622.5107421875,9365.404296875,-0.0,1,3,0,0,0,0,0,0,0,0,0,0,1,2,0,0,0,0,332.7499084472656,3
1786296895.9574678,503.7744140625,10272,0,84058,14487,0,0,0,0,0,0,0,0,625.9208984375,9368.814453125,-0.0,1,3,0,0,0,0,0,0,0,0,0,0,1,2,0,0,0,0,332.7499084472656,3
1786296896.0121963,503.8334655761719,10273,0,84058,14537,0,0,0,0,0,0,0,0,629.3251953125,9372.21875,-0.0,1,3,0,0,0,0,0,0,0,0,0,0,1,2,0,0,0,0,332.7499084472656,3
1786296896.0540965,503.8769836425781,10274,0,84058,14587,0,0,0,0,0,0,0,0,632.71484375,9375.6083984375,-0.0,1,3,0,0,0,0,0,0,0,0,0,0,1,2,0,0,0,0,332.7499084472656,3
1786296896.1075566,503.9320983886719,10275,0,84058,14637,0,0,0,0,0,0,0,0,636.08984375,9378.9833984375,-0.0,1,3,0,0,0,0,0,0,0,0,0,0,1,2,0,0,0,0,332.7499084472656,3
1786296896.1632426,503.98760986328125,10276,0,84058,14704,0,0,0,0,0,0,0,0,639.4501953125,9382.34375,-0.0,1,3,0,0,0,0,0,0,0,0,0,0,1,2,0,0,0,0,332.7499084472656,3
1786296896.2033184,504.0292663574219,10277,0,84058,14737,0,0,0,0,0,0,0,0,642.7958984375,9385.689453125,-0.0,1,3,0,0,0,0,0,0,0,0,0,0,1,2,0,0,0,0,332.7499084472656,3
1786296896.2598276,504.0831604003906,10278,0,84058,14787,0,0,0,0,0,0,0,0,646.126953125,9389.0205078125,-0.0,1,3,0,0,0,0,0,0,0,0,0,0,1,2,0,0,0,0,332.7499084472656,3
1786296896.3043823,504.1249084472656,10279,0,84058,14837,0,0,0,0,0,0,0,0,649.4443359375,9392.337890625,-0.0,1,3,0,0,0,0,0,0,0,0,0,0,1,2,0,0,0,0,332.7499084472656,3
1786296896.3586526,504.1816711425781,10280,0,84058,14887,0,0,0,0,0,0,0,0,652.7470703125,9395.640625,-0.0,1,3,0,0,0,0,0,0,0,0,0,0,1,2,0,0,0,0,332.7499084472656,3
1786296896.4065535,504.22540283203125,10281,0,84058,14937,0,0,0,0,0,0,0,0,656.0302734375,9398.923828125,-0.0,1,3,0,0,0,0,0,0,0,0,0,0,1,2,0,0,0,0,332.7499084472656,3
1786296896.4529018,504.2714538574219,10282,0,84058,14987,0,0,0,0,0,0,0,0,658.2060546875,9401.099609375,-0.0,1,3,0,0,0,0,0,0,0,0,0,0,1,2,0,0,0,0,332.7499084472656,3
1786296896.5064662,504.31884765625,10283,0,84058,15020,0,0,0,0,0,0,0,0,661.4462890625,9404.33984375,-0.0,1,3,0,0,0,0,0,0,0,0,0,0,1,2,0,0,0,0,332.7499084472656,3
1786296896.5713656,504.3719482421875,10284,0,84058,15070,0,0,0,0,0,0,0,0,664.6513671875,9407.544921875,-0.0,1,3,0,0,0,0,0,0,0,0,0,0,1,2,0,0,0,0,332.7499084472656,3
1786296896.6098762,504.4111633300781,10285,0,84058,15106,0,0,0,0,0,0,0,0,667.115234375,9410.0087890625,-0.0,1,3,0,0,0,0,0,0,0,0,0,0,1,2,0,0,0,0,332.7499084472656,3
1786296896.6717908,504.47320556640625,10286,0,84058,15167,0,0,0,0,0,0,0,0,670.9951171875,9413.888671875,-0.0,1,3,0,0,0,0,0,0,0,0,0,0,1,2,0,0,0,0,332.7499084472656,3
1786296896.7126148,504.5146484375,10287,0,84058,15209,0,0,0,0,0,0,0,0,673.546875,9416.4404296875,-0.0,1,3,0,0,0,0,0,0,0,0,0,0,1,2,0,0,0,0,332.7499084472656,3
1786296896.7584262,504.5721740722656,10288,0,84058,15269,0,0,0,0,0,0,0,0,677.033203125,9419.9267578125,-0.0,1,3,0,0,0,0,0,0,0,0,0,0,1,2,0,0,0,0,332.7499084472656,3
1786296896.8112764,504.6353454589844,10289,0,84058,15337,0,0,0,0,0,0,0,0,681.02734375,9423.9208984375,-0.0,1,3,0,0,0,0,0,0,0,0,0,0,1,2,0,0,0,0,332.7499084472656,3
1786296896.8532503,504.6768798828125,10290,0,84058,15387,0,0,0,0,0,0,0,0,683.9365234375,9426.830078125,-0.0,1,3,0,0,0,0,0,0,0,0,0,0,1,2,0,0,0,0,332.7499084472656,3
1786296896.9132857,504.7330627441406,10291,0,84058,15437,0,0,0,0,0,0,0,0,686.7958984375,9429.689453125,-0.0,1,3,0,0,0,0,0,0,0,0,0,0,1,2,0,0,0,0,332.7499084472656,3
1786296896.956357,504.7772216796875,10292,0,84058,15487,0,0,0,0,0,0,0,0,689.61328125,9432.5068359375,-0.0,1,3,0,0,0,0,0,0,0,0,0,0,1,2,0,0,0,0,332.7499084472656,3
1786296897.005406,504.8232421875,10293,0,84058,15537,0,0,0,0,0,0,0,0,692.375,9435.2685546875,-0.0,1,3,0,0,0,0,0,0,0,0,0,0,1,2,0,0,0,0,332.7499084472656,3
1786296897.0563815,504.8720397949219,10294,0,84058,15571,0,0,0,0,0,0,0,0,694.18359375,9437.0771484375,-0.0,1,3,0,0,0,0,0,0,0,0,0,0,1,2,0,0,0,0,332.7499084472656,3
1786296897.1055803,504.9214782714844,10295,0,84058,15621,0,0,0,0,0,0,0,0,696.845703125,9439.7392578125,-0.0,1,3,0,0,0,0,0,0,0,0,0,0,1,2,0,0,0,0,332.7499084472656,3
1786296897.1633205,504.982666015625,10296,0,84058,15687,0,0,0,0,0,0,0,0,700.291015625,9443.1845703125,-0.0,1,3,0,0,0,0,0,0,0,0,0,0,1,2,0,0,0,0,332.7499084472656,3
1786296897.2063322,505.0274963378906,10297,0,84058,15737,0,0,0,0,0,0,0,0,702.7919921875,9445.685546875,-0.0,1,3,0,0,0,0,0,0,0,0,0,0,1,2,0,0,0,0,332.7499084472656,3
1786296897.2565713,505.07318115234375,10298,0,84058,15787,0,0,0,0,0,0,0,0,705.2333984375,9448.126953125,-0.0,1,3,0,0,0,0,0,0,0,0,0,0,1,2,0,0,0,0,332.7499084472656,3
1786296897.3122137,505.1334228515625,10299,0,84058,15837,0,0,0,0,0,0,0,0,707.630859375,9450.5244140625,-0.0,1,3,0,0,0,0,0,0,0,0,0,0,1,2,0,0,0,0,332.7499084472656,3
1786296897.355387,505.17706298828125,10300,0,84058,15887,0,0,0,0,0,0,0,0,709.98828125,9452.8818359375,-0.0,1,3,0,0,0,0,0,0,0,0,0,0,1,2,0,0,0,0,332.7499084472656,3
1786296897.4023,505.2204284667969,10301,0,84058,15921,0,0,0,0,0,0,0,0,711.53125,9454.4248046875,-0.0,1,3,0,0,0,0,0,0,0,0,0,0,1,2,0,0,0,0,332.7499084472656,3
1786296897.468009,505.2811584472656,10302,0,84058,15987,0,0,0,0,0,0,0,0,714.5419921875,9457.435546875,-0.0,1,3,0,0,0,0,0,0,0,0,0,0,1,2,0,0,0,0,332.7499084472656,3
1786296897.5098658,505.31524658203125,10303,0,84058,16021,0,0,0,0,0,0,0,0,716.0087890625,9458.90234375,-0.0,1,3,0,0,0,0,0,0,0,0,0,0,1,2,0,0,0,0,332.7499084472656,3
1786296897.554001,505.35260009765625,10304,0,84058,16054,0,0,0,0,0,0,0,0,717.4501953125,9460.34375,-0.0,1,3,0,0,0,0,0,0,0,0,0,0,1,2,0,0,0,0,332.7499084472656,3
1786296897.62111,505.41607666015625,10305,0,84058,16109,0,0,0,0,0,0,0,0,719.982421875,9462.8759765625,-0.0,1,3,0,0,0,0,0,0,0,0,0,0,1,2,0,0,0,0,332.7499084472656,3
1786296897.6620111,505.4593811035156,10306,0,84058,16152,0,0,0,0,0,0,0,0,721.7587890625,9464.65234375,-0.0,1,3,0,0,0,0,0,0,0,0,0,0,1,2,0,0,0,0,332.7499084472656,3
1786296897.7148376,505.5221252441406,10307,0,84058,16216,0,0,0,0,0,0,0,0,724.28515625,9467.1787109375,-0.0,1,3,0,0,0,0,0,0,0,0,0,0,1,2,0,0,0,0,332.7499084472656,3
1786296897.7544484,505.57568359375,10308,0,84058,16273,0,0,0,0,0,0,0,0,726.3876953125,9469.28125,-0.0,1,3,0,0,0,0,0,0,0,0,0,0,1,2,0,0,0,0,332.7499084472656,3
1786296897.8113441,505.6349182128906,10309,0,84058,16340,0,0,0,0,0,0,0,0,728.9443359375,9471.837890625,-0.0,1,3,0,0,0,0,0,0,0,0,0,0,1,2,0,0,0,0,332.7499084472656,3
1786296897.8554428,505.6766357421875,10310,0,84058,16390,0,0,0,0,0,0,0,0,730.828125,9473.7216796875,-0.0,1,3,0,0,0,0,0,0,0,0,0,0,1,2,0,0,0,0,332.7499084472656,3
1786296897.9151998,505.7339782714844,10311,0,84058,16440,0,0,0,0,0,0,0,0,732.7021484375,9475.595703125,-0.0,1,3,0,0,0,0,0,0,0,0,0,0,1,2,0,0,0,0,332.7499084472656,3
1786296897.9641604,505.7801513671875,10312,0,84058,16490,0,0,0,0,0,0,0,0,734.568359375,9477.4619140625,-0.0,1,3,0,0,0,0,0,0,0,0,0,0,1,2,0,0,0,0,332.7499084472656,3
1786296898.0136602,505.82745361328125,10313,0,84058,16540,0,0,0,0,0,0,0,0,736.4375,9479.3310546875,-0.0,1,3,0,0,0,0,0,0,0,0,0,0,1,2,0,0,0,0,332.7499084472656,3
1786296898.0577798,505.8743896484375,10314,0,84058,16574,0,0,0,0,0,0,0,0,737.6875,9480.5810546875,-0.0,1,3,0,0,0,0,0,0,0,0,0,0,1,2,0,0,0,0,332.7499084472656,3
1786296898.117223,505.9354248046875,10315,0,84058,16640,0,0,0,0,0,0,0,0,740.2734375,9483.1669921875,-0.0,1,3,0,0,0,0,0,0,0,0,0,0,1,2,0,0,0,0,332.7499084472656,3
1786296898.1610816,505.9802551269531,10316,0,84058,16690,0,0,0,0,0,0,0,0,742.11328125,9485.0068359375,-0.0,1,3,0,0,0,0,0,0,0,0,0,0,1,2,0,0,0,0,332.7499084472656,3
1786296898.205197,506.0246887207031,10317,0,84058,16740,0,0,0,0,0,0,0,0,743.30078125,9486.1943359375,-0.0,1,3,0,0,0,0,0,0,0,0,0,0,1,2,0,0,0,0,332.7499084472656,3
1786296898.26372,506.08416748046875,10318,0,84058,16790,0,0,0,0,0,0,0,0,745.6064453125,9488.5,-0.0,1,3,0,0,0,0,0,0,0,0,0,0,1,2,0,0,0,0,332.7499084472656,3
1786296898.308743,506.1289978027344,10319,0,84058,16840,0,0,0,0,0,0,0,0,747.2900390625,9490.18359375,-0.0,1,3,0,0,0,0,0,0,0,0,0,0,1,2,0,0,0,0,332.7499084472656,3
1786296898.3570821,506.17413330078125,10320,0,84058,16874,0,0,0,0,0,0,0,0,748.3994140625,9491.29296875,-0.0,1,3,0,0,0,0,0,0,0,0,0,0,1,2,0,0,0,0,332.7499084472656,3
1786296898.4050813,506.22088623046875,10321,0,84058,16924,0,0,0,0,0,0,0,0,750.05078125,9492.9443359375,-0.0,1,3,0,0,0,0,0,0,0,0,0,0,1,2,0,0,0,0,332.7499084472656,3
1786296898.4622266,506.27044677734375,10322,0,84058,16974,0,0,0,0,0,0,0,0,751.697265625,9494.5908203125,-0.0,1,3,0,0,0,0,0,0,0,0,0,0,1,2,0,0,0,0,332.7499084472656,3
1786296898.5027835,506.3066711425781,10323,0,84058,17007,0,0,0,0,0,0,0,0,752.798828125,9495.6923828125,-0.0,1,3,0,0,0,0,0,0,0,0,0,0,1,2,0,0,0,0,332.7499084472656,3
1786296898.5673442,506.36627197265625,10324,0,84058,17060,0,0,0,0,0,0,0,0,754.5986328125,9497.4921875,-0.0,1,3,0,0,0,0,0,0,0,0,0,0,1,2,0,0,0,0,332.7499084472656,3
1786296898.6098082,506.4082946777344,10325,0,84058,17102,0,0,0,0,0,0,0,0,755.8994140625,9498.79296875,-0.0,1,3,0,0,0,0,0,0,0,0,0,0,1,2,0,0,0,0,332.7499084472656,3
1786296898.6645956,506.47137451171875,10326,0,84058,17166,0,0,0,0,0,0,0,0,757.8427734375,9500.736328125,-0.0,1,3,0,0,0,0,0,0,0,0,0,0,1,2,0,0,0,0,332.7499084472656,3
1786296898.707013,506.526123046875,10327,0,84058,17224,0,0,0,0,0,0,0,0,759.521484375,9502.4150390625,-0.0,1,3,0,0,0,0,0,0,0,0,0,0,1,2,0,0,0,0,332.7499084472656,3
1786296898.7623894,506.5843505859375,10328,0,84058,17291,0,0,0,0,0,0,0,0,761.556640625,9504.4501953125,-0.0,1,3,0,0,0,0,0,0,0,0,0,0,1,2,0,0,0,0,332.7499084472656,3
1786296898.8029318,506.62554931640625,10329,0,84058,17341,0,0,0,0,0,0,0,0,762.5712890625,9505.46484375,-0.0,1,3,0,0,0,0,0,0,0,0,0,0,1,2,0,0,0,0,332.7499084472656,3
1786296898.8563652,506.6704406738281,10330,0,84058,17374,0,0,0,0,0,0,0,0,764.087890625,9506.9814453125,-0.0,1,3,0,0,0,0,0,0,0,0,0,0,1,2,0,0,0,0,332.7499084472656,3
1786296898.915473,506.7350158691406,10331,0,84058,17441,0,0,0,0,0,0,0,0,766.1044921875,9508.998046875,-0.0,1,3,0,0,0,0,0,0,0,0,0,0,1,2,0,0,0,0,332.7499084472656,3
1786296898.958007,506.7806701660156,10332,0,84058,17491,0,0,0,0,0,0,0,0,767.6162109375,9510.509765625,-0.0,1,3,0,0,0,0,0,0,0,0,0,0,1,2,0,0,0,0,332.7499084472656,3
1786296899.0147676,506.8378601074219,10333,0,84058,17541,0,0,0,0,0,0,0,0,769.16015625,9512.0537109375,-0.0,1,3,0,0,0,0,0,0,0,0,0,0,1,2,0,0,0,0,332.7499084472656,3
1786296899.0609236,506.88165283203125,10334,0,84058,17591,0,0,0,0,0,0,0,0,770.7626953125,9513.65625,-0.0,1,3,0,0,0,0,0,0,0,0,0,0,1,2,0,0,0,0,332.7499084472656,3
1786296899.1034672,506.92529296875,10335,0,84058,17641,0,0,0,0,0,0,0,0,771.8291015625,9514.72265625,-0.0,1,3,0,0,0,0,0,0,0,0,0,0,1,2,0,0,0,0,332.7499084472656,3
1786296899.1629398,506.98394775390625,10336,0,84058,17691,0,0,0,0,0,0,0,0,773.9599609375,9516.853515625,-0.0,1,3,0,0,0,0,0,0,0,0,0,0,1,2,0,0,0,0,332.7499084472656,3
1786296899.2070456,507.028076171875,10337,0,84058,17741,0,0,0,0,0,0,0,0,775.55859375,9518.4521484375,-0.0,1,3,0,0,0,0,0,0,0,0,0,0,1,2,0,0,0,0,332.7499084472656,3
1786296899.2651782,507.0857849121094,10338,0,84058,17791,0,0,0,0,0,0,0,0,777.1572265625,9520.05078125,-0.0,1,3,0,0,0,0,0,0,0,0,0,0,1,2,0,0,0,0,332.7499084472656,3
1786296899.3121254,507.12994384765625,10339,0,84058,17841,0,0,0,0,0,0,0,0,778.7578125,9521.6513671875,-0.0,1,3,0,0,0,0,0,0,0,0,0,0,1,2,0,0,0,0,332.7499084472656,3
1786296899.354185,507.1754150390625,10340,0,84058,17891,0,0,0,0,0,0,0,0,779.8251953125,9522.71875,-0.0,1,3,0,0,0,0,0,0,0,0,0,0,1,2,0,0,0,0,332.7499084472656,3
1786296899.41574,507.2237854003906,10341,0,84058,17924,0,0,0,0,0,0,0,0,781.4248046875,9524.318359375,-0.0,1,3,0,0,0,0,0,0,0,0,0,0,1,2,0,0,0,0,332.7499084472656,3
1786296899.4576132,507.25970458984375,10342,0,84058,17957,0,0,0,0,0,0,0,0,782.498046875,9525.3916015625,-0.0,1,3,0,0,0,0,0,0,0,0,0,0,1,2,0,0,0,0,332.7499084472656,3
1786296899.519415,507.3196105957031,10343,0,84058,18013,0,0,0,0,0,0,0,0,784.4658203125,9527.359375,-0.0,1,3,0,0,0,0,0,0,0,0,0,0,1,2,0,0,0,0,332.7499084472656,3
1786296899.5598972,507.360595703125,10344,0,84058,18055,0,0,0,0,0,0,0,0,785.8994140625,9528.79296875,-0.0,1,3,0,0,0,0,0,0,0,0,0,0,1,2,0,0,0,0,332.7499084472656,3
1786296899.6040034,507.4017333984375,10345,0,84058,18096,0,0,0,0,0,0,0,0,787.3203125,9530.2138671875,-0.0,1,3,0,0,0,0,0,0,0,0,0,0,1,2,0,0,0,0,332.7499084472656,3
1786296899.660769,507.4781188964844,10346,0,84058,18175,0,0,0,0,0,0,0,0,789.921875,9532.8154296875,-0.0,1,3,0,0,0,0,0,0,0,0,0,0,1,2,0,0,0,0,332.7499084472656,3
1786296899.711722,507.5383605957031,10347,0,84058,18243,0,0,0,0,0,0,0,0,792.1796875,9535.0732421875,-0.0,1,3,0,0,0,0,0,0,0,0,0,0,1,2,0,0,0,0,332.7499084472656,3
1786296899.7521462,507.5781555175781,10348,0,84058,18293,0,0,0,0,0,0,0,0,793.3017578125,9536.1953125,-0.0,1,3,0,0,0,0,0,0,0,0,0,0,1,2,0,0,0,0,332.7499084472656,3
1786296899.8147633,507.633544921875,10349,0,84058,18343,0,0,0,0,0,0,0,0,795.552734375,9538.4462890625,-0.0,1,3,0,0,0,0,0,0,0,0,0,0,1,2,0,0,0,0,332.7499084472656,3
1786296899.8717883,507.68023681640625,10350,0,84058,18393,0,0,0,0,0,0,0,0,797.255859375,9540.1494140625,-0.0,1,3,0,0,0,0,0,0,0,0,0,0,1,2,0,0,0,0,332.7499084472656,3
1786296899.9080718,507.7283935546875,10351,0,84058,18443,0,0,0,0,0,0,0,0,798.404296875,9541.2978515625,-0.0,1,3,0,0,0,0,0,0,0,0,0,0,1,2,0,0,0,0,332.7499084472656,3
1786296899.9535186,507.7745666503906,10352,0,84058,18476,0,0,0,0,0,0,0,0,800.111328125,9543.0048828125,-0.0,1,3,0,0,0,0,0,0,0,0,0,0,1,2,0,0,0,0,332.7499084472656,3
1786296900.0096495,507.8310546875,10353,0,84058,18543,0,0,0,0,0,0,0,0,802.283203125,9545.1767578125,-0.0,1,3,0,0,0,0,0,0,0,0,0,0,1,2,0,0,0,0,332.7499084472656,3
1786296900.0554874,507.8739318847656,10354,0,84058,18576,0,0,0,0,0,0,0,0,803.3427734375,9546.236328125,-0.0,1,3,0,0,0,0,0,0,0,0,0,0,1,2,0,0,0,0,332.7499084472656,3
1786296900.1123762,507.93359375,10355,0,84058,18643,0,0,0,0,0,0,0,0,805.4228515625,9548.31640625,-0.0,1,3,0,0,0,0,0,0,0,0,0,0,1,2,0,0,0,0,332.7499084472656,3
1786296900.1545064,507.9775695800781,10356,0,84058,18693,0,0,0,0,0,0,0,0,806.4482421875,9549.341796875,-0.0,1,3,0,0,0,0,0,0,0,0,0,0,1,2,0,0,0,0,332.7499084472656,3
1786296900.209455,508.03363037109375,10357,0,84058,18743,0,0,0,0,0,0,0,0,808.482421875,9551.3759765625,-0.0,1,3,0,0,0,0,0,0,0,0,0,0,1,2,0,0,0,0,332.7499084472656,3
1786296900.2600915,508.0773620605469,10358,0,84058,18793,0,0,0,0,0,0,0,0,809.494140625,9552.3876953125,-0.0,1,3,0,0,0,0,0,0,0,0,0,0,1,2,0,0,0,0,332.7499084472656,3
1786296900.3087692,508.12432861328125,10359,0,84058,18826,0,0,0,0,0,0,0,0,811.0146484375,9553.908203125,-0.0,1,3,0,0,0,0,0,0,0,0,0,0,1,2,0,0,0,0,332.7499084472656,3
1786296900.3712878,508.1753234863281,10360,0,84058,18876,0,0,0,0,0,0,0,0,812.544921875,9555.4384765625,-0.0,1,3,0,0,0,0,0,0,0,0,0,0,1,2,0,0,0,0,332.7499084472656,3
1786296900.4104624,508.21258544921875,10361,0,84058,18910,0,0,0,0,0,0,0,0,813.599609375,9556.4931640625,-0.0,1,3,0,0,0,0,0,0,0,0,0,0,1,2,0,0,0,0,332.7499084472656,3
1786296900.4550798,508.2530822753906,10362,0,84058,18947,0,0,0,0,0,0,0,0,814.8525390625,9557.74609375,-0.0,1,3,0,0,0,0,0,0,0,0,0,0,1,2,0,0,0,0,332.7499084472656,3
1786296900.516904,508.316650390625,10363,0,84058,19010,0,0,0,0,0,0,0,0,816.796875,9559.6904296875,-0.0,1,3,0,0,0,0,0,0,0,0,0,0,1,2,0,0,0,0,332.7499084472656,3
1786296900.559525,508.3585205078125,10364,0,84058,19052,0,0,0,0,0,0,0,0,818.0986328125,9560.9921875,-0.0,1,3,0,0,0,0,0,0,0,0,0,0,1,2,0,0,0,0,332.7499084472656,3
1786296900.6155365,508.4337158203125,10365,0,84058,19131,0,0,0,0,0,0,0,0,820.48046875,9563.3740234375,-0.0,1,3,0,0,0,0,0,0,0,0,0,0,1,2,0,0,0,0,332.7499084472656,3
1786296900.6554701,508.47930908203125,10366,0,84058,19182,0,0,0,0,0,0,0,0,822.0927734375,9564.986328125,-0.0,1,3,0,0,0,0,0,0,0,0,0,0,1,2,0,0,0,0,332.7499084472656,3
1786296900.7058275,508.5329284667969,10367,0,84058,19248,0,0,0,0,0,0,0,0,823.7275390625,9566.62109375,-0.0,1,3,0,0,0,0,0,0,0,0,0,0,1,2,0,0,0,0,332.7499084472656,3
1786296900.7607384,508.5752868652344,10368,0,84058,19282,0,0,0,0,0,0,0,0,825.3837890625,9568.27734375,-0.0,1,3,0,0,0,0,0,0,0,0,0,0,1,2,0,0,0,0,332.7499084472656,3
1786296900.8071008,508.622802734375,10369,0,84058,19332,0,0,0,0,0,0,0,0,827.0634765625,9569.95703125,-0.0,1,3,0,0,0,0,0,0,0,0,0,0,1,2,0,0,0,0,332.7499084472656,3
1786296900.860556,508.673095703125,10370,0,84058,19382,0,0,0,0,0,0,0,0,828.767578125,9571.6611328125,-0.0,1,3,0,0,0,0,0,0,0,0,0,0,1,2,0,0,0,0,332.7499084472656,3
1786296900.9041505,508.7213439941406,10371,0,84058,19432,0,0,0,0,0,0,0,0,830.498046875,9573.3916015625,-0.0,1,3,0,0,0,0,0,0,0,0,0,0,1,2,0,0,0,0,332.7499084472656,3
1786296900.9635565,508.7842102050781,10372,0,84058,19498,0,0,0,0,0,0,0,0,832.8505859375,9575.744140625,-0.0,1,3,0,0,0,0,0,0,0,0,0,0,1,2,0,0,0,0,332.7499084472656,3
1786296901.0077996,508.82855224609375,10373,0,84058,19532,0,0,0,0,0,0,0,0,834.044921875,9576.9384765625,-0.0,1,3,0,0,0,0,0,0,0,0,0,0,1,2,0,0,0,0,332.7499084472656,3
1786296901.0544164,508.8727111816406,10374,0,84058,19582,0,0,0,0,0,0,0,0,835.8623046875,9578.755859375,-0.0,1,3,0,0,0,0,0,0,0,0,0,0,1,2,0,0,0,0,332.7499084472656,3
1786296901.1133244,508.93402099609375,10375,0,84058,19648,0,0,0,0,0,0,0,0,838.328125,9581.2216796875,-0.0,1,3,0,0,0,0,0,0,0,0,0,0,1,2,0,0,0,0,332.7499084472656,3
1786296901.1604538,508.97906494140625,10376,0,84058,19682,0,0,0,0,0,0,0,0,839.5791015625,9582.47265625,-0.0,1,3,0,0,0,0,0,0,0,0,0,0,1,2,0,0,0,0,332.7499084472656,3
1786296901.20757,509.0245361328125,10377,0,84058,19732,0,0,0,0,0,0,0,0,841.48046875,9584.3740234375,-0.0,1,3,0,0,0,0,0,0,0,0,0,0,1,2,0,0,0,0,332.7499084472656,3
1786296901.259994,509.07208251953125,10378,0,84058,19782,0,0,0,0,0,0,0,0,843.4091796875,9586.302734375,-0.0,1,3,0,0,0,0,0,0,0,0,0,0,1,2,0,0,0,0,332.7499084472656,3
1786296901.304265,509.10723876953125,10379,0,84058,19815,0,0,0,0,0,0,0,0,844.7099609375,9587.603515625,-0.0,1,3,0,0,0,0,0,0,0,0,0,0,1,2,0,0,0,0,332.7499084472656,3
1786296901.367394,509.166015625,10380,0,84058,19865,0,0,0,0,0,0,0,0,846.6865234375,9589.580078125,-0.0,1,3,0,0,0,0,0,0,0,0,0,0,1,2,0,0,0,0,332.7499084472656,3
1786296901.410134,509.2088317871094,10381,0,84058,19902,0,0,0,0,0,0,0,0,848.3583984375,9591.251953125,-0.0,1,3,0,0,0,0,0,0,0,0,0,0,1,2,0,0,0,0,332.7499084472656,3
1786296901.4726942,509.2716064453125,10382,0,84058,19965,0,0,0,0,0,0,0,0,850.9072265625,9593.80078125,-0.0,1,3,0,0,0,0,0,0,0,0,0,0,1,2,0,0,0,0,332.7499084472656,3
1786296901.505882,509.3116149902344,10383,0,84058,20006,0,0,0,0,0,0,0,0,852.552734375,9595.4462890625,-0.0,1,3,0,0,0,0,0,0,0,0,0,0,1,2,0,0,0,0,332.7499084472656,3
1786296901.562213,509.3813781738281,10384,0,84058,20080,0,0,0,0,0,0,0,0,855.490234375,9598.3837890625,-0.0,1,3,0,0,0,0,0,0,0,0,0,0,1,2,0,0,0,0,332.7499084472656,3
1786296901.6019957,509.4256286621094,10385,0,84058,20130,0,0,0,0,0,0,0,0,857.609375,9600.5029296875,-0.0,1,3,0,0,0,0,0,0,0,0,0,0,1,2,0,0,0,0,332.7499084472656,3
1786296901.663525,509.4820251464844,10386,0,84058,20196,0,0,0,0,0,0,0,0,860.4736328125,9603.3671875,-0.0,1,3,0,0,0,0,0,0,0,0,0,0,1,2,0,0,0,0,332.7499084472656,3
1786296901.7075238,509.5264892578125,10387,0,84058,20230,0,0,0,0,0,0,0,0,861.9228515625,9604.81640625,-0.0,1,3,0,0,0,0,0,0,0,0,0,0,1,2,0,0,0,0,332.7499084472656,3
1786296901.7571232,509.5733642578125,10388,0,84058,20280,0,0,0,0,0,0,0,0,864.12109375,9607.0146484375,-0.0,1,3,0,0,0,0,0,0,0,0,0,0,1,2,0,0,0,0,332.7499084472656,3
1786296901.8129437,509.63507080078125,10389,0,84058,20346,0,0,0,0,0,0,0,0,867.1025390625,9609.99609375,-0.0,1,3,0,0,0,0,0,0,0,0,0,0,1,2,0,0,0,0,332.7499084472656,3
1786296901.8545318,509.6784973144531,10390,0,84058,20380,0,0,0,0,0,0,0,0,868.611328125,9611.5048828125,-0.0,1,3,0,0,0,0,0,0,0,0,0,0,1,2,0,0,0,0,332.7499084472656,3
1786296901.9123032,509.73431396484375,10391,0,84058,20446,0,0,0,0,0,0,0,0,871.662109375,9614.5556640625,-0.0,1,3,0,0,0,0,0,0,0,0,0,0,1,2,0,0,0,0,332.7499084472656,3
1786296901.9568202,509.7772521972656,10392,0,84058,20480,0,0,0,0,0,0,0,0,873.2041015625,9616.09765625,-0.0,1,3,0,0,0,0,0,0,0,0,0,0,1,2,0,0,0,0,332.7499084472656,3
1786296902.0116994,509.8348388671875,10393,0,84058,20546,0,0,0,0,0,0,0,0,876.3193359375,9619.212890625,-0.0,1,3,0,0,0,0,0,0,0,0,0,0,1,2,0,0,0,0,332.7499084472656,3
1786296902.0574338,509.8774719238281,10394,0,84058,20580,0,0,0,0,0,0,0,0,877.892578125,9620.7861328125,-0.0,1,3,0,0,0,0,0,0,0,0,0,0,1,2,0,0,0,0,332.7499084472656,3
1786296902.1096504,509.9229431152344,10395,0,84058,20630,0,0,0,0,0,0,0,0,880.26953125,9623.1630859375,-0.0,1,3,0,0,0,0,0,0,0,0,0,0,1,2,0,0,0,0,332.7499084472656,3
1786296902.1541843,509.9710693359375,10396,0,84058,20680,0,0,0,0,0,0,0,0,882.6669921875,9625.560546875,-0.0,1,3,0,0,0,0,0,0,0,0,0,0,1,2,0,0,0,0,332.7499084472656,3
1786296902.2125294,510.03271484375,10397,0,84058,20746,0,0,0,0,0,0,0,0,885.892578125,9628.7861328125,-0.0,1,3,0,0,0,0,0,0,0,0,0,0,1,2,0,0,0,0,332.7499084472656,3
1786296902.2586071,510.0775146484375,10398,0,84058,20780,0,0,0,0,0,0,0,0,887.517578125,9630.4111328125,-0.0,1,3,0,0,0,0,0,0,0,0,0,0,1,2,0,0,0,0,332.7499084472656,3
1786296902.3039215,510.12274169921875,10399,0,84058,20830,0,0,0,0,0,0,0,0,889.9697265625,9632.86328125,-0.0,1,3,0,0,0,0,0,0,0,0,0,0,1,2,0,0,0,0,332.7499084472656,3
1786296902.355677,510.1697082519531,10400,0,84058,20880,0,0,0,0,0,0,0,0,892.4404296875,9635.333984375,-0.0,1,3,0,0,0,0,0,0,0,0,0,0,1,2,0,0,0,0,332.7499084472656,3
1786296902.405468,510.2198486328125,10401,0,84058,20930,0,0,0,0,0,0,0,0,894.931640625,9637.8251953125,-0.0,1,3,0,0,0,0,0,0,0,0,0,0,1,2,0,0,0,0,332.7499084472656,3
1786296902.4703147,510.27276611328125,10402,0,84058,20980,0,0,0,0,0,0,0,0,897.443359375,9640.3369140625,-0.0,1,3,0,0,0,0,0,0,0,0,0,0,1,2,0,0,0,0,332.7499084472656,3
1786296902.5184007,510.31268310546875,10403,0,84058,21013,0,0,0,0,0,0,0,0,899.12890625,9642.0224609375,-0.0,1,3,0,0,0,0,0,0,0,0,0,0,1,2,0,0,0,0,332.7499084472656,3
1786296902.5596278,510.35498046875,10404,0,84058,21048,0,0,0,0,0,0,0,0,901.1484375,9644.0419921875,-0.0,1,3,0,0,0,0,0,0,0,0,0,0,1,2,0,0,0,0,332.7499084472656,3
1786296902.624051,510.421142578125,10405,0,84058,21113,0,0,0,0,0,0,0,0,904.548828125,9647.4423828125,-0.0,1,3,0,0,0,0,0,0,0,0,0,0,1,2,0,0,0,0,332.7499084472656,3
1786296902.6657135,510.4632873535156,10406,0,84058,21157,0,0,0,0,0,0,0,0,906.736328125,9649.6298828125,-0.0,1,3,0,0,0,0,0,0,0,0,0,0,1,2,0,0,0,0,332.7499084472656,3
1786296902.71248,510.5228271484375,10407,0,84058,21218,0,0,0,0,0,0,0,0,909.8515625,9652.7451171875,-0.0,1,3,0,0,0,0,0,0,0,0,0,0,1,2,0,0,0,0,332.7499084472656,3
1786296902.7595904,510.5755310058594,10408,0,84058,21273,0,0,0,0,0,0,0,0,912.6328125,9655.5263671875,-0.0,1,3,0,0,0,0,0,0,0,0,0,0,1,2,0,0,0,0,332.7499084472656,3
1786296902.8143084,510.6356201171875,10409,0,84058,21340,0,0,0,0,0,0,0,0,916.1787109375,9659.072265625,-0.0,1,3,0,0,0,0,0,0,0,0,0,0,1,2,0,0,0,0,332.7499084472656,3
1786296902.8596015,510.6786804199219,10410,0,84058,21390,0,0,0,0,0,0,0,0,918.865234375,9661.7587890625,-0.0,1,3,0,0,0,0,0,0,0,0,0,0,1,2,0,0,0,0,332.7499084472656,3
1786296902.907259,510.7231750488281,10411,0,84058,21423,0,0,0,0,0,0,0,0,920.6669921875,9663.560546875,-0.0,1,3,0,0,0,0,0,0,0,0,0,0,1,2,0,0,0,0,332.7499084472656,3
1786296902.9623065,510.7828674316406,10412,0,84058,21490,0,0,0,0,0,0,0,0,924.296875,9667.1904296875,-0.0,1,3,0,0,0,0,0,0,0,0,0,0,1,2,0,0,0,0,332.7499084472656,3
1786296903.00411,510.8258972167969,10413,0,84058,21540,0,0,0,0,0,0,0,0,927.0439453125,9669.9375,-0.0,1,3,0,0,0,0,0,0,0,0,0,0,1,2,0,0,0,0,332.7499084472656,3
1786296903.0642967,510.8828125,10414,0,84058,21590,0,0,0,0,0,0,0,0,929.880859375,9672.7744140625,-0.0,1,3,0,0,0,0,0,0,0,0,0,0,1,2,0,0,0,0,332.7499084472656,3
1786296903.107457,510.92669677734375,10415,0,84058,21640,0,0,0,0,0,0,0,0,932.794921875,9675.6884765625,-0.0,1,3,0,0,0,0,0,0,0,0,0,0,1,2,0,0,0,0,332.7499084472656,3
1786296903.1641943,510.9859313964844,10416,0,84058,21690,0,0,0,0,0,0,0,0,935.75,9678.6435546875,-0.0,1,3,0,0,0,0,0,0,0,0,0,0,1,2,0,0,0,0,332.7499084472656,3
1786296903.2052596,511.0286560058594,10417,0,84058,21740,0,0,0,0,0,0,0,0,938.74609375,9681.6396484375,-0.0,1,3,0,0,0,0,0,0,0,0,0,0,1,2,0,0,0,0,332.7499084472656,3
1786296903.264874,511.0846252441406,10418,0,84058,21790,0,0,0,0,0,0,0,0,941.783203125,9684.6767578125,-0.0,1,3,0,0,0,0,0,0,0,0,0,0,1,2,0,0,0,0,332.7499084472656,3
1786296903.3109543,511.1285400390625,10419,0,84058,21840,0,0,0,0,0,0,0,0,944.90234375,9687.7958984375,-0.0,1,3,0,0,0,0,0,0,0,0,0,0,1,2,0,0,0,0,332.7499084472656,3
1786296903.3698792,511.17596435546875,10420,0,84058,21890,0,0,0,0,0,0,0,0,948.0771484375,9690.970703125,-0.0,1,3,0,0,0,0,0,0,0,0,0,0,1,2,0,0,0,0,332.7499084472656,3
1786296903.411104,511.2123107910156,10421,0,84058,21923,0,0,0,0,0,0,0,0,950.1962890625,9693.08984375,-0.0,1,3,0,0,0,0,0,0,0,0,0,0,1,2,0,0,0,0,332.7499084472656,3
1786296903.473687,511.2724914550781,10422,0,84058,21973,0,0,0,0,0,0,0,0,953.3779296875,9696.271484375,-0.0,1,3,0,0,0,0,0,0,0,0,0,0,1,2,0,0,0,0,332.7499084472656,3
1786296903.5159795,511.3150329589844,10423,0,84058,22008,0,0,0,0,0,0,0,0,955.892578125,9698.7861328125,-0.0,1,3,0,0,0,0,0,0,0,0,0,0,1,2,0,0,0,0,332.7499084472656,3
1786296903.5588055,511.3572082519531,10424,0,84058,22051,0,0,0,0,0,0,0,0,958.5791015625,9701.47265625,-0.0,1,3,0,0,0,0,0,0,0,0,0,0,1,2,0,0,0,0,332.7499084472656,3
1786296903.609595,511.41815185546875,10425,0,84058,22113,0,0,0,0,0,0,0,0,962.1708984375,9705.064453125,-0.0,1,3,0,0,0,0,0,0,0,0,0,0,1,2,0,0,0,0,332.7499084472656,3
1786296903.6647303,511.4859619140625,10426,0,84058,22185,0,0,0,0,0,0,0,0,966.263671875,9709.1572265625,-0.0,1,3,0,0,0,0,0,0,0,0,0,0,1,2,0,0,0,0,332.7499084472656,3
1786296903.7039485,511.5283203125,10427,0,84058,22235,0,0,0,0,0,0,0,0,969.2470703125,9712.140625,-0.0,1,3,0,0,0,0,0,0,0,0,0,0,1,2,0,0,0,0,332.7499084472656,3
1786296903.7585175,511.58294677734375,10428,0,84058,22285,0,0,0,0,0,0,0,0,972.255859375,9715.1494140625,-0.0,1,3,0,0,0,0,0,0,0,0,0,0,1,2,0,0,0,0,332.7499084472656,3
1786296903.8060367,511.62481689453125,10429,0,84058,22335,0,0,0,0,0,0,0,0,975.291015625,9718.1845703125,-0.0,1,3,0,0,0,0,0,0,0,0,0,0,1,2,0,0,0,0,332.7499084472656,3
1786296903.8643126,511.6836853027344,10430,0,84058,22385,0,0,0,0,0,0,0,0,978.3466796875,9721.240234375,-0.0,1,3,0,0,0,0,0,0,0,0,0,0,1,2,0,0,0,0,332.7499084472656,3
1786296903.909259,511.7289733886719,10431,0,84058,22435,0,0,0,0,0,0,0,0,981.4287109375,9724.322265625,-0.0,1,3,0,0,0,0,0,0,0,0,0,0,1,2,0,0,0,0,332.7499084472656,3
1786296903.9520423,511.7728576660156,10432,0,84058,22485,0,0,0,0,0,0,0,0,984.5380859375,9727.431640625,-0.0,1,3,0,0,0,0,0,0,0,0,0,0,1,2,0,0,0,0,332.7499084472656,3
1786296904.0066013,511.82977294921875,10433,0,84058,22535,0,0,0,0,0,0,0,0,987.67578125,9730.5693359375,-0.0,1,3,0,0,0,0,0,0,0,0,0,0,1,2,0,0,0,0,332.7499084472656,3
1786296904.0546317,511.87200927734375,10434,0,84058,22585,0,0,0,0,0,0,0,0,990.84375,9733.7373046875,-0.0,1,3,0,0,0,0,0,0,0,0,0,0,1,2,0,0,0,0,332.7499084472656,3
1786296904.1065958,511.9285583496094,10435,0,84058,22635,0,0,0,0,0,0,0,0,994.0458984375,9736.939453125,-0.0,1,3,0,0,0,0,0,0,0,0,0,0,1,2,0,0,0,0,332.7499084472656,3
1786296904.162239,511.98541259765625,10436,0,84058,22702,0,0,0,0,0,0,0,0,997.2841796875,9740.177734375,-0.0,1,3,0,0,0,0,0,0,0,0,0,0,1,2,0,0,0,0,332.7499084472656,3
1786296904.2074296,512.0283813476562,10437,0,84058,22735,0,0,0,0,0,0,0,0,1000.556640625,9743.4501953125,-0.0,1,3,0,0,0,0,0,0,0,0,0,0,1,2,0,0,0,0,332.7499084472656,3
1786296904.255977,512.0726928710938,10438,0,84058,22785,0,0,0,0,0,0,0,0,1003.8427734375,9746.736328125,-0.0,1,3,0,0,0,0,0,0,0,0,0,0,1,2,0,0,0,0,332.7499084472656,3
1786296904.3007522,512.1190185546875,10439,0,84058,22819,0,0,0,0,0,0,0,0,1006.0439453125,9748.9375,-0.0,1,3,0,0,0,0,0,0,0,0,0,0,1,2,0,0,0,0,332.7499084472656,3
1786296904.36665,512.1810302734375,10440,0,84058,22885,0,0,0,0,0,0,0,0,1010.474609375,9753.3681640625,-0.0,1,3,0,0,0,0,0,0,0,0,0,0,1,2,0,0,0,0,332.7499084472656,3
1786296904.408198,512.2144165039062,10441,0,84058,22919,0,0,0,0,0,0,0,0,1012.7060546875,9755.599609375,-0.0,1,3,0,0,0,0,0,0,0,0,0,0,1,2,0,0,0,0,332.7499084472656,3
1786296904.4674082,512.2698974609375,10442,0,84058,22969,0,0,0,0,0,0,0,0,1016.0771484375,9758.970703125,-0.0,1,3,0,0,0,0,0,0,0,0,0,0,1,2,0,0,0,0,332.7499084472656,3
1786296904.5097337,512.3104248046875,10443,0,84058,23004,0,0,0,0,0,0,0,0,1018.76953125,9761.6630859375,-0.0,1,3,0,0,0,0,0,0,0,0,0,0,1,2,0,0,0,0,332.7499084472656,3
1786296904.5728495,512.3720092773438,10444,0,84058,23066,0,0,0,0,0,0,0,0,1023.01171875,9765.9052734375,-0.0,1,3,0,0,0,0,0,0,0,0,0,0,1,2,0,0,0,0,332.7499084472656,3
1786296904.6090117,512.41259765625,10445,0,84058,23107,0,0,0,0,0,0,0,0,1025.8193359375,9768.712890625,-0.0,1,3,0,0,0,0,0,0,0,0,0,0,1,2,0,0,0,0,332.7499084472656,3
1786296904.6591442,512.4697875976562,10446,0,84058,23166,0,0,0,0,0,0,0,0,1029.77734375,9772.6708984375,-0.0,1,3,0,0,0,0,0,0,0,0,0,0,1,2,0,0,0,0,332.7499084472656,3
1786296904.7160246,512.5357055664062,10447,0,84058,23236,0,0,0,0,0,0,0,0,1034.49609375,9777.3896484375,-0.0,1,3,0,0,0,0,0,0,0,0,0,0,1,2,0,0,0,0,332.7499084472656,3
1786296904.7583444,512.5796508789062,10448,0,84058,23286,0,0,0,0,0,0,0,0,1037.9814453125,9780.875,-0.0,1,3,0,0,0,0,0,0,0,0,0,0,1,2,0,0,0,0,332.7499084472656,3
1786296904.8059573,512.6237182617188,10449,0,84058,23336,0,0,0,0,0,0,0,0,1041.484375,9784.3779296875,-0.0,1,3,0,0,0,0,0,0,0,0,0,0,1,2,0,0,0,0,332.7499084472656,3
1786296904.8608534,512.68359375,10450,0,84058,23386,0,0,0,0,0,0,0,0,1045.001953125,9787.8955078125,-0.0,1,3,0,0,0,0,0,0,0,0,0,0,1,2,0,0,0,0,332.7499084472656,3
1786296904.907822,512.7276611328125,10451,0,84058,23436,0,0,0,0,0,0,0,0,1048.4970703125,9791.390625,-0.0,1,3,0,0,0,0,0,0,0,0,0,0,1,2,0,0,0,0,332.7499084472656,3
1786296904.9560592,512.7725830078125,10452,0,84058,23486,0,0,0,0,0,0,0,0,1051.9892578125,9794.8828125,-0.0,1,3,0,0,0,0,0,0,0,0,0,0,1,2,0,0,0,0,332.7499084472656,3
1786296905.0058713,512.8200073242188,10453,0,84058,23519,0,0,0,0,0,0,0,0,1054.31640625,9797.2099609375,-0.0,1,3,0,0,0,0,0,0,0,0,0,0,1,2,0,0,0,0,332.7499084472656,3
1786296905.0625947,512.88232421875,10454,0,84058,23586,0,0,0,0,0,0,0,0,1058.9755859375,9801.869140625,-0.0,1,3,0,0,0,0,0,0,0,0,0,0,1,2,0,0,0,0,332.7499084472656,3
1786296905.107599,512.9269409179688,10455,0,84058,23636,0,0,0,0,0,0,0,0,1062.478515625,9805.3720703125,-0.0,1,3,0,0,0,0,0,0,0,0,0,0,1,2,0,0,0,0,332.7499084472656,3
1786296905.1548777,512.971923828125,10456,0,84058,23686,0,0,0,0,0,0,0,0,1065.9931640625,9808.88671875,-0.0,1,3,0,0,0,0,0,0,0,0,0,0,1,2,0,0,0,0,332.7499084472656,3
1786296905.2136016,513.0321044921875,10457,0,84058,23736,0,0,0,0,0,0,0,0,1069.5205078125,9812.4140625,-0.0,1,3,0,0,0,0,0,0,0,0,0,0,1,2,0,0,0,0,332.7499084472656,3
1786296905.2605853,513.0765991210938,10458,0,84058,23786,0,0,0,0,0,0,0,0,1073.041015625,9815.9345703125,-0.0,1,3,0,0,0,0,0,0,0,0,0,0,1,2,0,0,0,0,332.7499084472656,3
1786296905.3205352,513.1260986328125,10459,0,84058,23836,0,0,0,0,0,0,0,0,1076.556640625,9819.4501953125,-0.0,1,3,0,0,0,0,0,0,0,0,0,0,1,2,0,0,0,0,332.7499084472656,3
1786296905.3624558,513.1634521484375,10460,0,84058,23869,0,0,0,0,0,0,0,0,1078.8984375,9821.7919921875,-0.0,1,3,0,0,0,0,0,0,0,0,0,0,1,2,0,0,0,0,332.7499084472656,3
1786296905.4027789,513.2037963867188,10461,0,84058,23902,0,0,0,0,0,0,0,0,1081.2421875,9824.1357421875,-0.0,1,3,0,0,0,0,0,0,0,0,0,0,1,2,0,0,0,0,332.7499084472656,3
1786296905.4641488,513.2657470703125,10462,0,84058,23960,0,0,0,0,0,0,0,0,1085.5625,9828.4560546875,-0.0,1,3,0,0,0,0,0,0,0,0,0,0,1,2,0,0,0,0,332.7499084472656,3
1786296905.5160787,513.3258666992188,10463,0,84058,24021,0,0,0,0,0,0,0,0,1089.8076171875,9832.701171875,-0.0,1,3,0,0,0,0,0,0,0,0,0,0,1,2,0,0,0,0,332.7499084472656,3
1786296905.5626261,513.3790893554688,10464,0,84058,24077,0,0,0,0,0,0,0,0,1093.544921875,9836.4384765625,-0.0,1,3,0,0,0,0,0,0,0,0,0,0,1,2,0,0,0,0,332.7499084472656,3
1786296905.605104,513.425048828125,10465,0,84058,24127,0,0,0,0,0,0,0,0,1097.0380859375,9839.931640625,-0.0,1,3,0,0,0,0,0,0,0,0,0,0,1,2,0,0,0,0,332.7499084472656,3
1786296905.6649785,513.4832763671875,10466,0,84058,24182,24182,0,0,0,0,0,0,0,1101.7119140625,9844.60546875,-0.0,1,3,0,0,1,0,0,0,0,0,0,0,1,2,0,0,0,0,332.7499084472656,3
1786296905.711452,513.5289306640625,10467,0,84058,24232,24182,0,0,0,0,0,0,0,1104.0576171875,9846.951171875,-0.0,1,3,0,0,1,0,0,0,0,0,0,0,1,2,0,0,0,0,332.7499084472656,3
1786296905.7590377,513.5759887695312,10468,0,84058,24266,24182,0,0,0,0,0,0,0,1107.5859375,9850.4794921875,-0.0,1,3,0,0,1,0,0,0,0,0,0,0,1,2,0,0,0,0,332.7499084472656,3
1786296905.803504,513.6223754882812,10469,0,84058,24316,24182,0,0,0,0,0,0,0,1111.1201171875,9854.013671875,-0.0,1,3,0,0,1,0,0,0,0,0,0,0,1,2,0,0,0,0,332.7499084472656,3
1786296905.861066,513.6818237304688,10470,0,84058,24382,24182,0,0,0,0,0,0,0,1115.8369140625,9858.73046875,-0.0,1,3,0,0,1,0,0,0,0,0,0,0,1,2,0,0,0,0,332.7499084472656,3
1786296905.9096918,513.7267456054688,10471,0,84058,24416,24182,0,0,0,0,0,0,0,1118.1953125,9861.0888671875,-0.0,1,3,0,0,1,0,0,0,0,0,0,0,1,2,0,0,0,0,332.7499084472656,3
1786296905.9576814,513.7733764648438,10472,0,84058,24466,24182,0,0,0,0,0,0,0,1121.7392578125,9864.6328125,-0.0,1,3,0,0,1,0,0,0,0,0,0,0,1,2,0,0,0,0,332.7499084472656,3
1786296906.00557,513.8212890625,10473,0,84058,24516,24182,0,0,0,0,0,0,0,1125.2919921875,9868.185546875,-0.0,1,3,0,0,1,0,0,0,0,0,0,0,1,2,0,0,0,0,332.7499084472656,3
1786296906.0548618,513.8701171875,10474,0,84058,24566,24182,0,0,0,0,0,0,0,1128.8515625,9871.7451171875,-0.0,1,3,0,0,1,0,0,0,0,0,0,0,1,2,0,0,0,0,332.7499084472656,3
1786296906.110942,513.9314575195312,10475,0,84058,24632,24182,0,0,0,0,0,0,0,1133.611328125,9876.5048828125,-0.0,1,3,0,0,1,0,0,0,0,0,0,0,1,2,0,0,0,0,332.7499084472656,3
1786296906.1594944,513.9761352539062,10476,0,84058,24666,24182,0,0,0,0,0,0,0,1135.9912109375,9878.884765625,-0.0,1,3,0,0,1,0,0,0,0,0,0,0,1,2,0,0,0,0,332.7499084472656,3
1786296906.2081995,514.0235595703125,10477,0,84058,24716,24182,0,0,0,0,0,0,0,1139.5478515625,9882.44140625,-0.0,1,3,0,0,1,0,0,0,0,0,0,0,1,2,0,0,0,0,332.7499084472656,3
1786296906.2680047,514.0741577148438,10478,0,84058,24766,24182,0,0,0,0,0,0,0,1143.083984375,9885.9775390625,-0.0,1,3,0,0,1,0,0,0,0,0,0,0,1,2,0,0,0,0,332.7499084472656,3
1786296906.3108912,514.1116943359375,10479,0,84058,24799,24182,0,0,0,0,0,0,0,1145.4306640625,9888.32421875,-0.0,1,3,0,0,1,0,0,0,0,0,0,0,1,2,0,0,0,0,332.7499084472656,3
1786296906.3555686,514.1522216796875,10480,0,84058,24835,24182,0,0,0,0,0,0,0,1148.2216796875,9891.115234375,-0.0,1,3,0,0,1,0,0,0,0,0,0,0,1,2,0,0,0,0,332.7499084472656,3
1786296906.4164164,514.2161865234375,10481,0,84058,24898,24182,0,0,0,0,0,0,0,1152.68359375,9895.5771484375,-0.0,1,3,0,0,1,0,0,0,0,0,0,0,1,2,0,0,0,0,332.7499084472656,3
1786296906.4596188,514.2583618164062,10482,0,84058,24940,24182,0,0,0,0,0,0,0,1155.599609375,9898.4931640625,-0.0,1,3,0,0,1,0,0,0,0,0,0,0,1,2,0,0,0,0,332.7499084472656,3
1786296906.5056872,514.3179931640625,10483,0,84058,25002,24182,0,0,0,0,0,0,0,1159.6572265625,9902.55078125,-0.0,1,3,0,0,1,0,0,0,0,0,0,0,1,2,0,0,0,0,332.7499084472656,3
1786296906.5592642,514.3712768554688,10484,0,84058,25057,24182,0,0,0,0,0,0,0,1163.1982421875,9906.091796875,-0.0,1,3,0,0,1,0,0,0,0,0,0,0,1,2,0,0,0,0,332.7499084472656,3
1786296906.6138036,514.4339599609375,10485,0,84058,25124,24182,0,0,0,0,0,0,0,1167.5205078125,9910.4140625,-0.0,1,3,0,0,1,0,0,0,0,0,0,0,1,2,0,0,0,0,332.7499084472656,3
1786296906.661178,514.4793701171875,10486,0,84058,25174,24182,0,0,0,0,0,0,0,1170.6650390625,9913.55859375,-0.0,1,3,0,0,1,0,0,0,0,0,0,0,1,2,0,0,0,0,332.7499084472656,3
1786296906.7111692,514.537109375,10487,0,84058,25241,24182,0,0,0,0,0,0,0,1173.7216796875,9916.615234375,-0.0,1,3,0,0,1,0,0,0,0,0,0,0,1,2,0,0,0,0,332.7499084472656,3
1786296906.7551029,514.5780029296875,10488,0,84058,25274,24182,0,0,0,0,0,0,0,1176.6923828125,9919.5859375,-0.0,1,3,0,0,1,0,0,0,0,0,0,0,1,2,0,0,0,0,332.7499084472656,3
1786296906.808785,514.6317138671875,10489,0,84058,25324,24182,0,0,0,0,0,0,0,1179.5791015625,9922.47265625,-0.0,1,3,0,0,1,0,0,0,0,0,0,0,1,2,0,0,0,0,332.7499084472656,3
1786296906.855051,514.6735229492188,10490,0,84058,25374,24182,0,0,0,0,0,0,0,1182.3837890625,9925.27734375,-0.0,1,3,0,0,1,0,0,0,0,0,0,0,1,2,0,0,0,0,332.7499084472656,3
1786296906.9120257,514.7313842773438,10491,0,84058,25424,24182,0,0,0,0,0,0,0,1185.1181640625,9928.01171875,-0.0,1,3,0,0,1,0,0,0,0,0,0,0,1,2,0,0,0,0,332.7499084472656,3
1786296906.9573982,514.7756958007812,10492,0,84058,25474,24182,0,0,0,0,0,0,0,1187.76953125,9930.6630859375,-0.0,1,3,0,0,1,0,0,0,0,0,0,0,1,2,0,0,0,0,332.7499084472656,3
1786296907.0194812,514.8362426757812,10493,0,84058,25524,24182,0,0,0,0,0,0,0,1190.3388671875,9933.232421875,-0.0,1,3,0,0,1,0,0,0,0,0,0,0,1,2,0,0,0,0,332.7499084472656,3
1786296907.053208,514.8674926757812,10494,0,84058,25558,24182,0,0,0,0,0,0,0,1192.0078125,9934.9013671875,-0.0,1,3,0,0,1,0,0,0,0,0,0,0,1,2,0,0,0,0,332.7499084472656,3
1786296907.1124165,514.9309692382812,10495,0,84058,25624,24182,0,0,0,0,0,0,0,1195.2587890625,9938.15234375,-0.0,1,3,0,0,1,0,0,0,0,0,0,0,1,2,0,0,0,0,332.7499084472656,3
1786296907.157501,514.9766845703125,10496,0,84058,25674,24182,0,0,0,0,0,0,0,1197.6455078125,9940.5390625,-0.0,1,3,0,0,1,0,0,0,0,0,0,0,1,2,0,0,0,0,332.7499084472656,3
1786296907.2108607,515.0343627929688,10497,0,84058,25724,24182,0,0,0,0,0,0,0,1199.984375,9942.8779296875,-0.0,1,3,0,0,1,0,0,0,0,0,0,0,1,2,0,0,0,0,332.7499084472656,3
1786296907.2543097,515.0764770507812,10498,0,84058,25774,24182,0,0,0,0,0,0,0,1202.271484375,9945.1650390625,-0.0,1,3,0,0,1,0,0,0,0,0,0,0,1,2,0,0,0,0,332.7499084472656,3
1786296907.3061776,515.130859375,10499,0,84058,25824,24182,0,0,0,0,0,0,0,1204.5322265625,9947.42578125,-0.0,1,3,0,0,1,0,0,0,0,0,0,0,1,2,0,0,0,0,332.7499084472656,3
1786296907.3577843,515.182861328125,10500,0,84058,25874,24182,0,0,0,0,0,0,0,1206.77734375,9949.6708984375,-0.0,1,3,0,0,1,0,0,0,0,0,0,0,1,2,0,0,0,0,332.7499084472656,3
1786296907.4090247,515.23486328125,10501,0,84058,25941,24182,0,0,0,0,0,0,0,1209.0048828125,9951.8984375,-0.0,1,3,0,0,1,0,0,0,0,0,0,0,1,2,0,0,0,0,332.7499084472656,3
1786296907.461587,515.2877807617188,10502,0,84058,25991,24182,0,0,0,0,0,0,0,1211.2177734375,9954.111328125,-0.0,1,3,0,0,1,0,0,0,0,0,0,0,1,2,0,0,0,0,332.7499084472656,3
1786296907.502691,515.3275756835938,10503,0,84058,26024,24182,0,0,0,0,0,0,0,1213.41796875,9956.3115234375,-0.0,1,3,0,0,1,0,0,0,0,0,0,0,1,2,0,0,0,0,332.7499084472656,3
1786296907.5577128,515.3812255859375,10504,0,84058,26074,24182,0,0,0,0,0,0,0,1215.60546875,9958.4990234375,-0.0,1,3,0,0,1,0,0,0,0,0,0,0,1,2,0,0,0,0,332.7499084472656,3
1786296907.6105437,515.4346923828125,10505,0,84058,26124,24182,0,0,0,0,0,0,0,1217.7822265625,9960.67578125,-0.0,1,3,0,0,1,0,0,0,0,0,0,0,1,2,0,0,0,0,332.7499084472656,3
1786296907.6654747,515.48828125,10506,0,84058,26191,24182,0,0,0,0,0,0,0,1220.6630859375,9963.556640625,-0.0,1,3,0,0,1,0,0,0,0,0,0,0,1,2,0,0,0,0,332.7499084472656,3
1786296907.7047803,515.5289306640625,10507,0,84058,26224,24182,0,0,0,0,0,0,0,1222.0966796875,9964.990234375,-0.0,1,3,0,0,1,0,0,0,0,0,0,0,1,2,0,0,0,0,332.7499084472656,3
1786296907.762825,515.5847778320312,10508,0,84058,26274,24182,0,0,0,0,0,0,0,1224.23046875,9967.1240234375,-0.0,1,3,0,0,1,0,0,0,0,0,0,0,1,2,0,0,0,0,332.7499084472656,3
1786296907.810516,515.6287841796875,10509,0,84058,26324,24182,0,0,0,0,0,0,0,1226.3203125,9969.2138671875,-0.0,1,3,0,0,1,0,0,0,0,0,0,0,1,2,0,0,0,0,332.7499084472656,3
1786296907.8556783,515.6739501953125,10510,0,84058,26374,24182,0,0,0,0,0,0,0,1228.3466796875,9971.240234375,-0.0,1,3,0,0,1,0,0,0,0,0,0,0,1,2,0,0,0,0,332.7499084472656,3
1786296907.9173276,515.7347412109375,10511,0,84058,26424,24182,0,0,0,0,0,0,0,1230.3125,9973.2060546875,-0.0,1,3,0,0,1,0,0,0,0,0,0,0,1,2,0,0,0,0,332.7499084472656,3
1786296907.9572926,515.7788696289062,10512,0,84058,26474,24182,0,0,0,0,0,0,0,1232.224609375,9975.1181640625,-0.0,1,3,0,0,1,0,0,0,0,0,0,0,1,2,0,0,0,0,332.7499084472656,3
1786296908.0114985,515.8358764648438,10513,0,84058,26541,24182,0,0,0,0,0,0,0,1234.0927734375,9976.986328125,-0.0,1,3,0,0,1,0,0,0,0,0,0,0,1,2,0,0,0,0,332.7499084472656,3
1786296908.0586984,515.878173828125,10514,0,84058,26574,24182,0,0,0,0,0,0,0,1235.91796875,9978.8115234375,-0.0,1,3,0,0,1,0,0,0,0,0,0,0,1,2,0,0,0,0,332.7499084472656,3
1786296908.1106536,515.9343872070312,10515,0,84058,26624,24182,0,0,0,0,0,0,0,1237.7138671875,9980.607421875,-0.0,1,3,0,0,1,0,0,0,0,0,0,0,1,2,0,0,0,0,332.7499084472656,3
1786296908.1550326,515.9763793945312,10516,0,84058,26674,24182,0,0,0,0,0,0,0,1239.4697265625,9982.36328125,-0.0,1,3,0,0,1,0,0,0,0,0,0,0,1,2,0,0,0,0,332.7499084472656,3
1786296908.2108395,516.0335693359375,10517,0,84058,26724,24182,0,0,0,0,0,0,0,1241.1708984375,9984.064453125,-0.0,1,3,0,0,1,0,0,0,0,0,0,0,1,2,0,0,0,0,332.7499084472656,3
1786296908.2540452,516.0758056640625,10518,0,84058,26774,24182,0,0,0,0,0,0,0,1242.8212890625,9985.71484375,-0.0,1,3,0,0,1,0,0,0,0,0,0,0,1,2,0,0,0,0,332.7499084472656,3
1786296908.3104558,516.1319580078125,10519,0,84058,26824,24182,0,0,0,0,0,0,0,1244.42578125,9987.3193359375,-0.0,1,3,0,0,1,0,0,0,0,0,0,0,1,2,0,0,0,0,332.7499084472656,3
1786296908.3597958,516.17578125,10520,0,84058,26874,24182,0,0,0,0,0,0,0,1245.9873046875,9988.880859375,-0.0,1,3,0,0,1,0,0,0,0,0,0,0,1,2,0,0,0,0,332.7499084472656,3
1786296908.4248064,516.225830078125,10521,0,84058,26924,24182,0,0,0,0,0,0,0,1247.5087890625,9990.40234375,-0.0,1,3,0,0,1,0,0,0,0,0,0,0,1,2,0,0,0,0,332.7499084472656,3
1786296908.4644797,516.2642211914062,10522,0,84058,26958,24182,0,0,0,0,0,0,0,1248.505859375,9991.3994140625,-0.0,1,3,0,0,1,0,0,0,0,0,0,0,1,2,0,0,0,0,332.7499084472656,3
1786296908.5050375,516.3055419921875,10523,0,84058,26991,24182,0,0,0,0,0,0,0,1249.525390625,9992.4189453125,-0.0,1,3,0,0,1,0,0,0,0,0,0,0,1,2,0,0,0,0,332.7499084472656,3
1786296908.5658615,516.3668212890625,10524,0,84058,27050,24182,0,0,0,0,0,0,0,1251.3369140625,9994.23046875,-0.0,1,3,0,0,1,0,0,0,0,0,0,0,1,2,0,0,0,0,332.7499084472656,3
1786296908.610434,516.4239501953125,10525,0,84058,27109,24182,0,0,0,0,0,0,0,1253.1142578125,9996.0078125,-0.0,1,3,0,0,1,0,0,0,0,0,0,0,1,2,0,0,0,0,332.7499084472656,3
1786296908.667605,516.487548828125,10526,0,84058,27177,24182,0,0,0,0,0,0,0,1255.2138671875,9998.107421875,-0.0,1,3,0,0,1,0,0,0,0,0,0,0,1,2,0,0,0,0,332.7499084472656,3
1786296908.7078452,516.5296630859375,10527,0,84058,27227,24182,0,0,0,0,0,0,0,1256.7373046875,9999.630859375,-0.0,1,3,0,0,1,0,0,0,0,0,0,0,1,2,0,0,0,0,332.7499084472656,3
1786296908.7694032,516.5856323242188,10528,0,84058,27277,24182,0,0,0,0,0,0,0,1258.23828125,10001.1318359375,-0.0,1,3,0,0,1,0,0,0,0,0,0,0,1,2,0,0,0,0,332.7499084472656,3
1786296908.8130896,516.6298828125,10529,0,84058,27327,24182,0,0,0,0,0,0,0,1259.7177734375,10002.611328125,-0.0,1,3,0,0,1,0,0,0,0,0,0,0,1,2,0,0,0,0,332.7499084472656,3
1786296908.8552601,516.6758422851562,10530,0,84058,27377,24182,0,0,0,0,0,0,0,1261.1826171875,10004.076171875,-0.0,1,3,0,0,1,0,0,0,0,0,0,0,1,2,0,0,0,0,332.7499084472656,3
1786296908.912632,516.7344970703125,10531,0,84058,27427,24182,0,0,0,0,0,0,0,1262.640625,10005.5341796875,-0.0,1,3,0,0,1,0,0,0,0,0,0,0,1,2,0,0,0,0,332.7499084472656,3
1786296908.9559383,516.7774047851562,10532,0,84058,27477,24182,0,0,0,0,0,0,0,1264.1025390625,10006.99609375,-0.0,1,3,0,0,1,0,0,0,0,0,0,0,1,2,0,0,0,0,332.7499084472656,3
1786296909.01054,516.8336791992188,10533,0,84058,27527,24182,0,0,0,0,0,0,0,1265.5771484375,10008.470703125,-0.0,1,3,0,0,1,0,0,0,0,0,0,0,1,2,0,0,0,0,332.7499084472656,3
1786296909.06247,516.8770751953125,10534,0,84058,27577,24182,0,0,0,0,0,0,0,1267.0751953125,10009.96875,-0.0,1,3,0,0,1,0,0,0,0,0,0,0,1,2,0,0,0,0,332.7499084472656,3
1786296909.1058602,516.923095703125,10535,0,84058,27611,24182,0,0,0,0,0,0,0,1268.0849609375,10010.978515625,-0.0,1,3,0,0,1,0,0,0,0,0,0,0,1,2,0,0,0,0,332.7499084472656,3
1786296909.1614664,516.9835205078125,10536,0,84058,27677,24182,0,0,0,0,0,0,0,1270.060546875,10012.9541015625,-0.0,1,3,0,0,1,0,0,0,0,0,0,0,1,2,0,0,0,0,332.7499084472656,3
1786296909.2086792,517.026611328125,10537,0,84058,27727,24182,0,0,0,0,0,0,0,1271.51171875,10014.4052734375,-0.0,1,3,0,0,1,0,0,0,0,0,0,0,1,2,0,0,0,0,332.7499084472656,3
1786296909.2568831,517.0717163085938,10538,0,84058,27761,24182,0,0,0,0,0,0,0,1272.46875,10015.3623046875,-0.0,1,3,0,0,1,0,0,0,0,0,0,0,1,2,0,0,0,0,332.7499084472656,3
1786296909.317318,517.1223754882812,10539,0,84058,27811,24182,0,0,0,0,0,0,0,1273.8935546875,10016.787109375,-0.0,1,3,0,0,1,0,0,0,0,0,0,0,1,2,0,0,0,0,332.7499084472656,3
1786296909.3592343,517.159912109375,10540,0,84058,27844,24182,0,0,0,0,0,0,0,1274.8994140625,10017.79296875,-0.0,1,3,0,0,1,0,0,0,0,0,0,0,1,2,0,0,0,0,332.7499084472656,3
1786296909.4219635,517.2216796875,10541,0,84058,27904,24182,0,0,0,0,0,0,0,1276.6416015625,10019.53515625,-0.0,1,3,0,0,1,0,0,0,0,0,0,0,1,2,0,0,0,0,332.7499084472656,3
1786296909.462883,517.263427734375,10542,0,84058,27946,24182,0,0,0,0,0,0,0,1277.818359375,10020.7119140625,-0.0,1,3,0,0,1,0,0,0,0,0,0,0,1,2,0,0,0,0,332.7499084472656,3
1786296909.513225,517.3243408203125,10543,0,84058,28008,24182,0,0,0,0,0,0,0,1279.5419921875,10022.435546875,-0.0,1,3,0,0,1,0,0,0,0,0,0,0,1,2,0,0,0,0,332.7499084472656,3
1786296909.5559597,517.3758544921875,10544,0,84058,28063,24182,0,0,0,0,0,0,0,1281.0244140625,10023.91796875,-0.0,1,3,0,0,1,0,0,0,0,0,0,0,1,2,0,0,0,0,332.7499084472656,3
1786296909.6136963,517.4348754882812,10545,0,84058,28129,24182,0,0,0,0,0,0,0,1282.953125,10025.8466796875,-0.0,1,3,0,0,1,0,0,0,0,0,0,0,1,2,0,0,0,0,332.7499084472656,3
1786296909.661132,517.4788818359375,10546,0,84058,28179,24182,0,0,0,0,0,0,0,1284.3798828125,10027.2734375,-0.0,1,3,0,0,1,0,0,0,0,0,0,0,1,2,0,0,0,0,332.7499084472656,3
1786296909.7043867,517.5233764648438,10547,0,84058,28213,24182,0,0,0,0,0,0,0,1285.3115234375,10028.205078125,-0.0,1,3,0,0,1,0,0,0,0,0,0,0,1,2,0,0,0,0,332.7499084472656,3
1786296909.7546115,517.580322265625,10548,0,84058,28279,24182,0,0,0,0,0,0,0,1287.1416015625,10030.03515625,-0.0,1,3,0,0,1,0,0,0,0,0,0,0,1,2,0,0,0,0,332.7499084472656,3
1786296909.8058956,517.6327514648438,10549,0,84058,28329,24182,0,0,0,0,0,0,0,1288.4892578125,10031.3828125,-0.0,1,3,0,0,1,0,0,0,0,0,0,0,1,2,0,0,0,0,332.7499084472656,3
1786296909.8598354,517.6845092773438,10550,0,84058,28379,24182,0,0,0,0,0,0,0,1289.8251953125,10032.71875,-0.0,1,3,0,0,1,0,0,0,0,0,0,0,1,2,0,0,0,0,332.7499084472656,3
1786296909.9109504,517.7364501953125,10551,0,84058,28429,24182,0,0,0,0,0,0,0,1291.15625,10034.0498046875,-0.0,1,3,0,0,1,0,0,0,0,0,0,0,1,2,0,0,0,0,332.7499084472656,3
1786296909.9645214,517.789306640625,10552,0,84058,28479,24182,0,0,0,0,0,0,0,1292.4892578125,10035.3828125,-0.0,1,3,0,0,1,0,0,0,0,0,0,0,1,2,0,0,0,0,332.7499084472656,3
1786296910.0051901,517.8289794921875,10553,0,84058,28529,24182,0,0,0,0,0,0,0,1293.8310546875,10036.724609375,-0.0,1,3,0,0,1,0,0,0,0,0,0,0,1,2,0,0,0,0,332.7499084472656,3
1786296910.0610118,517.8824462890625,10554,0,84058,28579,24182,0,0,0,0,0,0,0,1295.1865234375,10038.080078125,-0.0,1,3,0,0,1,0,0,0,0,0,0,0,1,2,0,0,0,0,332.7499084472656,3
1786296910.1105003,517.935791015625,10555,0,84058,28629,24182,0,0,0,0,0,0,0,1296.5625,10039.4560546875,-0.0,1,3,0,0,1,0,0,0,0,0,0,0,1,2,0,0,0,0,332.7499084472656,3
1786296910.161933,517.9874267578125,10556,0,84058,28679,24182,0,0,0,0,0,0,0,1297.9677734375,10040.861328125,-0.0,1,3,0,0,1,0,0,0,0,0,0,0,1,2,0,0,0,0,332.7499084472656,3
1786296910.202993,518.0263061523438,10557,0,84058,28729,24182,0,0,0,0,0,0,0,1299.296875,10042.1904296875,-0.0,1,3,0,0,1,0,0,0,0,0,0,0,1,2,0,0,0,0,332.7499084472656,3
1786296910.2565262,518.079345703125,10558,0,84058,28779,24182,0,0,0,0,0,0,0,1300.6357421875,10043.529296875,-0.0,1,3,0,0,1,0,0,0,0,0,0,0,1,2,0,0,0,0,332.7499084472656,3
1786296910.3074005,518.1324462890625,10559,0,84058,28829,24182,0,0,0,0,0,0,0,1302.0,10044.8935546875,-0.0,1,3,0,0,1,0,0,0,0,0,0,0,1,2,0,0,0,0,332.7499084472656,3
1786296910.3594723,518.1847534179688,10560,0,84058,28879,24182,0,0,0,0,0,0,0,1303.39453125,10046.2880859375,-0.0,1,3,0,0,1,0,0,0,0,0,0,0,1,2,0,0,0,0,332.7499084472656,3
1786296910.4108572,518.2356567382812,10561,0,84058,28929,24182,0,0,0,0,0,0,0,1304.8193359375,10047.712890625,-0.0,1,3,0,0,1,0,0,0,0,0,0,0,1,2,0,0,0,0,332.7499084472656,3
1786296910.461973,518.2862548828125,10562,0,84058,28979,24182,0,0,0,0,0,0,0,1306.2744140625,10049.16796875,-0.0,1,3,0,0,1,0,0,0,0,0,0,0,1,2,0,0,0,0,332.7499084472656,3
1786296910.5146928,518.3385009765625,10563,0,84058,29029,24182,0,0,0,0,0,0,0,1307.759765625,10050.6533203125,-0.0,1,3,0,0,1,0,0,0,0,0,0,0,1,2,0,0,0,0,332.7499084472656,3
1786296910.5545518,518.378173828125,10564,0,84058,29079,24182,0,0,0,0,0,0,0,1309.275390625,10052.1689453125,-0.0,1,3,0,0,1,0,0,0,0,0,0,0,1,2,0,0,0,0,332.7499084472656,3
1786296910.6044302,518.4303588867188,10565,0,84058,29129,24182,0,0,0,0,0,0,0,1310.8212890625,10053.71484375,-0.0,1,3,0,0,1,0,0,0,0,0,0,0,1,2,0,0,0,0,332.7499084472656,3
1786296910.657444,518.482666015625,10566,0,84058,29179,24182,0,0,0,0,0,0,0,1312.3984375,10055.2919921875,-0.0,1,3,0,0,1,0,0,0,0,0,0,0,1,2,0,0,0,0,332.7499084472656,3
1786296910.7099814,518.5342407226562,10567,0,84058,29229,24182,0,0,0,0,0,0,0,1314.025390625,10056.9189453125,-0.0,1,3,0,0,1,0,0,0,0,0,0,0,1,2,0,0,0,0,332.7499084472656,3
1786296910.765297,518.5870971679688,10568,0,84058,29279,24182,0,0,0,0,0,0,0,1315.712890625,10058.6064453125,-0.0,1,3,0,0,1,0,0,0,0,0,0,0,1,2,0,0,0,0,332.7499084472656,3
1786296910.8063362,518.6278686523438,10569,0,84058,29329,24182,0,0,0,0,0,0,0,1317.419921875,10060.3134765625,-0.0,1,3,0,0,1,0,0,0,0,0,0,0,1,2,0,0,0,0,332.7499084472656,3
1786296910.8644004,518.6837158203125,10570,0,84058,29379,24182,0,0,0,0,0,0,0,1319.1484375,10062.0419921875,-0.0,1,3,0,0,1,0,0,0,0,0,0,0,1,2,0,0,0,0,332.7499084472656,3
1786296910.9115825,518.727783203125,10571,0,84058,29429,24182,0,0,0,0,0,0,0,1320.888671875,10063.7822265625,-0.0,1,3,0,0,1,0,0,0,0,0,0,0,1,2,0,0,0,0,332.7499084472656,3
1786296910.957808,518.7742919921875,10572,0,84058,29463,24182,0,0,0,0,0,0,0,1322.0576171875,10064.951171875,-0.0,1,3,0,0,1,0,0,0,0,0,0,0,1,2,0,0,0,0,332.7499084472656,3
1786296911.013768,518.835693359375,10573,0,84058,29529,24182,0,0,0,0,0,0,0,1324.4306640625,10067.32421875,-0.0,1,3,0,0,1,0,0,0,0,0,0,0,1,2,0,0,0,0,332.7499084472656,3
1786296911.0574865,518.8787231445312,10574,0,84058,29579,24182,0,0,0,0,0,0,0,1326.2451171875,10069.138671875,-0.0,1,3,0,0,1,0,0,0,0,0,0,0,1,2,0,0,0,0,332.7499084472656,3
1786296911.114359,518.935791015625,10575,0,84058,29629,24182,0,0,0,0,0,0,0,1328.0869140625,10070.98046875,-0.0,1,3,0,0,1,0,0,0,0,0,0,0,1,2,0,0,0,0,332.7499084472656,3
1786296911.1574326,518.9780883789062,10576,0,84058,29679,24182,0,0,0,0,0,0,0,1329.921875,10072.8154296875,-0.0,1,3,0,0,1,0,0,0,0,0,0,0,1,2,0,0,0,0,332.7499084472656,3
1786296911.2124732,519.03515625,10577,0,84058,29729,24182,0,0,0,0,0,0,0,1331.72265625,10074.6162109375,-0.0,1,3,0,0,1,0,0,0,0,0,0,0,1,2,0,0,0,0,332.7499084472656,3
1786296911.255335,519.07763671875,10578,0,84058,29779,24182,0,0,0,0,0,0,0,1333.5048828125,10076.3984375,-0.0,1,3,0,0,1,0,0,0,0,0,0,0,1,2,0,0,0,0,332.7499084472656,3
1786296911.3157642,519.1346435546875,10579,0,84058,29829,24182,0,0,0,0,0,0,0,1335.2734375,10078.1669921875,-0.0,1,3,0,0,1,0,0,0,0,0,0,0,1,2,0,0,0,0,332.7499084472656,3
1786296911.357795,519.1786499023438,10580,0,84058,29879,24182,0,0,0,0,0,0,0,1337.0322265625,10079.92578125,-0.0,1,3,0,0,1,0,0,0,0,0,0,0,1,2,0,0,0,0,332.7499084472656,3
1786296911.415846,519.2246704101562,10581,0,84058,29913,24182,0,0,0,0,0,0,0,1338.2001953125,10081.09375,-0.0,1,3,0,0,1,0,0,0,0,0,0,0,1,2,0,0,0,0,332.7499084472656,3
1786296911.459289,519.259765625,10582,0,84058,29946,24182,0,0,0,0,0,0,0,1339.3720703125,10082.265625,-0.0,1,3,0,0,1,0,0,0,0,0,0,0,1,2,0,0,0,0,332.7499084472656,3
1786296911.5207407,519.319091796875,10583,0,84058,30002,24182,0,0,0,0,0,0,0,1341.4443359375,10084.337890625,-0.0,1,3,0,0,1,0,0,0,0,0,0,0,1,2,0,0,0,0,332.7499084472656,3
1786296911.5641897,519.3606567382812,10584,0,84058,30043,24182,0,0,0,0,0,0,0,1342.8994140625,10085.79296875,-0.0,1,3,0,0,1,0,0,0,0,0,0,0,1,2,0,0,0,0,332.7499084472656,3
1786296911.6044421,519.4021606445312,10585,0,84058,30085,24182,0,0,0,0,0,0,0,1344.357421875,10087.2509765625,-0.0,1,3,0,0,1,0,0,0,0,0,0,0,1,2,0,0,0,0,332.7499084472656,3
1786296911.6623714,519.479248046875,10586,0,84058,30165,24182,0,0,0,0,0,0,0,1347.0517578125,10089.9453125,-0.0,1,3,0,0,1,0,0,0,0,0,0,0,1,2,0,0,0,0,332.7499084472656,3
1786296911.7034965,519.5257568359375,10587,0,84058,30216,24182,0,0,0,0,0,0,0,1348.7861328125,10091.6796875,-0.0,1,3,0,0,1,0,0,0,0,0,0,0,1,2,0,0,0,0,332.7499084472656,3
1786296911.754417,519.5797729492188,10588,0,84058,30282,24182,0,0,0,0,0,0,0,1351.09375,10093.9873046875,-0.0,1,3,0,0,1,0,0,0,0,0,0,0,1,2,0,0,0,0,332.7499084472656,3
1786296911.8034225,519.6216430664062,10589,0,84058,30316,24182,0,0,0,0,0,0,0,1352.2451171875,10095.138671875,-0.0,1,3,0,0,1,0,0,0,0,0,0,0,1,2,0,0,0,0,332.7499084472656,3
1786296911.8607752,519.6807861328125,10590,0,84058,30382,24182,0,0,0,0,0,0,0,1354.55078125,10097.4443359375,-0.0,1,3,0,0,1,0,0,0,0,0,0,0,1,2,0,0,0,0,332.7499084472656,3
1786296911.9032757,519.7249755859375,10591,0,84058,30416,24182,0,0,0,0,0,0,0,1355.7060546875,10098.599609375,-0.0,1,3,0,0,1,0,0,0,0,0,0,0,1,2,0,0,0,0,332.7499084472656,3
1786296911.9608128,519.7830810546875,10592,0,84058,30482,24182,0,0,0,0,0,0,0,1358.025390625,10100.9189453125,-0.0,1,3,0,0,1,0,0,0,0,0,0,0,1,2,0,0,0,0,332.7499084472656,3
1786296912.0051663,519.8257446289062,10593,0,84058,30516,24182,0,0,0,0,0,0,0,1359.1904296875,10102.083984375,-0.0,1,3,0,0,1,0,0,0,0,0,0,0,1,2,0,0,0,0,332.7499084472656,3
1786296912.0621898,519.8822631835938,10594,0,84058,30582,24182,0,0,0,0,0,0,0,1361.5302734375,10104.423828125,-0.0,1,3,0,0,1,0,0,0,0,0,0,0,1,2,0,0,0,0,332.7499084472656,3
1786296912.1036725,519.9259033203125,10595,0,84058,30616,24182,0,0,0,0,0,0,0,1362.6962890625,10105.58984375,-0.0,1,3,0,0,1,0,0,0,0,0,0,0,1,2,0,0,0,0,332.7499084472656,3
1786296912.156708,519.9811401367188,10596,0,84058,30682,24182,0,0,0,0,0,0,0,1365.0205078125,10107.9140625,-0.0,1,3,0,0,1,0,0,0,0,0,0,0,1,2,0,0,0,0,332.7499084472656,3
1786296912.211123,520.0244140625,10597,0,84058,30716,24182,0,0,0,0,0,0,0,1366.1826171875,10109.076171875,-0.0,1,3,0,0,1,0,0,0,0,0,0,0,1,2,0,0,0,0,332.7499084472656,3
1786296912.258818,520.0719604492188,10598,0,84058,30766,24182,0,0,0,0,0,0,0,1367.9306640625,10110.82421875,-0.0,1,3,0,0,1,0,0,0,0,0,0,0,1,2,0,0,0,0,332.7499084472656,3
1786296912.3197145,520.1222534179688,10599,0,84058,30816,24182,0,0,0,0,0,0,0,1369.68359375,10112.5771484375,-0.0,1,3,0,0,1,0,0,0,0,0,0,0,1,2,0,0,0,0,332.7499084472656,3
1786296912.3626258,520.15966796875,10600,0,84058,30849,24182,0,0,0,0,0,0,0,1370.861328125,10113.7548828125,-0.0,1,3,0,0,1,0,0,0,0,0,0,0,1,2,0,0,0,0,332.7499084472656,3
1786296912.402052,520.1998901367188,10601,0,84058,30883,24182,0,0,0,0,0,0,0,1372.1904296875,10115.083984375,-0.0,1,3,0,0,1,0,0,0,0,0,0,0,1,2,0,0,0,0,332.7499084472656,3
1786296912.4702442,520.2659912109375,10602,0,84058,30947,24182,0,0,0,0,0,0,0,1374.5830078125,10117.4765625,-0.0,1,3,0,0,1,0,0,0,0,0,0,0,1,2,0,0,0,0,332.7499084472656,3
1786296912.5123236,520.3092651367188,10603,0,84058,30991,24182,0,0,0,0,0,0,0,1376.17578125,10119.0693359375,-0.0,1,3,0,0,1,0,0,0,0,0,0,0,1,2,0,0,0,0,332.7499084472656,3
1786296912.5631013,520.37158203125,10604,0,84058,31055,24182,0,0,0,0,0,0,0,1378.5087890625,10121.40234375,-0.0,1,3,0,0,1,0,0,0,0,0,0,0,1,2,0,0,0,0,332.7499084472656,3
1786296912.6136832,520.4376220703125,10605,0,84058,31127,24182,0,0,0,0,0,0,0,1381.162109375,10124.0556640625,-0.0,1,3,0,0,1,0,0,0,0,0,0,0,1,2,0,0,0,0,332.7499084472656,3
1786296912.6542435,520.478271484375,10606,0,84058,31177,24182,0,0,0,0,0,0,0,1383.1083984375,10126.001953125,-0.0,1,3,0,0,1,0,0,0,0,0,0,0,1,2,0,0,0,0,332.7499084472656,3
1786296912.7148843,520.533935546875,10607,0,84058,31227,24182,0,0,0,0,0,0,0,1385.072265625,10127.9658203125,-0.0,1,3,0,0,1,0,0,0,0,0,0,0,1,2,0,0,0,0,332.7499084472656,3
1786296912.764699,520.5797119140625,10608,0,84058,31277,24182,0,0,0,0,0,0,0,1387.0537109375,10129.947265625,-0.0,1,3,0,0,1,0,0,0,0,0,0,0,1,2,0,0,0,0,332.7499084472656,3
1786296912.811159,520.6281127929688,10609,0,84058,31327,24182,0,0,0,0,0,0,0,1389.052734375,10131.9462890625,-0.0,1,3,0,0,1,0,0,0,0,0,0,0,1,2,0,0,0,0,332.7499084472656,3
1786296912.8613281,520.6763305664062,10610,0,84058,31377,24182,0,0,0,0,0,0,0,1391.072265625,10133.9658203125,-0.0,1,3,0,0,1,0,0,0,0,0,0,0,1,2,0,0,0,0,332.7499084472656,3
1786296912.9140186,520.7365112304688,10611,0,84058,31427,24182,0,0,0,0,0,0,0,1393.1123046875,10136.005859375,-0.0,1,3,0,0,1,0,0,0,0,0,0,0,1,2,0,0,0,0,332.7499084472656,3
1786296912.956386,520.7786254882812,10612,0,84058,31477,24182,0,0,0,0,0,0,0,1395.17578125,10138.0693359375,-0.0,1,3,0,0,1,0,0,0,0,0,0,0,1,2,0,0,0,0,332.7499084472656,3
1786296913.0111709,520.8328247070312,10613,0,84058,31527,24182,0,0,0,0,0,0,0,1397.2626953125,10140.15625,-0.0,1,3,0,0,1,0,0,0,0,0,0,0,1,2,0,0,0,0,332.7499084472656,3
1786296913.0579722,520.87548828125,10614,0,84058,31577,24182,0,0,0,0,0,0,0,1399.375,10142.2685546875,-0.0,1,3,0,0,1,0,0,0,0,0,0,0,1,2,0,0,0,0,332.7499084472656,3
1786296913.1080227,520.9215698242188,10615,0,84058,31610,24182,0,0,0,0,0,0,0,1400.7890625,10143.6826171875,-0.0,1,3,0,0,1,0,0,0,0,0,0,0,1,2,0,0,0,0,332.7499084472656,3
1786296913.1533422,520.9694213867188,10616,0,84058,31660,24182,0,0,0,0,0,0,0,1402.91796875,10145.8115234375,-0.0,1,3,0,0,1,0,0,0,0,0,0,0,1,2,0,0,0,0,332.7499084472656,3
1786296913.2098277,521.0302124023438,10617,0,84058,31727,24182,0,0,0,0,0,0,0,1405.783203125,10148.6767578125,-0.0,1,3,0,0,1,0,0,0,0,0,0,0,1,2,0,0,0,0,332.7499084472656,3
1786296913.2610383,521.0741577148438,10618,0,84058,31777,24182,0,0,0,0,0,0,0,1407.955078125,10150.8486328125,-0.0,1,3,0,0,1,0,0,0,0,0,0,0,1,2,0,0,0,0,332.7499084472656,3
1786296913.3206809,521.1243896484375,10619,0,84058,31810,24182,0,0,0,0,0,0,0,1409.4365234375,10152.330078125,-0.0,1,3,0,0,1,0,0,0,0,0,0,0,1,2,0,0,0,0,332.7499084472656,3
1786296913.3650753,521.1633911132812,10620,0,84058,31847,24182,0,0,0,0,0,0,0,1411.1533203125,10154.046875,-0.0,1,3,0,0,1,0,0,0,0,0,0,0,1,2,0,0,0,0,332.7499084472656,3
1786296913.4033766,521.2040405273438,10621,0,84058,31887,24182,0,0,0,0,0,0,0,1412.9580078125,10155.8515625,-0.0,1,3,0,0,1,0,0,0,0,0,0,0,1,2,0,0,0,0,332.7499084472656,3
1786296913.466599,521.2660522460938,10622,0,84058,31948,24182,0,0,0,0,0,0,0,1415.7392578125,10158.6328125,-0.0,1,3,0,0,1,0,0,0,0,0,0,0,1,2,0,0,0,0,332.7499084472656,3
1786296913.506537,521.306640625,10623,0,84058,31989,24182,0,0,0,0,0,0,0,1417.576171875,10160.4697265625,-0.0,1,3,0,0,1,0,0,0,0,0,0,0,1,2,0,0,0,0,332.7499084472656,3
1786296913.56108,521.3671875,10624,0,84058,32051,24182,0,0,0,0,0,0,0,1420.3662109375,10163.259765625,-0.0,1,3,0,0,1,0,0,0,0,0,0,0,1,2,0,0,0,0,332.7499084472656,3
1786296913.6073604,521.42138671875,10625,0,84058,32107,24182,0,0,0,0,0,0,0,1422.9052734375,10165.798828125,-0.0,1,3,0,0,1,0,0,0,0,0,0,0,1,2,0,0,0,0,332.7499084472656,3
1786296913.6743414,521.485107421875,10626,0,84058,32175,24182,0,0,0,0,0,0,0,1426.0693359375,10168.962890625,-0.0,1,3,0,0,1,0,0,0,0,0,0,0,1,2,0,0,0,0,332.7499084472656,3
1786296913.7047985,521.5174560546875,10627,0,84058,32208,24182,0,0,0,0,0,0,0,1427.654296875,10170.5478515625,-0.0,1,3,0,0,1,0,0,0,0,0,0,0,1,2,0,0,0,0,332.7499084472656,3
1786296913.7557006,521.5675048828125,10628,0,84058,32258,24182,0,0,0,0,0,0,0,1430.037109375,10172.9306640625,-0.0,1,3,0,0,1,0,0,0,0,0,0,0,1,2,0,0,0,0,332.7499084472656,3
1786296913.815564,521.6339721679688,10629,0,84058,32325,24182,0,0,0,0,0,0,0,1433.2138671875,10176.107421875,-0.0,1,3,0,0,1,0,0,0,0,0,0,0,1,2,0,0,0,0,332.7499084472656,3
1786296913.8578022,521.67822265625,10630,0,84058,32375,24182,0,0,0,0,0,0,0,1435.5927734375,10178.486328125,-0.0,1,3,0,0,1,0,0,0,0,0,0,0,1,2,0,0,0,0,332.7499084472656,3
1786296913.9095306,521.7333374023438,10631,0,84058,32425,24182,0,0,0,0,0,0,0,1437.9755859375,10180.869140625,-0.0,1,3,0,0,1,0,0,0,0,0,0,0,1,2,0,0,0,0,332.7499084472656,3
1786296913.9540722,521.7747192382812,10632,0,84058,32475,24182,0,0,0,0,0,0,0,1440.3779296875,10183.271484375,-0.0,1,3,0,0,1,0,0,0,0,0,0,0,1,2,0,0,0,0,332.7499084472656,3
1786296914.0192826,521.8322143554688,10633,0,84058,32525,24182,0,0,0,0,0,0,0,1442.802734375,10185.6962890625,-0.0,1,3,0,0,1,0,0,0,0,0,0,0,1,2,0,0,0,0,332.7499084472656,3
1786296914.0638256,521.8787231445312,10634,0,84058,32575,24182,0,0,0,0,0,0,0,1445.2587890625,10188.15234375,-0.0,1,3,0,0,1,0,0,0,0,0,0,0,1,2,0,0,0,0,332.7499084472656,3
1786296914.1117609,521.92724609375,10635,0,84058,32625,24182,0,0,0,0,0,0,0,1447.740234375,10190.6337890625,-0.0,1,3,0,0,1,0,0,0,0,0,0,0,1,2,0,0,0,0,332.7499084472656,3
1786296914.1558175,521.9736938476562,10636,0,84058,32675,24182,0,0,0,0,0,0,0,1450.24609375,10193.1396484375,-0.0,1,3,0,0,1,0,0,0,0,0,0,0,1,2,0,0,0,0,332.7499084472656,3
1786296914.2083566,522.0204467773438,10637,0,84058,32708,24182,0,0,0,0,0,0,0,1451.9306640625,10194.82421875,-0.0,1,3,0,0,1,0,0,0,0,0,0,0,1,2,0,0,0,0,332.7499084472656,3
1786296914.2721934,522.072998046875,10638,0,84058,32758,24182,0,0,0,0,0,0,0,1454.5439453125,10197.4375,-0.0,1,3,0,0,1,0,0,0,0,0,0,0,1,2,0,0,0,0,332.7499084472656,3
1786296914.314121,522.1127319335938,10639,0,84058,32795,24182,0,0,0,0,0,0,0,1456.5869140625,10199.48046875,-0.0,1,3,0,0,1,0,0,0,0,0,0,0,1,2,0,0,0,0,332.7499084472656,3
1786296914.3545587,522.1546020507812,10640,0,84058,32837,24182,0,0,0,0,0,0,0,1458.7548828125,10201.6484375,-0.0,1,3,0,0,1,0,0,0,0,0,0,0,1,2,0,0,0,0,332.7499084472656,3
1786296914.4128447,522.2159423828125,10641,0,84058,32899,24182,0,0,0,0,0,0,0,1461.96484375,10204.8583984375,-0.0,1,3,0,0,1,0,0,0,0,0,0,0,1,2,0,0,0,0,332.7499084472656,3
1786296914.459549,522.27294921875,10642,0,84058,32958,24182,0,0,0,0,0,0,0,1464.9775390625,10207.87109375,-0.0,1,3,0,0,1,0,0,0,0,0,0,0,1,2,0,0,0,0,332.7499084472656,3
1786296914.515417,522.336669921875,10643,0,84058,33026,24182,0,0,0,0,0,0,0,1468.5693359375,10211.462890625,-0.0,1,3,0,0,1,0,0,0,0,0,0,0,1,2,0,0,0,0,332.7499084472656,3
1786296914.5597148,522.3787841796875,10644,0,84058,33076,24182,0,0,0,0,0,0,0,1471.27734375,10214.1708984375,-0.0,1,3,0,0,1,0,0,0,0,0,0,0,1,2,0,0,0,0,332.7499084472656,3
1786296914.6023521,522.4208984375,10645,0,84058,33110,24182,0,0,0,0,0,0,0,1473.0947265625,10215.98828125,-0.0,1,3,0,0,1,0,0,0,0,0,0,0,1,2,0,0,0,0,332.7499084472656,3
1786296914.6562634,522.4671630859375,10646,0,84058,33160,24182,0,0,0,0,0,0,0,1475.837890625,10218.7314453125,-0.0,1,3,0,0,1,0,0,0,0,0,0,0,1,2,0,0,0,0,332.7499084472656,3
1786296914.708087,522.5305786132812,10647,0,84058,33226,24182,0,0,0,0,0,0,0,1479.5302734375,10222.423828125,-0.0,1,3,0,0,1,0,0,0,0,0,0,0,1,2,0,0,0,0,332.7499084472656,3
1786296914.7589934,522.5753784179688,10648,0,84058,33276,24182,0,0,0,0,0,0,0,1482.3232421875,10225.216796875,-0.0,1,3,0,0,1,0,0,0,0,0,0,0,1,2,0,0,0,0,332.7499084472656,3
1786296914.8123956,522.6346435546875,10649,0,84058,33326,24182,0,0,0,0,0,0,0,1485.1396484375,10228.033203125,-0.0,1,3,0,0,1,0,0,0,0,0,0,0,1,2,0,0,0,0,332.7499084472656,3
1786296914.856961,522.6773681640625,10650,0,84058,33376,24182,0,0,0,0,0,0,0,1487.9765625,10230.8701171875,-0.0,1,3,0,0,1,0,0,0,0,0,0,0,1,2,0,0,0,0,332.7499084472656,3
1786296914.9126427,522.7347412109375,10651,0,84058,33426,24182,0,0,0,0,0,0,0,1490.8359375,10233.7294921875,-0.0,1,3,0,0,1,0,0,0,0,0,0,0,1,2,0,0,0,0,332.7499084472656,3
1786296914.9557405,522.7772827148438,10652,0,84058,33476,24182,0,0,0,0,0,0,0,1493.7275390625,10236.62109375,-0.0,1,3,0,0,1,0,0,0,0,0,0,0,1,2,0,0,0,0,332.7499084472656,3
1786296915.0122988,522.8326416015625,10653,0,84058,33526,24182,0,0,0,0,0,0,0,1496.642578125,10239.5361328125,-0.0,1,3,0,0,1,0,0,0,0,0,0,0,1,2,0,0,0,0,332.7499084472656,3
1786296915.0601816,522.8757934570312,10654,0,84058,33576,24182,0,0,0,0,0,0,0,1499.578125,10242.4716796875,-0.0,1,3,0,0,1,0,0,0,0,0,0,0,1,2,0,0,0,0,332.7499084472656,3
1786296915.1090026,522.9214477539062,10655,0,84058,33610,24182,0,0,0,0,0,0,0,1501.5458984375,10244.439453125,-0.0,1,3,0,0,1,0,0,0,0,0,0,0,1,2,0,0,0,0,332.7499084472656,3
1786296915.172338,522.9735107421875,10656,0,84058,33660,24182,0,0,0,0,0,0,0,1504.51953125,10247.4130859375,-0.0,1,3,0,0,1,0,0,0,0,0,0,0,1,2,0,0,0,0,332.7499084472656,3
1786296915.2127123,523.0118408203125,10657,0,84058,33695,24182,0,0,0,0,0,0,0,1506.80859375,10249.7021484375,-0.0,1,3,0,0,1,0,0,0,0,0,0,0,1,2,0,0,0,0,332.7499084472656,3
1786296915.2536778,523.0528564453125,10658,0,84058,33735,24182,0,0,0,0,0,0,0,1509.2724609375,10252.166015625,-0.0,1,3,0,0,1,0,0,0,0,0,0,0,1,2,0,0,0,0,332.7499084472656,3
1786296915.311115,523.1139526367188,10659,0,84058,33797,24182,0,0,0,0,0,0,0,1512.96875,10255.8623046875,-0.0,1,3,0,0,1,0,0,0,0,0,0,0,1,2,0,0,0,0,332.7499084472656,3
1786296915.365358,523.1728515625,10660,0,84058,33857,24182,0,0,0,0,0,0,0,1516.5576171875,10259.451171875,-0.0,1,3,0,0,1,0,0,0,0,0,0,0,1,2,0,0,0,0,332.7499084472656,3
1786296915.4082394,523.2254638671875,10661,0,84058,33912,24182,0,0,0,0,0,0,0,1519.791015625,10262.6845703125,-0.0,1,3,0,0,1,0,0,0,0,0,0,0,1,2,0,0,0,0,332.7499084472656,3
1786296915.4587314,523.2825927734375,10662,0,84058,33978,24182,0,0,0,0,0,0,0,1523.9208984375,10266.814453125,-0.0,1,3,0,0,1,0,0,0,0,0,0,0,1,2,0,0,0,0,332.7499084472656,3
1786296915.51866,523.3353881835938,10663,0,84058,34028,24182,0,0,0,0,0,0,0,1527.0400390625,10269.93359375,-0.0,1,3,0,0,1,0,0,0,0,0,0,0,1,2,0,0,0,0,332.7499084472656,3
1786296915.5584629,523.36572265625,10664,0,84058,34062,24182,0,0,0,0,0,0,0,1529.134765625,10272.0283203125,-0.0,1,3,0,0,1,0,0,0,0,0,0,0,1,2,0,0,0,0,332.7499084472656,3
1786296915.6163476,523.4312133789062,10665,0,84058,34128,24182,0,0,0,0,0,0,0,1533.3505859375,10276.244140625,-0.0,1,3,0,0,1,0,0,0,0,0,0,0,1,2,0,0,0,0,332.7499084472656,3
1786296915.6611266,523.4789428710938,10666,0,84058,34178,24182,0,0,0,0,0,0,0,1536.5361328125,10279.4296875,-0.0,1,3,0,0,1,0,0,0,0,0,0,0,1,2,0,0,0,0,332.7499084472656,3
1786296915.7010462,523.5242309570312,10667,0,84058,34228,24182,0,0,0,0,0,0,0,1538.6708984375,10281.564453125,-0.0,1,3,0,0,1,0,0,0,0,0,0,0,1,2,0,0,0,0,332.7499084472656,3
1786296915.757459,523.5800170898438,10668,0,84058,34278,24182,0,0,0,0,0,0,0,1542.966796875,10285.8603515625,-0.0,1,3,0,0,1,0,0,0,0,0,0,0,1,2,0,0,0,0,332.7499084472656,3
1786296915.8056269,523.6226196289062,10669,0,84058,34312,24182,0,0,0,0,0,0,0,1545.1279296875,10288.021484375,-0.0,1,3,0,0,1,0,0,0,0,0,0,0,1,2,0,0,0,0,332.7499084472656,3
1786296915.8609736,523.68212890625,10670,0,84058,34378,24182,0,0,0,0,0,0,0,1549.4765625,10292.3701171875,-0.0,1,3,0,0,1,0,0,0,0,0,0,0,1,2,0,0,0,0,332.7499084472656,3
1786296915.9074328,523.7260131835938,10671,0,84058,34428,24182,0,0,0,0,0,0,0,1552.759765625,10295.6533203125,-0.0,1,3,0,0,1,0,0,0,0,0,0,0,1,2,0,0,0,0,332.7499084472656,3
1786296915.9523113,523.7706298828125,10672,0,84058,34462,24182,0,0,0,0,0,0,0,1554.958984375,10297.8525390625,-0.0,1,3,0,0,1,0,0,0,0,0,0,0,1,2,0,0,0,0,332.7499084472656,3
1786296916.0067468,523.829345703125,10673,0,84058,34528,24182,0,0,0,0,0,0,0,1559.3828125,10302.2763671875,-0.0,1,3,0,0,1,0,0,0,0,0,0,0,1,2,0,0,0,0,332.7499084472656,3
1786296916.062519,523.8748779296875,10674,0,84058,34578,24182,0,0,0,0,0,0,0,1561.6064453125,10304.5,-0.0,1,3,0,0,1,0,0,0,0,0,0,0,1,2,0,0,0,0,332.7499084472656,3
1786296916.108054,523.9231567382812,10675,0,84058,34612,24182,0,0,0,0,0,0,0,1564.9580078125,10307.8515625,-0.0,1,3,0,0,1,0,0,0,0,0,0,0,1,2,0,0,0,0,332.7499084472656,3
1786296916.1723037,523.9757080078125,10676,0,84058,34662,24182,0,0,0,0,0,0,0,1568.3466796875,10311.240234375,-0.0,1,3,0,0,1,0,0,0,0,0,0,0,1,2,0,0,0,0,332.7499084472656,3
1786296916.2124517,524.0132446289062,10677,0,84058,34697,24182,0,0,0,0,0,0,0,1570.8857421875,10313.779296875,-0.0,1,3,0,0,1,0,0,0,0,0,0,0,1,2,0,0,0,0,332.7499084472656,3
1786296916.2552419,524.0537109375,10678,0,84058,34736,24182,0,0,0,0,0,0,0,1573.638671875,10316.5322265625,-0.0,1,3,0,0,1,0,0,0,0,0,0,0,1,2,0,0,0,0,332.7499084472656,3
1786296916.3194978,524.1167602539062,10679,0,84058,34799,24182,0,0,0,0,0,0,0,1577.9443359375,10320.837890625,-0.0,1,3,0,0,1,0,0,0,0,0,0,0,1,2,0,0,0,0,332.7499084472656,3
1786296916.3573406,524.1588134765625,10680,0,84058,34841,24182,0,0,0,0,0,0,0,1580.8251953125,10323.71875,-0.0,1,3,0,0,1,0,0,0,0,0,0,0,1,2,0,0,0,0,332.7499084472656,3
1786296916.4118423,524.231689453125,10681,0,84058,34918,24182,0,0,0,0,0,0,0,1585.8583984375,10328.751953125,-0.0,1,3,0,0,1,0,0,0,0,0,0,0,1,2,0,0,0,0,332.7499084472656,3
1786296916.4546676,524.275634765625,10682,0,84058,34968,24182,0,0,0,0,0,0,0,1589.3251953125,10332.21875,-0.0,1,3,0,0,1,0,0,0,0,0,0,0,1,2,0,0,0,0,332.7499084472656,3
1786296916.5070138,524.3314819335938,10683,0,84058,35035,24182,0,0,0,0,0,0,0,1592.8076171875,10335.701171875,-0.0,1,3,0,0,1,0,0,0,0,0,0,0,1,2,0,0,0,0,332.7499084472656,3
1786296916.5592802,524.3744506835938,10684,0,84058,35068,24182,0,0,0,0,0,0,0,1596.3056640625,10339.19921875,-0.0,1,3,0,0,1,0,0,0,0,0,0,0,1,2,0,0,0,0,332.7499084472656,3
1786296916.6057105,524.42041015625,10685,0,84058,35118,24182,0,0,0,0,0,0,0,1599.8193359375,10342.712890625,-0.0,1,3,0,0,1,0,0,0,0,0,0,0,1,2,0,0,0,0,332.7499084472656,3
1786296916.663216,524.4825439453125,10686,0,84058,35185,24182,0,0,0,0,0,0,0,1604.529296875,10347.4228515625,-0.0,1,3,0,0,1,0,0,0,0,0,0,0,1,2,0,0,0,0,332.7499084472656,3
1786296916.707707,524.527099609375,10687,0,84058,35218,24182,0,0,0,0,0,0,0,1606.8955078125,10349.7890625,-0.0,1,3,0,0,1,0,0,0,0,0,0,0,1,2,0,0,0,0,332.7499084472656,3
1786296916.753931,524.5718994140625,10688,0,84058,35268,24182,0,0,0,0,0,0,0,1610.455078125,10353.3486328125,-0.0,1,3,0,0,1,0,0,0,0,0,0,0,1,2,0,0,0,0,332.7499084472656,3
1786296916.819587,524.6319580078125,10689,0,84058,35335,24182,0,0,0,0,0,0,0,1615.2314453125,10358.125,-0.0,1,3,0,0,1,0,0,0,0,0,0,0,1,2,0,0,0,0,332.7499084472656,3
1786296916.8600507,524.6775512695312,10690,0,84058,35368,24182,0,0,0,0,0,0,0,1617.6298828125,10360.5234375,-0.0,1,3,0,0,1,0,0,0,0,0,0,0,1,2,0,0,0,0,332.7499084472656,3
1786296916.9080205,524.7244262695312,10691,0,84058,35418,24182,0,0,0,0,0,0,0,1621.23828125,10364.1318359375,-0.0,1,3,0,0,1,0,0,0,0,0,0,0,1,2,0,0,0,0,332.7499084472656,3
1786296916.9546902,524.7714233398438,10692,0,84058,35468,24182,0,0,0,0,0,0,0,1624.8623046875,10367.755859375,-0.0,1,3,0,0,1,0,0,0,0,0,0,0,1,2,0,0,0,0,332.7499084472656,3
1786296917.0026271,524.8186645507812,10693,0,84058,35518,24182,0,0,0,0,0,0,0,1628.4990234375,10371.392578125,-0.0,1,3,0,0,1,0,0,0,0,0,0,0,1,2,0,0,0,0,332.7499084472656,3
1786296917.0679946,524.8819580078125,10694,0,84058,35585,24182,0,0,0,0,0,0,0,1633.3701171875,10376.263671875,-0.0,1,3,0,0,1,0,0,0,0,0,0,0,1,2,0,0,0,0,332.7499084472656,3
1786296917.1241026,524.9310913085938,10695,0,84058,35618,24182,0,0,0,0,0,0,0,1635.814453125,10378.7080078125,-0.0,1,3,0,0,1,0,0,0,0,0,0,0,1,2,0,0,0,0,332.7499084472656,3
1786296917.169907,524.9682006835938,10696,0,84058,35652,24182,0,0,0,0,0,0,0,1638.4921875,10381.3857421875,-0.0,1,3,0,0,1,0,0,0,0,0,0,0,1,2,0,0,0,0,332.7499084472656,3
1786296917.2111537,525.0081787109375,10697,0,84058,35691,24182,0,0,0,0,0,0,0,1641.4404296875,10384.333984375,-0.0,1,3,0,0,1,0,0,0,0,0,0,0,1,2,0,0,0,0,332.7499084472656,3
1786296917.2563531,525.0515747070312,10698,0,84058,35732,24182,0,0,0,0,0,0,0,1644.6513671875,10387.544921875,-0.0,1,3,0,0,1,0,0,0,0,0,0,0,1,2,0,0,0,0,332.7499084472656,3
1786296917.3179228,525.1162719726562,10699,0,84058,35798,24182,0,0,0,0,0,0,0,1649.453125,10392.3466796875,-0.0,1,3,0,0,1,0,0,0,0,0,0,0,1,2,0,0,0,0,332.7499084472656,3
1786296917.3529587,525.157958984375,10700,0,84058,35841,24182,0,0,0,0,0,0,0,1652.5576171875,10395.451171875,-0.0,1,3,0,0,1,0,0,0,0,0,0,0,1,2,0,0,0,0,332.7499084472656,3
1786296917.4100053,525.2288208007812,10701,0,84058,35915,24182,0,0,0,0,0,0,0,1657.8779296875,10400.771484375,-0.0,1,3,0,0,1,0,0,0,0,0,0,0,1,2,0,0,0,0,332.7499084472656,3
1786296917.4644365,525.2869873046875,10702,0,84058,35982,24182,0,0,0,0,0,0,0,1662.8916015625,10405.78515625,-0.0,1,3,0,0,1,0,0,0,0,0,0,0,1,2,0,0,0,0,332.7499084472656,3
1786296917.505949,525.3284912109375,10703,0,84058,36032,24182,0,0,0,0,0,0,0,1665.40625,10408.2998046875,-0.0,1,3,0,0,1,0,0,0,0,0,0,0,1,2,0,0,0,0,332.7499084472656,3
1786296917.5616474,525.3834228515625,10704,0,84058,36082,24182,0,0,0,0,0,0,0,1670.4541015625,10413.34765625,-0.0,1,3,0,0,1,0,0,0,0,0,0,0,1,2,0,0,0,0,332.7499084472656,3
1786296917.614085,525.4381103515625,10705,0,84058,36132,24182,0,0,0,0,0,0,0,1674.255859375,10417.1494140625,-0.0,1,3,0,0,1,0,0,0,0,0,0,0,1,2,0,0,0,0,332.7499084472656,3
1786296917.653116,525.4786987304688,10706,0,84058,36182,24182,0,0,0,0,0,0,0,1676.796875,10419.6904296875,-0.0,1,3,0,0,1,0,0,0,0,0,0,0,1,2,0,0,0,0,332.7499084472656,3
1786296917.7109778,525.5331420898438,10707,0,84058,36232,24182,0,0,0,0,0,0,0,1681.8984375,10424.7919921875,-0.0,1,3,0,0,1,0,0,0,0,0,0,0,1,2,0,0,0,0,332.7499084472656,3
1786296917.7613747,525.586669921875,10708,0,84058,36282,24182,0,0,0,0,0,0,0,1685.7392578125,10428.6328125,-0.0,1,3,0,0,1,0,0,0,0,0,0,0,1,2,0,0,0,0,332.7499084472656,3
1786296917.8016157,525.6264038085938,10709,0,84058,36332,24182,0,0,0,0,0,0,0,1688.3076171875,10431.201171875,-0.0,1,3,0,0,1,0,0,0,0,0,0,0,1,2,0,0,0,0,332.7499084472656,3
1786296917.8580532,525.6817016601562,10710,0,84058,36382,24182,0,0,0,0,0,0,0,1693.4609375,10436.3544921875,-0.0,1,3,0,0,1,0,0,0,0,0,0,0,1,2,0,0,0,0,332.7499084472656,3
1786296917.9130392,525.736328125,10711,0,84058,36432,24182,0,0,0,0,0,0,0,1697.341796875,10440.2353515625,-0.0,1,3,0,0,1,0,0,0,0,0,0,0,1,2,0,0,0,0,332.7499084472656,3
1786296917.956633,525.7774047851562,10712,0,84058,36482,24182,0,0,0,0,0,0,0,1699.935546875,10442.8291015625,-0.0,1,3,0,0,1,0,0,0,0,0,0,0,1,2,0,0,0,0,332.7499084472656,3
1786296918.011103,525.8343505859375,10713,0,84058,36532,24182,0,0,0,0,0,0,0,1705.138671875,10448.0322265625,-0.0,1,3,0,0,1,0,0,0,0,0,0,0,1,2,0,0,0,0,332.7499084472656,3
1786296918.0560455,525.8762817382812,10714,0,84058,36565,24182,0,0,0,0,0,0,0,1707.7470703125,10450.640625,-0.0,1,3,0,0,1,0,0,0,0,0,0,0,1,2,0,0,0,0,332.7499084472656,3
1786296918.1058679,525.9300537109375,10715,0,84058,36632,24182,0,0,0,0,0,0,0,1712.98046875,10455.8740234375,-0.0,1,3,0,0,1,0,0,0,0,0,0,0,1,2,0,0,0,0,332.7499084472656,3
1786296918.158088,525.9818725585938,10716,0,84058,36682,24182,0,0,0,0,0,0,0,1716.91796875,10459.8115234375,-0.0,1,3,0,0,1,0,0,0,0,0,0,0,1,2,0,0,0,0,332.7499084472656,3
1786296918.2080326,526.0322875976562,10717,0,84058,36732,24182,0,0,0,0,0,0,0,1720.8662109375,10463.759765625,-0.0,1,3,0,0,1,0,0,0,0,0,0,0,1,2,0,0,0,0,332.7499084472656,3
1786296918.2595325,526.0834350585938,10718,0,84058,36782,24182,0,0,0,0,0,0,0,1724.8251953125,10467.71875,-0.0,1,3,0,0,1,0,0,0,0,0,0,0,1,2,0,0,0,0,332.7499084472656,3
1786296918.312729,526.1358032226562,10719,0,84058,36832,24182,0,0,0,0,0,0,0,1728.794921875,10471.6884765625,-0.0,1,3,0,0,1,0,0,0,0,0,0,0,1,2,0,0,0,0,332.7499084472656,3
1786296918.353853,526.1763916015625,10720,0,84058,36882,24182,0,0,0,0,0,0,0,1731.447265625,10474.3408203125,-0.0,1,3,0,0,1,0,0,0,0,0,0,0,1,2,0,0,0,0,332.7499084472656,3
1786296918.4090338,526.2314453125,10721,0,84058,36932,24182,0,0,0,0,0,0,0,1736.7666015625,10479.66015625,-0.0,1,3,0,0,1,0,0,0,0,0,0,0,1,2,0,0,0,0,332.7499084472656,3
1786296918.4625738,526.2859497070312,10722,0,84058,36982,24182,0,0,0,0,0,0,0,1740.767578125,10483.6611328125,-0.0,1,3,0,0,1,0,0,0,0,0,0,0,1,2,0,0,0,0,332.7499084472656,3
1786296918.501605,526.326416015625,10723,0,84058,37032,24182,0,0,0,0,0,0,0,1743.4404296875,10486.333984375,-0.0,1,3,0,0,1,0,0,0,0,0,0,0,1,2,0,0,0,0,332.7499084472656,3
1786296918.5556595,526.3793334960938,10724,0,84058,37082,24182,0,0,0,0,0,0,0,1748.7998046875,10491.693359375,-0.0,1,3,0,0,1,0,0,0,0,0,0,0,1,2,0,0,0,0,332.7499084472656,3
1786296918.6146533,526.4341430664062,10725,0,84058,37132,24182,0,0,0,0,0,0,0,1752.8310546875,10495.724609375,-0.0,1,3,0,0,1,0,0,0,0,0,0,0,1,2,0,0,0,0,332.7499084472656,3
1786296918.6556318,526.4769897460938,10726,0,84058,37182,24182,0,0,0,0,0,0,0,1755.5234375,10498.4169921875,-0.0,1,3,0,0,1,0,0,0,0,0,0,0,1,2,0,0,0,0,332.7499084472656,3
1786296918.7131515,526.5352783203125,10727,0,84058,37232,24182,0,0,0,0,0,0,0,1760.919921875,10503.8134765625,-0.0,1,3,0,0,1,0,0,0,0,0,0,0,1,2,0,0,0,0,332.7499084472656,3
1786296918.7539747,526.5777587890625,10728,0,84058,37282,24182,0,0,0,0,0,0,0,1763.625,10506.5185546875,-0.0,1,3,0,0,1,0,0,0,0,0,0,0,1,2,0,0,0,0,332.7499084472656,3
1786296918.8077676,526.6311645507812,10729,0,84058,37332,24182,0,0,0,0,0,0,0,1769.046875,10511.9404296875,-0.0,1,3,0,0,1,0,0,0,0,0,0,0,1,2,0,0,0,0,332.7499084472656,3
1786296918.8627875,526.6849975585938,10730,0,84058,37382,24182,0,0,0,0,0,0,0,1773.1240234375,10516.017578125,-0.0,1,3,0,0,1,0,0,0,0,0,0,0,1,2,0,0,0,0,332.7499084472656,3
1786296918.9045498,526.7271728515625,10731,0,84058,37432,24182,0,0,0,0,0,0,0,1775.845703125,10518.7392578125,-0.0,1,3,0,0,1,0,0,0,0,0,0,0,1,2,0,0,0,0,332.7499084472656,3
1786296918.9622333,526.7841796875,10732,0,84058,37482,24182,0,0,0,0,0,0,0,1781.3056640625,10524.19921875,-0.0,1,3,0,0,1,0,0,0,0,0,0,0,1,2,0,0,0,0,332.7499084472656,3
1786296919.0048919,526.8262939453125,10733,0,84058,37515,24182,0,0,0,0,0,0,0,1784.0419921875,10526.935546875,-0.0,1,3,0,0,1,0,0,0,0,0,0,0,1,2,0,0,0,0,332.7499084472656,3
1786296919.0527647,526.869384765625,10734,0,84058,37565,24182,0,0,0,0,0,0,0,1788.154296875,10531.0478515625,-0.0,1,3,0,0,1,0,0,0,0,0,0,0,1,2,0,0,0,0,332.7499084472656,3
1786296919.120573,526.9303588867188,10735,0,84058,37632,24182,0,0,0,0,0,0,0,1793.6484375,10536.5419921875,-0.0,1,3,0,0,1,0,0,0,0,0,0,0,1,2,0,0,0,0,332.7499084472656,3
1786296919.1613064,526.96484375,10736,0,84058,37665,24182,0,0,0,0,0,0,0,1796.4013671875,10539.294921875,-0.0,1,3,0,0,1,0,0,0,0,0,0,0,1,2,0,0,0,0,332.7499084472656,3
1786296919.221212,527.02099609375,10737,0,84058,37715,24182,0,0,0,0,0,0,0,1800.5361328125,10543.4296875,-0.0,1,3,0,0,1,0,0,0,0,0,0,0,1,2,0,0,0,0,332.7499084472656,3
1786296919.2626345,527.06201171875,10738,0,84058,37749,24182,0,0,0,0,0,0,0,1803.2978515625,10546.19140625,-0.0,1,3,0,0,1,0,0,0,0,0,0,0,1,2,0,0,0,0,332.7499084472656,3
1786296919.3030913,527.1029663085938,10739,0,84058,37785,24182,0,0,0,0,0,0,0,1806.6640625,10549.5576171875,-0.0,1,3,0,0,1,0,0,0,0,0,0,0,1,2,0,0,0,0,332.7499084472656,3
1786296919.3654804,527.1799926757812,10740,0,84058,37865,24182,0,0,0,0,0,0,0,1813.0703125,10555.9638671875,-0.0,1,3,0,0,1,0,0,0,0,0,0,0,1,2,0,0,0,0,332.7499084472656,3
1786296919.4049118,527.2268676757812,10741,0,84058,37916,24182,0,0,0,0,0,0,0,1817.2421875,10560.1357421875,-0.0,1,3,0,0,1,0,0,0,0,0,0,0,1,2,0,0,0,0,332.7499084472656,3
1786296919.4562516,527.281005859375,10742,0,84058,37983,24182,0,0,0,0,0,0,0,1822.818359375,10565.7119140625,-0.0,1,3,0,0,1,0,0,0,0,0,0,0,1,2,0,0,0,0,332.7499084472656,3
1786296919.5050476,527.3228759765625,10743,0,84058,38016,24182,0,0,0,0,0,0,0,1825.6103515625,10568.50390625,-0.0,1,3,0,0,1,0,0,0,0,0,0,0,1,2,0,0,0,0,332.7499084472656,3
1786296919.555598,527.3676147460938,10744,0,84058,38066,24182,0,0,0,0,0,0,0,1829.8056640625,10572.69921875,-0.0,1,3,0,0,1,0,0,0,0,0,0,0,1,2,0,0,0,0,332.7499084472656,3
1786296919.6138527,527.4307861328125,10745,0,84058,38133,24182,0,0,0,0,0,0,0,1835.41015625,10578.3037109375,-0.0,1,3,0,0,1,0,0,0,0,0,0,0,1,2,0,0,0,0,332.7499084472656,3
1786296919.6582232,527.4761352539062,10746,0,84058,38166,24182,0,0,0,0,0,0,0,1838.2177734375,10581.111328125,-0.0,1,3,0,0,1,0,0,0,0,0,0,0,1,2,0,0,0,0,332.7499084472656,3
1786296919.712522,527.5339965820312,10747,0,84058,38233,24182,0,0,0,0,0,0,0,1843.845703125,10586.7392578125,-0.0,1,3,0,0,1,0,0,0,0,0,0,0,1,2,0,0,0,0,332.7499084472656,3
1786296919.7562842,527.5770874023438,10748,0,84058,38266,24182,0,0,0,0,0,0,0,1846.6650390625,10589.55859375,-0.0,1,3,0,0,1,0,0,0,0,0,0,0,1,2,0,0,0,0,332.7499084472656,3
1786296919.8143373,527.6339111328125,10749,0,84058,38333,24182,0,0,0,0,0,0,0,1852.3076171875,10595.201171875,-0.0,1,3,0,0,1,0,0,0,0,0,0,0,1,2,0,0,0,0,332.7499084472656,3
1786296919.8581133,527.677001953125,10750,0,84058,38366,24182,0,0,0,0,0,0,0,1855.1318359375,10598.025390625,-0.0,1,3,0,0,1,0,0,0,0,0,0,0,1,2,0,0,0,0,332.7499084472656,3
1786296919.9031982,527.7212524414062,10751,0,84058,38416,24182,0,0,0,0,0,0,0,1859.37109375,10602.2646484375,-0.0,1,3,0,0,1,0,0,0,0,0,0,0,1,2,0,0,0,0,332.7499084472656,3
1786296919.9631324,527.7806396484375,10752,0,84058,38483,24182,0,0,0,0,0,0,0,1865.029296875,10607.9228515625,-0.0,1,3,0,0,1,0,0,0,0,0,0,0,1,2,0,0,0,0,332.7499084472656,3
1786296920.0078237,527.8255615234375,10753,0,84058,38516,24182,0,0,0,0,0,0,0,1867.859375,10610.7529296875,-0.0,1,3,0,0,1,0,0,0,0,0,0,0,1,2,0,0,0,0,332.7499084472656,3
1786296920.0567558,527.87158203125,10754,0,84058,38566,24182,0,0,0,0,0,0,0,1872.099609375,10614.9931640625,-0.0,1,3,0,0,1,0,0,0,0,0,0,0,1,2,0,0,0,0,332.7499084472656,3
1786296920.1182094,527.922607421875,10755,0,84058,38616,24182,0,0,0,0,0,0,0,1876.3232421875,10619.216796875,-0.0,1,3,0,0,1,0,0,0,0,0,0,0,1,2,0,0,0,0,332.7499084472656,3
1786296920.1658483,527.9616088867188,10756,0,84058,38650,24182,0,0,0,0,0,0,0,1879.126953125,10622.0205078125,-0.0,1,3,0,0,1,0,0,0,0,0,0,0,1,2,0,0,0,0,332.7499084472656,3
1786296920.2095046,528.0040893554688,10757,0,84058,38685,24182,0,0,0,0,0,0,0,1882.5517578125,10625.4453125,-0.0,1,3,0,0,1,0,0,0,0,0,0,0,1,2,0,0,0,0,332.7499084472656,3
1786296920.2695525,528.068603515625,10758,0,84058,38750,24182,0,0,0,0,0,0,0,1887.9453125,10630.8388671875,-0.0,1,3,0,0,1,0,0,0,0,0,0,0,1,2,0,0,0,0,332.7499084472656,3
1786296920.3067925,528.1101684570312,10759,0,84058,38793,24182,0,0,0,0,0,0,0,1891.41015625,10634.3037109375,-0.0,1,3,0,0,1,0,0,0,0,0,0,0,1,2,0,0,0,0,332.7499084472656,3
1786296920.3545241,528.1666870117188,10760,0,84058,38851,24182,0,0,0,0,0,0,0,1896.08203125,10638.9755859375,-0.0,1,3,0,0,1,0,0,0,0,0,0,0,1,2,0,0,0,0,332.7499084472656,3
1786296920.4092624,528.2305908203125,10761,0,84058,38920,24182,0,0,0,0,0,0,0,1901.572265625,10644.4658203125,-0.0,1,3,0,0,1,0,0,0,0,0,0,0,1,2,0,0,0,0,332.7499084472656,3
1786296920.4530554,528.273681640625,10762,0,84058,38970,24182,0,0,0,0,0,0,0,1905.607421875,10648.5009765625,-0.0,1,3,0,0,1,0,0,0,0,0,0,0,1,2,0,0,0,0,332.7499084472656,3
1786296920.5098374,528.33056640625,10763,0,84058,39020,24182,0,0,0,0,0,0,0,1909.5927734375,10652.486328125,-0.0,1,3,0,0,1,0,0,0,0,0,0,0,1,2,0,0,0,0,332.7499084472656,3
1786296920.561461,528.37548828125,10764,0,84058,39070,24182,0,0,0,0,0,0,0,1913.5263671875,10656.419921875,-0.0,1,3,0,0,1,0,0,0,0,0,0,0,1,2,0,0,0,0,332.7499084472656,3
1786296920.6094148,528.4227294921875,10765,0,84058,39120,24182,0,0,0,0,0,0,0,1917.396484375,10660.2900390625,-0.0,1,3,0,0,1,0,0,0,0,0,0,0,1,2,0,0,0,0,332.7499084472656,3
1786296920.6532574,528.4705810546875,10766,0,84058,39170,24182,0,0,0,0,0,0,0,1921.197265625,10664.0908203125,-0.0,1,3,0,0,1,0,0,0,0,0,0,0,1,2,0,0,0,0,332.7499084472656,3
1786296920.7118638,528.5309448242188,10767,0,84058,39220,24182,0,0,0,0,0,0,0,1924.9228515625,10667.81640625,-0.0,1,3,0,0,1,0,0,0,0,0,0,0,1,2,0,0,0,0,332.7499084472656,3
1786296920.7581685,528.5753784179688,10768,0,84058,39270,24182,0,0,0,0,0,0,0,1928.55859375,10671.4521484375,-0.0,1,3,0,0,1,0,0,0,0,0,0,0,1,2,0,0,0,0,332.7499084472656,3
1786296920.802174,528.6201171875,10769,0,84058,39320,24182,0,0,0,0,0,0,0,1932.1005859375,10674.994140625,-0.0,1,3,0,0,1,0,0,0,0,0,0,0,1,2,0,0,0,0,332.7499084472656,3
1786296920.8593185,528.678955078125,10770,0,84058,39370,24182,0,0,0,0,0,0,0,1935.5498046875,10678.443359375,-0.0,1,3,0,0,1,0,0,0,0,0,0,0,1,2,0,0,0,0,332.7499084472656,3
1786296920.902124,528.722412109375,10771,0,84058,39420,24182,0,0,0,0,0,0,0,1938.9140625,10681.8076171875,-0.0,1,3,0,0,1,0,0,0,0,0,0,0,1,2,0,0,0,0,332.7499084472656,3
1786296920.9617133,528.7803344726562,10772,0,84058,39470,24182,0,0,0,0,0,0,0,1942.2060546875,10685.099609375,-0.0,1,3,0,0,1,0,0,0,0,0,0,0,1,2,0,0,0,0,332.7499084472656,3
1786296921.020412,528.8267822265625,10773,0,84058,39520,24182,0,0,0,0,0,0,0,1945.4326171875,10688.326171875,-0.0,1,3,0,0,1,0,0,0,0,0,0,0,1,2,0,0,0,0,332.7499084472656,3
1786296921.0632186,528.8626098632812,10774,0,84058,39553,24182,0,0,0,0,0,0,0,1947.5400390625,10690.43359375,-0.0,1,3,0,0,1,0,0,0,0,0,0,0,1,2,0,0,0,0,332.7499084472656,3
1786296921.1081727,528.9031372070312,10775,0,84058,39587,24182,0,0,0,0,0,0,0,1949.7724609375,10692.666015625,-0.0,1,3,0,0,1,0,0,0,0,0,0,0,1,2,0,0,0,0,332.7499084472656,3
1786296921.1721156,528.9671630859375,10776,0,84058,39649,24182,0,0,0,0,0,0,0,1953.6474609375,10696.541015625,-0.0,1,3,0,0,1,0,0,0,0,0,0,0,1,2,0,0,0,0,332.7499084472656,3
1786296921.2158482,529.0105590820312,10777,0,84058,39692,24182,0,0,0,0,0,0,0,1956.1953125,10699.0888671875,-0.0,1,3,0,0,1,0,0,0,0,0,0,0,1,2,0,0,0,0,332.7499084472656,3
1786296921.2580516,529.0540771484375,10778,0,84058,39735,24182,0,0,0,0,0,0,0,1958.6884765625,10701.58203125,-0.0,1,3,0,0,1,0,0,0,0,0,0,0,1,2,0,0,0,0,332.7499084472656,3
1786296921.3049636,529.1155395507812,10779,0,84058,39799,24182,0,0,0,0,0,0,0,1962.099609375,10704.9931640625,-0.0,1,3,0,0,1,0,0,0,0,0,0,0,1,2,0,0,0,0,332.7499084472656,3
1786296921.3651588,529.1820678710938,10780,0,84058,39871,24182,0,0,0,0,0,0,0,1965.77734375,10708.6708984375,-0.0,1,3,0,0,1,0,0,0,0,0,0,0,1,2,0,0,0,0,332.7499084472656,3
1786296921.4122355,529.2263793945312,10781,0,84058,39921,24182,0,0,0,0,0,0,0,1968.3447265625,10711.23828125,-0.0,1,3,0,0,1,0,0,0,0,0,0,0,1,2,0,0,0,0,332.7499084472656,3
1786296921.4604087,529.2736206054688,10782,0,84058,39971,24182,0,0,0,0,0,0,0,1970.8310546875,10713.724609375,-0.0,1,3,0,0,1,0,0,0,0,0,0,0,1,2,0,0,0,0,332.7499084472656,3
1786296921.5077395,529.3220825195312,10783,0,84058,40021,24182,0,0,0,0,0,0,0,1973.240234375,10716.1337890625,-0.0,1,3,0,0,1,0,0,0,0,0,0,0,1,2,0,0,0,0,332.7499084472656,3
1786296921.5601852,529.3707885742188,10784,0,84058,40071,24182,0,0,0,0,0,0,0,1975.603515625,10718.4970703125,-0.0,1,3,0,0,1,0,0,0,0,0,0,0,1,2,0,0,0,0,332.7499084472656,3
1786296921.6048949,529.4192504882812,10785,0,84058,40121,24182,0,0,0,0,0,0,0,1977.90234375,10720.7958984375,-0.0,1,3,0,0,1,0,0,0,0,0,0,0,1,2,0,0,0,0,332.7499084472656,3
1786296921.654428,529.467529296875,10786,0,84058,40171,24182,0,0,0,0,0,0,0,1979.3955078125,10722.2890625,-0.0,1,3,0,0,1,0,0,0,0,0,0,0,1,2,0,0,0,0,332.7499084472656,3
1786296921.702822,529.5166625976562,10787,0,84058,40204,24182,0,0,0,0,0,0,0,1981.5751953125,10724.46875,-0.0,1,3,0,0,1,0,0,0,0,0,0,0,1,2,0,0,0,0,332.7499084472656,3
1786296921.7614734,529.5800170898438,10788,0,84058,40271,24182,0,0,0,0,0,0,0,1984.384765625,10727.2783203125,-0.0,1,3,0,0,1,0,0,0,0,0,0,0,1,2,0,0,0,0,332.7499084472656,3
1786296921.808145,529.6244506835938,10789,0,84058,40321,24182,0,0,0,0,0,0,0,1986.423828125,10729.3173828125,-0.0,1,3,0,0,1,0,0,0,0,0,0,0,1,2,0,0,0,0,332.7499084472656,3
1786296921.8561764,529.6705322265625,10790,0,84058,40371,24182,0,0,0,0,0,0,0,1988.416015625,10731.3095703125,-0.0,1,3,0,0,1,0,0,0,0,0,0,0,1,2,0,0,0,0,332.7499084472656,3
1786296921.9184737,529.73291015625,10791,0,84058,40421,24182,0,0,0,0,0,0,0,1990.376953125,10733.2705078125,-0.0,1,3,0,0,1,0,0,0,0,0,0,0,1,2,0,0,0,0,332.7499084472656,3
1786296921.9525683,529.7642211914062,10792,0,84058,40454,24182,0,0,0,0,0,0,0,1991.6787109375,10734.572265625,-0.0,1,3,0,0,1,0,0,0,0,0,0,0,1,2,0,0,0,0,332.7499084472656,3
1786296922.0156322,529.8167114257812,10793,0,84058,40504,24182,0,0,0,0,0,0,0,1993.626953125,10736.5205078125,-0.0,1,3,0,0,1,0,0,0,0,0,0,0,1,2,0,0,0,0,332.7499084472656,3
1786296922.06096,529.8556518554688,10794,0,84058,40539,24182,0,0,0,0,0,0,0,1995.109375,10738.0029296875,-0.0,1,3,0,0,1,0,0,0,0,0,0,0,1,2,0,0,0,0,332.7499084472656,3
1786296922.1211967,529.9188842773438,10795,0,84058,40601,24182,0,0,0,0,0,0,0,1997.572265625,10740.4658203125,-0.0,1,3,0,0,1,0,0,0,0,0,0,0,1,2,0,0,0,0,332.7499084472656,3
1786296922.160554,529.9603271484375,10796,0,84058,40643,24182,0,0,0,0,0,0,0,1999.1689453125,10742.0625,-0.0,1,3,0,0,1,0,0,0,0,0,0,0,1,2,0,0,0,0,332.7499084472656,3
1786296922.2090433,530.0192260742188,10797,0,84058,40704,24182,0,0,0,0,0,0,0,2001.421875,10744.3154296875,-0.0,1,3,0,0,1,0,0,0,0,0,0,0,1,2,0,0,0,0,332.7499084472656,3
1786296922.2631273,530.0846557617188,10798,0,84058,40773,24182,0,0,0,0,0,0,0,2003.994140625,10746.8876953125,-0.0,1,3,0,0,1,0,0,0,0,0,0,0,1,2,0,0,0,0,332.7499084472656,3
1786296922.3064337,530.1271362304688,10799,0,84058,40823,24182,0,0,0,0,0,0,0,2005.8720703125,10748.765625,-0.0,1,3,0,0,1,0,0,0,0,0,0,0,1,2,0,0,0,0,332.7499084472656,3
1786296922.3685336,530.1836547851562,10800,0,84058,40873,24182,0,0,0,0,0,0,0,2007.7333984375,10750.626953125,-0.0,1,3,0,0,1,0,0,0,0,0,0,0,1,2,0,0,0,0,332.7499084472656,3
1786296922.4142268,530.2293701171875,10801,0,84058,40923,24182,0,0,0,0,0,0,0,2009.576171875,10752.4697265625,-0.0,1,3,0,0,1,0,0,0,0,0,0,0,1,2,0,0,0,0,332.7499084472656,3
1786296922.4659567,530.2781982421875,10802,0,84058,40973,24182,0,0,0,0,0,0,0,2011.3974609375,10754.291015625,-0.0,1,3,0,0,1,0,0,0,0,0,0,0,1,2,0,0,0,0,332.7499084472656,3
1786296922.508201,530.325439453125,10803,0,84058,41023,24182,0,0,0,0,0,0,0,2013.2314453125,10756.125,-0.0,1,3,0,0,1,0,0,0,0,0,0,0,1,2,0,0,0,0,332.7499084472656,3
1786296922.5643601,530.3846435546875,10804,0,84058,41090,24182,0,0,0,0,0,0,0,2015.19140625,10758.0849609375,-0.0,1,3,0,0,1,0,0,0,0,0,0,0,1,2,0,0,0,0,332.7499084472656,3
1786296922.6083438,530.4271240234375,10805,0,84058,41123,24182,0,0,0,0,0,0,0,2017.126953125,10760.0205078125,-0.0,1,3,0,0,1,0,0,0,0,0,0,0,1,2,0,0,0,0,332.7499084472656,3
1786296922.6638074,530.4837036132812,10806,0,84058,41173,24182,0,0,0,0,0,0,0,2019.0498046875,10761.943359375,-0.0,1,3,0,0,1,0,0,0,0,0,0,0,1,2,0,0,0,0,332.7499084472656,3
1786296922.7061322,530.5266723632812,10807,0,84058,41223,24182,0,0,0,0,0,0,0,2020.9736328125,10763.8671875,-0.0,1,3,0,0,1,0,0,0,0,0,0,0,1,2,0,0,0,0,332.7499084472656,3
1786296922.7527542,530.5708618164062,10808,0,84058,41273,24182,0,0,0,0,0,0,0,2022.9130859375,10765.806640625,-0.0,1,3,0,0,1,0,0,0,0,0,0,0,1,2,0,0,0,0,332.7499084472656,3
1786296922.8076985,530.6287231445312,10809,0,84058,41323,24182,0,0,0,0,0,0,0,2024.880859375,10767.7744140625,-0.0,1,3,0,0,1,0,0,0,0,0,0,0,1,2,0,0,0,0,332.7499084472656,3
1786296922.8536236,530.671142578125,10810,0,84058,41373,24182,0,0,0,0,0,0,0,2026.892578125,10769.7861328125,-0.0,1,3,0,0,1,0,0,0,0,0,0,0,1,2,0,0,0,0,332.7499084472656,3
1786296922.9124396,530.7305908203125,10811,0,84058,41423,24182,0,0,0,0,0,0,0,2029.0498046875,10771.943359375,-0.0,1,3,0,0,1,0,0,0,0,0,0,0,1,2,0,0,0,0,332.7499084472656,3
1786296922.9724452,530.77880859375,10812,0,84058,41473,24182,0,0,0,0,0,0,0,2031.140625,10774.0341796875,-0.0,1,3,0,0,1,0,0,0,0,0,0,0,1,2,0,0,0,0,332.7499084472656,3
1786296923.0121095,530.814697265625,10813,0,84058,41507,24182,0,0,0,0,0,0,0,2032.4326171875,10775.326171875,-0.0,1,3,0,0,1,0,0,0,0,0,0,0,1,2,0,0,0,0,332.7499084472656,3
1786296923.0585816,530.8536987304688,10814,0,84058,41540,24182,0,0,0,0,0,0,0,2033.6591796875,10776.552734375,-0.0,1,3,0,0,1,0,0,0,0,0,0,0,1,2,0,0,0,0,332.7499084472656,3
1786296923.1060832,530.8964233398438,10815,0,84058,41578,24182,0,0,0,0,0,0,0,2035.14453125,10778.0380859375,-0.0,1,3,0,0,1,0,0,0,0,0,0,0,1,2,0,0,0,0,332.7499084472656,3
1786296923.1708817,530.96337890625,10816,0,84058,41644,24182,0,0,0,0,0,0,0,2037.3310546875,10780.224609375,-0.0,1,3,0,0,1,0,0,0,0,0,0,0,1,2,0,0,0,0,332.7499084472656,3
1786296923.2162788,531.0265502929688,10817,0,84058,41710,24182,0,0,0,0,0,0,0,2039.28125,10782.1748046875,-0.0,1,3,0,0,1,0,0,0,0,0,0,0,1,2,0,0,0,0,332.7499084472656,3
1786296923.2593927,531.0787963867188,10818,0,84058,41766,24182,0,0,0,0,0,0,0,2040.8525390625,10783.74609375,-0.0,1,3,0,0,1,0,0,0,0,0,0,0,1,2,0,0,0,0,332.7499084472656,3
1786296923.3040507,531.1231079101562,10819,0,84058,41816,24182,0,0,0,0,0,0,0,2042.298828125,10785.1923828125,-0.0,1,3,0,0,1,0,0,0,0,0,0,0,1,2,0,0,0,0,332.7499084472656,3
1786296923.3634522,531.1815185546875,10820,0,84058,41882,24182,0,0,0,0,0,0,0,2044.259765625,10787.1533203125,-0.0,1,3,0,0,1,0,0,0,0,0,0,0,1,2,0,0,0,0,332.7499084472656,3
1786296923.4094582,531.2272338867188,10821,0,84058,41916,24182,0,0,0,0,0,0,0,2045.298828125,10788.1923828125,-0.0,1,3,0,0,1,0,0,0,0,0,0,0,1,2,0,0,0,0,332.7499084472656,3
1786296923.4527419,531.27197265625,10822,0,84058,41966,24182,0,0,0,0,0,0,0,2046.888671875,10789.7822265625,-0.0,1,3,0,0,1,0,0,0,0,0,0,0,1,2,0,0,0,0,332.7499084472656,3
1786296923.507597,531.3294067382812,10823,0,84058,42032,24182,0,0,0,0,0,0,0,2048.51171875,10791.4052734375,-0.0,1,3,0,0,1,0,0,0,0,0,0,0,1,2,0,0,0,0,332.7499084472656,3
1786296923.5546882,531.3732299804688,10824,0,84058,42066,24182,0,0,0,0,0,0,0,2050.162109375,10793.0556640625,-0.0,1,3,0,0,1,0,0,0,0,0,0,0,1,2,0,0,0,0,332.7499084472656,3
1786296923.6145072,531.433349609375,10825,0,84058,42132,24182,0,0,0,0,0,0,0,2052.3984375,10795.2919921875,-0.0,1,3,0,0,1,0,0,0,0,0,0,0,1,2,0,0,0,0,332.7499084472656,3
1786296923.6572893,531.4769897460938,10826,0,84058,42166,24182,0,0,0,0,0,0,0,2053.5361328125,10796.4296875,-0.0,1,3,0,0,1,0,0,0,0,0,0,0,1,2,0,0,0,0,332.7499084472656,3
1786296923.7116582,531.5328979492188,10827,0,84058,42232,24182,0,0,0,0,0,0,0,2055.8564453125,10798.75,-0.0,1,3,0,0,1,0,0,0,0,0,0,0,1,2,0,0,0,0,332.7499084472656,3
1786296923.7538831,531.5747680664062,10828,0,84058,42266,24182,0,0,0,0,0,0,0,2057.037109375,10799.9306640625,-0.0,1,3,0,0,1,0,0,0,0,0,0,0,1,2,0,0,0,0,332.7499084472656,3
1786296923.8066823,531.6298217773438,10829,0,84058,42332,24182,0,0,0,0,0,0,0,2059.482421875,10802.3759765625,-0.0,1,3,0,0,1,0,0,0,0,0,0,0,1,2,0,0,0,0,332.7499084472656,3
1786296923.8625944,531.6841430664062,10830,0,84058,42382,24182,0,0,0,0,0,0,0,2061.3837890625,10804.27734375,-0.0,1,3,0,0,1,0,0,0,0,0,0,0,1,2,0,0,0,0,332.7499084472656,3
1786296923.9020784,531.7247924804688,10831,0,84058,42416,24182,0,0,0,0,0,0,0,2062.646484375,10805.5400390625,-0.0,1,3,0,0,1,0,0,0,0,0,0,0,1,2,0,0,0,0,332.7499084472656,3
1786296923.963011,531.78955078125,10832,0,84058,42482,24182,0,0,0,0,0,0,0,2065.1640625,10808.0576171875,-0.0,1,3,0,0,1,0,0,0,0,0,0,0,1,2,0,0,0,0,332.7499084472656,3
1786296924.0025227,531.8275756835938,10833,0,84058,42532,24182,0,0,0,0,0,0,0,2066.4228515625,10809.31640625,-0.0,1,3,0,0,1,0,0,0,0,0,0,0,1,2,0,0,0,0,332.7499084472656,3
1786296924.059568,531.8802490234375,10834,0,84058,42582,24182,0,0,0,0,0,0,0,2068.9423828125,10811.8359375,-0.0,1,3,0,0,1,0,0,0,0,0,0,0,1,2,0,0,0,0,332.7499084472656,3
1786296924.1092186,531.933349609375,10835,0,84058,42632,24182,0,0,0,0,0,0,0,2070.833984375,10813.7275390625,-0.0,1,3,0,0,1,0,0,0,0,0,0,0,1,2,0,0,0,0,332.7499084472656,3
1786296924.1593697,531.9841918945312,10836,0,84058,42682,24182,0,0,0,0,0,0,0,2072.7275390625,10815.62109375,-0.0,1,3,0,0,1,0,0,0,0,0,0,0,1,2,0,0,0,0,332.7499084472656,3
1786296924.2131233,532.0362548828125,10837,0,84058,42732,24182,0,0,0,0,0,0,0,2074.6103515625,10817.50390625,-0.0,1,3,0,0,1,0,0,0,0,0,0,0,1,2,0,0,0,0,332.7499084472656,3
1786296924.2547443,532.076904296875,10838,0,84058,42782,24182,0,0,0,0,0,0,0,2075.83984375,10818.7333984375,-0.0,1,3,0,0,1,0,0,0,0,0,0,0,1,2,0,0,0,0,332.7499084472656,3
1786296924.3109922,532.1323852539062,10839,0,84058,42832,24182,0,0,0,0,0,0,0,2078.2744140625,10821.16796875,-0.0,1,3,0,0,1,0,0,0,0,0,0,0,1,2,0,0,0,0,332.7499084472656,3
1786296924.362949,532.1763916015625,10840,0,84058,42866,24182,0,0,0,0,0,0,0,2079.48046875,10822.3740234375,-0.0,1,3,0,0,1,0,0,0,0,0,0,0,1,2,0,0,0,0,332.7499084472656,3
1786296924.407705,532.2227783203125,10841,0,84058,42916,24182,0,0,0,0,0,0,0,2081.2783203125,10824.171875,-0.0,1,3,0,0,1,0,0,0,0,0,0,0,1,2,0,0,0,0,332.7499084472656,3
1786296924.4601648,532.2821655273438,10842,0,84058,42982,24182,0,0,0,0,0,0,0,2083.662109375,10826.5556640625,-0.0,1,3,0,0,1,0,0,0,0,0,0,0,1,2,0,0,0,0,332.7499084472656,3
1786296924.5071416,532.32421875,10843,0,84058,43016,24182,0,0,0,0,0,0,0,2084.8505859375,10827.744140625,-0.0,1,3,0,0,1,0,0,0,0,0,0,0,1,2,0,0,0,0,332.7499084472656,3
1786296924.5555391,532.3696899414062,10844,0,84058,43066,24182,0,0,0,0,0,0,0,2086.6318359375,10829.525390625,-0.0,1,3,0,0,1,0,0,0,0,0,0,0,1,2,0,0,0,0,332.7499084472656,3
1786296924.6113346,532.4303588867188,10845,0,84058,43132,24182,0,0,0,0,0,0,0,2089.013671875,10831.9072265625,-0.0,1,3,0,0,1,0,0,0,0,0,0,0,1,2,0,0,0,0,332.7499084472656,3
1786296924.6567607,532.4743041992188,10846,0,84058,43166,24182,0,0,0,0,0,0,0,2090.1865234375,10833.080078125,-0.0,1,3,0,0,1,0,0,0,0,0,0,0,1,2,0,0,0,0,332.7499084472656,3
1786296924.7027142,532.519287109375,10847,0,84058,43216,24182,0,0,0,0,0,0,0,2091.9365234375,10834.830078125,-0.0,1,3,0,0,1,0,0,0,0,0,0,0,1,2,0,0,0,0,332.7499084472656,3
1786296924.7616446,532.5673828125,10848,0,84058,43266,24182,0,0,0,0,0,0,0,2093.677734375,10836.5712890625,-0.0,1,3,0,0,1,0,0,0,0,0,0,0,1,2,0,0,0,0,332.7499084472656,3
1786296924.8035786,532.6034545898438,10849,0,84058,43299,24182,0,0,0,0,0,0,0,2094.8369140625,10837.73046875,-0.0,1,3,0,0,1,0,0,0,0,0,0,0,1,2,0,0,0,0,332.7499084472656,3
1786296924.8645601,532.6635131835938,10850,0,84058,43349,24182,0,0,0,0,0,0,0,2096.595703125,10839.4892578125,-0.0,1,3,0,0,1,0,0,0,0,0,0,0,1,2,0,0,0,0,332.7499084472656,3
1786296924.9054148,532.7049560546875,10851,0,84058,43387,24182,0,0,0,0,0,0,0,2098.0341796875,10840.927734375,-0.0,1,3,0,0,1,0,0,0,0,0,0,0,1,2,0,0,0,0,332.7499084472656,3
1786296924.9610808,532.76611328125,10852,0,84058,43449,24182,0,0,0,0,0,0,0,2100.1552734375,10843.048828125,-0.0,1,3,0,0,1,0,0,0,0,0,0,0,1,2,0,0,0,0,332.7499084472656,3
1786296925.011809,532.834716796875,10853,0,84058,43522,24182,0,0,0,0,0,0,0,2102.580078125,10845.4736328125,-0.0,1,3,0,0,1,0,0,0,0,0,0,0,1,2,0,0,0,0,332.7499084472656,3
1786296925.0599327,532.876708984375,10854,0,84058,43572,24182,0,0,0,0,0,0,0,2104.3251953125,10847.21875,-0.0,1,3,0,0,1,0,0,0,0,0,0,0,1,2,0,0,0,0,332.7499084472656,3
1786296925.114188,532.9334106445312,10855,0,84058,43622,24182,0,0,0,0,0,0,0,2106.0634765625,10848.95703125,-0.0,1,3,0,0,1,0,0,0,0,0,0,0,1,2,0,0,0,0,332.7499084472656,3
1786296925.161619,532.9782104492188,10856,0,84058,43672,24182,0,0,0,0,0,0,0,2107.80078125,10850.6943359375,-0.0,1,3,0,0,1,0,0,0,0,0,0,0,1,2,0,0,0,0,332.7499084472656,3
1786296925.2081852,533.0240478515625,10857,0,84058,43722,24182,0,0,0,0,0,0,0,2109.54296875,10852.4365234375,-0.0,1,3,0,0,1,0,0,0,0,0,0,0,1,2,0,0,0,0,332.7499084472656,3
1786296925.2513003,533.0700073242188,10858,0,84058,43772,24182,0,0,0,0,0,0,0,2111.291015625,10854.1845703125,-0.0,1,3,0,0,1,0,0,0,0,0,0,0,1,2,0,0,0,0,332.7499084472656,3
1786296925.3073432,533.1284790039062,10859,0,84058,43822,24182,0,0,0,0,0,0,0,2113.0576171875,10855.951171875,-0.0,1,3,0,0,1,0,0,0,0,0,0,0,1,2,0,0,0,0,332.7499084472656,3
1786296925.3530228,533.1715698242188,10860,0,84058,43872,24182,0,0,0,0,0,0,0,2114.849609375,10857.7431640625,-0.0,1,3,0,0,1,0,0,0,0,0,0,0,1,2,0,0,0,0,332.7499084472656,3
1786296925.4080026,533.228515625,10861,0,84058,43922,24182,0,0,0,0,0,0,0,2116.6767578125,10859.5703125,-0.0,1,3,0,0,1,0,0,0,0,0,0,0,1,2,0,0,0,0,332.7499084472656,3
1786296925.4533556,533.2715454101562,10862,0,84058,43972,24182,0,0,0,0,0,0,0,2118.5419921875,10861.435546875,-0.0,1,3,0,0,1,0,0,0,0,0,0,0,1,2,0,0,0,0,332.7499084472656,3
1786296925.5081458,533.328857421875,10863,0,84058,44022,24182,0,0,0,0,0,0,0,2120.4326171875,10863.326171875,-0.0,1,3,0,0,1,0,0,0,0,0,0,0,1,2,0,0,0,0,332.7499084472656,3
1786296925.5613074,533.3843383789062,10864,0,84058,44089,24182,0,0,0,0,0,0,0,2122.3154296875,10865.208984375,-0.0,1,3,0,0,1,0,0,0,0,0,0,0,1,2,0,0,0,0,332.7499084472656,3
1786296925.6113408,533.427490234375,10865,0,84058,44122,24182,0,0,0,0,0,0,0,2124.2294921875,10867.123046875,-0.0,1,3,0,0,1,0,0,0,0,0,0,0,1,2,0,0,0,0,332.7499084472656,3
1786296925.6704779,533.4766845703125,10866,0,84058,44172,24182,0,0,0,0,0,0,0,2126.1748046875,10869.068359375,-0.0,1,3,0,0,1,0,0,0,0,0,0,0,1,2,0,0,0,0,332.7499084472656,3
1786296925.7113295,533.5136108398438,10867,0,84058,44205,24182,0,0,0,0,0,0,0,2127.4892578125,10870.3828125,-0.0,1,3,0,0,1,0,0,0,0,0,0,0,1,2,0,0,0,0,332.7499084472656,3
1786296925.7526999,533.552978515625,10868,0,84058,44239,24182,0,0,0,0,0,0,0,2128.8349609375,10871.728515625,-0.0,1,3,0,0,1,0,0,0,0,0,0,0,1,2,0,0,0,0,332.7499084472656,3
1786296925.8181865,533.6152954101562,10869,0,84058,44297,24182,0,0,0,0,0,0,0,2131.3603515625,10874.25390625,-0.0,1,3,0,0,1,0,0,0,0,0,0,0,1,2,0,0,0,0,332.7499084472656,3
1786296925.860534,533.657958984375,10870,0,84058,44339,24182,0,0,0,0,0,0,0,2133.119140625,10876.0126953125,-0.0,1,3,0,0,1,0,0,0,0,0,0,0,1,2,0,0,0,0,332.7499084472656,3
1786296925.9114637,533.7202758789062,10871,0,84058,44403,24182,0,0,0,0,0,0,0,2135.7265625,10878.6201171875,-0.0,1,3,0,0,1,0,0,0,0,0,0,0,1,2,0,0,0,0,332.7499084472656,3
1786296925.955685,533.7730712890625,10872,0,84058,44459,24182,0,0,0,0,0,0,0,2137.9814453125,10880.875,-0.0,1,3,0,0,1,0,0,0,0,0,0,0,1,2,0,0,0,0,332.7499084472656,3
1786296926.0095165,533.8306884765625,10873,0,84058,44526,24182,0,0,0,0,0,0,0,2140.87109375,10883.7646484375,-0.0,1,3,0,0,1,0,0,0,0,0,0,0,1,2,0,0,0,0,332.7499084472656,3
1786296926.065917,533.8851928710938,10874,0,84058,44576,24182,0,0,0,0,0,0,0,2143.07421875,10885.9677734375,-0.0,1,3,0,0,1,0,0,0,0,0,0,0,1,2,0,0,0,0,332.7499084472656,3
1786296926.107377,533.927001953125,10875,0,84058,44626,24182,0,0,0,0,0,0,0,2145.298828125,10888.1923828125,-0.0,1,3,0,0,1,0,0,0,0,0,0,0,1,2,0,0,0,0,332.7499084472656,3
1786296926.1550388,533.9713134765625,10876,0,84058,44659,24182,0,0,0,0,0,0,0,2146.7998046875,10889.693359375,-0.0,1,3,0,0,1,0,0,0,0,0,0,0,1,2,0,0,0,0,332.7499084472656,3
1786296926.209458,534.0293579101562,10877,0,84058,44726,24182,0,0,0,0,0,0,0,2149.8427734375,10892.736328125,-0.0,1,3,0,0,1,0,0,0,0,0,0,0,1,2,0,0,0,0,332.7499084472656,3
1786296926.2647822,534.0851440429688,10878,0,84058,44776,24182,0,0,0,0,0,0,0,2152.1572265625,10895.05078125,-0.0,1,3,0,0,1,0,0,0,0,0,0,0,1,2,0,0,0,0,332.7499084472656,3
1786296926.306441,534.1275024414062,10879,0,84058,44826,24182,0,0,0,0,0,0,0,2154.5009765625,10897.39453125,-0.0,1,3,0,0,1,0,0,0,0,0,0,0,1,2,0,0,0,0,332.7499084472656,3
1786296926.3628862,534.1837158203125,10880,0,84058,44876,24182,0,0,0,0,0,0,0,2156.8720703125,10899.765625,-0.0,1,3,0,0,1,0,0,0,0,0,0,0,1,2,0,0,0,0,332.7499084472656,3
1786296926.4061794,534.225830078125,10881,0,84058,44926,24182,0,0,0,0,0,0,0,2159.271484375,10902.1650390625,-0.0,1,3,0,0,1,0,0,0,0,0,0,0,1,2,0,0,0,0,332.7499084472656,3
1786296926.4580288,534.281005859375,10882,0,84058,44976,24182,0,0,0,0,0,0,0,2161.6982421875,10904.591796875,-0.0,1,3,0,0,1,0,0,0,0,0,0,0,1,2,0,0,0,0,332.7499084472656,3
1786296926.5145454,534.3362426757812,10883,0,84058,45026,24182,0,0,0,0,0,0,0,2164.15234375,10907.0458984375,-0.0,1,3,0,0,1,0,0,0,0,0,0,0,1,2,0,0,0,0,332.7499084472656,3
1786296926.5533938,534.3775024414062,10884,0,84058,45076,24182,0,0,0,0,0,0,0,2166.6318359375,10909.525390625,-0.0,1,3,0,0,1,0,0,0,0,0,0,0,1,2,0,0,0,0,332.7499084472656,3
1786296926.6060946,534.4298095703125,10885,0,84058,45126,24182,0,0,0,0,0,0,0,2169.1376953125,10912.03125,-0.0,1,3,0,0,1,0,0,0,0,0,0,0,1,2,0,0,0,0,332.7499084472656,3
1786296926.659839,534.4820556640625,10886,0,84058,45176,24182,0,0,0,0,0,0,0,2171.66796875,10914.5615234375,-0.0,1,3,0,0,1,0,0,0,0,0,0,0,1,2,0,0,0,0,332.7499084472656,3
1786296926.7013578,534.5228271484375,10887,0,84058,45226,24182,0,0,0,0,0,0,0,2173.369140625,10916.2626953125,-0.0,1,3,0,0,1,0,0,0,0,0,0,0,1,2,0,0,0,0,332.7499084472656,3
1786296926.769753,534.5817260742188,10888,0,84058,45276,24182,0,0,0,0,0,0,0,2176.8037109375,10919.697265625,-0.0,1,3,0,0,1,0,0,0,0,0,0,0,1,2,0,0,0,0,332.7499084472656,3
1786296926.8144038,534.6297607421875,10889,0,84058,45326,24182,0,0,0,0,0,0,0,2179.408203125,10922.3017578125,-0.0,1,3,0,0,1,0,0,0,0,0,0,0,1,2,0,0,0,0,332.7499084472656,3
1786296926.8587124,534.6771240234375,10890,0,84058,45376,24182,0,0,0,0,0,0,0,2182.0361328125,10924.9296875,-0.0,1,3,0,0,1,0,0,0,0,0,0,0,1,2,0,0,0,0,332.7499084472656,3
1786296926.9143944,534.7349243164062,10891,0,84058,45426,24182,0,0,0,0,0,0,0,2184.6875,10927.5810546875,-0.0,1,3,0,0,1,0,0,0,0,0,0,0,1,2,0,0,0,0,332.7499084472656,3
1786296926.9582431,534.7769775390625,10892,0,84058,45476,24182,0,0,0,0,0,0,0,2187.361328125,10930.2548828125,-0.0,1,3,0,0,1,0,0,0,0,0,0,0,1,2,0,0,0,0,332.7499084472656,3
1786296927.0127745,534.8333129882812,10893,0,84058,45526,24182,0,0,0,0,0,0,0,2190.0576171875,10932.951171875,-0.0,1,3,0,0,1,0,0,0,0,0,0,0,1,2,0,0,0,0,332.7499084472656,3
1786296927.060302,534.8765258789062,10894,0,84058,45576,24182,0,0,0,0,0,0,0,2192.7822265625,10935.67578125,-0.0,1,3,0,0,1,0,0,0,0,0,0,0,1,2,0,0,0,0,332.7499084472656,3
1786296927.1058,534.9214477539062,10895,0,84058,45609,24182,0,0,0,0,0,0,0,2194.6103515625,10937.50390625,-0.0,1,3,0,0,1,0,0,0,0,0,0,0,1,2,0,0,0,0,332.7499084472656,3
1786296927.1546583,534.968994140625,10896,0,84058,45659,24182,0,0,0,0,0,0,0,2197.373046875,10940.2666015625,-0.0,1,3,0,0,1,0,0,0,0,0,0,0,1,2,0,0,0,0,332.7499084472656,3
1786296927.212857,535.0311889648438,10897,0,84058,45726,24182,0,0,0,0,0,0,0,2201.08984375,10943.9833984375,-0.0,1,3,0,0,1,0,0,0,0,0,0,0,1,2,0,0,0,0,332.7499084472656,3
1786296927.2591774,535.075439453125,10898,0,84058,45776,24182,0,0,0,0,0,0,0,2203.9033203125,10946.796875,-0.0,1,3,0,0,1,0,0,0,0,0,0,0,1,2,0,0,0,0,332.7499084472656,3
1786296927.321045,535.1244506835938,10899,0,84058,45826,24182,0,0,0,0,0,0,0,2206.73828125,10949.6318359375,-0.0,1,3,0,0,1,0,0,0,0,0,0,0,1,2,0,0,0,0,332.7499084472656,3
1786296927.364833,535.1621704101562,10900,0,84058,45859,24182,0,0,0,0,0,0,0,2208.6396484375,10951.533203125,-0.0,1,3,0,0,1,0,0,0,0,0,0,0,1,2,0,0,0,0,332.7499084472656,3
1786296927.4038258,535.2030639648438,10901,0,84058,45893,24182,0,0,0,0,0,0,0,2210.5517578125,10953.4453125,-0.0,1,3,0,0,1,0,0,0,0,0,0,0,1,2,0,0,0,0,332.7499084472656,3
1786296927.4682238,535.265625,10902,0,84058,45948,24182,0,0,0,0,0,0,0,2213.9658203125,10956.859375,-0.0,1,3,0,0,1,0,0,0,0,0,0,0,1,2,0,0,0,0,332.7499084472656,3
1786296927.5025845,535.306396484375,10903,0,84058,45989,24182,0,0,0,0,0,0,0,2216.333984375,10959.2275390625,-0.0,1,3,0,0,1,0,0,0,0,0,0,0,1,2,0,0,0,0,332.7499084472656,3
1786296927.562911,535.3778686523438,10904,0,84058,46064,24182,0,0,0,0,0,0,0,2220.5244140625,10963.41796875,-0.0,1,3,0,0,1,0,0,0,0,0,0,0,1,2,0,0,0,0,332.7499084472656,3
1786296927.6025524,535.4226684570312,10905,0,84058,46114,24182,0,0,0,0,0,0,0,2223.48046875,10966.3740234375,-0.0,1,3,0,0,1,0,0,0,0,0,0,0,1,2,0,0,0,0,332.7499084472656,3
1786296927.666877,535.4811401367188,10906,0,84058,46181,24182,0,0,0,0,0,0,0,2227.451171875,10970.3447265625,-0.0,1,3,0,0,1,0,0,0,0,0,0,0,1,2,0,0,0,0,332.7499084472656,3
1786296927.7074354,535.5136108398438,10907,0,84058,46214,24182,0,0,0,0,0,0,0,2229.4462890625,10972.33984375,-0.0,1,3,0,0,1,0,0,0,0,0,0,0,1,2,0,0,0,0,332.7499084472656,3
1786296927.7578297,535.5664672851562,10908,0,84058,46264,24182,0,0,0,0,0,0,0,2232.453125,10975.3466796875,-0.0,1,3,0,0,1,0,0,0,0,0,0,0,1,2,0,0,0,0,332.7499084472656,3
1786296927.8115134,535.6326293945312,10909,0,84058,46331,24182,0,0,0,0,0,0,0,2236.48828125,10979.3818359375,-0.0,1,3,0,0,1,0,0,0,0,0,0,0,1,2,0,0,0,0,332.7499084472656,3
1786296927.854403,535.6753540039062,10910,0,84058,46381,24182,0,0,0,0,0,0,0,2238.5185546875,10981.412109375,-0.0,1,3,0,0,1,0,0,0,0,0,0,0,1,2,0,0,0,0,332.7499084472656,3
1786296927.912066,535.7315063476562,10911,0,84058,46431,24182,0,0,0,0,0,0,0,2242.599609375,10985.4931640625,-0.0,1,3,0,0,1,0,0,0,0,0,0,0,1,2,0,0,0,0,332.7499084472656,3
1786296927.9569209,535.7745361328125,10912,0,84058,46464,24182,0,0,0,0,0,0,0,2244.6513671875,10987.544921875,-0.0,1,3,0,0,1,0,0,0,0,0,0,0,1,2,0,0,0,0,332.7499084472656,3
1786296928.0134103,535.8328857421875,10913,0,84058,46531,24182,0,0,0,0,0,0,0,2248.77734375,10991.6708984375,-0.0,1,3,0,0,1,0,0,0,0,0,0,0,1,2,0,0,0,0,332.7499084472656,3
1786296928.0550528,535.8758544921875,10914,0,84058,46581,24182,0,0,0,0,0,0,0,2250.8544921875,10993.748046875,-0.0,1,3,0,0,1,0,0,0,0,0,0,0,1,2,0,0,0,0,332.7499084472656,3
1786296928.11298,535.9322509765625,10915,0,84058,46631,24182,0,0,0,0,0,0,0,2255.0341796875,10997.927734375,-0.0,1,3,0,0,1,0,0,0,0,0,0,0,1,2,0,0,0,0,332.7499084472656,3
1786296928.1628132,535.9769897460938,10916,0,84058,46681,24182,0,0,0,0,0,0,0,2257.134765625,11000.0283203125,-0.0,1,3,0,0,1,0,0,0,0,0,0,0,1,2,0,0,0,0,332.7499084472656,3
1786296928.213375,536.0238647460938,10917,0,84058,46714,24182,0,0,0,0,0,0,0,2260.314453125,11003.2080078125,-0.0,1,3,0,0,1,0,0,0,0,0,0,0,1,2,0,0,0,0,332.7499084472656,3
1786296928.2551954,536.058837890625,10918,0,84058,46747,24182,0,0,0,0,0,0,0,2262.451171875,11005.3447265625,-0.0,1,3,0,0,1,0,0,0,0,0,0,0,1,2,0,0,0,0,332.7499084472656,3
1786296928.3158507,536.1157836914062,10919,0,84058,46799,24182,0,0,0,0,0,0,0,2265.9677734375,11008.861328125,-0.0,1,3,0,0,1,0,0,0,0,0,0,0,1,2,0,0,0,0,332.7499084472656,3
1786296928.363368,536.15771484375,10920,0,84058,46839,24182,0,0,0,0,0,0,0,2268.6767578125,11011.5703125,-0.0,1,3,0,0,1,0,0,0,0,0,0,0,1,2,0,0,0,0,332.7499084472656,3
1786296928.4030895,536.2002563476562,10921,0,84058,46882,24182,0,0,0,0,0,0,0,2271.4404296875,11014.333984375,-0.0,1,3,0,0,1,0,0,0,0,0,0,0,1,2,0,0,0,0,332.7499084472656,3
1786296928.4611824,536.2639770507812,10922,0,84058,46946,24182,0,0,0,0,0,0,0,2275.6064453125,11018.5,-0.0,1,3,0,0,1,0,0,0,0,0,0,0,1,2,0,0,0,0,332.7499084472656,3
1786296928.507216,536.3207397460938,10923,0,84058,47006,24182,0,0,0,0,0,0,0,2279.3369140625,11022.23046875,-0.0,1,3,0,0,1,0,0,0,0,0,0,0,1,2,0,0,0,0,332.7499084472656,3
1786296928.5662584,536.3836059570312,10924,0,84058,47074,24182,0,0,0,0,0,0,0,2283.77734375,11026.6708984375,-0.0,1,3,0,0,1,0,0,0,0,0,0,0,1,2,0,0,0,0,332.7499084472656,3
1786296928.6144278,536.4276733398438,10925,0,84058,47124,24182,0,0,0,0,0,0,0,2287.1005859375,11029.994140625,-0.0,1,3,0,0,1,0,0,0,0,0,0,0,1,2,0,0,0,0,332.7499084472656,3
1786296928.668304,536.4762573242188,10926,0,84058,47174,24182,0,0,0,0,0,0,0,2290.4404296875,11033.333984375,-0.0,1,3,0,0,1,0,0,0,0,0,0,0,1,2,0,0,0,0,332.7499084472656,3
1786296928.7133067,536.5274658203125,10927,0,84058,47224,24182,0,0,0,0,0,0,0,2293.783203125,11036.6767578125,-0.0,1,3,0,0,1,0,0,0,0,0,0,0,1,2,0,0,0,0,332.7499084472656,3
1786296928.7579918,536.5760498046875,10928,0,84058,47274,24182,0,0,0,0,0,0,0,2297.142578125,11040.0361328125,-0.0,1,3,0,0,1,0,0,0,0,0,0,0,1,2,0,0,0,0,332.7499084472656,3
1786296928.8144448,536.634765625,10929,0,84058,47324,24182,0,0,0,0,0,0,0,2300.5185546875,11043.412109375,-0.0,1,3,0,0,1,0,0,0,0,0,0,0,1,2,0,0,0,0,332.7499084472656,3
1786296928.8552938,536.6773681640625,10930,0,84058,47374,24182,0,0,0,0,0,0,0,2303.91015625,11046.8037109375,-0.0,1,3,0,0,1,0,0,0,0,0,0,0,1,2,0,0,0,0,332.7499084472656,3
1786296928.9117563,536.7333984375,10931,0,84058,47424,24182,0,0,0,0,0,0,0,2307.3173828125,11050.2109375,-0.0,1,3,0,0,1,0,0,0,0,0,0,0,1,2,0,0,0,0,332.7499084472656,3
1786296928.9550595,536.7752685546875,10932,0,84058,47474,24182,0,0,0,0,0,0,0,2310.7412109375,11053.634765625,-0.0,1,3,0,0,1,0,0,0,0,0,0,0,1,2,0,0,0,0,332.7499084472656,3
1786296929.010986,536.8316040039062,10933,0,84058,47524,24182,0,0,0,0,0,0,0,2314.1787109375,11057.072265625,-0.0,1,3,0,0,1,0,0,0,0,0,0,0,1,2,0,0,0,0,332.7499084472656,3
1786296929.0580795,536.8743896484375,10934,0,84058,47574,24182,0,0,0,0,0,0,0,2317.6328125,11060.5263671875,-0.0,1,3,0,0,1,0,0,0,0,0,0,0,1,2,0,0,0,0,332.7499084472656,3
1786296929.104832,536.9197998046875,10935,0,84058,47607,24182,0,0,0,0,0,0,0,2319.943359375,11062.8369140625,-0.0,1,3,0,0,1,0,0,0,0,0,0,0,1,2,0,0,0,0,332.7499084472656,3
1786296929.164033,536.98193359375,10936,0,84058,47674,24182,0,0,0,0,0,0,0,2324.587890625,11067.4814453125,-0.0,1,3,0,0,1,0,0,0,0,0,0,0,1,2,0,0,0,0,332.7499084472656,3
1786296929.2212617,537.0289916992188,10937,0,84058,47724,24182,0,0,0,0,0,0,0,2328.0908203125,11070.984375,-0.0,1,3,0,0,1,0,0,0,0,0,0,0,1,2,0,0,0,0,332.7499084472656,3
1786296929.2639065,537.0642700195312,10938,0,84058,47757,24182,0,0,0,0,0,0,0,2330.43359375,11073.3271484375,-0.0,1,3,0,0,1,0,0,0,0,0,0,0,1,2,0,0,0,0,332.7499084472656,3
1786296929.3073146,537.1033935546875,10939,0,84058,47791,24182,0,0,0,0,0,0,0,2332.7822265625,11075.67578125,-0.0,1,3,0,0,1,0,0,0,0,0,0,0,1,2,0,0,0,0,332.7499084472656,3
1786296929.3712814,537.166748046875,10940,0,84058,47848,24182,0,0,0,0,0,0,0,2337.17578125,11080.0693359375,-0.0,1,3,0,0,1,0,0,0,0,0,0,0,1,2,0,0,0,0,332.7499084472656,3
1786296929.4106705,537.2090454101562,10941,0,84058,47891,24182,0,0,0,0,0,0,0,2340.1767578125,11083.0703125,-0.0,1,3,0,0,1,0,0,0,0,0,0,0,1,2,0,0,0,0,332.7499084472656,3
1786296929.4600527,537.2694702148438,10942,0,84058,47953,24182,0,0,0,0,0,0,0,2344.4814453125,11087.375,-0.0,1,3,0,0,1,0,0,0,0,0,0,0,1,2,0,0,0,0,332.7499084472656,3
1786296929.5048265,537.3218383789062,10943,0,84058,48008,24182,0,0,0,0,0,0,0,2348.23046875,11091.1240234375,-0.0,1,3,0,0,1,0,0,0,0,0,0,0,1,2,0,0,0,0,332.7499084472656,3
1786296929.5596068,537.3810424804688,10944,0,84058,48075,24182,0,0,0,0,0,0,0,2353.0205078125,11095.9140625,-0.0,1,3,0,0,1,0,0,0,0,0,0,0,1,2,0,0,0,0,332.7499084472656,3
1786296929.6105525,537.4244384765625,10945,0,84058,48125,24182,0,0,0,0,0,0,0,2356.6259765625,11099.51953125,-0.0,1,3,0,0,1,0,0,0,0,0,0,0,1,2,0,0,0,0,332.7499084472656,3
1786296929.6683226,537.472900390625,10946,0,84058,48175,24182,0,0,0,0,0,0,0,2360.2412109375,11103.134765625,-0.0,1,3,0,0,1,0,0,0,0,0,0,0,1,2,0,0,0,0,332.7499084472656,3
1786296929.7160573,537.5264282226562,10947,0,84058,48225,24182,0,0,0,0,0,0,0,2363.8701171875,11106.763671875,-0.0,1,3,0,0,1,0,0,0,0,0,0,0,1,2,0,0,0,0,332.7499084472656,3
1786296929.758388,537.5758666992188,10948,0,84058,48275,24182,0,0,0,0,0,0,0,2367.509765625,11110.4033203125,-0.0,1,3,0,0,1,0,0,0,0,0,0,0,1,2,0,0,0,0,332.7499084472656,3
1786296929.804431,537.6217651367188,10949,0,84058,48325,24182,0,0,0,0,0,0,0,2369.943359375,11112.8369140625,-0.0,1,3,0,0,1,0,0,0,0,0,0,0,1,2,0,0,0,0,332.7499084472656,3
1786296929.861955,537.680908203125,10950,0,84058,48375,24182,0,0,0,0,0,0,0,2374.8271484375,11117.720703125,-0.0,1,3,0,0,1,0,0,0,0,0,0,0,1,2,0,0,0,0,332.7499084472656,3
1786296929.905036,537.7241821289062,10951,0,84058,48425,24182,0,0,0,0,0,0,0,2378.50390625,11121.3974609375,-0.0,1,3,0,0,1,0,0,0,0,0,0,0,1,2,0,0,0,0,332.7499084472656,3
1786296929.9620368,537.7809448242188,10952,0,84058,48475,24182,0,0,0,0,0,0,0,2382.1923828125,11125.0859375,-0.0,1,3,0,0,1,0,0,0,0,0,0,0,1,2,0,0,0,0,332.7499084472656,3
1786296930.007832,537.8245239257812,10953,0,84058,48525,24182,0,0,0,0,0,0,0,2385.8955078125,11128.7890625,-0.0,1,3,0,0,1,0,0,0,0,0,0,0,1,2,0,0,0,0,332.7499084472656,3
1786296930.0630665,537.8825073242188,10954,0,84058,48575,24182,0,0,0,0,0,0,0,2389.611328125,11132.5048828125,-0.0,1,3,0,0,1,0,0,0,0,0,0,0,1,2,0,0,0,0,332.7499084472656,3
1786296930.1074803,537.9254760742188,10955,0,84058,48625,24182,0,0,0,0,0,0,0,2393.3408203125,11136.234375,-0.0,1,3,0,0,1,0,0,0,0,0,0,0,1,2,0,0,0,0,332.7499084472656,3
1786296930.1517847,537.970458984375,10956,0,84058,48675,24182,0,0,0,0,0,0,0,2395.8349609375,11138.728515625,-0.0,1,3,0,0,1,0,0,0,0,0,0,0,1,2,0,0,0,0,332.7499084472656,3
1786296930.2067704,538.0175170898438,10957,0,84058,48708,24182,0,0,0,0,0,0,0,2399.5888671875,11142.482421875,-0.0,1,3,0,0,1,0,0,0,0,0,0,0,1,2,0,0,0,0,332.7499084472656,3
1786296930.2727718,538.070556640625,10958,0,84058,48758,24182,0,0,0,0,0,0,0,2403.3564453125,11146.25,-0.0,1,3,0,0,1,0,0,0,0,0,0,0,1,2,0,0,0,0,332.7499084472656,3
1786296930.3135986,538.1102905273438,10959,0,84058,48793,24182,0,0,0,0,0,0,0,2406.2578125,11149.1513671875,-0.0,1,3,0,0,1,0,0,0,0,0,0,0,1,2,0,0,0,0,332.7499084472656,3
1786296930.3567595,538.1519165039062,10960,0,84058,48834,24182,0,0,0,0,0,0,0,2409.4033203125,11152.296875,-0.0,1,3,0,0,1,0,0,0,0,0,0,0,1,2,0,0,0,0,332.7499084472656,3
1786296930.4232693,538.2160034179688,10961,0,84058,48897,24182,0,0,0,0,0,0,0,2414.265625,11157.1591796875,-0.0,1,3,0,0,1,0,0,0,0,0,0,0,1,2,0,0,0,0,332.7499084472656,3
1786296930.4649694,538.2763061523438,10962,0,84058,48960,24182,0,0,0,0,0,0,0,2418.8544921875,11161.748046875,-0.0,1,3,0,0,1,0,0,0,0,0,0,0,1,2,0,0,0,0,332.7499084472656,3
1786296930.5064619,538.3269653320312,10963,0,84058,49014,24182,0,0,0,0,0,0,0,2422.7958984375,11165.689453125,-0.0,1,3,0,0,1,0,0,0,0,0,0,0,1,2,0,0,0,0,332.7499084472656,3
1786296930.5530899,538.3712158203125,10964,0,84058,49064,24182,0,0,0,0,0,0,0,2426.623046875,11169.5166015625,-0.0,1,3,0,0,1,0,0,0,0,0,0,0,1,2,0,0,0,0,332.7499084472656,3
1786296930.6106102,538.42919921875,10965,0,84058,49131,24182,0,0,0,0,0,0,0,2431.73828125,11174.6318359375,-0.0,1,3,0,0,1,0,0,0,0,0,0,0,1,2,0,0,0,0,332.7499084472656,3
1786296930.6613975,538.474365234375,10966,0,84058,49164,24182,0,0,0,0,0,0,0,2434.302734375,11177.1962890625,-0.0,1,3,0,0,1,0,0,0,0,0,0,0,1,2,0,0,0,0,332.7499084472656,3
1786296930.7100136,538.5228881835938,10967,0,84058,49214,24182,0,0,0,0,0,0,0,2438.15625,11181.0498046875,-0.0,1,3,0,0,1,0,0,0,0,0,0,0,1,2,0,0,0,0,332.7499084472656,3
1786296930.7577686,538.5718994140625,10968,0,84058,49264,24182,0,0,0,0,0,0,0,2442.0205078125,11184.9140625,-0.0,1,3,0,0,1,0,0,0,0,0,0,0,1,2,0,0,0,0,332.7499084472656,3
1786296930.8021133,538.6195678710938,10969,0,84058,49314,24182,0,0,0,0,0,0,0,2445.8935546875,11188.787109375,-0.0,1,3,0,0,1,0,0,0,0,0,0,0,1,2,0,0,0,0,332.7499084472656,3
1786296930.8581612,538.6784057617188,10970,0,84058,49381,24182,0,0,0,0,0,0,0,2451.072265625,11193.9658203125,-0.0,1,3,0,0,1,0,0,0,0,0,0,0,1,2,0,0,0,0,332.7499084472656,3
1786296930.912456,538.7342529296875,10971,0,84058,49431,24182,0,0,0,0,0,0,0,2454.9716796875,11197.865234375,-0.0,1,3,0,0,1,0,0,0,0,0,0,0,1,2,0,0,0,0,332.7499084472656,3
1786296930.9519541,538.7757568359375,10972,0,84058,49481,24182,0,0,0,0,0,0,0,2457.5771484375,11200.470703125,-0.0,1,3,0,0,1,0,0,0,0,0,0,0,1,2,0,0,0,0,332.7499084472656,3
1786296931.008759,538.8297119140625,10973,0,84058,49531,24182,0,0,0,0,0,0,0,2462.798828125,11205.6923828125,-0.0,1,3,0,0,1,0,0,0,0,0,0,0,1,2,0,0,0,0,332.7499084472656,3
1786296931.0583925,538.8721313476562,10974,0,84058,49564,24182,0,0,0,0,0,0,0,2465.416015625,11208.3095703125,-0.0,1,3,0,0,1,0,0,0,0,0,0,0,1,2,0,0,0,0,332.7499084472656,3
1786296931.1076021,538.9193115234375,10975,0,84058,49614,24182,0,0,0,0,0,0,0,2469.3505859375,11212.244140625,-0.0,1,3,0,0,1,0,0,0,0,0,0,0,1,2,0,0,0,0,332.7499084472656,3
1786296931.1695664,538.971435546875,10976,0,84058,49664,24182,0,0,0,0,0,0,0,2473.2939453125,11216.1875,-0.0,1,3,0,0,1,0,0,0,0,0,0,0,1,2,0,0,0,0,332.7499084472656,3
1786296931.2101579,539.0084838867188,10977,0,84058,49697,24182,0,0,0,0,0,0,0,2475.9306640625,11218.82421875,-0.0,1,3,0,0,1,0,0,0,0,0,0,0,1,2,0,0,0,0,332.7499084472656,3
1786296931.2695675,539.0681762695312,10978,0,84058,49751,24182,0,0,0,0,0,0,0,2480.453125,11223.3466796875,-0.0,1,3,0,0,1,0,0,0,0,0,0,0,1,2,0,0,0,0,332.7499084472656,3
1786296931.3113394,539.1090698242188,10979,0,84058,49791,24182,0,0,0,0,0,0,0,2483.7041015625,11226.59765625,-0.0,1,3,0,0,1,0,0,0,0,0,0,0,1,2,0,0,0,0,332.7499084472656,3
1786296931.3596098,539.1517944335938,10980,0,84058,49833,24182,0,0,0,0,0,0,0,2487.1123046875,11230.005859375,-0.0,1,3,0,0,1,0,0,0,0,0,0,0,1,2,0,0,0,0,332.7499084472656,3
1786296931.4050794,539.212890625,10981,0,84058,49896,24182,0,0,0,0,0,0,0,2491.9970703125,11234.890625,-0.0,1,3,0,0,1,0,0,0,0,0,0,0,1,2,0,0,0,0,332.7499084472656,3
1786296931.4624305,539.2811279296875,10982,0,84058,49969,24182,0,0,0,0,0,0,0,2497.5830078125,11240.4765625,-0.0,1,3,0,0,1,0,0,0,0,0,0,0,1,2,0,0,0,0,332.7499084472656,3
1786296931.5063534,539.325439453125,10983,0,84058,50024,24182,0,25825,0,0,0,0,0,2501.6015625,11244.4951171875,-0.0,1,3,0,0,2,0,0,0,0,0,0,0,1,2,0,0,0,0,332.7499084472656,3
1786296931.5592382,539.3711547851562,10984,0,84058,50074,24182,0,25825,0,0,0,0,0,2505.6240234375,11248.517578125,-0.0,1,3,0,0,2,0,0,0,0,0,0,0,1,2,0,0,0,0,332.7499084472656,3
1786296931.6044662,539.4189453125,10985,0,84058,50124,24182,0,25825,0,0,0,0,0,2509.640625,11252.5341796875,-0.0,1,3,0,0,2,0,0,0,0,0,0,0,1,2,0,0,0,0,332.7499084472656,3
1786296931.6628604,539.4806518554688,10986,0,84058,50174,24182,0,25825,0,0,0,0,0,2513.640625,11256.5341796875,-0.0,1,3,0,0,2,0,0,0,0,0,0,0,1,2,0,0,0,0,332.7499084472656,3
1786296931.7021055,539.5233154296875,10987,0,84058,50224,24182,0,25825,0,0,0,0,0,2517.6240234375,11260.517578125,-0.0,1,3,0,0,2,0,0,0,0,0,0,0,1,2,0,0,0,0,332.7499084472656,3
1786296931.7586586,539.5784301757812,10988,0,84058,50274,24182,0,25825,0,0,0,0,0,2521.5927734375,11264.486328125,-0.0,1,3,0,0,2,0,0,0,0,0,0,0,1,2,0,0,0,0,332.7499084472656,3
1786296931.8038652,539.6214599609375,10989,0,84058,50324,24182,0,25825,0,0,0,0,0,2525.54296875,11268.4365234375,-0.0,1,3,0,0,2,0,0,0,0,0,0,0,1,2,0,0,0,0,332.7499084472656,3
1786296931.8608468,539.6790771484375,10990,0,84058,50374,24182,0,25825,0,0,0,0,0,2529.4755859375,11272.369140625,-0.0,1,3,0,0,2,0,0,0,0,0,0,0,1,2,0,0,0,0,332.7499084472656,3
1786296931.9159052,539.735107421875,10991,0,84058,50441,24182,0,25825,0,0,0,0,0,2534.6943359375,11277.587890625,-0.0,1,3,0,0,2,0,0,0,0,0,0,0,1,2,0,0,0,0,332.7499084472656,3
1786296931.9581702,539.7777709960938,10992,0,84058,50474,24182,0,25825,0,0,0,0,0,2537.2919921875,11280.185546875,-0.0,1,3,0,0,2,0,0,0,0,0,0,0,1,2,0,0,0,0,332.7499084472656,3
1786296932.0127082,539.82373046875,10993,0,84058,50524,24182,0,25825,0,0,0,0,0,2541.17578125,11284.0693359375,-0.0,1,3,0,0,2,0,0,0,0,0,0,0,1,2,0,0,0,0,332.7499084472656,3
1786296932.0598245,539.8722534179688,10994,0,84058,50574,24182,0,25825,0,0,0,0,0,2545.03515625,11287.9287109375,-0.0,1,3,0,0,2,0,0,0,0,0,0,0,1,2,0,0,0,0,332.7499084472656,3
1786296932.1216156,539.924072265625,10995,0,84058,50624,24182,0,25825,0,0,0,0,0,2548.841796875,11291.7353515625,-0.0,1,3,0,0,2,0,0,0,0,0,0,0,1,2,0,0,0,0,332.7499084472656,3
1786296932.163029,539.9613647460938,10996,0,84058,50658,24182,0,25825,0,0,0,0,0,2551.330078125,11294.2236328125,-0.0,1,3,0,0,2,0,0,0,0,0,0,0,1,2,0,0,0,0,332.7499084472656,3
1786296932.208977,540.0030517578125,10997,0,84058,50691,24182,0,25825,0,0,0,0,0,2554.048828125,11296.9423828125,-0.0,1,3,0,0,2,0,0,0,0,0,0,0,1,2,0,0,0,0,332.7499084472656,3
1786296932.2712905,540.06787109375,10998,0,84058,50755,24182,0,25825,0,0,0,0,0,2558.6669921875,11301.560546875,-0.0,1,3,0,0,2,0,0,0,0,0,0,0,1,2,0,0,0,0,332.7499084472656,3
1786296932.316047,540.1107177734375,10999,0,84058,50798,24182,0,25825,0,0,0,0,0,2561.625,11304.5185546875,-0.0,1,3,0,0,2,0,0,0,0,0,0,0,1,2,0,0,0,0,332.7499084472656,3
1786296932.3683927,540.171630859375,11000,0,84058,50860,24182,0,25825,0,0,0,0,0,2565.7138671875,11308.607421875,-0.0,1,3,0,0,2,0,0,0,0,0,0,0,1,2,0,0,0,0,332.7499084472656,3
1786296932.412725,540.2265014648438,11001,0,84058,50917,24182,0,25825,0,0,0,0,0,2569.259765625,11312.1533203125,-0.0,1,3,0,0,2,0,0,0,0,0,0,0,1,2,0,0,0,0,332.7499084472656,3
1786296932.4610248,540.2754516601562,11002,0,84058,50968,24182,0,25825,0,0,0,0,0,2572.4208984375,11315.314453125,-0.0,1,3,0,0,2,0,0,0,0,0,0,0,1,2,0,0,0,0,332.7499084472656,3
1786296932.504447,540.3216552734375,11003,0,84058,51018,24182,0,25825,0,0,0,0,0,2575.4853515625,11318.37890625,-0.0,1,3,0,0,2,0,0,0,0,0,0,0,1,2,0,0,0,0,332.7499084472656,3
1786296932.5563354,540.3674926757812,11004,0,84058,51068,24182,0,25825,0,0,0,0,0,2578.4677734375,11321.361328125,-0.0,1,3,0,0,2,0,0,0,0,0,0,0,1,2,0,0,0,0,332.7499084472656,3
1786296932.6119328,540.4293823242188,11005,0,84058,51135,24182,0,25825,0,0,0,0,0,2582.314453125,11325.2080078125,-0.0,1,3,0,0,2,0,0,0,0,0,0,0,1,2,0,0,0,0,332.7499084472656,3
1786296932.654451,540.4739990234375,11006,0,84058,51168,24182,0,25825,0,0,0,0,0,2584.1826171875,11327.076171875,-0.0,1,3,0,0,2,0,0,0,0,0,0,0,1,2,0,0,0,0,332.7499084472656,3
1786296932.7131371,540.5322875976562,11007,0,84058,51235,24182,0,25825,0,0,0,0,0,2587.822265625,11330.7158203125,-0.0,1,3,0,0,2,0,0,0,0,0,0,0,1,2,0,0,0,0,332.7499084472656,3
1786296932.756174,540.5760498046875,11008,0,84058,51285,24182,0,25825,0,0,0,0,0,2589.5849609375,11332.478515625,-0.0,1,3,0,0,2,0,0,0,0,0,0,0,1,2,0,0,0,0,332.7499084472656,3
1786296932.8130972,540.633544921875,11009,0,84058,51335,24182,0,25825,0,0,0,0,0,2592.9892578125,11335.8828125,-0.0,1,3,0,0,2,0,0,0,0,0,0,0,1,2,0,0,0,0,332.7499084472656,3
1786296932.8549204,540.67626953125,11010,0,84058,51385,24182,0,25825,0,0,0,0,0,2594.6376953125,11337.53125,-0.0,1,3,0,0,2,0,0,0,0,0,0,0,1,2,0,0,0,0,332.7499084472656,3
1786296932.9112453,540.7320556640625,11011,0,84058,51435,24182,0,25825,0,0,0,0,0,2597.8369140625,11340.73046875,-0.0,1,3,0,0,2,0,0,0,0,0,0,0,1,2,0,0,0,0,332.7499084472656,3
1786296932.959712,540.7750854492188,11012,0,84058,51485,24182,0,25825,0,0,0,0,0,2599.4091796875,11342.302734375,-0.0,1,3,0,0,2,0,0,0,0,0,0,0,1,2,0,0,0,0,332.7499084472656,3
1786296933.006957,540.8206787109375,11013,0,84058,51518,24182,0,25825,0,0,0,0,0,2601.712890625,11344.6064453125,-0.0,1,3,0,0,2,0,0,0,0,0,0,0,1,2,0,0,0,0,332.7499084472656,3
1786296933.0624633,540.8690185546875,11014,0,84058,51568,24182,0,25825,0,0,0,0,0,2603.9580078125,11346.8515625,-0.0,1,3,0,0,2,0,0,0,0,0,0,0,1,2,0,0,0,0,332.7499084472656,3
1786296933.1245713,540.9227905273438,11015,0,84058,51618,24182,0,25825,0,0,0,0,0,2606.185546875,11349.0791015625,-0.0,1,3,0,0,2,0,0,0,0,0,0,0,1,2,0,0,0,0,332.7499084472656,3
1786296933.1669474,540.9636840820312,11016,0,84058,51652,24182,0,25825,0,0,0,0,0,2607.826171875,11350.7197265625,-0.0,1,3,0,0,2,0,0,0,0,0,0,0,1,2,0,0,0,0,332.7499084472656,3
1786296933.209621,541.006103515625,11017,0,84058,51693,24182,0,25825,0,0,0,0,0,2609.7041015625,11352.59765625,-0.0,1,3,0,0,2,0,0,0,0,0,0,0,1,2,0,0,0,0,332.7499084472656,3
1786296933.271159,541.06982421875,11018,0,84058,51757,24182,0,25825,0,0,0,0,0,2612.5107421875,11355.404296875,-0.0,1,3,0,0,2,0,0,0,0,0,0,0,1,2,0,0,0,0,332.7499084472656,3
1786296933.3033648,541.1097412109375,11019,0,84058,51799,24182,0,25825,0,0,0,0,0,2614.2626953125,11357.15625,-0.0,1,3,0,0,2,0,0,0,0,0,0,0,1,2,0,0,0,0,332.7499084472656,3
1786296933.3602977,541.1785278320312,11020,0,84058,51871,24182,0,25825,0,0,0,0,0,2617.30859375,11360.2021484375,-0.0,1,3,0,0,2,0,0,0,0,0,0,0,1,2,0,0,0,0,332.7499084472656,3
1786296933.401918,541.2221069335938,11021,0,84058,51921,24182,0,25825,0,0,0,0,0,2619.4794921875,11362.373046875,-0.0,1,3,0,0,2,0,0,0,0,0,0,0,1,2,0,0,0,0,332.7499084472656,3
1786296933.4606645,541.2786254882812,11022,0,84058,51988,24182,0,25825,0,0,0,0,0,2621.642578125,11364.5361328125,-0.0,1,3,0,0,2,0,0,0,0,0,0,0,1,2,0,0,0,0,332.7499084472656,3
1786296933.5067937,541.3226318359375,11023,0,84058,52021,24182,0,25825,0,0,0,0,0,2623.7958984375,11366.689453125,-0.0,1,3,0,0,2,0,0,0,0,0,0,0,1,2,0,0,0,0,332.7499084472656,3
1786296933.5634167,541.3828125,11024,0,84058,52088,24182,0,25825,0,0,0,0,0,2626.6494140625,11369.54296875,-0.0,1,3,0,0,2,0,0,0,0,0,0,0,1,2,0,0,0,0,332.7499084472656,3
1786296933.6022434,541.42529296875,11025,0,84058,52121,24182,0,25825,0,0,0,0,0,2628.0703125,11370.9638671875,-0.0,1,3,0,0,2,0,0,0,0,0,0,0,1,2,0,0,0,0,332.7499084472656,3
1786296933.6549175,541.4786376953125,11026,0,84058,52188,24182,0,25825,0,0,0,0,0,2630.1923828125,11373.0859375,-0.0,1,3,0,0,2,0,0,0,0,0,0,0,1,2,0,0,0,0,332.7499084472656,3
1786296933.7149937,541.5344848632812,11027,0,84058,52238,24182,0,25825,0,0,0,0,0,2633.0078125,11375.9013671875,-0.0,1,3,0,0,2,0,0,0,0,0,0,0,1,2,0,0,0,0,332.7499084472656,3
1786296933.753615,541.5768432617188,11028,0,84058,52288,24182,0,25825,0,0,0,0,0,2634.4091796875,11377.302734375,-0.0,1,3,0,0,2,0,0,0,0,0,0,0,1,2,0,0,0,0,332.7499084472656,3
1786296933.804923,541.6293334960938,11029,0,84058,52338,24182,0,25825,0,0,0,0,0,2636.5048828125,11379.3984375,-0.0,1,3,0,0,2,0,0,0,0,0,0,0,1,2,0,0,0,0,332.7499084472656,3
1786296933.8631704,541.6830444335938,11030,0,84058,52388,24182,0,25825,0,0,0,0,0,2639.2841796875,11382.177734375,-0.0,1,3,0,0,2,0,0,0,0,0,0,0,1,2,0,0,0,0,332.7499084472656,3
1786296933.9120467,541.7265625,11031,0,84058,52421,24182,0,25825,0,0,0,0,0,2640.6689453125,11383.5625,-0.0,1,3,0,0,2,0,0,0,0,0,0,0,1,2,0,0,0,0,332.7499084472656,3
1786296933.965261,541.7734985351562,11032,0,84058,52471,24182,0,25825,0,0,0,0,0,2642.7392578125,11385.6328125,-0.0,1,3,0,0,2,0,0,0,0,0,0,0,1,2,0,0,0,0,332.7499084472656,3
1786296934.0086238,541.8095092773438,11033,0,84058,52505,24182,0,25825,0,0,0,0,0,2644.1162109375,11387.009765625,-0.0,1,3,0,0,2,0,0,0,0,0,0,0,1,2,0,0,0,0,332.7499084472656,3
1786296934.071021,541.8677368164062,11034,0,84058,52556,24182,0,25825,0,0,0,0,0,2646.37890625,11389.2724609375,-0.0,1,3,0,0,2,0,0,0,0,0,0,0,1,2,0,0,0,0,332.7499084472656,3
1786296934.1122346,541.9098510742188,11035,0,84058,52597,24182,0,25825,0,0,0,0,0,2648.103515625,11390.9970703125,-0.0,1,3,0,0,2,0,0,0,0,0,0,0,1,2,0,0,0,0,332.7499084472656,3
1786296934.1712673,541.9716186523438,11036,0,84058,52659,24182,0,25825,0,0,0,0,0,2650.6259765625,11393.51953125,-0.0,1,3,0,0,2,0,0,0,0,0,0,0,1,2,0,0,0,0,332.7499084472656,3
1786296934.2105148,542.0269165039062,11037,0,84058,52718,24182,0,25825,0,0,0,0,0,2652.8720703125,11395.765625,-0.0,1,3,0,0,2,0,0,0,0,0,0,0,1,2,0,0,0,0,332.7499084472656,3
1786296934.2659824,542.0867309570312,11038,0,84058,52785,24182,0,25825,0,0,0,0,0,2655.568359375,11398.4619140625,-0.0,1,3,0,0,2,0,0,0,0,0,0,0,1,2,0,0,0,0,332.7499084472656,3
1786296934.3050709,542.1273193359375,11039,0,84058,52835,24182,0,25825,0,0,0,0,0,2657.580078125,11400.4736328125,-0.0,1,3,0,0,2,0,0,0,0,0,0,0,1,2,0,0,0,0,332.7499084472656,3
1786296934.368772,542.1821899414062,11040,0,84058,52885,24182,0,25825,0,0,0,0,0,2659.5849609375,11402.478515625,-0.0,1,3,0,0,2,0,0,0,0,0,0,0,1,2,0,0,0,0,332.7499084472656,3
1786296934.4013643,542.2127075195312,11041,0,84058,52919,24182,0,25825,0,0,0,0,0,2660.9111328125,11403.8046875,-0.0,1,3,0,0,2,0,0,0,0,0,0,0,1,2,0,0,0,0,332.7499084472656,3
1786296934.4595213,542.2769775390625,11042,0,84058,52985,24182,0,25825,0,0,0,0,0,2663.5146484375,11406.408203125,-0.0,1,3,0,0,2,0,0,0,0,0,0,0,1,2,0,0,0,0,332.7499084472656,3
1786296934.5061734,542.3223266601562,11043,0,84058,53019,24182,0,25825,0,0,0,0,0,2664.7822265625,11407.67578125,-0.0,1,3,0,0,2,0,0,0,0,0,0,0,1,2,0,0,0,0,332.7499084472656,3
1786296934.552815,542.3679809570312,11044,0,84058,53069,24182,0,25825,0,0,0,0,0,2666.6494140625,11409.54296875,-0.0,1,3,0,0,2,0,0,0,0,0,0,0,1,2,0,0,0,0,332.7499084472656,3
1786296934.6067002,542.4271850585938,11045,0,84058,53135,24182,0,25825,0,0,0,0,0,2669.0546875,11411.9482421875,-0.0,1,3,0,0,2,0,0,0,0,0,0,0,1,2,0,0,0,0,332.7499084472656,3
1786296934.6622171,542.4829711914062,11046,0,84058,53185,24182,0,25825,0,0,0,0,0,2670.7890625,11413.6826171875,-0.0,1,3,0,0,2,0,0,0,0,0,0,0,1,2,0,0,0,0,332.7499084472656,3
1786296934.7032244,542.5250244140625,11047,0,84058,53235,24182,0,25825,0,0,0,0,0,2671.9150390625,11414.80859375,-0.0,1,3,0,0,2,0,0,0,0,0,0,0,1,2,0,0,0,0,332.7499084472656,3
1786296934.7580037,542.58056640625,11048,0,84058,53285,24182,0,25825,0,0,0,0,0,2674.0966796875,11416.990234375,-0.0,1,3,0,0,2,0,0,0,0,0,0,0,1,2,0,0,0,0,332.7499084472656,3
1786296934.8118722,542.6353759765625,11049,0,84058,53335,24182,0,25825,0,0,0,0,0,2675.6748046875,11418.568359375,-0.0,1,3,0,0,2,0,0,0,0,0,0,0,1,2,0,0,0,0,332.7499084472656,3
1786296934.8558817,542.67626953125,11050,0,84058,53385,24182,0,25825,0,0,0,0,0,2676.69921875,11419.5927734375,-0.0,1,3,0,0,2,0,0,0,0,0,0,0,1,2,0,0,0,0,332.7499084472656,3
1786296934.9127395,542.732177734375,11051,0,84058,53435,24182,0,25825,0,0,0,0,0,2678.6865234375,11421.580078125,-0.0,1,3,0,0,2,0,0,0,0,0,0,0,1,2,0,0,0,0,332.7499084472656,3
1786296934.9717517,542.7771606445312,11052,0,84058,53485,24182,0,25825,0,0,0,0,0,2680.123046875,11423.0166015625,-0.0,1,3,0,0,2,0,0,0,0,0,0,0,1,2,0,0,0,0,332.7499084472656,3
1786296935.0114868,542.8120727539062,11053,0,84058,53519,24182,0,25825,0,0,0,0,0,2681.0556640625,11423.94921875,-0.0,1,3,0,0,2,0,0,0,0,0,0,0,1,2,0,0,0,0,332.7499084472656,3
1786296935.052889,542.850341796875,11054,0,84058,53552,24182,0,25825,0,0,0,0,0,2681.966796875,11424.8603515625,-0.0,1,3,0,0,2,0,0,0,0,0,0,0,1,2,0,0,0,0,332.7499084472656,3
1786296935.1109679,542.9120483398438,11055,0,84058,53602,24182,0,25825,0,0,0,0,0,2683.3466796875,11426.240234375,-0.0,1,3,0,0,2,0,0,0,0,0,0,0,1,2,0,0,0,0,332.7499084472656,3
1786296935.1529174,542.952392578125,11056,0,84058,53641,24182,0,25825,0,0,0,0,0,2684.361328125,11427.2548828125,-0.0,1,3,0,0,2,0,0,0,0,0,0,0,1,2,0,0,0,0,332.7499084472656,3
1786296935.2074058,543.0122680664062,11057,0,84058,53701,24182,0,25825,0,0,0,0,0,2685.8212890625,11428.71484375,-0.0,1,3,0,0,2,0,0,0,0,0,0,0,1,2,0,0,0,0,332.7499084472656,3
1786296935.262755,543.0819702148438,11058,0,84058,53774,24182,0,25825,0,0,0,0,0,2687.5166015625,11430.41015625,-0.0,1,3,0,0,2,0,0,0,0,0,0,0,1,2,0,0,0,0,332.7499084472656,3
1786296935.305824,543.1253662109375,11059,0,84058,53824,24182,0,25825,0,0,0,0,0,2688.7119140625,11431.60546875,-0.0,1,3,0,0,2,0,0,0,0,0,0,0,1,2,0,0,0,0,332.7499084472656,3
1786296935.3563669,543.1798095703125,11060,0,84058,53891,24182,0,25825,0,0,0,0,0,2689.9052734375,11432.798828125,-0.0,1,3,0,0,2,0,0,0,0,0,0,0,1,2,0,0,0,0,332.7499084472656,3
1786296935.4122603,543.2341918945312,11061,0,84058,53941,24182,0,25825,0,0,0,0,0,2691.4970703125,11434.390625,-0.0,1,3,0,0,2,0,0,0,0,0,0,0,1,2,0,0,0,0,332.7499084472656,3
1786296935.4514527,543.2748413085938,11062,0,84058,53974,24182,0,25825,0,0,0,0,0,2692.2958984375,11435.189453125,-0.0,1,3,0,0,2,0,0,0,0,0,0,0,1,2,0,0,0,0,332.7499084472656,3
1786296935.5035794,543.327392578125,11064,0,84058,54024,24182,0,25825,0,0,0,0,0,2693.5009765625,11436.39453125,-0.0,1,3,0,0,2,0,0,0,0,0,0,0,1,2,0,0,0,0,332.7499084472656,3
1786296935.555896,543.3792724609375,11065,0,84058,54091,24182,0,25825,0,0,0,0,0,2694.7392578125,11437.6328125,-0.0,1,3,0,0,2,0,0,0,0,0,0,0,1,2,0,0,0,0,332.7499084472656,3
1786296935.6097262,543.4328002929688,11066,0,84058,54141,24182,0,25825,0,0,0,0,0,2696.3798828125,11439.2734375,-0.0,1,3,0,0,2,0,0,0,0,0,0,0,1,2,0,0,0,0,332.7499084472656,3
1786296935.6632442,543.4856567382812,11067,0,84058,54191,24182,0,25825,0,0,0,0,0,2697.5751953125,11440.46875,-0.0,1,3,0,0,2,0,0,0,0,0,0,0,1,2,0,0,0,0,332.7499084472656,3
1786296935.7045426,543.525634765625,11068,0,84058,54224,24182,0,25825,0,0,0,0,0,2698.3603515625,11441.25390625,-0.0,1,3,0,0,2,0,0,0,0,0,0,0,1,2,0,0,0,0,332.7499084472656,3
1786296935.7594943,543.5800170898438,11069,0,84058,54291,24182,0,25825,0,0,0,0,0,2699.52734375,11442.4208984375,-0.0,1,3,0,0,2,0,0,0,0,0,0,0,1,2,0,0,0,0,332.7499084472656,3
1786296935.8125503,543.6240234375,11070,0,84058,54324,24182,0,25825,0,0,0,0,0,2700.689453125,11443.5830078125,-0.0,1,3,0,0,2,0,0,0,0,0,0,0,1,2,0,0,0,0,332.7499084472656,3
1786296935.8689814,543.6731567382812,11071,0,84058,54374,24182,0,25825,0,0,0,0,0,2701.85546875,11444.7490234375,-0.0,1,3,0,0,2,0,0,0,0,0,0,0,1,2,0,0,0,0,332.7499084472656,3
1786296935.9100237,543.71044921875,11072,0,84058,54408,24182,0,25825,0,0,0,0,0,2702.6396484375,11445.533203125,-0.0,1,3,0,0,2,0,0,0,0,0,0,0,1,2,0,0,0,0,332.7499084472656,3
1786296935.9680202,543.7691650390625,11073,0,84058,54458,24182,0,25825,0,0,0,0,0,2703.9091796875,11446.802734375,-0.0,1,3,0,0,2,0,0,0,0,0,0,0,1,2,0,0,0,0,332.7499084472656,3
1786296936.0088232,543.8097534179688,11074,0,84058,54498,24182,0,25825,0,0,0,0,0,2704.8994140625,11447.79296875,-0.0,1,3,0,0,2,0,0,0,0,0,0,0,1,2,0,0,0,0,332.7499084472656,3
1786296936.0702405,543.8699340820312,11075,0,84058,54558,24182,0,25825,0,0,0,0,0,2706.3818359375,11449.275390625,-0.0,1,3,0,0,2,0,0,0,0,0,0,0,1,2,0,0,0,0,332.7499084472656,3
1786296936.1200974,543.9270629882812,11076,0,84058,54617,24182,0,25825,0,0,0,0,0,2707.71875,11450.6123046875,-0.0,1,3,0,0,2,0,0,0,0,0,0,0,1,2,0,0,0,0,332.7499084472656,3
1786296936.1633582,543.9786987304688,11077,0,84058,54671,24182,0,25825,0,0,0,0,0,2708.8828125,11451.7763671875,-0.0,1,3,0,0,2,0,0,0,0,0,0,0,1,2,0,0,0,0,332.7499084472656,3
1786296936.2031543,544.02392578125,11078,0,84058,54721,24182,0,25825,0,0,0,0,0,2709.9716796875,11452.865234375,-0.0,1,3,0,0,2,0,0,0,0,0,0,0,1,2,0,0,0,0,332.7499084472656,3
1786296936.2585757,544.0785522460938,11079,0,84058,54787,24182,0,25825,0,0,0,0,0,2711.037109375,11453.9306640625,-0.0,1,3,0,0,2,0,0,0,0,0,0,0,1,2,0,0,0,0,332.7499084472656,3
1786296936.3078518,544.1217041015625,11080,0,84058,54821,24182,0,25825,0,0,0,0,0,2712.0888671875,11454.982421875,-0.0,1,3,0,0,2,0,0,0,0,0,0,0,1,2,0,0,0,0,332.7499084472656,3
1786296936.361835,544.1820678710938,11081,0,84058,54887,24182,0,25825,0,0,0,0,0,2713.4912109375,11456.384765625,-0.0,1,3,0,0,2,0,0,0,0,0,0,0,1,2,0,0,0,0,332.7499084472656,3
1786296936.4069495,544.225341796875,11082,0,84058,54921,24182,0,25825,0,0,0,0,0,2714.19921875,11457.0927734375,-0.0,1,3,0,0,2,0,0,0,0,0,0,0,1,2,0,0,0,0,332.7499084472656,3
1786296936.4592223,544.281005859375,11083,0,84058,54987,24182,0,25825,0,0,0,0,0,2715.642578125,11458.5361328125,-0.0,1,3,0,0,2,0,0,0,0,0,0,0,1,2,0,0,0,0,332.7499084472656,3
1786296936.503313,544.3225708007812,11084,0,84058,55021,24182,0,25825,0,0,0,0,0,2716.3798828125,11459.2734375,-0.0,1,3,0,0,2,0,0,0,0,0,0,0,1,2,0,0,0,0,332.7499084472656,3
1786296936.5565035,544.378173828125,11085,0,84058,55087,24182,0,25825,0,0,0,0,0,2717.4541015625,11460.34765625,-0.0,1,3,0,0,2,0,0,0,0,0,0,0,1,2,0,0,0,0,332.7499084472656,3
1786296936.60994,544.4329223632812,11086,0,84058,55137,24182,0,25825,0,0,0,0,0,2718.8427734375,11461.736328125,-0.0,1,3,0,0,2,0,0,0,0,0,0,0,1,2,0,0,0,0,332.7499084472656,3
1786296936.6628568,544.48583984375,11087,0,84058,55187,24182,0,25825,0,0,0,0,0,2719.8603515625,11462.75390625,-0.0,1,3,0,0,2,0,0,0,0,0,0,0,1,2,0,0,0,0,332.7499084472656,3
1786296936.7064328,544.5265502929688,11088,0,84058,55237,24182,0,25825,0,0,0,0,0,2720.53125,11463.4248046875,-0.0,1,3,0,0,2,0,0,0,0,0,0,0,1,2,0,0,0,0,332.7499084472656,3
1786296936.756784,544.5693359375,11089,0,84058,55271,24182,0,25825,0,0,0,0,0,2721.5283203125,11464.421875,-0.0,1,3,0,0,2,0,0,0,0,0,0,0,1,2,0,0,0,0,332.7499084472656,3
1786296936.8164885,544.6195678710938,11090,0,84058,55321,24182,0,25825,0,0,0,0,0,2722.5205078125,11465.4140625,-0.0,1,3,0,0,2,0,0,0,0,0,0,0,1,2,0,0,0,0,332.7499084472656,3
1786296936.8565779,544.6566772460938,11091,0,84058,55354,24182,0,25825,0,0,0,0,0,2723.181640625,11466.0751953125,-0.0,1,3,0,0,2,0,0,0,0,0,0,0,1,2,0,0,0,0,332.7499084472656,3
1786296936.9135768,544.7160034179688,11092,0,84058,55405,24182,0,25825,0,0,0,0,0,2724.2509765625,11467.14453125,-0.0,1,3,0,0,2,0,0,0,0,0,0,0,1,2,0,0,0,0,332.7499084472656,3
1786296936.9662325,544.7735595703125,11093,0,84058,55463,24182,0,25825,0,0,0,0,0,2725.408203125,11468.3017578125,-0.0,1,3,0,0,2,0,0,0,0,0,0,0,1,2,0,0,0,0,332.7499084472656,3
1786296937.0053844,544.8247680664062,11094,0,84058,55517,24182,0,25825,0,0,0,0,0,2726.470703125,11469.3642578125,-0.0,1,3,0,0,2,0,0,0,0,0,0,0,1,2,0,0,0,0,332.7499084472656,3
1786296937.0608745,544.8824462890625,11095,0,84058,55583,24182,0,25825,0,0,0,0,0,2727.8203125,11470.7138671875,-0.0,1,3,0,0,2,0,0,0,0,0,0,0,1,2,0,0,0,0,332.7499084472656,3
1786296937.112158,544.9351196289062,11096,0,84058,55633,24182,0,25825,0,0,0,0,0,2728.7978515625,11471.69140625,-0.0,1,3,0,0,2,0,0,0,0,0,0,0,1,2,0,0,0,0,332.7499084472656,3
1786296937.1582208,544.9751586914062,11097,0,84058,55683,24182,0,25825,0,0,0,0,0,2729.7529296875,11472.646484375,-0.0,1,3,0,0,2,0,0,0,0,0,0,0,1,2,0,0,0,0,332.7499084472656,3
1786296937.2035186,545.0189208984375,11098,0,84058,55717,24182,0,25825,0,0,0,0,0,2730.37890625,11473.2724609375,-0.0,1,3,0,0,2,0,0,0,0,0,0,0,1,2,0,0,0,0,332.7499084472656,3
1786296937.25839,545.07861328125,11099,0,84058,55783,24182,0,25825,0,0,0,0,0,2731.615234375,11474.5087890625,-0.0,1,3,0,0,2,0,0,0,0,0,0,0,1,2,0,0,0,0,332.7499084472656,3
1786296937.3054986,545.13134765625,11100,0,84058,55833,24182,0,25825,0,0,0,0,0,2732.5322265625,11475.42578125,-0.0,1,3,0,0,2,0,0,0,0,0,0,0,1,2,0,0,0,0,332.7499084472656,3
1786296937.3569884,545.1808471679688,11101,0,84058,55883,24182,0,25825,0,0,0,0,0,2733.447265625,11476.3408203125,-0.0,1,3,0,0,2,0,0,0,0,0,0,0,1,2,0,0,0,0,332.7499084472656,3
1786296937.4105308,545.2335205078125,11102,0,84058,55933,24182,0,25825,0,0,0,0,0,2734.3623046875,11477.255859375,-0.0,1,3,0,0,2,0,0,0,0,0,0,0,1,2,0,0,0,0,332.7499084472656,3
1786296937.4644048,545.2870483398438,11103,0,84058,55983,24182,0,25825,0,0,0,0,0,2735.2841796875,11478.177734375,-0.0,1,3,0,0,2,0,0,0,0,0,0,0,1,2,0,0,0,0,332.7499084472656,3
1786296937.5054924,545.3272094726562,11104,0,84058,56033,24182,0,25825,0,0,0,0,0,2736.2158203125,11479.109375,-0.0,1,3,0,0,2,0,0,0,0,0,0,0,1,2,0,0,0,0,332.7499084472656,3
1786296937.5605943,545.3820190429688,11105,0,84058,56083,24182,0,25825,0,0,0,0,0,2737.1630859375,11480.056640625,-0.0,1,3,0,0,2,0,0,0,0,0,0,0,1,2,0,0,0,0,332.7499084472656,3
1786296937.6021888,545.4236450195312,11106,0,84058,56133,24182,0,25825,0,0,0,0,0,2737.8037109375,11480.697265625,-0.0,1,3,0,0,2,0,0,0,0,0,0,0,1,2,0,0,0,0,332.7499084472656,3
1786296937.663586,545.4801635742188,11107,0,84058,56183,24182,0,25825,0,0,0,0,0,2739.0712890625,11481.96484375,-0.0,1,3,0,0,2,0,0,0,0,0,0,0,1,2,0,0,0,0,332.7499084472656,3
1786296937.721756,545.5263061523438,11108,0,84058,56233,24182,0,25825,0,0,0,0,0,2740.0078125,11482.9013671875,-0.0,1,3,0,0,2,0,0,0,0,0,0,0,1,2,0,0,0,0,332.7499084472656,3
1786296937.766325,545.5626220703125,11109,0,84058,56267,24182,0,25825,0,0,0,0,0,2740.6279296875,11483.521484375,-0.0,1,3,0,0,2,0,0,0,0,0,0,0,1,2,0,0,0,0,332.7499084472656,3
1786296937.8046267,545.6021728515625,11110,0,84058,56300,24182,0,25825,0,0,0,0,0,2741.2431640625,11484.13671875,-0.0,1,3,0,0,2,0,0,0,0,0,0,0,1,2,0,0,0,0,332.7499084472656,3
1786296937.8717854,545.666259765625,11111,0,84058,56353,24182,0,25825,0,0,0,0,0,2742.3056640625,11485.19921875,-0.0,1,3,0,0,2,0,0,0,0,0,0,0,1,2,0,0,0,0,332.7499084472656,3
1786296937.912937,545.7088012695312,11112,0,84058,56396,24182,0,25825,0,0,0,0,0,2743.083984375,11485.9775390625,-0.0,1,3,0,0,2,0,0,0,0,0,0,0,1,2,0,0,0,0,332.7499084472656,3
1786296937.9565651,545.7681274414062,11113,0,84058,56458,24182,0,25825,0,0,0,0,0,2744.16796875,11487.0615234375,-0.0,1,3,0,0,2,0,0,0,0,0,0,0,1,2,0,0,0,0,332.7499084472656,3
1786296938.0115175,545.83203125,11114,0,84058,56527,24182,0,25825,0,0,0,0,0,2745.4052734375,11488.298828125,-0.0,1,3,0,0,2,0,0,0,0,0,0,0,1,2,0,0,0,0,332.7499084472656,3
1786296938.0585732,545.875,11115,0,84058,56577,24182,0,25825,0,0,0,0,0,2746.3310546875,11489.224609375,-0.0,1,3,0,0,2,0,0,0,0,0,0,0,1,2,0,0,0,0,332.7499084472656,3
1786296938.10492,545.9205932617188,11116,0,84058,56627,24182,0,25825,0,0,0,0,0,2747.26953125,11490.1630859375,-0.0,1,3,0,0,2,0,0,0,0,0,0,0,1,2,0,0,0,0,332.7499084472656,3
1786296938.1621428,545.9802856445312,11117,0,84058,56677,24182,0,25825,0,0,0,0,0,2748.23046875,11491.1240234375,-0.0,1,3,0,0,2,0,0,0,0,0,0,0,1,2,0,0,0,0,332.7499084472656,3
1786296938.21104,546.03564453125,11118,0,84058,56744,24182,0,25825,0,0,0,0,0,2749.2353515625,11492.12890625,-0.0,1,3,0,0,2,0,0,0,0,0,0,0,1,2,0,0,0,0,332.7499084472656,3
1786296938.2557747,546.0758056640625,11119,0,84058,56777,24182,0,25825,0,0,0,0,0,2750.341796875,11493.2353515625,-0.0,1,3,0,0,2,0,0,0,0,0,0,0,1,2,0,0,0,0,332.7499084472656,3
1786296938.306218,546.12890625,11120,0,84058,56827,24182,0,25825,0,0,0,0,0,2751.4697265625,11494.36328125,-0.0,1,3,0,0,2,0,0,0,0,0,0,0,1,2,0,0,0,0,332.7499084472656,3
1786296938.3585331,546.1810302734375,11121,0,84058,56877,24182,0,25825,0,0,0,0,0,2752.6181640625,11495.51171875,-0.0,1,3,0,0,2,0,0,0,0,0,0,0,1,2,0,0,0,0,332.7499084472656,3
1786296938.4066281,546.2329711914062,11122,0,84058,56944,24182,0,25825,0,0,0,0,0,2753.7880859375,11496.681640625,-0.0,1,3,0,0,2,0,0,0,0,0,0,0,1,2,0,0,0,0,332.7499084472656,3
1786296938.4619966,546.2852783203125,11123,0,84058,56994,24182,0,25825,0,0,0,0,0,2754.9775390625,11497.87109375,-0.0,1,3,0,0,2,0,0,0,0,0,0,0,1,2,0,0,0,0,332.7499084472656,3
1786296938.512817,546.3370361328125,11124,0,84058,57044,24182,0,25825,0,0,0,0,0,2756.5986328125,11499.4921875,-0.0,1,3,0,0,2,0,0,0,0,0,0,0,1,2,0,0,0,0,332.7499084472656,3
1786296938.5541418,546.375732421875,11125,0,84058,57077,24182,0,25825,0,0,0,0,0,2757.423828125,11500.3173828125,-0.0,1,3,0,0,2,0,0,0,0,0,0,0,1,2,0,0,0,0,332.7499084472656,3
1786296938.6050916,546.4282836914062,11126,0,84058,57127,24182,0,25825,0,0,0,0,0,2758.6787109375,11501.572265625,-0.0,1,3,0,0,2,0,0,0,0,0,0,0,1,2,0,0,0,0,332.7499084472656,3
1786296938.6560853,546.479248046875,11127,0,84058,57177,24182,0,25825,0,0,0,0,0,2759.9560546875,11502.849609375,-0.0,1,3,0,0,2,0,0,0,0,0,0,0,1,2,0,0,0,0,332.7499084472656,3
1786296938.710407,546.532958984375,11128,0,84058,57244,24182,0,25825,0,0,0,0,0,2761.255859375,11504.1494140625,-0.0,1,3,0,0,2,0,0,0,0,0,0,0,1,2,0,0,0,0,332.7499084472656,3
1786296938.7644706,546.587158203125,11129,0,84058,57294,24182,0,25825,0,0,0,0,0,2763.0244140625,11505.91796875,-0.0,1,3,0,0,2,0,0,0,0,0,0,0,1,2,0,0,0,0,332.7499084472656,3
1786296938.8044884,546.6272583007812,11130,0,84058,57327,24182,0,25825,0,0,0,0,0,2763.9248046875,11506.818359375,-0.0,1,3,0,0,2,0,0,0,0,0,0,0,1,2,0,0,0,0,332.7499084472656,3
1786296938.856949,546.6797485351562,11131,0,84058,57377,24182,0,25825,0,0,0,0,0,2765.2939453125,11508.1875,-0.0,1,3,0,0,2,0,0,0,0,0,0,0,1,2,0,0,0,0,332.7499084472656,3
1786296938.9048665,546.730712890625,11132,0,84058,57427,24182,0,25825,0,0,0,0,0,2766.6865234375,11509.580078125,-0.0,1,3,0,0,2,0,0,0,0,0,0,0,1,2,0,0,0,0,332.7499084472656,3
1786296938.9599867,546.7828979492188,11133,0,84058,57494,24182,0,25825,0,0,0,0,0,2768.1025390625,11510.99609375,-0.0,1,3,0,0,2,0,0,0,0,0,0,0,1,2,0,0,0,0,332.7499084472656,3
1786296939.0048122,546.8240356445312,11134,0,84058,57527,24182,0,25825,0,0,0,0,0,2769.541015625,11512.4345703125,-0.0,1,3,0,0,2,0,0,0,0,0,0,0,1,2,0,0,0,0,332.7499084472656,3
1786296939.0571117,546.8795776367188,11135,0,84058,57577,24182,0,25825,0,0,0,0,0,2771.0029296875,11513.896484375,-0.0,1,3,0,0,2,0,0,0,0,0,0,0,1,2,0,0,0,0,332.7499084472656,3
1786296939.1095169,546.93359375,11136,0,84058,57644,24182,0,25825,0,0,0,0,0,2772.4912109375,11515.384765625,-0.0,1,3,0,0,2,0,0,0,0,0,0,0,1,2,0,0,0,0,332.7499084472656,3
1786296939.1534739,546.9739379882812,11137,0,84058,57677,24182,0,25825,0,0,0,0,0,2774.001953125,11516.8955078125,-0.0,1,3,0,0,2,0,0,0,0,0,0,0,1,2,0,0,0,0,332.7499084472656,3
1786296939.206426,547.0278930664062,11138,0,84058,57727,24182,0,25825,0,0,0,0,0,2775.5341796875,11518.427734375,-0.0,1,3,0,0,2,0,0,0,0,0,0,0,1,2,0,0,0,0,332.7499084472656,3
1786296939.25239,547.0700073242188,11139,0,84058,57777,24182,0,25825,0,0,0,0,0,2777.0888671875,11519.982421875,-0.0,1,3,0,0,2,0,0,0,0,0,0,0,1,2,0,0,0,0,332.7499084472656,3
1786296939.306949,547.1275634765625,11140,0,84058,57827,24182,0,25825,0,0,0,0,0,2778.6650390625,11521.55859375,-0.0,1,3,0,0,2,0,0,0,0,0,0,0,1,2,0,0,0,0,332.7499084472656,3
1786296939.363445,547.1834716796875,11141,0,84058,57894,24182,0,25825,0,0,0,0,0,2780.2626953125,11523.15625,-0.0,1,3,0,0,2,0,0,0,0,0,0,0,1,2,0,0,0,0,332.7499084472656,3
1786296939.4071393,547.225830078125,11142,0,84058,57927,24182,0,25825,0,0,0,0,0,2781.8818359375,11524.775390625,-0.0,1,3,0,0,2,0,0,0,0,0,0,0,1,2,0,0,0,0,332.7499084472656,3
1786296939.4632454,547.2843017578125,11143,0,84058,57994,24182,0,25825,0,0,0,0,0,2783.5234375,11526.4169921875,-0.0,1,3,0,0,2,0,0,0,0,0,0,0,1,2,0,0,0,0,332.7499084472656,3
1786296939.5068703,547.3272094726562,11144,0,84058,58027,24182,0,25825,0,0,0,0,0,2785.1953125,11528.0888671875,-0.0,1,3,0,0,2,0,0,0,0,0,0,0,1,2,0,0,0,0,332.7499084472656,3
1786296939.5628471,547.38427734375,11145,0,84058,58094,24182,0,25825,0,0,0,0,0,2786.89453125,11529.7880859375,-0.0,1,3,0,0,2,0,0,0,0,0,0,0,1,2,0,0,0,0,332.7499084472656,3
1786296939.6104434,547.4276733398438,11146,0,84058,58127,24182,0,25825,0,0,0,0,0,2788.61328125,11531.5068359375,-0.0,1,3,0,0,2,0,0,0,0,0,0,0,1,2,0,0,0,0,332.7499084472656,3
1786296939.654242,547.4717407226562,11147,0,84058,58177,24182,0,25825,0,0,0,0,0,2790.3505859375,11533.244140625,-0.0,1,3,0,0,2,0,0,0,0,0,0,0,1,2,0,0,0,0,332.7499084472656,3
1786296939.7157028,547.5321044921875,11148,0,84058,58227,24182,0,25825,0,0,0,0,0,2792.1015625,11534.9951171875,-0.0,1,3,0,0,2,0,0,0,0,0,0,0,1,2,0,0,0,0,332.7499084472656,3
1786296939.7554803,547.5628051757812,11149,0,84058,58261,24182,0,25825,0,0,0,0,0,2793.27734375,11536.1708984375,-0.0,1,3,0,0,2,0,0,0,0,0,0,0,1,2,0,0,0,0,332.7499084472656,3
1786296939.8141704,547.6158447265625,11150,0,84058,58311,24182,0,25825,0,0,0,0,0,2795.0537109375,11537.947265625,-0.0,1,3,0,0,2,0,0,0,0,0,0,0,1,2,0,0,0,0,332.7499084472656,3
1786296939.858725,547.6552734375,11151,0,84058,58344,24182,0,25825,0,0,0,0,0,2796.3525390625,11539.24609375,-0.0,1,3,0,0,2,0,0,0,0,0,0,0,1,2,0,0,0,0,332.7499084472656,3
1786296939.9202368,547.7175903320312,11152,0,84058,58405,24182,0,25825,0,0,0,0,0,2798.6025390625,11541.49609375,-0.0,1,3,0,0,2,0,0,0,0,0,0,0,1,2,0,0,0,0,332.7499084472656,3
1786296939.961337,547.7592163085938,11153,0,84058,58447,24182,0,25825,0,0,0,0,0,2800.1220703125,11543.015625,-0.0,1,3,0,0,2,0,0,0,0,0,0,0,1,2,0,0,0,0,332.7499084472656,3
1786296940.009327,547.8179321289062,11154,0,84058,58508,24182,0,25825,0,0,0,0,0,2802.2841796875,11545.177734375,-0.0,1,3,0,0,2,0,0,0,0,0,0,0,1,2,0,0,0,0,332.7499084472656,3
1786296940.0534506,547.86962890625,11155,0,84058,58562,24182,0,25825,0,0,0,0,0,2804.2236328125,11547.1171875,-0.0,1,3,0,0,2,0,0,0,0,0,0,0,1,2,0,0,0,0,332.7499084472656,3
1786296940.1095147,547.9292602539062,11156,0,84058,58628,24182,0,25825,0,0,0,0,0,2806.734375,11549.6279296875,-0.0,1,3,0,0,2,0,0,0,0,0,0,0,1,2,0,0,0,0,332.7499084472656,3
1786296940.1555443,547.9725341796875,11157,0,84058,58678,24182,0,25825,0,0,0,0,0,2808.638671875,11551.5322265625,-0.0,1,3,0,0,2,0,0,0,0,0,0,0,1,2,0,0,0,0,332.7499084472656,3
1786296940.2142446,548.0322875976562,11158,0,84058,58728,24182,0,25825,0,0,0,0,0,2810.560546875,11553.4541015625,-0.0,1,3,0,0,2,0,0,0,0,0,0,0,1,2,0,0,0,0,332.7499084472656,3
1786296940.2594614,548.0770874023438,11159,0,84058,58778,24182,0,25825,0,0,0,0,0,2812.5009765625,11555.39453125,-0.0,1,3,0,0,2,0,0,0,0,0,0,0,1,2,0,0,0,0,332.7499084472656,3
1786296940.3132467,548.1351318359375,11160,0,84058,58845,24182,0,25825,0,0,0,0,0,2814.4580078125,11557.3515625,-0.0,1,3,0,0,2,0,0,0,0,0,0,0,1,2,0,0,0,0,332.7499084472656,3
1786296940.357186,548.1776733398438,11161,0,84058,58878,24182,0,25825,0,0,0,0,0,2816.4560546875,11559.349609375,-0.0,1,3,0,0,2,0,0,0,0,0,0,0,1,2,0,0,0,0,332.7499084472656,3
1786296940.4116685,548.2330322265625,11162,0,84058,58928,24182,0,25825,0,0,0,0,0,2818.5615234375,11561.455078125,-0.0,1,3,0,0,2,0,0,0,0,0,0,0,1,2,0,0,0,0,332.7499084472656,3
1786296940.4554763,548.275146484375,11163,0,84058,58978,24182,0,25825,0,0,0,0,0,2820.6796875,11563.5732421875,-0.0,1,3,0,0,2,0,0,0,0,0,0,0,1,2,0,0,0,0,332.7499084472656,3
1786296940.5114403,548.3322143554688,11164,0,84058,59028,24182,0,25825,0,0,0,0,0,2822.8095703125,11565.703125,-0.0,1,3,0,0,2,0,0,0,0,0,0,0,1,2,0,0,0,0,332.7499084472656,3
1786296940.557199,548.3748779296875,11165,0,84058,59078,24182,0,25825,0,0,0,0,0,2824.951171875,11567.8447265625,-0.0,1,3,0,0,2,0,0,0,0,0,0,0,1,2,0,0,0,0,332.7499084472656,3
1786296940.6146216,548.4329833984375,11166,0,84058,59128,24182,0,25825,0,0,0,0,0,2827.1064453125,11570.0,-0.0,1,3,0,0,2,0,0,0,0,0,0,0,1,2,0,0,0,0,332.7499084472656,3
1786296940.667486,548.477783203125,11167,0,84058,59178,24182,0,25825,0,0,0,0,0,2829.275390625,11572.1689453125,-0.0,1,3,0,0,2,0,0,0,0,0,0,0,1,2,0,0,0,0,332.7499084472656,3
1786296940.7060173,548.5106201171875,11168,0,84058,59212,24182,0,25825,0,0,0,0,0,2830.7294921875,11573.623046875,-0.0,1,3,0,0,2,0,0,0,0,0,0,0,1,2,0,0,0,0,332.7499084472656,3
1786296940.7696273,548.5667724609375,11169,0,84058,59262,24182,0,25825,0,0,0,0,0,2832.9228515625,11575.81640625,-0.0,1,3,0,0,2,0,0,0,0,0,0,0,1,2,0,0,0,0,332.7499084472656,3
1786296940.810353,548.6082763671875,11170,0,84058,59296,24182,0,25825,0,0,0,0,0,2834.6142578125,11577.5078125,-0.0,1,3,0,0,2,0,0,0,0,0,0,0,1,2,0,0,0,0,332.7499084472656,3
1786296940.8565211,548.6505126953125,11171,0,84058,59337,24182,0,25825,0,0,0,0,0,2836.4921875,11579.3857421875,-0.0,1,3,0,0,2,0,0,0,0,0,0,0,1,2,0,0,0,0,332.7499084472656,3
1786296940.908124,548.7138061523438,11172,0,84058,59402,24182,0,25825,0,0,0,0,0,2839.328125,11582.2216796875,-0.0,1,3,0,0,2,0,0,0,0,0,0,0,1,2,0,0,0,0,332.7499084472656,3
1786296940.9515982,548.7686157226562,11173,0,84058,59459,24182,0,25825,0,0,0,0,0,2841.798828125,11584.6923828125,-0.0,1,3,0,0,2,0,0,0,0,0,0,0,1,2,0,0,0,0,332.7499084472656,3
1786296941.0082545,548.828125,11174,0,84058,59527,24182,0,25825,0,0,0,0,0,2844.826171875,11587.7197265625,-0.0,1,3,0,0,2,0,0,0,0,0,0,0,1,2,0,0,0,0,332.7499084472656,3
1786296941.0714512,548.8849487304688,11175,0,84058,59594,24182,0,25825,0,0,0,0,0,2847.1064453125,11590.0,-0.0,1,3,0,0,2,0,0,0,0,0,0,0,1,2,0,0,0,0,332.7499084472656,3
1786296941.1034038,548.9151611328125,11176,0,84058,59610,24182,0,25825,0,0,0,0,0,2848.6318359375,11591.525390625,-0.0,1,3,0,0,2,0,0,0,0,0,0,0,1,2,0,0,0,0,332.7499084472656,3
1786296941.1625743,548.978759765625,11177,0,84058,59677,24182,0,25825,0,0,0,0,0,2851.6962890625,11594.58984375,-0.0,1,3,0,0,2,0,0,0,0,0,0,0,1,2,0,0,0,0,332.7499084472656,3
1786296941.2104144,549.0255126953125,11178,0,84058,59727,24182,0,25825,0,0,0,0,0,2854.0087890625,11596.90234375,-0.0,1,3,0,0,2,0,0,0,0,0,0,0,1,2,0,0,0,0,332.7499084472656,3
1786296941.2516854,549.07080078125,11179,0,84058,59777,24182,0,25825,0,0,0,0,0,2856.3349609375,11599.228515625,-0.0,1,3,0,0,2,0,0,0,0,0,0,0,1,2,0,0,0,0,332.7499084472656,3
1786296941.3069625,549.1278076171875,11180,0,84058,59827,24182,0,25825,0,0,0,0,0,2858.6748046875,11601.568359375,-0.0,1,3,0,0,2,0,0,0,0,0,0,0,1,2,0,0,0,0,332.7499084472656,3
1786296941.3631287,549.1838989257812,11181,0,84058,59894,24182,0,25825,0,0,0,0,0,2861.0283203125,11603.921875,-0.0,1,3,0,0,2,0,0,0,0,0,0,0,1,2,0,0,0,0,332.7499084472656,3
1786296941.4061797,549.226806640625,11182,0,84058,59927,24182,0,25825,0,0,0,0,0,2863.3955078125,11606.2890625,-0.0,1,3,0,0,2,0,0,0,0,0,0,0,1,2,0,0,0,0,332.7499084472656,3
1786296941.4532685,549.270751953125,11183,0,84058,59977,24182,0,25825,0,0,0,0,0,2865.76171875,11608.6552734375,-0.0,1,3,0,0,2,0,0,0,0,0,0,0,1,2,0,0,0,0,332.7499084472656,3
1786296941.5088696,549.328857421875,11184,0,84058,60027,24182,0,25825,0,0,0,0,0,2868.1083984375,11611.001953125,-0.0,1,3,0,0,2,0,0,0,0,0,0,0,1,2,0,0,0,0,332.7499084472656,3
1786296941.5592945,549.3729858398438,11185,0,84058,60077,24182,0,25825,0,0,0,0,0,2870.4697265625,11613.36328125,-0.0,1,3,0,0,2,0,0,0,0,0,0,0,1,2,0,0,0,0,332.7499084472656,3
1786296941.6052148,549.4194946289062,11186,0,84058,60127,24182,0,25825,0,0,0,0,0,2872.8447265625,11615.73828125,-0.0,1,3,0,0,2,0,0,0,0,0,0,0,1,2,0,0,0,0,332.7499084472656,3
1786296941.6635664,549.4803466796875,11187,0,84058,60177,24182,0,25825,0,0,0,0,0,2875.2353515625,11618.12890625,-0.0,1,3,0,0,2,0,0,0,0,0,0,0,1,2,0,0,0,0,332.7499084472656,3
1786296941.7067077,549.5119018554688,11188,0,84058,60210,24182,0,25825,0,0,0,0,0,2876.8359375,11619.7294921875,-0.0,1,3,0,0,2,0,0,0,0,0,0,0,1,2,0,0,0,0,332.7499084472656,3
1786296941.7671394,549.5662231445312,11189,0,84058,60260,24182,0,25825,0,0,0,0,0,2879.25,11622.1435546875,-0.0,1,3,0,0,2,0,0,0,0,0,0,0,1,2,0,0,0,0,332.7499084472656,3
1786296941.8065565,549.6063842773438,11190,0,84058,60294,24182,0,25825,0,0,0,0,0,2881.0830078125,11623.9765625,-0.0,1,3,0,0,2,0,0,0,0,0,0,0,1,2,0,0,0,0,332.7499084472656,3
1786296941.8695326,549.6676635742188,11191,0,84058,60356,24182,0,25825,0,0,0,0,0,2884.0751953125,11626.96875,-0.0,1,3,0,0,2,0,0,0,0,0,0,0,1,2,0,0,0,0,332.7499084472656,3
1786296941.9016616,549.7071533203125,11192,0,84058,60396,24182,0,25825,0,0,0,0,0,2886.013671875,11628.9072265625,-0.0,1,3,0,0,2,0,0,0,0,0,0,0,1,2,0,0,0,0,332.7499084472656,3
1786296941.955331,549.7757568359375,11193,0,84058,60469,24182,0,25825,0,0,0,0,0,2889.4599609375,11632.353515625,-0.0,1,3,0,0,2,0,0,0,0,0,0,0,1,2,0,0,0,0,332.7499084472656,3
1786296942.0102608,549.8316040039062,11194,0,84058,60535,24182,0,25825,0,0,0,0,0,2892.7783203125,11635.671875,-0.0,1,3,0,0,2,0,0,0,0,0,0,0,1,2,0,0,0,0,332.7499084472656,3
1786296942.052123,549.8724365234375,11195,0,84058,60569,24182,0,25825,0,0,0,0,0,2894.4462890625,11637.33984375,-0.0,1,3,0,0,2,0,0,0,0,0,0,0,1,2,0,0,0,0,332.7499084472656,3
1786296942.1042197,549.9155883789062,11196,0,84058,60619,24182,0,25825,0,0,0,0,0,2896.9599609375,11639.853515625,-0.0,1,3,0,0,2,0,0,0,0,0,0,0,1,2,0,0,0,0,332.7499084472656,3
1786296942.1569312,549.9645385742188,11197,0,84058,60669,24182,0,25825,0,0,0,0,0,2899.4873046875,11642.380859375,-0.0,1,3,0,0,2,0,0,0,0,0,0,0,1,2,0,0,0,0,332.7499084472656,3
1786296942.213281,550.0310668945312,11198,0,84058,60735,24182,0,25825,0,0,0,0,0,2902.87890625,11645.7724609375,-0.0,1,3,0,0,2,0,0,0,0,0,0,0,1,2,0,0,0,0,332.7499084472656,3
1786296942.2565024,550.074951171875,11199,0,84058,60785,24182,0,25825,0,0,0,0,0,2904.583984375,11647.4775390625,-0.0,1,3,0,0,2,0,0,0,0,0,0,0,1,2,0,0,0,0,332.7499084472656,3
1786296942.312203,550.1317749023438,11200,0,84058,60835,24182,0,25825,0,0,0,0,0,2908.01171875,11650.9052734375,-0.0,1,3,0,0,2,0,0,0,0,0,0,0,1,2,0,0,0,0,332.7499084472656,3
1786296942.355149,550.1746826171875,11201,0,84058,60885,24182,0,25825,0,0,0,0,0,2909.7412109375,11652.634765625,-0.0,1,3,0,0,2,0,0,0,0,0,0,0,1,2,0,0,0,0,332.7499084472656,3
1786296942.4097712,550.2311401367188,11202,0,84058,60935,24182,0,25825,0,0,0,0,0,2913.2275390625,11656.12109375,-0.0,1,3,0,0,2,0,0,0,0,0,0,0,1,2,0,0,0,0,332.7499084472656,3
1786296942.4611545,550.2846069335938,11203,0,84058,60985,24182,0,25825,0,0,0,0,0,2915.8603515625,11658.75390625,-0.0,1,3,0,0,2,0,0,0,0,0,0,0,1,2,0,0,0,0,332.7499084472656,3
1786296942.5046802,550.3247680664062,11204,0,84058,61035,24182,0,25825,0,0,0,0,0,2917.6220703125,11660.515625,-0.0,1,3,0,0,2,0,0,0,0,0,0,0,1,2,0,0,0,0,332.7499084472656,3
1786296942.5639937,550.3820190429688,11205,0,84058,61085,24182,0,25825,0,0,0,0,0,2921.166015625,11664.0595703125,-0.0,1,3,0,0,2,0,0,0,0,0,0,0,1,2,0,0,0,0,332.7499084472656,3
1786296942.601414,550.41259765625,11206,0,84058,61119,24182,0,25825,0,0,0,0,0,2922.9462890625,11665.83984375,-0.0,1,3,0,0,2,0,0,0,0,0,0,0,1,2,0,0,0,0,332.7499084472656,3
1786296942.6669126,550.4650268554688,11207,0,84058,61169,24182,0,25825,0,0,0,0,0,2925.6279296875,11668.521484375,-0.0,1,3,0,0,2,0,0,0,0,0,0,0,1,2,0,0,0,0,332.7499084472656,3
1786296942.7069805,550.5047607421875,11208,0,84058,61202,24182,0,25825,0,0,0,0,0,2927.4228515625,11670.31640625,-0.0,1,3,0,0,2,0,0,0,0,0,0,0,1,2,0,0,0,0,332.7499084472656,3
1786296942.7697544,550.567138671875,11209,0,84058,61255,24182,0,25825,0,0,0,0,0,2930.505859375,11673.3994140625,-0.0,1,3,0,0,2,0,0,0,0,0,0,0,1,2,0,0,0,0,332.7499084472656,3
1786296942.812372,550.6087036132812,11210,0,84058,61296,24182,0,25825,0,0,0,0,0,2932.7724609375,11675.666015625,-0.0,1,3,0,0,2,0,0,0,0,0,0,0,1,2,0,0,0,0,332.7499084472656,3
1786296942.8616605,550.6683959960938,11211,0,84058,61357,24182,0,25825,0,0,0,0,0,2936.0361328125,11678.9296875,-0.0,1,3,0,0,2,0,0,0,0,0,0,0,1,2,0,0,0,0,332.7499084472656,3
1786296942.9112203,550.7232055664062,11212,0,84058,61414,24182,0,25825,0,0,0,0,0,2939.0517578125,11681.9453125,-0.0,1,3,0,0,2,0,0,0,0,0,0,0,1,2,0,0,0,0,332.7499084472656,3
1786296942.9554098,550.7718505859375,11213,0,84058,61465,24182,0,25825,0,0,0,0,0,2941.814453125,11684.7080078125,-0.0,1,3,0,0,2,0,0,0,0,0,0,0,1,2,0,0,0,0,332.7499084472656,3
1786296943.0065773,550.8189086914062,11214,0,84058,61515,24182,0,25825,0,0,0,0,0,2944.5908203125,11687.484375,-0.0,1,3,0,0,2,0,0,0,0,0,0,0,1,2,0,0,0,0,332.7499084472656,3
1786296943.0557868,550.8670043945312,11215,0,84058,61565,24182,0,25825,0,0,0,0,0,2947.3779296875,11690.271484375,-0.0,1,3,0,0,2,0,0,0,0,0,0,0,1,2,0,0,0,0,332.7499084472656,3
1786296943.1111856,550.9301147460938,11216,0,84058,61631,24182,0,25825,0,0,0,0,0,2951.1142578125,11694.0078125,-0.0,1,3,0,0,2,0,0,0,0,0,0,0,1,2,0,0,0,0,332.7499084472656,3
1786296943.1550305,550.9737548828125,11217,0,84058,61681,24182,0,25825,0,0,0,0,0,2953.9306640625,11696.82421875,-0.0,1,3,0,0,2,0,0,0,0,0,0,0,1,2,0,0,0,0,332.7499084472656,3
1786296943.2094495,551.0305786132812,11218,0,84058,61731,24182,0,25825,0,0,0,0,0,2956.7578125,11699.6513671875,-0.0,1,3,0,0,2,0,0,0,0,0,0,0,1,2,0,0,0,0,332.7499084472656,3
1786296943.252356,551.0730590820312,11219,0,84058,61781,24182,0,25825,0,0,0,0,0,2958.6474609375,11701.541015625,-0.0,1,3,0,0,2,0,0,0,0,0,0,0,1,2,0,0,0,0,332.7499084472656,3
1786296943.3096843,551.1294555664062,11220,0,84058,61831,24182,0,25825,0,0,0,0,0,2962.4375,11705.3310546875,-0.0,1,3,0,0,2,0,0,0,0,0,0,0,1,2,0,0,0,0,332.7499084472656,3
1786296943.3648887,551.1859130859375,11221,0,84058,61881,24182,0,25825,0,0,0,0,0,2965.2919921875,11708.185546875,-0.0,1,3,0,0,2,0,0,0,0,0,0,0,1,2,0,0,0,0,332.7499084472656,3
1786296943.4077137,551.2279052734375,11222,0,84058,61931,24182,0,25825,0,0,0,0,0,2968.158203125,11711.0517578125,-0.0,1,3,0,0,2,0,0,0,0,0,0,0,1,2,0,0,0,0,332.7499084472656,3
1786296943.4676824,551.2841186523438,11223,0,84058,61981,24182,0,25825,0,0,0,0,0,2971.0341796875,11713.927734375,-0.0,1,3,0,0,2,0,0,0,0,0,0,0,1,2,0,0,0,0,332.7499084472656,3
1786296943.5159285,551.3283081054688,11224,0,84058,62031,24182,0,25825,0,0,0,0,0,2973.9208984375,11716.814453125,-0.0,1,3,0,0,2,0,0,0,0,0,0,0,1,2,0,0,0,0,332.7499084472656,3
1786296943.5582483,551.361572265625,11225,0,84058,62065,24182,0,25825,0,0,0,0,0,2975.8505859375,11718.744140625,-0.0,1,3,0,0,2,0,0,0,0,0,0,0,1,2,0,0,0,0,332.7499084472656,3
1786296943.6231217,551.4188232421875,11226,0,84058,62115,24182,0,25825,0,0,0,0,0,2978.7548828125,11721.6484375,-0.0,1,3,0,0,2,0,0,0,0,0,0,0,1,2,0,0,0,0,332.7499084472656,3
1786296943.6680667,551.4610595703125,11227,0,84058,62148,24182,0,25825,0,0,0,0,0,2980.9638671875,11723.857421875,-0.0,1,3,0,0,2,0,0,0,0,0,0,0,1,2,0,0,0,0,332.7499084472656,3
1786296943.7127306,551.5050048828125,11228,0,84058,62191,24182,0,25825,0,0,0,0,0,2983.529296875,11726.4228515625,-0.0,1,3,0,0,2,0,0,0,0,0,0,0,1,2,0,0,0,0,332.7499084472656,3
1786296943.7610316,551.5684204101562,11229,0,84058,62257,24182,0,25825,0,0,0,0,0,2987.244140625,11730.1376953125,-0.0,1,3,0,0,2,0,0,0,0,0,0,0,1,2,0,0,0,0,332.7499084472656,3
1786296943.8027306,551.621337890625,11230,0,84058,62313,24182,0,25825,0,0,0,0,0,2990.390625,11733.2841796875,-0.0,1,3,0,0,2,0,0,0,0,0,0,0,1,2,0,0,0,0,332.7499084472656,3
1786296943.8593266,551.6784057617188,11231,0,84058,62380,24182,0,25825,0,0,0,0,0,2994.3291015625,11737.22265625,-0.0,1,3,0,0,2,0,0,0,0,0,0,0,1,2,0,0,0,0,332.7499084472656,3
1786296943.9201958,551.7352294921875,11232,0,84058,62430,24182,0,25825,0,0,0,0,0,2997.2939453125,11740.1875,-0.0,1,3,0,0,2,0,0,0,0,0,0,0,1,2,0,0,0,0,332.7499084472656,3
1786296943.966555,551.7805786132812,11233,0,84058,62480,24182,0,25825,0,0,0,0,0,3000.2685546875,11743.162109375,-0.0,1,3,0,0,2,0,0,0,0,0,0,0,1,2,0,0,0,0,332.7499084472656,3
1786296944.0148165,551.8283081054688,11234,0,84058,62530,24182,0,25825,0,0,0,0,0,3003.251953125,11746.1455078125,-0.0,1,3,0,0,2,0,0,0,0,0,0,0,1,2,0,0,0,0,332.7499084472656,3
1786296944.0558312,551.8741455078125,11235,0,84058,62580,24182,0,25825,0,0,0,0,0,3006.2451171875,11749.138671875,-0.0,1,3,0,0,2,0,0,0,0,0,0,0,1,2,0,0,0,0,332.7499084472656,3
1786296944.1096907,551.9308471679688,11236,0,84058,62630,24182,0,25825,0,0,0,0,0,3009.2470703125,11752.140625,-0.0,1,3,0,0,2,0,0,0,0,0,0,0,1,2,0,0,0,0,332.7499084472656,3
1786296944.154094,551.9728393554688,11237,0,84058,62680,24182,0,25825,0,0,0,0,0,3012.2587890625,11755.15234375,-0.0,1,3,0,0,2,0,0,0,0,0,0,0,1,2,0,0,0,0,332.7499084472656,3
1786296944.2088883,552.02880859375,11238,0,84058,62730,24182,0,25825,0,0,0,0,0,3015.2783203125,11758.171875,-0.0,1,3,0,0,2,0,0,0,0,0,0,0,1,2,0,0,0,0,332.7499084472656,3
1786296944.253427,552.0711059570312,11239,0,84058,62780,24182,0,25825,0,0,0,0,0,3017.296875,11760.1904296875,-0.0,1,3,0,0,2,0,0,0,0,0,0,0,1,2,0,0,0,0,332.7499084472656,3
1786296944.3066204,552.1287231445312,11240,0,84058,62830,24182,0,25825,0,0,0,0,0,3021.3466796875,11764.240234375,-0.0,1,3,0,0,2,0,0,0,0,0,0,0,1,2,0,0,0,0,332.7499084472656,3
1786296944.3628707,552.1840209960938,11241,0,84058,62880,24182,0,25825,0,0,0,0,0,3024.3935546875,11767.287109375,-0.0,1,3,0,0,2,0,0,0,0,0,0,0,1,2,0,0,0,0,332.7499084472656,3
1786296944.4069397,552.225341796875,11242,0,84058,62930,24182,0,25825,0,0,0,0,0,3027.4501953125,11770.34375,-0.0,1,3,0,0,2,0,0,0,0,0,0,0,1,2,0,0,0,0,332.7499084472656,3
1786296944.4539874,552.2694091796875,11243,0,84058,62963,24182,0,25825,0,0,0,0,0,3029.4931640625,11772.38671875,-0.0,1,3,0,0,2,0,0,0,0,0,0,0,1,2,0,0,0,0,332.7499084472656,3
1786296944.5118272,552.3169555664062,11244,0,84058,63013,24182,0,25825,0,0,0,0,0,3032.564453125,11775.4580078125,-0.0,1,3,0,0,2,0,0,0,0,0,0,0,1,2,0,0,0,0,332.7499084472656,3
1786296944.5727532,552.37109375,11245,0,84058,63063,24182,0,25825,0,0,0,0,0,3035.64453125,11778.5380859375,-0.0,1,3,0,0,2,0,0,0,0,0,0,0,1,2,0,0,0,0,332.7499084472656,3
1786296944.6122532,552.41162109375,11246,0,84058,63099,24182,0,25825,0,0,0,0,0,3038.1005859375,11780.994140625,-0.0,1,3,0,0,2,0,0,0,0,0,0,0,1,2,0,0,0,0,332.7499084472656,3
1786296944.6540558,552.4528198242188,11247,0,84058,63141,24182,0,25825,0,0,0,0,0,3040.6494140625,11783.54296875,-0.0,1,3,0,0,2,0,0,0,0,0,0,0,1,2,0,0,0,0,332.7499084472656,3
1786296944.7126157,552.513916015625,11248,0,84058,63202,24182,0,25825,0,0,0,0,0,3044.4423828125,11787.3359375,-0.0,1,3,0,0,2,0,0,0,0,0,0,0,1,2,0,0,0,0,332.7499084472656,3
1786296944.7600248,552.5708618164062,11249,0,84058,63261,24182,0,25825,0,0,0,0,0,3047.9931640625,11790.88671875,-0.0,1,3,0,0,2,0,0,0,0,0,0,0,1,2,0,0,0,0,332.7499084472656,3
1786296944.8140416,552.634765625,11250,0,84058,63330,24182,0,25825,0,0,0,0,0,3052.216796875,11795.1103515625,-0.0,1,3,0,0,2,0,0,0,0,0,0,0,1,2,0,0,0,0,332.7499084472656,3
1786296944.8556352,552.6766967773438,11251,0,84058,63380,24182,0,25825,0,0,0,0,0,3055.3564453125,11798.25,-0.0,1,3,0,0,2,0,0,0,0,0,0,0,1,2,0,0,0,0,332.7499084472656,3
1786296944.9095426,552.7308959960938,11252,0,84058,63430,24182,0,25825,0,0,0,0,0,3058.5048828125,11801.3984375,-0.0,1,3,0,0,2,0,0,0,0,0,0,0,1,2,0,0,0,0,332.7499084472656,3
1786296944.956695,552.772705078125,11253,0,84058,63480,24182,0,25825,0,0,0,0,0,3061.662109375,11804.5556640625,-0.0,1,3,0,0,2,0,0,0,0,0,0,0,1,2,0,0,0,0,332.7499084472656,3
1786296945.0094085,552.8302612304688,11254,0,84058,63530,24182,0,25825,0,0,0,0,0,3064.8291015625,11807.72265625,-0.0,1,3,0,0,2,0,0,0,0,0,0,0,1,2,0,0,0,0,332.7499084472656,3
1786296945.0534227,552.8731079101562,11255,0,84058,63580,24182,0,25825,0,0,0,0,0,3068.0048828125,11810.8984375,-0.0,1,3,0,0,2,0,0,0,0,0,0,0,1,2,0,0,0,0,332.7499084472656,3
1786296945.1090245,552.928955078125,11256,0,84058,63630,24182,0,25825,0,0,0,0,0,3071.189453125,11814.0830078125,-0.0,1,3,0,0,2,0,0,0,0,0,0,0,1,2,0,0,0,0,332.7499084472656,3
1786296945.164835,552.9841918945312,11257,0,84058,63680,24182,0,25825,0,0,0,0,0,3074.3837890625,11817.27734375,-0.0,1,3,0,0,2,0,0,0,0,0,0,0,1,2,0,0,0,0,332.7499084472656,3
1786296945.205629,553.0257568359375,11258,0,84058,63730,24182,0,25825,0,0,0,0,0,3077.5859375,11820.4794921875,-0.0,1,3,0,0,2,0,0,0,0,0,0,0,1,2,0,0,0,0,332.7499084472656,3
1786296945.26068,553.0808715820312,11259,0,84058,63780,24182,0,25825,0,0,0,0,0,3080.7978515625,11823.69140625,-0.0,1,3,0,0,2,0,0,0,0,0,0,0,1,2,0,0,0,0,332.7499084472656,3
1786296945.3054051,553.1229858398438,11260,0,84058,63830,24182,0,25825,0,0,0,0,0,3084.0185546875,11826.912109375,-0.0,1,3,0,0,2,0,0,0,0,0,0,0,1,2,0,0,0,0,332.7499084472656,3
1786296945.3626304,553.1801147460938,11261,0,84058,63880,24182,0,25825,0,0,0,0,0,3087.248046875,11830.1416015625,-0.0,1,3,0,0,2,0,0,0,0,0,0,0,1,2,0,0,0,0,332.7499084472656,3
1786296945.425223,553.2271118164062,11262,0,84058,63930,24182,0,25825,0,0,0,0,0,3090.4873046875,11833.380859375,-0.0,1,3,0,0,2,0,0,0,0,0,0,0,1,2,0,0,0,0,332.7499084472656,3
1786296945.4639227,553.2632446289062,11263,0,84058,63963,24182,0,25825,0,0,0,0,0,3092.6513671875,11835.544921875,-0.0,1,3,0,0,2,0,0,0,0,0,0,0,1,2,0,0,0,0,332.7499084472656,3
1786296945.504037,553.3025512695312,11264,0,84058,63997,24182,0,25825,0,0,0,0,0,3094.8193359375,11837.712890625,-0.0,1,3,0,0,2,0,0,0,0,0,0,0,1,2,0,0,0,0,332.7499084472656,3
1786296945.565373,553.3638305664062,11265,0,84058,64052,24182,0,25825,0,0,0,0,0,3098.6552734375,11841.548828125,-0.0,1,3,0,0,2,0,0,0,0,0,0,0,1,2,0,0,0,0,332.7499084472656,3
1786296945.6073594,553.4042358398438,11266,0,84058,64092,24182,0,25825,0,0,0,0,0,3101.2998046875,11844.193359375,-0.0,1,3,0,0,2,0,0,0,0,0,0,0,1,2,0,0,0,0,332.7499084472656,3
1786296945.6535883,553.4622802734375,11267,0,84058,64152,24182,0,25825,0,0,0,0,0,3105.1083984375,11848.001953125,-0.0,1,3,0,0,2,0,0,0,0,0,0,0,1,2,0,0,0,0,332.7499084472656,3
1786296945.7094898,553.5277099609375,11268,0,84058,64222,24182,0,25825,0,0,0,0,0,3109.5791015625,11852.47265625,-0.0,1,3,0,0,2,0,0,0,0,0,0,0,1,2,0,0,0,0,332.7499084472656,3
1786296945.7525566,553.5714111328125,11269,0,84058,64272,24182,0,25825,0,0,0,0,0,3112.8837890625,11855.77734375,-0.0,1,3,0,0,2,0,0,0,0,0,0,0,1,2,0,0,0,0,332.7499084472656,3
1786296945.8060515,553.628173828125,11270,0,84058,64338,24182,0,25825,0,0,0,0,0,3116.19921875,11859.0927734375,-0.0,1,3,0,0,2,0,0,0,0,0,0,0,1,2,0,0,0,0,332.7499084472656,3
1786296945.8635123,553.68359375,11271,0,84058,64388,24182,0,25825,0,0,0,0,0,3120.634765625,11863.5283203125,-0.0,1,3,0,0,2,0,0,0,0,0,0,0,1,2,0,0,0,0,332.7499084472656,3
1786296945.904887,553.7252807617188,11272,0,84058,64422,24182,0,25825,0,0,0,0,0,3122.8583984375,11865.751953125,-0.0,1,3,0,0,2,0,0,0,0,0,0,0,1,2,0,0,0,0,332.7499084472656,3
1786296945.959702,553.7802124023438,11273,0,84058,64488,24182,0,25825,0,0,0,0,0,3127.3193359375,11870.212890625,-0.0,1,3,0,0,2,0,0,0,0,0,0,0,1,2,0,0,0,0,332.7499084472656,3
1786296946.005037,553.8228149414062,11274,0,84058,64522,24182,0,25825,0,0,0,0,0,3129.5556640625,11872.44921875,-0.0,1,3,0,0,2,0,0,0,0,0,0,0,1,2,0,0,0,0,332.7499084472656,3
1786296946.0667315,553.8822631835938,11275,0,84058,64588,24182,0,25825,0,0,0,0,0,3134.041015625,11876.9345703125,-0.0,1,3,0,0,2,0,0,0,0,0,0,0,1,2,0,0,0,0,332.7499084472656,3
1786296946.1078107,553.9268188476562,11276,0,84058,64622,24182,0,25825,0,0,0,0,0,3136.2900390625,11879.18359375,-0.0,1,3,0,0,2,0,0,0,0,0,0,0,1,2,0,0,0,0,332.7499084472656,3
1786296946.1634727,553.98388671875,11277,0,84058,64689,24182,0,25825,0,0,0,0,0,3140.798828125,11883.6923828125,-0.0,1,3,0,0,2,0,0,0,0,0,0,0,1,2,0,0,0,0,332.7499084472656,3
1786296946.2058575,554.0255126953125,11278,0,84058,64722,24182,0,25825,0,0,0,0,0,3143.0595703125,11885.953125,-0.0,1,3,0,0,2,0,0,0,0,0,0,0,1,2,0,0,0,0,332.7499084472656,3
1786296946.2640605,554.0819702148438,11279,0,84058,64789,24182,0,25825,0,0,0,0,0,3147.5908203125,11890.484375,-0.0,1,3,0,0,2,0,0,0,0,0,0,0,1,2,0,0,0,0,332.7499084472656,3
1786296946.305363,554.1248168945312,11280,0,84058,64822,24182,0,25825,0,0,0,0,0,3149.8623046875,11892.755859375,-0.0,1,3,0,0,2,0,0,0,0,0,0,0,1,2,0,0,0,0,332.7499084472656,3
1786296946.3593564,554.1809692382812,11281,0,84058,64889,24182,0,25825,0,0,0,0,0,3154.4169921875,11897.310546875,-0.0,1,3,0,0,2,0,0,0,0,0,0,0,1,2,0,0,0,0,332.7499084472656,3
1786296946.4020567,554.2222900390625,11282,0,84058,64922,24182,0,25825,0,0,0,0,0,3156.69921875,11899.5927734375,-0.0,1,3,0,0,2,0,0,0,0,0,0,0,1,2,0,0,0,0,332.7499084472656,3
1786296946.4586768,554.2777709960938,11283,0,84058,64989,24182,0,25825,0,0,0,0,0,3160.1298828125,11903.0234375,-0.0,1,3,0,0,2,0,0,0,0,0,0,0,1,2,0,0,0,0,332.7499084472656,3
1786296946.5047212,554.3216552734375,11284,0,84058,65022,24182,0,25825,0,0,0,0,0,3163.5693359375,11906.462890625,-0.0,1,3,0,0,2,0,0,0,0,0,0,0,1,2,0,0,0,0,332.7499084472656,3
1786296946.5650778,554.3693237304688,11285,0,84058,65072,24182,0,25825,0,0,0,0,0,3167.0166015625,11909.91015625,-0.0,1,3,0,0,2,0,0,0,0,0,0,0,1,2,0,0,0,0,332.7499084472656,3
1786296946.6090314,554.4057006835938,11286,0,84058,65105,24182,0,25825,0,0,0,0,0,3169.318359375,11912.2119140625,-0.0,1,3,0,0,2,0,0,0,0,0,0,0,1,2,0,0,0,0,332.7499084472656,3
1786296946.670637,554.4669189453125,11287,0,84058,65155,24182,0,25825,0,0,0,0,0,3173.0205078125,11915.9140625,-0.0,1,3,0,0,2,0,0,0,0,0,0,0,1,2,0,0,0,0,332.7499084472656,3
1786296946.7093782,554.5089721679688,11288,0,84058,65197,24182,0,25825,0,0,0,0,0,3175.9365234375,11918.830078125,-0.0,1,3,0,0,2,0,0,0,0,0,0,0,1,2,0,0,0,0,332.7499084472656,3
1786296946.7629094,554.5692138671875,11289,0,84058,65258,24182,0,25825,0,0,0,0,0,3180.1298828125,11923.0234375,-0.0,1,3,0,0,2,0,0,0,0,0,0,0,1,2,0,0,0,0,332.7499084472656,3
1786296946.8036542,554.6215209960938,11290,0,84058,65314,24182,0,25825,0,0,0,0,0,3183.7939453125,11926.6875,-0.0,1,3,0,0,2,0,0,0,0,0,0,0,1,2,0,0,0,0,332.7499084472656,3
1786296946.8581505,554.6786499023438,11291,0,84058,65380,24182,0,25825,0,0,0,0,0,3188.4560546875,11931.349609375,-0.0,1,3,0,0,2,0,0,0,0,0,0,0,1,2,0,0,0,0,332.7499084472656,3
1786296946.915136,554.7342529296875,11292,0,84058,65430,24182,0,25825,0,0,0,0,0,3191.9619140625,11934.85546875,-0.0,1,3,0,0,2,0,0,0,0,0,0,0,1,2,0,0,0,0,332.7499084472656,3
1786296946.961147,554.7779541015625,11293,0,84058,65480,24182,0,25825,0,0,0,0,0,3195.4833984375,11938.376953125,-0.0,1,3,0,0,2,0,0,0,0,0,0,0,1,2,0,0,0,0,332.7499084472656,3
1786296947.006961,554.822021484375,11294,0,84058,65530,24182,0,25825,0,0,0,0,0,3199.0166015625,11941.91015625,-0.0,1,3,0,0,2,0,0,0,0,0,0,0,1,2,0,0,0,0,332.7499084472656,3
1786296947.06276,554.8817749023438,11295,0,84058,65580,24182,0,25825,0,0,0,0,0,3202.5576171875,11945.451171875,-0.0,1,3,0,0,2,0,0,0,0,0,0,0,1,2,0,0,0,0,332.7499084472656,3
1786296947.1055868,554.9249877929688,11296,0,84058,65630,24182,0,25825,0,0,0,0,0,3206.1083984375,11949.001953125,-0.0,1,3,0,0,2,0,0,0,0,0,0,0,1,2,0,0,0,0,332.7499084472656,3
1786296947.1614478,554.9808959960938,11297,0,84058,65680,24182,0,25825,0,0,0,0,0,3209.6669921875,11952.560546875,-0.0,1,3,0,0,2,0,0,0,0,0,0,0,1,2,0,0,0,0,332.7499084472656,3
1786296947.2043765,555.0233154296875,11298,0,84058,65730,24182,0,25825,0,0,0,0,0,3213.2353515625,11956.12890625,-0.0,1,3,0,0,2,0,0,0,0,0,0,0,1,2,0,0,0,0,332.7499084472656,3
1786296947.2606535,555.07958984375,11299,0,84058,65780,24182,0,25825,0,0,0,0,0,3216.8193359375,11959.712890625,-0.0,1,3,0,0,2,0,0,0,0,0,0,0,1,2,0,0,0,0,332.7499084472656,3
1786296947.3088837,555.1234741210938,11300,0,84058,65830,24182,0,25825,0,0,0,0,0,3220.43359375,11963.3271484375,-0.0,1,3,0,0,2,0,0,0,0,0,0,0,1,2,0,0,0,0,332.7499084472656,3
1786296947.355972,555.1693725585938,11301,0,84058,65864,24182,0,25825,0,0,0,0,0,3222.849609375,11965.7431640625,-0.0,1,3,0,0,2,0,0,0,0,0,0,0,1,2,0,0,0,0,332.7499084472656,3
1786296947.412279,555.2299194335938,11302,0,84058,65930,24182,0,25825,0,0,0,0,0,3227.6904296875,11970.583984375,-0.0,1,3,0,0,2,0,0,0,0,0,0,0,1,2,0,0,0,0,332.7499084472656,3
1786296947.4591408,555.2744750976562,11303,0,84058,65980,24182,0,25825,0,0,0,0,0,3231.3310546875,11974.224609375,-0.0,1,3,0,0,2,0,0,0,0,0,0,0,1,2,0,0,0,0,332.7499084472656,3
1786296947.513665,555.3211669921875,11304,0,84058,66014,24182,0,25825,0,0,0,0,0,3233.7626953125,11976.65625,-0.0,1,3,0,0,2,0,0,0,0,0,0,0,1,2,0,0,0,0,332.7499084472656,3
1786296947.56144,555.3570556640625,11305,0,84058,66047,24182,0,25825,0,0,0,0,0,3236.3427734375,11979.236328125,-0.0,1,3,0,0,2,0,0,0,0,0,0,0,1,2,0,0,0,0,332.7499084472656,3
1786296947.6223142,555.4172973632812,11306,0,84058,66105,24182,0,25825,0,0,0,0,0,3240.7294921875,11983.623046875,-0.0,1,3,0,0,2,0,0,0,0,0,0,0,1,2,0,0,0,0,332.7499084472656,3
1786296947.6669924,555.460693359375,11307,0,84058,66147,24182,0,25825,0,0,0,0,0,3243.8681640625,11986.76171875,-0.0,1,3,0,0,2,0,0,0,0,0,0,0,1,2,0,0,0,0,332.7499084472656,3
1786296947.7075264,555.5033569335938,11308,0,84058,66191,24182,0,25825,0,0,0,0,0,3246.9560546875,11989.849609375,-0.0,1,3,0,0,2,0,0,0,0,0,0,0,1,2,0,0,0,0,332.7499084472656,3
1786296947.7554898,555.5637817382812,11309,0,84058,66253,24182,0,25825,0,0,0,0,0,3251.3447265625,11994.23828125,-0.0,1,3,0,0,2,0,0,0,0,0,0,0,1,2,0,0,0,0,332.7499084472656,3
1786296947.8096707,555.6302490234375,11310,0,84058,66324,24182,0,25825,0,0,0,0,0,3256.3427734375,11999.236328125,-0.0,1,3,0,0,2,0,0,0,0,0,0,0,1,2,0,0,0,0,332.7499084472656,3
1786296947.8567843,555.67333984375,11311,0,84058,66374,24182,0,25825,0,0,0,0,0,3259.990234375,12002.8837890625,-0.0,1,3,0,0,2,0,0,0,0,0,0,0,1,2,0,0,0,0,332.7499084472656,3
1786296947.9093356,555.7305908203125,11312,0,84058,66441,24182,0,25825,0,0,0,0,0,3263.646484375,12006.5400390625,-0.0,1,3,0,0,2,0,0,0,0,0,0,0,1,2,0,0,0,0,332.7499084472656,3
1786296947.9634733,555.7852172851562,11313,0,84058,66491,24182,0,25825,0,0,0,0,0,3268.5341796875,12011.427734375,-0.0,1,3,0,0,2,0,0,0,0,0,0,0,1,2,0,0,0,0,332.7499084472656,3
1786296948.0065646,555.8261108398438,11314,0,84058,66524,24182,0,25825,0,0,0,0,0,3270.982421875,12013.8759765625,-0.0,1,3,0,0,2,0,0,0,0,0,0,0,1,2,0,0,0,0,332.7499084472656,3
1786296948.061743,555.8822631835938,11315,0,84058,66591,24182,0,25825,0,0,0,0,0,3274.66015625,12017.5537109375,-0.0,1,3,0,0,2,0,0,0,0,0,0,0,1,2,0,0,0,0,332.7499084472656,3
1786296948.1066387,555.9246215820312,11316,0,84058,66624,24182,0,25825,0,0,0,0,0,3278.345703125,12021.2392578125,-0.0,1,3,0,0,2,0,0,0,0,0,0,0,1,2,0,0,0,0,332.7499084472656,3
1786296948.1608598,555.981201171875,11317,0,84058,66691,24182,0,25825,0,0,0,0,0,3282.037109375,12024.9306640625,-0.0,1,3,0,0,2,0,0,0,0,0,0,0,1,2,0,0,0,0,332.7499084472656,3
1786296948.2047174,556.0240478515625,11318,0,84058,66725,24182,0,25825,0,0,0,0,0,3285.7353515625,12028.62890625,-0.0,1,3,0,0,2,0,0,0,0,0,0,0,1,2,0,0,0,0,332.7499084472656,3
1786296948.2623947,556.082275390625,11319,0,84058,66791,24182,0,25825,0,0,0,0,0,3289.4404296875,12032.333984375,-0.0,1,3,0,0,2,0,0,0,0,0,0,0,1,2,0,0,0,0,332.7499084472656,3
1786296948.3071516,556.1254272460938,11320,0,84058,66825,24182,0,25825,0,0,0,0,0,3293.15234375,12036.0458984375,-0.0,1,3,0,0,2,0,0,0,0,0,0,0,1,2,0,0,0,0,332.7499084472656,3
1786296948.3643157,556.1824340820312,11321,0,84058,66891,24182,0,25825,0,0,0,0,0,3296.8701171875,12039.763671875,-0.0,1,3,0,0,2,0,0,0,0,0,0,0,1,2,0,0,0,0,332.7499084472656,3
1786296948.4101753,556.2265014648438,11322,0,84058,66925,24182,0,25825,0,0,0,0,0,3300.5947265625,12043.48828125,-0.0,1,3,0,0,2,0,0,0,0,0,0,0,1,2,0,0,0,0,332.7499084472656,3
1786296948.4523726,556.2710571289062,11323,0,84058,66975,24182,0,25825,0,0,0,0,0,3304.32421875,12047.2177734375,-0.0,1,3,0,0,2,0,0,0,0,0,0,0,1,2,0,0,0,0,332.7499084472656,3
1786296948.5126812,556.3299560546875,11324,0,84058,67025,24182,0,25825,0,0,0,0,0,3308.060546875,12050.9541015625,-0.0,1,3,0,0,2,0,0,0,0,0,0,0,1,2,0,0,0,0,332.7499084472656,3
1786296948.562911,556.375244140625,11325,0,84058,67075,24182,0,25825,0,0,0,0,0,3311.802734375,12054.6962890625,-0.0,1,3,0,0,2,0,0,0,0,0,0,0,1,2,0,0,0,0,332.7499084472656,3
1786296948.6223204,556.424560546875,11326,0,84058,67125,24182,0,25825,0,0,0,0,0,3315.55078125,12058.4443359375,-0.0,1,3,0,0,2,0,0,0,0,0,0,0,1,2,0,0,0,0,332.7499084472656,3
1786296948.6636844,556.4616088867188,11327,0,84058,67158,24182,0,25825,0,0,0,0,0,3318.052734375,12060.9462890625,-0.0,1,3,0,0,2,0,0,0,0,0,0,0,1,2,0,0,0,0,332.7499084472656,3
1786296948.7039053,556.501708984375,11328,0,84058,67191,24182,0,25825,0,0,0,0,0,3320.7529296875,12063.646484375,-0.0,1,3,0,0,2,0,0,0,0,0,0,0,1,2,0,0,0,0,332.7499084472656,3
1786296948.7723029,556.56494140625,11329,0,84058,67253,24182,0,25825,0,0,0,0,0,3325.5107421875,12068.404296875,-0.0,1,3,0,0,2,0,0,0,0,0,0,0,1,2,0,0,0,0,332.7499084472656,3
1786296948.8112564,556.6078491210938,11330,0,84058,67295,24182,0,25825,0,0,0,0,0,3328.7412109375,12071.634765625,-0.0,1,3,0,0,2,0,0,0,0,0,0,0,1,2,0,0,0,0,332.7499084472656,3
1786296948.8550246,556.6661376953125,11331,0,84058,67356,24182,0,25825,0,0,0,0,0,3333.1435546875,12076.037109375,-0.0,1,3,0,0,2,0,0,0,0,0,0,0,1,2,0,0,0,0,332.7499084472656,3
1786296948.9109874,556.730712890625,11332,0,84058,67426,24182,0,25825,0,0,0,0,0,3338.283203125,12081.1767578125,-0.0,1,3,0,0,2,0,0,0,0,0,0,0,1,2,0,0,0,0,332.7499084472656,3
1786296948.9558058,556.7741088867188,11333,0,84058,67476,24182,0,25825,0,0,0,0,0,3342.0693359375,12084.962890625,-0.0,1,3,0,0,2,0,0,0,0,0,0,0,1,2,0,0,0,0,332.7499084472656,3
1786296949.011021,556.8313598632812,11334,0,84058,67526,24182,0,25825,0,0,0,0,0,3345.86328125,12088.7568359375,-0.0,1,3,0,0,2,0,0,0,0,0,0,0,1,2,0,0,0,0,332.7499084472656,3
1786296949.052465,556.8735961914062,11335,0,84058,67576,24182,0,25825,0,0,0,0,0,3349.6630859375,12092.556640625,-0.0,1,3,0,0,2,0,0,0,0,0,0,0,1,2,0,0,0,0,332.7499084472656,3
1786296949.110852,556.9291381835938,11336,0,84058,67626,24182,0,25825,0,0,0,0,0,3353.4677734375,12096.361328125,-0.0,1,3,0,0,2,0,0,0,0,0,0,0,1,2,0,0,0,0,332.7499084472656,3
1786296949.1654487,556.985107421875,11337,0,84058,67693,24182,0,25825,0,0,0,0,0,3358.5498046875,12101.443359375,-0.0,1,3,0,0,2,0,0,0,0,0,0,0,1,2,0,0,0,0,332.7499084472656,3
1786296949.2117324,557.02783203125,11338,0,84058,67726,24182,0,25825,0,0,0,0,0,3361.0947265625,12103.98828125,-0.0,1,3,0,0,2,0,0,0,0,0,0,0,1,2,0,0,0,0,332.7499084472656,3
1786296949.2543712,557.0723876953125,11339,0,84058,67776,24182,0,25825,0,0,0,0,0,3364.916015625,12107.8095703125,-0.0,1,3,0,0,2,0,0,0,0,0,0,0,1,2,0,0,0,0,332.7499084472656,3
1786296949.3112228,557.1307983398438,11340,0,84058,67826,24182,0,25825,0,0,0,0,0,3368.7421875,12111.6357421875,-0.0,1,3,0,0,2,0,0,0,0,0,0,0,1,2,0,0,0,0,332.7499084472656,3
1786296949.355356,557.1734619140625,11341,0,84058,67876,24182,0,25825,0,0,0,0,0,3372.57421875,12115.4677734375,-0.0,1,3,0,0,2,0,0,0,0,0,0,0,1,2,0,0,0,0,332.7499084472656,3
1786296949.4128864,557.2316284179688,11342,0,84058,67926,24182,0,25825,0,0,0,0,0,3376.4111328125,12119.3046875,-0.0,1,3,0,0,2,0,0,0,0,0,0,0,1,2,0,0,0,0,332.7499084472656,3
1786296949.4550898,557.2744140625,11343,0,84058,67976,24182,0,25825,0,0,0,0,0,3380.25390625,12123.1474609375,-0.0,1,3,0,0,2,0,0,0,0,0,0,0,1,2,0,0,0,0,332.7499084472656,3
1786296949.5130289,557.3312377929688,11344,0,84058,68026,24182,0,25825,0,0,0,0,0,3384.1025390625,12126.99609375,-0.0,1,3,0,0,2,0,0,0,0,0,0,0,1,2,0,0,0,0,332.7499084472656,3
1786296949.556961,557.3751220703125,11345,0,84058,68076,24182,0,25825,0,0,0,0,0,3387.9560546875,12130.849609375,-0.0,1,3,0,0,2,0,0,0,0,0,0,0,1,2,0,0,0,0,332.7499084472656,3
1786296949.6170948,557.4220581054688,11346,0,84058,68126,24182,0,25825,0,0,0,0,0,3391.8134765625,12134.70703125,-0.0,1,3,0,0,2,0,0,0,0,0,0,0,1,2,0,0,0,0,332.7499084472656,3
1786296949.657307,557.4575805664062,11347,0,84058,68160,24182,0,25825,0,0,0,0,0,3394.3876953125,12137.28125,-0.0,1,3,0,0,2,0,0,0,0,0,0,0,1,2,0,0,0,0,332.7499084472656,3
1786296949.7217505,557.5178833007812,11348,0,84058,68210,24182,0,25825,0,0,0,0,0,3398.2880859375,12141.181640625,-0.0,1,3,0,0,2,0,0,0,0,0,0,0,1,2,0,0,0,0,332.7499084472656,3
1786296949.763045,557.5598754882812,11349,0,84058,68248,24182,0,25825,0,0,0,0,0,3401.5361328125,12144.4296875,-0.0,1,3,0,0,2,0,0,0,0,0,0,0,1,2,0,0,0,0,332.7499084472656,3
1786296949.8049047,557.6021118164062,11350,0,84058,68290,24182,0,25825,0,0,0,0,0,3404.80859375,12147.7021484375,-0.0,1,3,0,0,2,0,0,0,0,0,0,0,1,2,0,0,0,0,332.7499084472656,3
1786296949.8593967,557.6768188476562,11351,0,84058,68369,24182,0,25825,0,0,0,0,0,3410.6015625,12153.4951171875,-0.0,1,3,0,0,2,0,0,0,0,0,0,0,1,2,0,0,0,0,332.7499084472656,3
1786296949.9042583,557.72265625,11352,0,84058,68419,24182,0,25825,0,0,0,0,0,3414.484375,12157.3779296875,-0.0,1,3,0,0,2,0,0,0,0,0,0,0,1,2,0,0,0,0,332.7499084472656,3
1786296949.9622364,557.7801513671875,11353,0,84058,68486,24182,0,25825,0,0,0,0,0,3419.6689453125,12162.5625,-0.0,1,3,0,0,2,0,0,0,0,0,0,0,1,2,0,0,0,0,332.7499084472656,3
1786296950.0102074,557.8245239257812,11354,0,84058,68519,24182,0,25825,0,0,0,0,0,3422.263671875,12165.1572265625,-0.0,1,3,0,0,2,0,0,0,0,0,0,0,1,2,0,0,0,0,332.7499084472656,3
1786296950.0609043,557.871337890625,11355,0,84058,68569,24182,0,25825,0,0,0,0,0,3426.1591796875,12169.052734375,-0.0,1,3,0,0,2,0,0,0,0,0,0,0,1,2,0,0,0,0,332.7499084472656,3
1786296950.1065104,557.9207153320312,11356,0,84058,68619,24182,0,25825,0,0,0,0,0,3430.0595703125,12172.953125,-0.0,1,3,0,0,2,0,0,0,0,0,0,0,1,2,0,0,0,0,332.7499084472656,3
1786296950.1533191,557.968994140625,11357,0,84058,68669,24182,0,25825,0,0,0,0,0,3433.9638671875,12176.857421875,-0.0,1,3,0,0,2,0,0,0,0,0,0,0,1,2,0,0,0,0,332.7499084472656,3
1786296950.2089102,558.02783203125,11358,0,84058,68736,24182,0,25825,0,0,0,0,0,3439.1748046875,12182.068359375,-0.0,1,3,0,0,2,0,0,0,0,0,0,0,1,2,0,0,0,0,332.7499084472656,3
1786296950.2552993,558.0714111328125,11359,0,84058,68769,24182,0,25825,0,0,0,0,0,3441.7841796875,12184.677734375,-0.0,1,3,0,0,2,0,0,0,0,0,0,0,1,2,0,0,0,0,332.7499084472656,3
1786296950.3116946,558.1300048828125,11360,0,84058,68836,24182,0,25825,0,0,0,0,0,3447.0048828125,12189.8984375,-0.0,1,3,0,0,2,0,0,0,0,0,0,0,1,2,0,0,0,0,332.7499084472656,3
1786296950.3553412,558.1737670898438,11361,0,84058,68869,24182,0,25825,0,0,0,0,0,3449.6181640625,12192.51171875,-0.0,1,3,0,0,2,0,0,0,0,0,0,0,1,2,0,0,0,0,332.7499084472656,3
1786296950.414965,558.2318725585938,11362,0,84058,68936,24182,0,25825,0,0,0,0,0,3454.84765625,12197.7412109375,-0.0,1,3,0,0,2,0,0,0,0,0,0,0,1,2,0,0,0,0,332.7499084472656,3
1786296950.457227,558.2747802734375,11363,0,84058,68986,24182,0,25825,0,0,0,0,0,3457.4658203125,12200.359375,-0.0,1,3,0,0,2,0,0,0,0,0,0,0,1,2,0,0,0,0,332.7499084472656,3
1786296950.511009,558.3223266601562,11364,0,84058,69019,24182,0,25825,0,0,0,0,0,3461.3955078125,12204.2890625,-0.0,1,3,0,0,2,0,0,0,0,0,0,0,1,2,0,0,0,0,332.7499084472656,3
1786296950.5635414,558.371337890625,11365,0,84058,69069,24182,0,25825,0,0,0,0,0,3465.330078125,12208.2236328125,-0.0,1,3,0,0,2,0,0,0,0,0,0,0,1,2,0,0,0,0,332.7499084472656,3
1786296950.6043236,558.406494140625,11366,0,84058,69103,24182,0,25825,0,0,0,0,0,3467.955078125,12210.8486328125,-0.0,1,3,0,0,2,0,0,0,0,0,0,0,1,2,0,0,0,0,332.7499084472656,3
1786296950.6697502,558.46337890625,11367,0,84058,69153,24182,0,25825,0,0,0,0,0,3472.1494140625,12215.04296875,-0.0,1,3,0,0,2,0,0,0,0,0,0,0,1,2,0,0,0,0,332.7499084472656,3
1786296950.7114117,558.5057373046875,11368,0,84058,69194,24182,0,25825,0,0,0,0,0,3475.4931640625,12218.38671875,-0.0,1,3,0,0,2,0,0,0,0,0,0,0,1,2,0,0,0,0,332.7499084472656,3
1786296950.7531574,558.5486450195312,11369,0,84058,69236,24182,0,25825,0,0,0,0,0,3478.880859375,12221.7744140625,-0.0,1,3,0,0,2,0,0,0,0,0,0,0,1,2,0,0,0,0,332.7499084472656,3
1786296950.812518,558.6119384765625,11370,0,84058,69300,24182,0,25825,0,0,0,0,0,3483.8798828125,12226.7734375,-0.0,1,3,0,0,2,0,0,0,0,0,0,0,1,2,0,0,0,0,332.7499084472656,3
1786296950.862596,558.6705932617188,11371,0,84058,69361,24182,0,25825,0,0,0,0,0,3488.5224609375,12231.416015625,-0.0,1,3,0,0,2,0,0,0,0,0,0,0,1,2,0,0,0,0,332.7499084472656,3
1786296950.9054854,558.721435546875,11372,0,84058,69414,24182,0,25825,0,0,0,0,0,3492.5927734375,12235.486328125,-0.0,1,3,0,0,2,0,0,0,0,0,0,0,1,2,0,0,0,0,332.7499084472656,3
1786296950.9658332,558.7814331054688,11373,0,84058,69481,24182,0,25825,0,0,0,0,0,3497.87890625,12240.7724609375,-0.0,1,3,0,0,2,0,0,0,0,0,0,0,1,2,0,0,0,0,332.7499084472656,3
1786296951.01321,558.8270263671875,11374,0,84058,69531,24182,0,25825,0,0,0,0,0,3501.84765625,12244.7412109375,-0.0,1,3,0,0,2,0,0,0,0,0,0,0,1,2,0,0,0,0,332.7499084472656,3
1786296951.0610461,558.8733520507812,11375,0,84058,69581,24182,0,25825,0,0,0,0,0,3505.8193359375,12248.712890625,-0.0,1,3,0,0,2,0,0,0,0,0,0,0,1,2,0,0,0,0,332.7499084472656,3
1786296951.111861,558.92138671875,11376,0,84058,69614,24182,0,25825,0,0,0,0,0,3508.4697265625,12251.36328125,-0.0,1,3,0,0,2,0,0,0,0,0,0,0,1,2,0,0,0,0,332.7499084472656,3
1786296951.1568375,558.9700927734375,11377,0,84058,69664,24182,0,25825,0,0,0,0,0,3512.4482421875,12255.341796875,-0.0,1,3,0,0,2,0,0,0,0,0,0,0,1,2,0,0,0,0,332.7499084472656,3
1786296951.205526,559.0188598632812,11378,0,84058,69715,24182,0,25825,0,0,0,0,0,3516.4287109375,12259.322265625,-0.0,1,3,0,0,2,0,0,0,0,0,0,0,1,2,0,0,0,0,332.7499084472656,3
1786296951.2553327,559.0665893554688,11379,0,84058,69765,24182,0,25825,0,0,0,0,0,3520.4140625,12263.3076171875,-0.0,1,3,0,0,2,0,0,0,0,0,0,0,1,2,0,0,0,0,332.7499084472656,3
1786296951.3168395,559.1303100585938,11380,0,84058,69831,24182,0,25825,0,0,0,0,0,3525.7373046875,12268.630859375,-0.0,1,3,0,0,2,0,0,0,0,0,0,0,1,2,0,0,0,0,332.7499084472656,3
1786296951.3634346,559.17724609375,11381,0,84058,69881,24182,0,25825,0,0,0,0,0,3529.740234375,12272.6337890625,-0.0,1,3,0,0,2,0,0,0,0,0,0,0,1,2,0,0,0,0,332.7499084472656,3
1786296951.4096622,559.22412109375,11382,0,84058,69931,24182,0,25825,0,0,0,0,0,3533.7529296875,12276.646484375,-0.0,1,3,0,0,2,0,0,0,0,0,0,0,1,2,0,0,0,0,332.7499084472656,3
1786296951.4539127,559.2700805664062,11383,0,84058,69965,24182,0,25825,0,0,0,0,0,3536.43359375,12279.3271484375,-0.0,1,3,0,0,2,0,0,0,0,0,0,0,1,2,0,0,0,0,332.7499084472656,3
1786296951.511337,559.3292236328125,11384,0,84058,70031,24182,0,25825,0,0,0,0,0,3541.8076171875,12284.701171875,-0.0,1,3,0,0,2,0,0,0,0,0,0,0,1,2,0,0,0,0,332.7499084472656,3
1786296951.5565069,559.3728637695312,11385,0,84058,70081,24182,0,25825,0,0,0,0,0,3545.8505859375,12288.744140625,-0.0,1,3,0,0,2,0,0,0,0,0,0,0,1,2,0,0,0,0,332.7499084472656,3
1786296951.6152036,559.4318237304688,11386,0,84058,70131,24182,0,25825,0,0,0,0,0,3549.9033203125,12292.796875,-0.0,1,3,0,0,2,0,0,0,0,0,0,0,1,2,0,0,0,0,332.7499084472656,3
1786296951.664626,559.4771728515625,11387,0,84058,70181,24182,0,25825,0,0,0,0,0,3553.96484375,12296.8583984375,-0.0,1,3,0,0,2,0,0,0,0,0,0,0,1,2,0,0,0,0,332.7499084472656,3
1786296951.7082675,559.5234375,11388,0,84058,70231,24182,0,25825,0,0,0,0,0,3558.0361328125,12300.9296875,-0.0,1,3,0,0,2,0,0,0,0,0,0,0,1,2,0,0,0,0,332.7499084472656,3
1786296951.7540736,559.569580078125,11389,0,84058,70265,24182,0,25825,0,0,0,0,0,3560.755859375,12303.6494140625,-0.0,1,3,0,0,2,0,0,0,0,0,0,0,1,2,0,0,0,0,332.7499084472656,3
1786296951.8144617,559.6293334960938,11390,0,84058,70331,24182,0,25825,0,0,0,0,0,3566.20703125,12309.1005859375,-0.0,1,3,0,0,2,0,0,0,0,0,0,0,1,2,0,0,0,0,332.7499084472656,3
1786296951.8633382,559.6760864257812,11391,0,84058,70381,24182,0,25825,0,0,0,0,0,3570.3076171875,12313.201171875,-0.0,1,3,0,0,2,0,0,0,0,0,0,0,1,2,0,0,0,0,332.7499084472656,3
1786296951.9044924,559.7088623046875,11392,0,84058,70415,24182,0,25825,0,0,0,0,0,3573.0458984375,12315.939453125,-0.0,1,3,0,0,2,0,0,0,0,0,0,0,1,2,0,0,0,0,332.7499084472656,3
1786296951.9688401,559.7644653320312,11393,0,84058,70465,24182,0,25825,0,0,0,0,0,3577.162109375,12320.0556640625,-0.0,1,3,0,0,2,0,0,0,0,0,0,0,1,2,0,0,0,0,332.7499084472656,3
1786296952.009775,559.8053588867188,11394,0,84058,70498,24182,0,25825,0,0,0,0,0,3579.9140625,12322.8076171875,-0.0,1,3,0,0,2,0,0,0,0,0,0,0,1,2,0,0,0,0,332.7499084472656,3
1786296952.0546641,559.8483276367188,11395,0,84058,70536,24182,0,25825,0,0,0,0,0,3583.4658203125,12326.359375,-0.0,1,3,0,0,2,0,0,0,0,0,0,0,1,2,0,0,0,0,332.7499084472656,3
1786296952.1203153,559.9129638671875,11396,0,84058,70601,24182,0,25825,0,0,0,0,0,3588.8154296875,12331.708984375,-0.0,1,3,0,0,2,0,0,0,0,0,0,0,1,2,0,0,0,0,332.7499084472656,3
1786296952.1540658,559.9552001953125,11397,0,84058,70644,24182,0,25825,0,0,0,0,0,3592.3193359375,12335.212890625,-0.0,1,3,0,0,2,0,0,0,0,0,0,0,1,2,0,0,0,0,332.7499084472656,3
1786296952.2136965,560.028564453125,11398,0,84058,70721,24182,0,25825,0,0,0,0,0,3598.421875,12341.3154296875,-0.0,1,3,0,0,2,0,0,0,0,0,0,0,1,2,0,0,0,0,332.7499084472656,3
1786296952.2590978,560.074462890625,11399,0,84058,70771,24182,0,25825,0,0,0,0,0,3602.5908203125,12345.484375,-0.0,1,3,0,0,2,0,0,0,0,0,0,0,1,2,0,0,0,0,332.7499084472656,3
1786296952.302967,560.1198120117188,11400,0,84058,70821,24182,0,25825,0,0,0,0,0,3606.7685546875,12349.662109375,-0.0,1,3,0,0,2,0,0,0,0,0,0,0,1,2,0,0,0,0,332.7499084472656,3
1786296952.3674543,560.181396484375,11401,0,84058,70888,24182,0,25825,0,0,0,0,0,3612.3505859375,12355.244140625,-0.0,1,3,0,0,2,0,0,0,0,0,0,0,1,2,0,0,0,0,332.7499084472656,3
1786296952.4171455,560.228759765625,11402,0,84058,70938,24182,0,25825,0,0,0,0,0,3616.5478515625,12359.44140625,-0.0,1,3,0,0,2,0,0,0,0,0,0,0,1,2,0,0,0,0,332.7499084472656,3
1786296952.4637074,560.27685546875,11403,0,84058,70971,24182,0,25825,0,0,0,0,0,3619.3505859375,12362.244140625,-0.0,1,3,0,0,2,0,0,0,0,0,0,0,1,2,0,0,0,0,332.7499084472656,3
1786296952.5110643,560.3247680664062,11404,0,84058,71021,24182,0,25825,0,0,0,0,0,3623.560546875,12366.4541015625,-0.0,1,3,0,0,2,0,0,0,0,0,0,0,1,2,0,0,0,0,332.7499084472656,3
1786296952.5573273,560.3719482421875,11405,0,84058,71071,24182,0,25825,0,0,0,0,0,3627.779296875,12370.6728515625,-0.0,1,3,0,0,2,0,0,0,0,0,0,0,1,2,0,0,0,0,332.7499084472656,3
1786296952.6037848,560.4188842773438,11406,0,84058,71121,24182,0,25825,0,0,0,0,0,3632.005859375,12374.8994140625,-0.0,1,3,0,0,2,0,0,0,0,0,0,0,1,2,0,0,0,0,332.7499084472656,3
1786296952.6655524,560.4808349609375,11407,0,84058,71188,24182,0,25825,0,0,0,0,0,3637.654296875,12380.5478515625,-0.0,1,3,0,0,2,0,0,0,0,0,0,0,1,2,0,0,0,0,332.7499084472656,3
1786296952.7128115,560.52734375,11408,0,84058,71221,24182,0,25825,0,0,0,0,0,3640.4833984375,12383.376953125,-0.0,1,3,0,0,2,0,0,0,0,0,0,0,1,2,0,0,0,0,332.7499084472656,3
1786296952.762518,560.5750732421875,11409,0,84058,71271,24182,0,25825,0,0,0,0,0,3644.734375,12387.6279296875,-0.0,1,3,0,0,2,0,0,0,0,0,0,0,1,2,0,0,0,0,332.7499084472656,3
1786296952.80723,560.6226196289062,11410,0,84058,71321,24182,0,25825,0,0,0,0,0,3648.9931640625,12391.88671875,-0.0,1,3,0,0,2,0,0,0,0,0,0,0,1,2,0,0,0,0,332.7499084472656,3
1786296952.8597898,560.6707763671875,11411,0,84058,71371,24182,0,25825,0,0,0,0,0,3653.2587890625,12396.15234375,-0.0,1,3,0,0,2,0,0,0,0,0,0,0,1,2,0,0,0,0,332.7499084472656,3
1786296952.90812,560.7200927734375,11412,0,84058,71421,24182,0,25825,0,0,0,0,0,3657.5322265625,12400.42578125,-0.0,1,3,0,0,2,0,0,0,0,0,0,0,1,2,0,0,0,0,332.7499084472656,3
1786296952.973606,560.7727661132812,11413,0,84058,71471,24182,0,25825,0,0,0,0,0,3661.8134765625,12404.70703125,-0.0,1,3,0,0,2,0,0,0,0,0,0,0,1,2,0,0,0,0,332.7499084472656,3
1786296953.020001,560.8121337890625,11414,0,84058,71505,24182,0,25825,0,0,0,0,0,3664.6904296875,12407.583984375,-0.0,1,3,0,0,2,0,0,0,0,0,0,0,1,2,0,0,0,0,332.7499084472656,3
1786296953.0673542,560.85546875,11415,0,84058,71543,24182,0,25825,0,0,0,0,0,3668.408203125,12411.3017578125,-0.0,1,3,0,0,2,0,0,0,0,0,0,0,1,2,0,0,0,0,332.7499084472656,3
1786296953.1131136,560.9017944335938,11416,0,84058,71588,24182,0,25825,0,0,0,0,0,3672.392578125,12415.2861328125,-0.0,1,3,0,0,2,0,0,0,0,0,0,0,1,2,0,0,0,0,332.7499084472656,3
1786296953.1560147,560.9483032226562,11417,0,84058,71635,24182,0,25825,0,0,0,0,0,3676.3994140625,12419.29296875,-0.0,1,3,0,0,2,0,0,0,0,0,0,0,1,2,0,0,0,0,332.7499084472656,3
1786296953.2149463,561.0150146484375,11418,0,84058,71703,24182,0,25825,0,0,0,0,0,3682.1484375,12425.0419921875,-0.0,1,3,0,0,2,0,0,0,0,0,0,0,1,2,0,0,0,0,332.7499084472656,3
1786296953.262976,561.0732421875,11419,0,84058,71764,24182,0,25825,0,0,0,0,0,3687.1806640625,12430.07421875,-0.0,1,3,0,0,2,0,0,0,0,0,0,0,1,2,0,0,0,0,332.7499084472656,3
1786296953.3073914,561.122802734375,11420,0,84058,71817,24182,0,25825,0,0,0,0,0,3691.578125,12434.4716796875,-0.0,1,3,0,0,2,0,0,0,0,0,0,0,1,2,0,0,0,0,332.7499084472656,3
1786296953.3536558,561.1688232421875,11421,0,84058,71867,24182,0,25825,0,0,0,0,0,3695.9130859375,12438.806640625,-0.0,1,3,0,0,2,0,0,0,0,0,0,0,1,2,0,0,0,0,332.7499084472656,3
1786296953.4023793,561.2152099609375,11422,0,84058,71917,24182,0,25825,0,0,0,0,0,3700.25390625,12443.1474609375,-0.0,1,3,0,0,2,0,0,0,0,0,0,0,1,2,0,0,0,0,332.7499084472656,3
1786296953.4644744,561.2785034179688,11423,0,84058,71984,24182,0,25825,0,0,0,0,0,3706.0517578125,12448.9453125,-0.0,1,3,0,0,2,0,0,0,0,0,0,0,1,2,0,0,0,0,332.7499084472656,3
1786296953.5120063,561.3257446289062,11424,0,84058,72034,24182,0,25825,0,0,0,0,0,3710.40625,12453.2998046875,-0.0,1,3,0,0,2,0,0,0,0,0,0,0,1,2,0,0,0,0,332.7499084472656,3
1786296953.559726,561.37255859375,11425,0,84058,72067,24182,0,25825,0,0,0,0,0,3713.3115234375,12456.205078125,-0.0,1,3,0,0,2,0,0,0,0,0,0,0,1,2,0,0,0,0,332.7499084472656,3
1786296953.6048152,561.419677734375,11426,0,84058,72117,24182,0,25825,0,0,0,0,0,3717.6728515625,12460.56640625,-0.0,1,3,0,0,2,0,0,0,0,0,0,0,1,2,0,0,0,0,332.7499084472656,3
1786296953.6554263,561.4674072265625,11427,0,84058,72167,24182,0,25825,0,0,0,0,0,3722.0361328125,12464.9296875,-0.0,1,3,0,0,2,0,0,0,0,0,0,0,1,2,0,0,0,0,332.7499084472656,3
1786296953.7031636,561.5159301757812,11428,0,84058,72217,24182,0,25825,0,0,0,0,0,3726.3955078125,12469.2890625,-0.0,1,3,0,0,2,0,0,0,0,0,0,0,1,2,0,0,0,0,332.7499084472656,3
1786296953.7560432,561.5654296875,11429,0,84058,72267,24182,0,25825,0,0,0,0,0,3730.75,12473.6435546875,-0.0,1,3,0,0,2,0,0,0,0,0,0,0,1,2,0,0,0,0,332.7499084472656,3
1786296953.803545,561.6155395507812,11430,0,84058,72317,24182,0,25825,0,0,0,0,0,3735.0947265625,12477.98828125,-0.0,1,3,0,0,2,0,0,0,0,0,0,0,1,2,0,0,0,0,332.7499084472656,3
1786296953.853566,561.6650390625,11431,0,84058,72367,24182,0,25825,0,0,0,0,0,3739.427734375,12482.3212890625,-0.0,1,3,0,0,2,0,0,0,0,0,0,0,1,2,0,0,0,0,332.7499084472656,3
1786296953.901877,561.7140502929688,11432,0,84058,72417,24182,0,25825,0,0,0,0,0,3743.74609375,12486.6396484375,-0.0,1,3,0,0,2,0,0,0,0,0,0,0,1,2,0,0,0,0,332.7499084472656,3
1786296953.9562743,561.7645874023438,11433,0,84058,72467,24182,0,25825,0,0,0,0,0,3748.0478515625,12490.94140625,-0.0,1,3,0,0,2,0,0,0,0,0,0,0,1,2,0,0,0,0,332.7499084472656,3
1786296954.0253062,561.8197631835938,11434,0,84058,72517,24182,0,25825,0,0,0,0,0,3752.33203125,12495.2255859375,-0.0,1,3,0,0,2,0,0,0,0,0,0,0,1,2,0,0,0,0,332.7499084472656,3
1786296954.0751407,561.861572265625,11435,0,84058,72550,24182,0,25825,0,0,0,0,0,3755.53515625,12498.4287109375,-0.0,1,3,0,0,2,0,0,0,0,0,0,0,1,2,0,0,0,0,332.7499084472656,3
1786296954.113917,561.9061279296875,11436,0,84058,72593,24182,0,25825,0,0,0,0,0,3759.328125,12502.2216796875,-0.0,1,3,0,0,2,0,0,0,0,0,0,0,1,2,0,0,0,0,332.7499084472656,3
1786296954.160679,561.9517211914062,11437,0,84058,72639,24182,0,25825,0,0,0,0,0,3763.19140625,12506.0849609375,-0.0,1,3,0,0,2,0,0,0,0,0,0,0,1,2,0,0,0,0,332.7499084472656,3
1786296954.2160616,562.0171508789062,11438,0,84058,72706,24182,0,25825,0,0,0,0,0,3768.6962890625,12511.58984375,-0.0,1,3,0,0,2,0,0,0,0,0,0,0,1,2,0,0,0,0,332.7499084472656,3
1786296954.2640119,562.0746459960938,11439,0,84058,72766,24182,0,25825,0,0,0,0,0,3773.48046875,12516.3740234375,-0.0,1,3,0,0,2,0,0,0,0,0,0,0,1,2,0,0,0,0,332.7499084472656,3
1786296954.30966,562.1240234375,11440,0,84058,72818,24182,0,25825,0,0,0,0,0,3777.64453125,12520.5380859375,-0.0,1,3,0,0,2,0,0,0,0,0,0,0,1,2,0,0,0,0,332.7499084472656,3
1786296954.3555999,562.1704711914062,11441,0,84058,72868,24182,0,25825,0,0,0,0,0,3781.7021484375,12524.595703125,-0.0,1,3,0,0,2,0,0,0,0,0,0,0,1,2,0,0,0,0,332.7499084472656,3
1786296954.4119895,562.2297973632812,11442,0,84058,72935,24182,0,25825,0,0,0,0,0,3787.015625,12529.9091796875,-0.0,1,3,0,0,2,0,0,0,0,0,0,0,1,2,0,0,0,0,332.7499084472656,3
1786296954.455918,562.2742309570312,11443,0,84058,72985,24182,0,25825,0,0,0,0,0,3789.626953125,12532.5205078125,-0.0,1,3,0,0,2,0,0,0,0,0,0,0,1,2,0,0,0,0,332.7499084472656,3
1786296954.5124307,562.3326416015625,11444,0,84058,73035,24182,0,25825,0,0,0,0,0,3794.7509765625,12537.64453125,-0.0,1,3,0,0,2,0,0,0,0,0,0,0,1,2,0,0,0,0,332.7499084472656,3
1786296954.5559409,562.3750610351562,11445,0,84058,73085,24182,0,25825,0,0,0,0,0,3797.26171875,12540.1552734375,-0.0,1,3,0,0,2,0,0,0,0,0,0,0,1,2,0,0,0,0,332.7499084472656,3
1786296954.6120067,562.4317626953125,11446,0,84058,73135,24182,0,25825,0,0,0,0,0,3802.1591796875,12545.052734375,-0.0,1,3,0,0,2,0,0,0,0,0,0,0,1,2,0,0,0,0,332.7499084472656,3
1786296954.6555693,562.473876953125,11447,0,84058,73185,24182,0,25825,0,0,0,0,0,3804.5458984375,12547.439453125,-0.0,1,3,0,0,2,0,0,0,0,0,0,0,1,2,0,0,0,0,332.7499084472656,3
1786296954.70772,562.5291137695312,11448,0,84058,73235,24182,0,25825,0,0,0,0,0,3809.1923828125,12552.0859375,-0.0,1,3,0,0,2,0,0,0,0,0,0,0,1,2,0,0,0,0,332.7499084472656,3
1786296954.7531981,562.5712280273438,11449,0,84058,73268,24182,0,25825,0,0,0,0,0,3811.4521484375,12554.345703125,-0.0,1,3,0,0,2,0,0,0,0,0,0,0,1,2,0,0,0,0,332.7499084472656,3
1786296954.8069682,562.6273803710938,11450,0,84058,73335,24182,0,25825,0,0,0,0,0,3815.84765625,12558.7412109375,-0.0,1,3,0,0,2,0,0,0,0,0,0,0,1,2,0,0,0,0,332.7499084472656,3
1786296954.8622224,562.682373046875,11451,0,84058,73385,24182,0,25825,0,0,0,0,0,3819.0478515625,12561.94140625,-0.0,1,3,0,0,2,0,0,0,0,0,0,0,1,2,0,0,0,0,332.7499084472656,3
1786296954.9127145,562.7357177734375,11452,0,84058,73435,24182,0,25825,0,0,0,0,0,3822.158203125,12565.0517578125,-0.0,1,3,0,0,2,0,0,0,0,0,0,0,1,2,0,0,0,0,332.7499084472656,3
1786296954.9617238,562.7769165039062,11453,0,84058,73485,24182,0,25825,0,0,0,0,0,3825.1826171875,12568.076171875,-0.0,1,3,0,0,2,0,0,0,0,0,0,0,1,2,0,0,0,0,332.7499084472656,3
1786296955.0129778,562.8338012695312,11454,0,84058,73535,24182,0,25825,0,0,0,0,0,3828.1240234375,12571.017578125,-0.0,1,3,0,0,2,0,0,0,0,0,0,0,1,2,0,0,0,0,332.7499084472656,3
1786296955.0572257,562.875732421875,11455,0,84058,73585,24182,0,25825,0,0,0,0,0,3830.9873046875,12573.880859375,-0.0,1,3,0,0,2,0,0,0,0,0,0,0,1,2,0,0,0,0,332.7499084472656,3
1786296955.1141803,562.9320068359375,11456,0,84058,73635,24182,0,25825,0,0,0,0,0,3833.78515625,12576.6787109375,-0.0,1,3,0,0,2,0,0,0,0,0,0,0,1,2,0,0,0,0,332.7499084472656,3
1786296955.161081,562.9758911132812,11457,0,84058,73685,24182,0,25825,0,0,0,0,0,3836.5166015625,12579.41015625,-0.0,1,3,0,0,2,0,0,0,0,0,0,0,1,2,0,0,0,0,332.7499084472656,3
1786296955.2014315,563.0202026367188,11458,0,84058,73719,24182,0,25825,0,0,0,0,0,3838.2998046875,12581.193359375,-0.0,1,3,0,0,2,0,0,0,0,0,0,0,1,2,0,0,0,0,332.7499084472656,3
1786296955.259327,563.0778198242188,11459,0,84058,73785,24182,0,25825,0,0,0,0,0,3841.7958984375,12584.689453125,-0.0,1,3,0,0,2,0,0,0,0,0,0,0,1,2,0,0,0,0,332.7499084472656,3
1786296955.3133574,563.1342163085938,11460,0,84058,73835,24182,0,25825,0,0,0,0,0,3844.3681640625,12587.26171875,-0.0,1,3,0,0,2,0,0,0,0,0,0,0,1,2,0,0,0,0,332.7499084472656,3
1786296955.3589349,563.1766357421875,11461,0,84058,73885,24182,0,25825,0,0,0,0,0,3846.90234375,12589.7958984375,-0.0,1,3,0,0,2,0,0,0,0,0,0,0,1,2,0,0,0,0,332.7499084472656,3
1786296955.4016228,563.219970703125,11462,0,84058,73919,24182,0,25825,0,0,0,0,0,3848.5712890625,12591.46484375,-0.0,1,3,0,0,2,0,0,0,0,0,0,0,1,2,0,0,0,0,332.7499084472656,3
1786296955.4596527,563.2783813476562,11463,0,84058,73985,24182,0,25825,0,0,0,0,0,3851.8623046875,12594.755859375,-0.0,1,3,0,0,2,0,0,0,0,0,0,0,1,2,0,0,0,0,332.7499084472656,3
1786296955.50182,563.3214721679688,11464,0,84058,74019,24182,0,25825,0,0,0,0,0,3853.4931640625,12596.38671875,-0.0,1,3,0,0,2,0,0,0,0,0,0,0,1,2,0,0,0,0,332.7499084472656,3
1786296955.5634022,563.3788452148438,11465,0,84058,74085,24182,0,25825,0,0,0,0,0,3856.740234375,12599.6337890625,-0.0,1,3,0,0,2,0,0,0,0,0,0,0,1,2,0,0,0,0,332.7499084472656,3
1786296955.6136518,563.4246826171875,11466,0,84058,74135,24182,0,25825,0,0,0,0,0,3858.3564453125,12601.25,-0.0,1,3,0,0,2,0,0,0,0,0,0,0,1,2,0,0,0,0,332.7499084472656,3
1786296955.6593845,563.4590454101562,11467,0,84058,74152,24182,0,25825,0,0,0,0,0,3859.9853515625,12602.87890625,-0.0,1,3,0,0,2,0,0,0,0,0,0,0,1,2,0,0,0,0,332.7499084472656,3
1786296955.7026212,563.4974975585938,11468,0,84058,74188,24182,0,25825,0,0,0,0,0,3861.841796875,12604.7353515625,-0.0,1,3,0,0,2,0,0,0,0,0,0,0,1,2,0,0,0,0,332.7499084472656,3
1786296955.7674468,563.5603637695312,11469,0,84058,74249,24182,0,25825,0,0,0,0,0,3864.861328125,12607.7548828125,-0.0,1,3,0,0,2,0,0,0,0,0,0,0,1,2,0,0,0,0,332.7499084472656,3
1786296955.8094442,563.6036376953125,11470,0,84058,74292,24182,0,25825,0,0,0,0,0,3866.9384765625,12609.83203125,-0.0,1,3,0,0,2,0,0,0,0,0,0,0,1,2,0,0,0,0,332.7499084472656,3
1786296955.8692875,563.667236328125,11471,0,84058,74356,24182,0,25825,0,0,0,0,0,3869.9814453125,12612.875,-0.0,1,3,0,0,2,0,0,0,0,0,0,0,1,2,0,0,0,0,332.7499084472656,3
1786296955.9140599,563.7249145507812,11472,0,84058,74417,24182,0,25825,0,0,0,0,0,3872.7314453125,12615.625,-0.0,1,3,0,0,2,0,0,0,0,0,0,0,1,2,0,0,0,0,332.7499084472656,3
1786296955.9562204,563.7739868164062,11473,0,84058,74469,24182,0,25825,0,0,0,0,0,3875.1357421875,12618.029296875,-0.0,1,3,0,0,2,0,0,0,0,0,0,0,1,2,0,0,0,0,332.7499084472656,3
1786296956.0140212,563.8314208984375,11474,0,84058,74536,24182,0,25825,0,0,0,0,0,3878.2763671875,12621.169921875,-0.0,1,3,0,0,2,0,0,0,0,0,0,0,1,2,0,0,0,0,332.7499084472656,3
1786296956.0709994,563.8765258789062,11475,0,84058,74586,24182,0,25825,0,0,0,0,0,3880.611328125,12623.5048828125,-0.0,1,3,0,0,2,0,0,0,0,0,0,0,1,2,0,0,0,0,332.7499084472656,3
1786296956.121002,563.9262084960938,11476,0,84058,74636,24182,0,25825,0,0,0,0,0,3882.92578125,12625.8193359375,-0.0,1,3,0,0,2,0,0,0,0,0,0,0,1,2,0,0,0,0,332.7499084472656,3
1786296956.1561534,563.9605712890625,11477,0,84058,74669,24182,0,25825,0,0,0,0,0,3884.455078125,12627.3486328125,-0.0,1,3,0,0,2,0,0,0,0,0,0,0,1,2,0,0,0,0,332.7499084472656,3
1786296956.206072,564.0140380859375,11478,0,84058,74719,24182,0,25825,0,0,0,0,0,3886.7294921875,12629.623046875,-0.0,1,3,0,0,2,0,0,0,0,0,0,0,1,2,0,0,0,0,332.7499084472656,3
1786296956.265449,564.0812377929688,11479,0,84058,74786,24182,0,25825,0,0,0,0,0,3889.7216796875,12632.615234375,-0.0,1,3,0,0,2,0,0,0,0,0,0,0,1,2,0,0,0,0,332.7499084472656,3
1786296956.3125865,564.1275024414062,11480,0,84058,74836,24182,0,25825,0,0,0,0,0,3891.9365234375,12634.830078125,-0.0,1,3,0,0,2,0,0,0,0,0,0,0,1,2,0,0,0,0,332.7499084472656,3
1786296956.3547525,564.1729125976562,11481,0,84058,74869,24182,0,25825,0,0,0,0,0,3893.4013671875,12636.294921875,-0.0,1,3,0,0,2,0,0,0,0,0,0,0,1,2,0,0,0,0,332.7499084472656,3
1786296956.4118297,564.2303466796875,11482,0,84058,74936,24182,0,25825,0,0,0,0,0,3896.298828125,12639.1923828125,-0.0,1,3,0,0,2,0,0,0,0,0,0,0,1,2,0,0,0,0,332.7499084472656,3
1786296956.4554067,564.2736206054688,11483,0,84058,74986,24182,0,25825,0,0,0,0,0,3897.732421875,12640.6259765625,-0.0,1,3,0,0,2,0,0,0,0,0,0,0,1,2,0,0,0,0,332.7499084472656,3
1786296956.5134497,564.3314208984375,11484,0,84058,75036,24182,0,25825,0,0,0,0,0,3900.5712890625,12643.46484375,-0.0,1,3,0,0,2,0,0,0,0,0,0,0,1,2,0,0,0,0,332.7499084472656,3
1786296956.5591037,564.37451171875,11485,0,84058,75086,24182,0,25825,0,0,0,0,0,3901.978515625,12644.8720703125,-0.0,1,3,0,0,2,0,0,0,0,0,0,0,1,2,0,0,0,0,332.7499084472656,3
1786296956.6092508,564.4205322265625,11486,0,84058,75119,24182,0,25825,0,0,0,0,0,3904.0771484375,12646.970703125,-0.0,1,3,0,0,2,0,0,0,0,0,0,0,1,2,0,0,0,0,332.7499084472656,3
1786296956.6623726,564.4696655273438,11487,0,84058,75169,24182,0,25825,0,0,0,0,0,3906.345703125,12649.2392578125,-0.0,1,3,0,0,2,0,0,0,0,0,0,0,1,2,0,0,0,0,332.7499084472656,3
1786296956.703943,564.5054321289062,11488,0,84058,75202,24182,0,25825,0,0,0,0,0,3907.9111328125,12650.8046875,-0.0,1,3,0,0,2,0,0,0,0,0,0,0,1,2,0,0,0,0,332.7499084472656,3
1786296956.7715719,564.5654296875,11489,0,84058,75255,24182,0,25825,0,0,0,0,0,3910.59765625,12653.4912109375,-0.0,1,3,0,0,2,0,0,0,0,0,0,0,1,2,0,0,0,0,332.7499084472656,3
1786296956.8124702,564.6083374023438,11490,0,84058,75297,24182,0,25825,0,0,0,0,0,3912.6689453125,12655.5625,-0.0,1,3,0,0,2,0,0,0,0,0,0,0,1,2,0,0,0,0,332.7499084472656,3
1786296956.8554738,564.651611328125,11491,0,84058,75340,24182,0,25825,0,0,0,0,0,3914.7919921875,12657.685546875,-0.0,1,3,0,0,2,0,0,0,0,0,0,0,1,2,0,0,0,0,332.7499084472656,3
1786296956.9082265,564.7134399414062,11492,0,84058,75404,24182,0,25825,0,0,0,0,0,3917.8798828125,12660.7734375,-0.0,1,3,0,0,2,0,0,0,0,0,0,0,1,2,0,0,0,0,332.7499084472656,3
1786296956.951427,564.7672119140625,11493,0,84058,75460,24182,0,25825,0,0,0,0,0,3923.2529296875,12666.146484375,-0.0,1,3,0,0,2,0,0,0,0,0,0,0,1,2,0,0,0,0,332.7499084472656,3
1786296957.0134861,564.828857421875,11494,0,84058,75527,24182,0,25825,0,0,0,0,0,3928.8994140625,12671.79296875,-0.0,1,3,0,0,2,0,0,0,0,0,0,0,1,2,0,0,0,0,332.7499084472656,3
1786296957.065881,564.8753662109375,11495,0,84058,75577,24182,0,25825,0,0,0,0,0,3931.029296875,12673.9228515625,-0.0,1,3,0,0,2,0,0,0,0,0,0,0,1,2,0,0,0,0,332.7499084472656,3
1786296957.103941,564.9094848632812,11496,0,84058,75611,24182,0,25825,0,0,0,0,0,3932.236328125,12675.1298828125,-0.0,1,3,0,0,2,0,0,0,0,0,0,0,1,2,0,0,0,0,332.7499084472656,3
1786296957.166662,564.9788208007812,11497,0,84058,75677,24182,0,25825,0,0,0,0,0,3934.6376953125,12677.53125,-0.0,1,3,0,0,2,0,0,0,0,0,0,0,1,2,0,0,0,0,332.7499084472656,3
1786296957.2100508,565.0265502929688,11498,0,84058,75727,24182,0,25825,0,0,0,0,0,3936.4228515625,12679.31640625,-0.0,1,3,0,0,2,0,0,0,0,0,0,0,1,2,0,0,0,0,332.7499084472656,3
1786296957.2569897,565.0718383789062,11499,0,84058,75777,24182,0,25825,0,0,0,0,0,3938.1865234375,12681.080078125,-0.0,1,3,0,0,2,0,0,0,0,0,0,0,1,2,0,0,0,0,332.7499084472656,3
1786296957.314247,565.1315307617188,11500,0,84058,75827,24182,0,25825,0,0,0,0,0,3939.9228515625,12682.81640625,-0.0,1,3,0,0,2,0,0,0,0,0,0,0,1,2,0,0,0,0,332.7499084472656,3
1786296957.3614032,565.1759643554688,11501,0,84058,75877,24182,0,25825,0,0,0,0,0,3941.8974609375,12684.791015625,-0.0,1,3,0,0,2,0,0,0,0,0,0,0,1,2,0,0,0,0,332.7499084472656,3
1786296957.4045398,565.2208862304688,11502,0,84058,75927,24182,0,25825,0,0,0,0,0,3944.3681640625,12687.26171875,-0.0,1,3,0,0,2,0,0,0,0,0,0,0,1,2,0,0,0,0,332.7499084472656,3
1786296957.461731,565.27978515625,11503,0,84058,75977,24182,0,25825,0,0,0,0,0,3947.0966796875,12689.990234375,-0.0,1,3,0,0,2,0,0,0,0,0,0,0,1,2,0,0,0,0,332.7499084472656,3
1786296957.5083194,565.3234252929688,11504,0,84058,76027,24182,0,25825,0,0,0,0,0,3950.1396484375,12693.033203125,-0.0,1,3,0,0,2,0,0,0,0,0,0,0,1,2,0,0,0,0,332.7499084472656,3
1786296957.5595365,565.3690795898438,11505,0,84058,76077,24182,0,25825,0,0,0,0,0,3953.5341796875,12696.427734375,-0.0,1,3,0,0,2,0,0,0,0,0,0,0,1,2,0,0,0,0,332.7499084472656,3
1786296957.6246996,565.42041015625,11506,0,84058,76127,24182,0,25825,0,0,0,0,0,3956.7978515625,12699.69140625,-0.0,1,3,0,0,2,0,0,0,0,0,0,0,1,2,0,0,0,0,332.7499084472656,3
1786296957.6657782,565.4588623046875,11507,0,84058,76161,24182,0,25825,0,0,0,0,0,3958.84765625,12701.7412109375,-0.0,1,3,0,0,2,0,0,0,0,0,0,0,1,2,0,0,0,0,332.7499084472656,3
1786296957.7127416,565.5022583007812,11508,0,84058,76194,24182,0,25825,0,0,0,0,0,3960.9189453125,12703.8125,-0.0,1,3,0,0,2,0,0,0,0,0,0,0,1,2,0,0,0,0,332.7499084472656,3
1786296957.7603772,565.5477905273438,11509,0,84058,76235,24182,0,25825,0,0,0,0,0,3963.5,12706.3935546875,-0.0,1,3,0,0,2,0,0,0,0,0,0,0,1,2,0,0,0,0,332.7499084472656,3
1786296957.8118296,565.6144409179688,11510,0,84058,76303,24182,0,25825,0,0,0,0,0,3966.1904296875,12709.083984375,-0.0,1,3,0,0,2,0,0,0,0,0,0,0,1,2,0,0,0,0,332.7499084472656,3
1786296957.8539028,565.670166015625,11511,0,84058,76363,24182,0,25825,0,0,0,0,0,3968.3935546875,12711.287109375,-0.0,1,3,0,0,2,0,0,0,0,0,0,0,1,2,0,0,0,0,332.7499084472656,3
1786296957.9114032,565.7297973632812,11512,0,84058,76431,24182,0,25825,0,0,0,0,0,3971.00390625,12713.8974609375,-0.0,1,3,0,0,2,0,0,0,0,0,0,0,1,2,0,0,0,0,332.7499084472656,3
1786296957.9573581,565.77294921875,11513,0,84058,76481,24182,0,25825,0,0,0,0,0,3972.9462890625,12715.83984375,-0.0,1,3,0,0,2,0,0,0,0,0,0,0,1,2,0,0,0,0,332.7499084472656,3
1786296958.0112965,565.8204345703125,11514,0,84058,76531,24182,0,25825,0,0,0,0,0,3974.8779296875,12717.771484375,-0.0,1,3,0,0,2,0,0,0,0,0,0,0,1,2,0,0,0,0,332.7499084472656,3
1786296958.0552049,565.8695068359375,11515,0,84058,76564,24182,0,25825,0,0,0,0,0,3976.16015625,12719.0537109375,-0.0,1,3,0,0,2,0,0,0,0,0,0,0,1,2,0,0,0,0,332.7499084472656,3
1786296958.1145816,565.931396484375,11516,0,84058,76631,24182,0,25825,0,0,0,0,0,3978.7236328125,12721.6171875,-0.0,1,3,0,0,2,0,0,0,0,0,0,0,1,2,0,0,0,0,332.7499084472656,3
1786296958.159045,565.9755859375,11517,0,84058,76681,24182,0,25825,0,0,0,0,0,3980.65234375,12723.5458984375,-0.0,1,3,0,0,2,0,0,0,0,0,0,0,1,2,0,0,0,0,332.7499084472656,3
1786296958.2145228,566.0332641601562,11518,0,84058,76731,24182,0,25825,0,0,0,0,0,3982.5888671875,12725.482421875,-0.0,1,3,0,0,2,0,0,0,0,0,0,0,1,2,0,0,0,0,332.7499084472656,3
1786296958.2614598,566.0773315429688,11519,0,84058,76781,24182,0,25825,0,0,0,0,0,3984.533203125,12727.4267578125,-0.0,1,3,0,0,2,0,0,0,0,0,0,0,1,2,0,0,0,0,332.7499084472656,3
1786296958.30527,566.1221923828125,11520,0,84058,76831,24182,0,25825,0,0,0,0,0,3986.4833984375,12729.376953125,-0.0,1,3,0,0,2,0,0,0,0,0,0,0,1,2,0,0,0,0,332.7499084472656,3
1786296958.3642666,566.1817016601562,11521,0,84058,76881,24182,0,25825,0,0,0,0,0,3988.4404296875,12731.333984375,-0.0,1,3,0,0,2,0,0,0,0,0,0,0,1,2,0,0,0,0,332.7499084472656,3
1786296958.4112122,566.2261962890625,11522,0,84058,76931,24182,0,25825,0,0,0,0,0,3990.4033203125,12733.296875,-0.0,1,3,0,0,2,0,0,0,0,0,0,0,1,2,0,0,0,0,332.7499084472656,3
1786296958.4582603,566.2722778320312,11523,0,84058,76981,24182,0,25825,0,0,0,0,0,3992.375,12735.2685546875,-0.0,1,3,0,0,2,0,0,0,0,0,0,0,1,2,0,0,0,0,332.7499084472656,3
1786296958.5172188,566.3211669921875,11524,0,84058,77031,24182,0,25825,0,0,0,0,0,3994.35546875,12737.2490234375,-0.0,1,3,0,0,2,0,0,0,0,0,0,0,1,2,0,0,0,0,332.7499084472656,3
1786296958.564098,566.3587036132812,11525,0,84058,77064,24182,0,25825,0,0,0,0,0,3995.6826171875,12738.576171875,-0.0,1,3,0,0,2,0,0,0,0,0,0,0,1,2,0,0,0,0,332.7499084472656,3
1786296958.6047711,566.3992309570312,11526,0,84058,77097,24182,0,25825,0,0,0,0,0,3997.0146484375,12739.908203125,-0.0,1,3,0,0,2,0,0,0,0,0,0,0,1,2,0,0,0,0,332.7499084472656,3
1786296958.671982,566.4647216796875,11527,0,84058,77153,24182,0,25825,0,0,0,0,0,3999.4794921875,12742.373046875,-0.0,1,3,0,0,2,0,0,0,0,0,0,0,1,2,0,0,0,0,332.7499084472656,3
1786296958.7149346,566.5078125,11528,0,84058,77197,24182,0,25825,0,0,0,0,0,4001.236328125,12744.1298828125,-0.0,1,3,0,0,2,0,0,0,0,0,0,0,1,2,0,0,0,0,332.7499084472656,3
1786296958.759484,566.5684204101562,11529,0,84058,77260,24182,0,25825,0,0,0,0,0,4003.73828125,12746.6318359375,-0.0,1,3,0,0,2,0,0,0,0,0,0,0,1,2,0,0,0,0,332.7499084472656,3
1786296958.806224,566.6207275390625,11530,0,84058,77314,24182,0,25825,0,0,0,0,0,4005.9296875,12748.8232421875,-0.0,1,3,0,0,2,0,0,0,0,0,0,0,1,2,0,0,0,0,332.7499084472656,3
1786296958.8597217,566.6797485351562,11531,0,84058,77381,24182,0,25825,0,0,0,0,0,4008.76171875,12751.6552734375,-0.0,1,3,0,0,2,0,0,0,0,0,0,0,1,2,0,0,0,0,332.7499084472656,3
1786296958.9133053,566.7244262695312,11532,0,84058,77431,24182,0,25825,0,0,0,0,0,4010.9150390625,12753.80859375,-0.0,1,3,0,0,2,0,0,0,0,0,0,0,1,2,0,0,0,0,332.7499084472656,3
1786296958.9642763,566.7736206054688,11533,0,84058,77481,24182,0,25825,0,0,0,0,0,4013.0947265625,12755.98828125,-0.0,1,3,0,0,2,0,0,0,0,0,0,0,1,2,0,0,0,0,332.7499084472656,3
1786296959.0155158,566.8256225585938,11534,0,84058,77531,24182,0,25825,0,0,0,0,0,4015.2998046875,12758.193359375,-0.0,1,3,0,0,2,0,0,0,0,0,0,0,1,2,0,0,0,0,332.7499084472656,3
1786296959.0637999,566.875732421875,11535,0,84058,77581,24182,0,25825,0,0,0,0,0,4017.51953125,12760.4130859375,-0.0,1,3,0,0,2,0,0,0,0,0,0,0,1,2,0,0,0,0,332.7499084472656,3
1786296959.1071644,566.923583984375,11536,0,84058,77631,24182,0,25825,0,0,0,0,0,4019.7646484375,12762.658203125,-0.0,1,3,0,0,2,0,0,0,0,0,0,0,1,2,0,0,0,0,332.7499084472656,3
1786296959.1577833,566.9706420898438,11537,0,84058,77681,24182,0,25825,0,0,0,0,0,4021.2744140625,12764.16796875,-0.0,1,3,0,0,2,0,0,0,0,0,0,0,1,2,0,0,0,0,332.7499084472656,3
1786296959.2080553,567.019287109375,11538,0,84058,77715,24182,0,25825,0,0,0,0,0,4023.5615234375,12766.455078125,-0.0,1,3,0,0,2,0,0,0,0,0,0,0,1,2,0,0,0,0,332.7499084472656,3
1786296959.2585847,567.0693359375,11539,0,84058,77765,24182,0,25825,0,0,0,0,0,4025.8759765625,12768.76953125,-0.0,1,3,0,0,2,0,0,0,0,0,0,0,1,2,0,0,0,0,332.7499084472656,3
1786296959.3140514,567.1320190429688,11540,0,84058,77831,24182,0,25825,0,0,0,0,0,4029.0029296875,12771.896484375,-0.0,1,3,0,0,2,0,0,0,0,0,0,0,1,2,0,0,0,0,332.7499084472656,3
1786296959.3636787,567.1767578125,11541,0,84058,77881,24182,0,25825,0,0,0,0,0,4031.3759765625,12774.26953125,-0.0,1,3,0,0,2,0,0,0,0,0,0,0,1,2,0,0,0,0,332.7499084472656,3
1786296959.4081912,567.2230224609375,11542,0,84058,77931,24182,0,25825,0,0,0,0,0,4033.771484375,12776.6650390625,-0.0,1,3,0,0,2,0,0,0,0,0,0,0,1,2,0,0,0,0,332.7499084472656,3
1786296959.4625628,567.2709350585938,11543,0,84058,77981,24182,0,25825,0,0,0,0,0,4036.1982421875,12779.091796875,-0.0,1,3,0,0,2,0,0,0,0,0,0,0,1,2,0,0,0,0,332.7499084472656,3
1786296959.5028808,567.3050537109375,11544,0,84058,78015,24182,0,25825,0,0,0,0,0,4037.8310546875,12780.724609375,-0.0,1,3,0,0,2,0,0,0,0,0,0,0,1,2,0,0,0,0,332.7499084472656,3
1786296959.5712936,567.3639526367188,11545,0,84058,78065,24182,0,25825,0,0,0,0,0,4040.298828125,12783.1923828125,-0.0,1,3,0,0,2,0,0,0,0,0,0,0,1,2,0,0,0,0,332.7499084472656,3
1786296959.613466,567.4067993164062,11546,0,84058,78098,24182,0,25825,0,0,0,0,0,4042.0908203125,12784.984375,-0.0,1,3,0,0,2,0,0,0,0,0,0,0,1,2,0,0,0,0,332.7499084472656,3
1786296959.6548579,567.4497680664062,11547,0,84058,78139,24182,0,25825,0,0,0,0,0,4044.236328125,12787.1298828125,-0.0,1,3,0,0,2,0,0,0,0,0,0,0,1,2,0,0,0,0,332.7499084472656,3
1786296959.717583,567.5287475585938,11548,0,84058,78221,24182,0,25825,0,0,0,0,0,4048.2236328125,12791.1171875,-0.0,1,3,0,0,2,0,0,0,0,0,0,0,1,2,0,0,0,0,332.7499084472656,3
1786296959.7617397,567.5781860351562,11549,0,84058,78273,24182,0,25825,0,0,0,0,0,4050.8095703125,12793.703125,-0.0,1,3,0,0,2,0,0,0,0,0,0,0,1,2,0,0,0,0,332.7499084472656,3
1786296959.805973,567.6224365234375,11550,0,84058,78323,24182,0,25825,0,0,0,0,0,4053.3876953125,12796.28125,-0.0,1,3,0,0,2,0,0,0,0,0,0,0,1,2,0,0,0,0,332.7499084472656,3
1786296959.853804,567.6666259765625,11551,0,84058,78373,24182,0,25825,0,0,0,0,0,4055.9873046875,12798.880859375,-0.0,1,3,0,0,2,0,0,0,0,0,0,0,1,2,0,0,0,0,332.7499084472656,3
1786296959.9129295,567.7283935546875,11552,0,84058,78440,24182,0,25825,0,0,0,0,0,4058.6083984375,12801.501953125,-0.0,1,3,0,0,2,0,0,0,0,0,0,0,1,2,0,0,0,0,332.7499084472656,3
1786296959.955072,567.774169921875,11553,0,84058,78473,24182,0,25825,0,0,0,0,0,4061.2509765625,12804.14453125,-0.0,1,3,0,0,2,0,0,0,0,0,0,0,1,2,0,0,0,0,332.7499084472656,3
1786296960.016369,567.8314819335938,11554,0,84058,78540,24182,0,25825,0,0,0,0,0,4064.8076171875,12807.701171875,-0.0,1,3,0,0,2,0,0,0,0,0,0,0,1,2,0,0,0,0,332.7499084472656,3
1786296960.0641336,567.8768310546875,11555,0,84058,78573,24182,0,25825,0,0,0,0,0,4066.599609375,12809.4931640625,-0.0,1,3,0,0,2,0,0,0,0,0,0,0,1,2,0,0,0,0,332.7499084472656,3
1786296960.108365,567.9235229492188,11556,0,84058,78623,24182,0,25825,0,0,0,0,0,4069.3076171875,12812.201171875,-0.0,1,3,0,0,2,0,0,0,0,0,0,0,1,2,0,0,0,0,332.7499084472656,3
1786296960.156169,567.9705810546875,11557,0,84058,78673,24182,0,25825,0,0,0,0,0,4072.0400390625,12814.93359375,-0.0,1,3,0,0,2,0,0,0,0,0,0,0,1,2,0,0,0,0,332.7499084472656,3
1786296960.2147014,568.0322875976562,11558,0,84058,78740,24182,0,25825,0,0,0,0,0,4075.7158203125,12818.609375,-0.0,1,3,0,0,2,0,0,0,0,0,0,0,1,2,0,0,0,0,332.7499084472656,3
1786296960.2597854,568.0768432617188,11559,0,84058,78773,24182,0,25825,0,0,0,0,0,4077.568359375,12820.4619140625,-0.0,1,3,0,0,2,0,0,0,0,0,0,0,1,2,0,0,0,0,332.7499084472656,3
1786296960.3049424,568.1209716796875,11560,0,84058,78823,24182,0,25825,0,0,0,0,0,4080.36328125,12823.2568359375,-0.0,1,3,0,0,2,0,0,0,0,0,0,0,1,2,0,0,0,0,332.7499084472656,3
1786296960.3622406,568.1795654296875,11561,0,84058,78890,24182,0,25825,0,0,0,0,0,4084.123046875,12827.0166015625,-0.0,1,3,0,0,2,0,0,0,0,0,0,0,1,2,0,0,0,0,332.7499084472656,3
1786296960.4063134,568.2232666015625,11562,0,84058,78923,24182,0,25825,0,0,0,0,0,4086.0166015625,12828.91015625,-0.0,1,3,0,0,2,0,0,0,0,0,0,0,1,2,0,0,0,0,332.7499084472656,3
1786296960.4574301,568.2698974609375,11563,0,84058,78973,24182,0,25825,0,0,0,0,0,4088.8740234375,12831.767578125,-0.0,1,3,0,0,2,0,0,0,0,0,0,0,1,2,0,0,0,0,332.7499084472656,3
1786296960.506041,568.3184814453125,11564,0,84058,79023,24182,0,25825,0,0,0,0,0,4091.7509765625,12834.64453125,-0.0,1,3,0,0,2,0,0,0,0,0,0,0,1,2,0,0,0,0,332.7499084472656,3
1786296960.5725527,568.371337890625,11565,0,84058,79073,24182,0,25825,0,0,0,0,0,4094.6484375,12837.5419921875,-0.0,1,3,0,0,2,0,0,0,0,0,0,0,1,2,0,0,0,0,332.7499084472656,3
1786296960.6169012,568.4108276367188,11566,0,84058,79107,24182,0,25825,0,0,0,0,0,4096.5908203125,12839.484375,-0.0,1,3,0,0,2,0,0,0,0,0,0,0,1,2,0,0,0,0,332.7499084472656,3
1786296960.6624532,568.4531860351562,11567,0,84058,79142,24182,0,25825,0,0,0,0,0,4098.9638671875,12841.857421875,-0.0,1,3,0,0,2,0,0,0,0,0,0,0,1,2,0,0,0,0,332.7499084472656,3
1786296960.7228985,568.5186767578125,11568,0,84058,79208,24182,0,25825,0,0,0,0,0,4102.828125,12845.7216796875,-0.0,1,3,0,0,2,0,0,0,0,0,0,0,1,2,0,0,0,0,332.7499084472656,3
1786296960.757439,568.5604248046875,11569,0,84058,79251,24182,0,25825,0,0,0,0,0,4105.3076171875,12848.201171875,-0.0,1,3,0,0,2,0,0,0,0,0,0,0,1,2,0,0,0,0,332.7499084472656,3
1786296960.8143244,568.6318359375,11570,0,84058,79326,24182,0,25825,0,0,0,0,0,4109.6025390625,12852.49609375,-0.0,1,3,0,0,2,0,0,0,0,0,0,0,1,2,0,0,0,0,332.7499084472656,3
1786296960.8591926,568.6760864257812,11571,0,84058,79376,24182,0,25825,0,0,0,0,0,4112.6181640625,12855.51171875,-0.0,1,3,0,0,2,0,0,0,0,0,0,0,1,2,0,0,0,0,332.7499084472656,3
1786296960.9018717,568.7194213867188,11572,0,84058,79426,24182,0,25825,0,0,0,0,0,4115.6533203125,12858.546875,-0.0,1,3,0,0,2,0,0,0,0,0,0,0,1,2,0,0,0,0,332.7499084472656,3
1786296960.9662874,568.7794189453125,11573,0,84058,79476,24182,0,25825,0,0,0,0,0,4118.70703125,12861.6005859375,-0.0,1,3,0,0,2,0,0,0,0,0,0,0,1,2,0,0,0,0,332.7499084472656,3
1786296961.0096533,568.8251342773438,11574,0,84058,79526,24182,0,25825,0,0,0,0,0,4121.7802734375,12864.673828125,-0.0,1,3,0,0,2,0,0,0,0,0,0,0,1,2,0,0,0,0,332.7499084472656,3
1786296961.0551567,568.8707275390625,11575,0,84058,79576,24182,0,25825,0,0,0,0,0,4124.873046875,12867.7666015625,-0.0,1,3,0,0,2,0,0,0,0,0,0,0,1,2,0,0,0,0,332.7499084472656,3
1786296961.1130533,568.9298706054688,11576,0,84058,79626,24182,0,25825,0,0,0,0,0,4127.9833984375,12870.876953125,-0.0,1,3,0,0,2,0,0,0,0,0,0,0,1,2,0,0,0,0,332.7499084472656,3
1786296961.1636806,568.9757080078125,11577,0,84058,79676,24182,0,25825,0,0,0,0,0,4131.1181640625,12874.01171875,-0.0,1,3,0,0,2,0,0,0,0,0,0,0,1,2,0,0,0,0,332.7499084472656,3
1786296961.2094646,569.0239868164062,11578,0,84058,79726,24182,0,25825,0,0,0,0,0,4134.2724609375,12877.166015625,-0.0,1,3,0,0,2,0,0,0,0,0,0,0,1,2,0,0,0,0,332.7499084472656,3
1786296961.2592258,569.0719604492188,11579,0,84058,79776,24182,0,25825,0,0,0,0,0,4137.4453125,12880.3388671875,-0.0,1,3,0,0,2,0,0,0,0,0,0,0,1,2,0,0,0,0,332.7499084472656,3
1786296961.3154473,569.1329956054688,11580,0,84058,79843,24182,0,25825,0,0,0,0,0,4141.7041015625,12884.59765625,-0.0,1,3,0,0,2,0,0,0,0,0,0,0,1,2,0,0,0,0,332.7499084472656,3
1786296961.3584404,569.1770629882812,11581,0,84058,79876,24182,0,25825,0,0,0,0,0,4143.845703125,12886.7392578125,-0.0,1,3,0,0,2,0,0,0,0,0,0,0,1,2,0,0,0,0,332.7499084472656,3
1786296961.406051,569.2211303710938,11582,0,84058,79926,24182,0,25825,0,0,0,0,0,4147.0732421875,12889.966796875,-0.0,1,3,0,0,2,0,0,0,0,0,0,0,1,2,0,0,0,0,332.7499084472656,3
1786296961.4519975,569.266357421875,11583,0,84058,79976,24182,0,25825,0,0,0,0,0,4150.3173828125,12893.2109375,-0.0,1,3,0,0,2,0,0,0,0,0,0,0,1,2,0,0,0,0,332.7499084472656,3
1786296961.503129,569.3132934570312,11584,0,84058,80010,24182,0,25825,0,0,0,0,0,4152.490234375,12895.3837890625,-0.0,1,3,0,0,2,0,0,0,0,0,0,0,1,2,0,0,0,0,332.7499084472656,3
1786296961.5698667,569.3663330078125,11585,0,84058,80060,24182,0,25825,0,0,0,0,0,4155.818359375,12898.7119140625,-0.0,1,3,0,0,2,0,0,0,0,0,0,0,1,2,0,0,0,0,332.7499084472656,3
1786296961.607043,569.4050903320312,11586,0,84058,80096,24182,0,25825,0,0,0,0,0,4158.3681640625,12901.26171875,-0.0,1,3,0,0,2,0,0,0,0,0,0,0,1,2,0,0,0,0,332.7499084472656,3
1786296961.6529758,569.4473266601562,11587,0,84058,80137,24182,0,25825,0,0,0,0,0,4161.1611328125,12904.0546875,-0.0,1,3,0,0,2,0,0,0,0,0,0,0,1,2,0,0,0,0,332.7499084472656,3
1786296961.7160478,569.5116577148438,11588,0,84058,80201,24182,0,25825,0,0,0,0,0,4165.4375,12908.3310546875,-0.0,1,3,0,0,2,0,0,0,0,0,0,0,1,2,0,0,0,0,332.7499084472656,3
1786296961.7620072,569.5714721679688,11589,0,84058,80263,24182,0,25825,0,0,0,0,0,4169.439453125,12912.3330078125,-0.0,1,3,0,0,2,0,0,0,0,0,0,0,1,2,0,0,0,0,332.7499084472656,3
1786296961.8044245,569.6217041015625,11590,0,84058,80317,24182,0,25825,0,0,0,0,0,4172.88671875,12915.7802734375,-0.0,1,3,0,0,2,0,0,0,0,0,0,0,1,2,0,0,0,0,332.7499084472656,3
1786296961.8642662,569.6810302734375,11591,0,84058,80384,24182,0,25825,0,0,0,0,0,4177.4033203125,12920.296875,-0.0,1,3,0,0,2,0,0,0,0,0,0,0,1,2,0,0,0,0,332.7499084472656,3
1786296961.906651,569.724609375,11592,0,84058,80434,24182,0,25825,0,0,0,0,0,4180.8115234375,12923.705078125,-0.0,1,3,0,0,2,0,0,0,0,0,0,0,1,2,0,0,0,0,332.7499084472656,3
1786296961.9690166,569.7825317382812,11593,0,84058,80484,24182,0,25825,0,0,0,0,0,4184.2373046875,12927.130859375,-0.0,1,3,0,0,2,0,0,0,0,0,0,0,1,2,0,0,0,0,332.7499084472656,3
1786296962.0129251,569.827880859375,11594,0,84058,80534,24182,0,25825,0,0,0,0,0,4187.6787109375,12930.572265625,-0.0,1,3,0,0,2,0,0,0,0,0,0,0,1,2,0,0,0,0,332.7499084472656,3
1786296962.059625,569.8746337890625,11595,0,84058,80584,24182,0,25825,0,0,0,0,0,4191.1376953125,12934.03125,-0.0,1,3,0,0,2,0,0,0,0,0,0,0,1,2,0,0,0,0,332.7499084472656,3
1786296962.1060889,569.9213256835938,11596,0,84058,80617,24182,0,25825,0,0,0,0,0,4193.453125,12936.3466796875,-0.0,1,3,0,0,2,0,0,0,0,0,0,0,1,2,0,0,0,0,332.7499084472656,3
1786296962.1639426,569.982177734375,11597,0,84058,80684,24182,0,25825,0,0,0,0,0,4198.1025390625,12940.99609375,-0.0,1,3,0,0,2,0,0,0,0,0,0,0,1,2,0,0,0,0,332.7499084472656,3
1786296962.20496,570.0253295898438,11598,0,84058,80734,24182,0,25825,0,0,0,0,0,4201.6083984375,12944.501953125,-0.0,1,3,0,0,2,0,0,0,0,0,0,0,1,2,0,0,0,0,332.7499084472656,3
1786296962.2617362,570.0810546875,11599,0,84058,80784,24182,0,25825,0,0,0,0,0,4205.1279296875,12948.021484375,-0.0,1,3,0,0,2,0,0,0,0,0,0,0,1,2,0,0,0,0,332.7499084472656,3
1786296962.305277,570.1233520507812,11600,0,84058,80834,24182,0,25825,0,0,0,0,0,4208.6650390625,12951.55859375,-0.0,1,3,0,0,2,0,0,0,0,0,0,0,1,2,0,0,0,0,332.7499084472656,3
1786296962.356513,570.1787109375,11601,0,84058,80884,24182,0,25825,0,0,0,0,0,4212.2158203125,12955.109375,-0.0,1,3,0,0,2,0,0,0,0,0,0,0,1,2,0,0,0,0,332.7499084472656,3
1786296962.412081,570.2332763671875,11602,0,84058,80934,24182,0,25825,0,0,0,0,0,4215.7822265625,12958.67578125,-0.0,1,3,0,0,2,0,0,0,0,0,0,0,1,2,0,0,0,0,332.7499084472656,3
1786296962.456434,570.274658203125,11603,0,84058,80984,24182,0,25825,0,0,0,0,0,4219.3642578125,12962.2578125,-0.0,1,3,0,0,2,0,0,0,0,0,0,0,1,2,0,0,0,0,332.7499084472656,3
1786296962.509921,570.3296508789062,11604,0,84058,81034,24182,0,25825,0,0,0,0,0,4222.9619140625,12965.85546875,-0.0,1,3,0,0,2,0,0,0,0,0,0,0,1,2,0,0,0,0,332.7499084472656,3
1786296962.5655236,570.3848266601562,11605,0,84058,81084,24182,0,25825,0,0,0,0,0,4226.5751953125,12969.46875,-0.0,1,3,0,0,2,0,0,0,0,0,0,0,1,2,0,0,0,0,332.7499084472656,3
1786296962.6076243,570.426513671875,11606,0,84058,81134,24182,0,25825,0,0,0,0,0,4230.201171875,12973.0947265625,-0.0,1,3,0,0,2,0,0,0,0,0,0,0,1,2,0,0,0,0,332.7499084472656,3
1786296962.6633906,570.4825439453125,11607,0,84058,81184,24182,0,25825,0,0,0,0,0,4233.841796875,12976.7353515625,-0.0,1,3,0,0,2,0,0,0,0,0,0,0,1,2,0,0,0,0,332.7499084472656,3
1786296962.705953,570.52490234375,11608,0,84058,81234,24182,0,25825,0,0,0,0,0,4237.4990234375,12980.392578125,-0.0,1,3,0,0,2,0,0,0,0,0,0,0,1,2,0,0,0,0,332.7499084472656,3
1786296962.7594118,570.5799560546875,11609,0,84058,81284,24182,0,25825,0,0,0,0,0,4241.1689453125,12984.0625,-0.0,1,3,0,0,2,0,0,0,0,0,0,0,1,2,0,0,0,0,332.7499084472656,3
1786296962.804988,570.6221313476562,11610,0,84058,81334,24182,0,25825,0,0,0,0,0,4243.6240234375,12986.517578125,-0.0,1,3,0,0,2,0,0,0,0,0,0,0,1,2,0,0,0,0,332.7499084472656,3
1786296962.8619382,570.6801147460938,11611,0,84058,81384,24182,0,25825,0,0,0,0,0,4248.5537109375,12991.447265625,-0.0,1,3,0,0,2,0,0,0,0,0,0,0,1,2,0,0,0,0,332.7499084472656,3
1786296962.9102614,570.724609375,11612,0,84058,81434,24182,0,25825,0,0,0,0,0,4252.2666015625,12995.16015625,-0.0,1,3,0,0,2,0,0,0,0,0,0,0,1,2,0,0,0,0,332.7499084472656,3
1786296962.9581318,570.7708740234375,11613,0,84058,81467,24182,0,25825,0,0,0,0,0,4254.7490234375,12997.642578125,-0.0,1,3,0,0,2,0,0,0,0,0,0,0,1,2,0,0,0,0,332.7499084472656,3
1786296963.0052018,570.8187255859375,11614,0,84058,81517,24182,0,25825,0,0,0,0,0,4258.484375,13001.3779296875,-0.0,1,3,0,0,2,0,0,0,0,0,0,0,1,2,0,0,0,0,332.7499084472656,3
1786296963.0665667,570.8807983398438,11615,0,84058,81584,24182,0,25825,0,0,0,0,0,4263.486328125,13006.3798828125,-0.0,1,3,0,0,2,0,0,0,0,0,0,0,1,2,0,0,0,0,332.7499084472656,3
1786296963.1147676,570.9269409179688,11616,0,84058,81634,24182,0,25825,0,0,0,0,0,4267.2529296875,13010.146484375,-0.0,1,3,0,0,2,0,0,0,0,0,0,0,1,2,0,0,0,0,332.7499084472656,3
1786296963.1646605,570.9754028320312,11617,0,84058,81684,24182,0,25825,0,0,0,0,0,4271.0322265625,13013.92578125,-0.0,1,3,0,0,2,0,0,0,0,0,0,0,1,2,0,0,0,0,332.7499084472656,3
1786296963.2153084,571.0260009765625,11618,0,84058,81734,24182,0,25825,0,0,0,0,0,4274.8251953125,13017.71875,-0.0,1,3,0,0,2,0,0,0,0,0,0,0,1,2,0,0,0,0,332.7499084472656,3
1786296963.2574317,571.0740966796875,11619,0,84058,81784,24182,0,25825,0,0,0,0,0,4278.6318359375,13021.525390625,-0.0,1,3,0,0,2,0,0,0,0,0,0,0,1,2,0,0,0,0,332.7499084472656,3
1786296963.3083882,571.1207275390625,11620,0,84058,81817,24182,0,25825,0,0,0,0,0,4281.17578125,13024.0693359375,-0.0,1,3,0,0,2,0,0,0,0,0,0,0,1,2,0,0,0,0,332.7499084472656,3
1786296963.356706,571.1688232421875,11621,0,84058,81867,24182,0,25825,0,0,0,0,0,4285.0009765625,13027.89453125,-0.0,1,3,0,0,2,0,0,0,0,0,0,0,1,2,0,0,0,0,332.7499084472656,3
1786296963.4015803,571.2173461914062,11622,0,84058,81917,24182,0,25825,0,0,0,0,0,4288.8388671875,13031.732421875,-0.0,1,3,0,0,2,0,0,0,0,0,0,0,1,2,0,0,0,0,332.7499084472656,3
1786296963.4614172,571.278076171875,11623,0,84058,81984,24182,0,25825,0,0,0,0,0,4293.9736328125,13036.8671875,-0.0,1,3,0,0,2,0,0,0,0,0,0,0,1,2,0,0,0,0,332.7499084472656,3
1786296963.5056117,571.3224487304688,11624,0,84058,82034,24182,0,25825,0,0,0,0,0,4296.5498046875,13039.443359375,-0.0,1,3,0,0,2,0,0,0,0,0,0,0,1,2,0,0,0,0,332.7499084472656,3
1786296963.5599675,571.3685913085938,11625,0,84058,82067,24182,0,25825,0,0,0,0,0,4300.4228515625,13043.31640625,-0.0,1,3,0,0,2,0,0,0,0,0,0,0,1,2,0,0,0,0,332.7499084472656,3
1786296963.6069548,571.4036865234375,11626,0,84058,82101,24182,0,25825,0,0,0,0,0,4303.0126953125,13045.90625,-0.0,1,3,0,0,2,0,0,0,0,0,0,0,1,2,0,0,0,0,332.7499084472656,3
1786296963.6726692,571.4642944335938,11627,0,84058,82155,24182,0,25825,0,0,0,0,0,4307.5537109375,13050.447265625,-0.0,1,3,0,0,2,0,0,0,0,0,0,0,1,2,0,0,0,0,332.7499084472656,3
1786296963.712005,571.5079345703125,11628,0,84058,82198,24182,0,25825,0,0,0,0,0,4310.9619140625,13053.85546875,-0.0,1,3,0,0,2,0,0,0,0,0,0,0,1,2,0,0,0,0,332.7499084472656,3
1786296963.7538807,571.550537109375,11629,0,84058,82241,24182,0,25825,0,0,0,0,0,4314.296875,13057.1904296875,-0.0,1,3,0,0,2,0,0,0,0,0,0,0,1,2,0,0,0,0,332.7499084472656,3
1786296963.8062768,571.6106567382812,11630,0,84058,82303,24182,0,25825,0,0,0,0,0,4319.0205078125,13061.9140625,-0.0,1,3,0,0,2,0,0,0,0,0,0,0,1,2,0,0,0,0,332.7499084472656,3
1786296963.854597,571.6648559570312,11631,0,84058,82359,24182,0,25825,0,0,0,0,0,4323.2900390625,13066.18359375,-0.0,1,3,0,0,2,0,0,0,0,0,0,0,1,2,0,0,0,0,332.7499084472656,3
1786296963.9067855,571.7259521484375,11632,0,84058,82426,24182,0,25825,0,0,0,0,0,4328.556640625,13071.4501953125,-0.0,1,3,0,0,2,0,0,0,0,0,0,0,1,2,0,0,0,0,332.7499084472656,3
1786296963.9693599,571.783203125,11633,0,84058,82493,24182,0,25825,0,0,0,0,0,4333.8388671875,13076.732421875,-0.0,1,3,0,0,2,0,0,0,0,0,0,0,1,2,0,0,0,0,332.7499084472656,3
1786296964.0130072,571.8278198242188,11634,0,84058,82526,24182,0,25825,0,0,0,0,0,4336.4853515625,13079.37890625,-0.0,1,3,0,0,2,0,0,0,0,0,0,0,1,2,0,0,0,0,332.7499084472656,3
1786296964.0597553,571.8734741210938,11635,0,84058,82576,24182,0,25825,0,0,0,0,0,4340.4619140625,13083.35546875,-0.0,1,3,0,0,2,0,0,0,0,0,0,0,1,2,0,0,0,0,332.7499084472656,3
1786296964.1064305,571.9199829101562,11636,0,84058,82626,24182,0,25825,0,0,0,0,0,4344.447265625,13087.3408203125,-0.0,1,3,0,0,2,0,0,0,0,0,0,0,1,2,0,0,0,0,332.7499084472656,3
1786296964.158706,571.978759765625,11637,0,84058,82676,24182,0,25825,0,0,0,0,0,4348.4404296875,13091.333984375,-0.0,1,3,0,0,2,0,0,0,0,0,0,0,1,2,0,0,0,0,332.7499084472656,3
1786296964.2083986,572.0221557617188,11638,0,84058,82726,24182,0,25825,0,0,0,0,0,4352.4326171875,13095.326171875,-0.0,1,3,0,0,2,0,0,0,0,0,0,0,1,2,0,0,0,0,332.7499084472656,3
1786296964.2578547,572.0687866210938,11639,0,84058,82776,24182,0,25825,0,0,0,0,0,4356.4345703125,13099.328125,-0.0,1,3,0,0,2,0,0,0,0,0,0,0,1,2,0,0,0,0,332.7499084472656,3
1786296964.3152559,572.1318359375,11640,0,84058,82843,24182,0,25825,0,0,0,0,0,4361.7861328125,13104.6796875,-0.0,1,3,0,0,2,0,0,0,0,0,0,0,1,2,0,0,0,0,332.7499084472656,3
1786296964.3616126,572.1768188476562,11641,0,84058,82876,24182,0,25825,0,0,0,0,0,4364.4677734375,13107.361328125,-0.0,1,3,0,0,2,0,0,0,0,0,0,0,1,2,0,0,0,0,332.7499084472656,3
1786296964.407905,572.2223510742188,11642,0,84058,82926,24182,0,25825,0,0,0,0,0,4368.5009765625,13111.39453125,-0.0,1,3,0,0,2,0,0,0,0,0,0,0,1,2,0,0,0,0,332.7499084472656,3
1786296964.4656024,572.2703857421875,11643,0,82966,0,0,0,0,0,0,0,0,0,1.099609375,13115.439453125,-0.0,1,4,0,0,0,0,0,0,0,0,0,0,1,2,0,0,0,0,332.7499084472656,3
1786296964.5100248,572.306396484375,11644,0,82966,33,0,0,0,0,0,0,0,0,3.8056640625,13118.1455078125,-0.0,1,4,0,0,0,0,0,0,0,0,0,0,1,2,0,0,0,0,332.7499084472656,3
1786296964.5596614,572.3471069335938,11645,0,82966,66,0,0,0,0,0,0,0,0,6.5166015625,13120.8564453125,-0.0,1,4,0,0,0,0,0,0,0,0,0,0,1,2,0,0,0,0,332.7499084472656,3
1786296964.6213584,572.4131469726562,11646,0,82966,126,0,0,0,0,0,0,0,0,11.80859375,13126.1484375,-0.0,1,4,0,0,0,0,0,0,0,0,0,0,1,2,0,0,0,0,332.7499084472656,3
1786296964.663454,572.4574584960938,11647,0,82966,170,0,0,0,0,0,0,0,0,15.4306640625,13129.7705078125,-0.0,1,4,0,0,0,0,0,0,0,0,0,0,1,2,0,0,0,0,332.7499084472656,3
1786296964.714773,572.5198364257812,11648,0,82966,235,0,0,0,0,0,0,0,0,20.5390625,13134.87890625,-0.0,1,4,0,0,0,0,0,0,0,0,0,0,1,2,0,0,0,0,332.7499084472656,3
1786296964.7618804,572.5750732421875,11649,0,82966,292,0,0,0,0,0,0,0,0,25.0703125,13139.41015625,-0.0,1,4,0,0,0,0,0,0,0,0,0,0,1,2,0,0,0,0,332.7499084472656,3
1786296964.8047612,572.6219482421875,11650,0,82966,343,0,0,0,0,0,0,0,0,29.1826171875,13143.5224609375,-0.0,1,4,0,0,0,0,0,0,0,0,0,0,1,2,0,0,0,0,332.7499084472656,3
1786296964.862107,572.6798095703125,11651,0,82966,410,0,0,0,0,0,0,0,0,34.681640625,13149.021484375,-0.0,1,4,0,0,0,0,0,0,0,0,0,0,1,2,0,0,0,0,332.7499084472656,3
1786296964.9033124,572.7220458984375,11652,0,82966,443,0,0,0,0,0,0,0,0,37.4384765625,13151.7783203125,-0.0,1,4,0,0,0,0,0,0,0,0,0,0,1,2,0,0,0,0,332.7499084472656,3
1786296964.9615383,572.7786865234375,11653,0,82966,510,0,0,0,0,0,0,0,0,42.96875,13157.30859375,-0.0,1,4,0,0,0,0,0,0,0,0,0,0,1,2,0,0,0,0,332.7499084472656,3
1786296965.0028539,572.8214111328125,11654,0,82966,543,0,0,0,0,0,0,0,0,45.7412109375,13160.0810546875,-0.0,1,4,0,0,0,0,0,0,0,0,0,0,1,2,0,0,0,0,332.7499084472656,3
1786296965.0630348,572.87890625,11655,0,82966,610,0,0,0,0,0,0,0,0,51.296875,13165.63671875,-0.0,1,4,0,0,0,0,0,0,0,0,0,0,1,2,0,0,0,0,332.7499084472656,3
1786296965.105233,572.9218139648438,11656,0,82966,643,0,0,0,0,0,0,0,0,54.080078125,13168.419921875,-0.0,1,4,0,0,0,0,0,0,0,0,0,0,1,2,0,0,0,0,332.7499084472656,3
1786296965.16207,572.9791259765625,11657,0,82966,710,0,0,0,0,0,0,0,0,59.6572265625,13173.9970703125,-0.0,1,4,0,0,0,0,0,0,0,0,0,0,1,2,0,0,0,0,332.7499084472656,3
1786296965.2127244,573.03515625,11658,0,82966,760,0,0,0,0,0,0,0,0,63.8505859375,13178.1904296875,-0.0,1,4,0,0,0,0,0,0,0,0,0,0,1,2,0,0,0,0,332.7499084472656,3
1786296965.2537093,573.0751342773438,11659,0,82966,810,0,0,0,0,0,0,0,0,68.046875,13182.38671875,-0.0,1,4,0,0,0,0,0,0,0,0,0,0,1,2,0,0,0,0,332.7499084472656,3
1786296965.3063567,573.1278686523438,11660,0,82966,860,0,0,0,0,0,0,0,0,72.24609375,13186.5859375,-0.0,1,4,0,0,0,0,0,0,0,0,0,0,1,2,0,0,0,0,332.7499084472656,3
1786296965.3624609,573.1830444335938,11661,0,82966,910,0,0,0,0,0,0,0,0,76.4482421875,13190.7880859375,-0.0,1,4,0,0,0,0,0,0,0,0,0,0,1,2,0,0,0,0,332.7499084472656,3
1786296965.4042153,573.2249145507812,11662,0,82966,960,0,0,0,0,0,0,0,0,79.2529296875,13193.5927734375,-0.0,1,4,0,0,0,0,0,0,0,0,0,0,1,2,0,0,0,0,332.7499084472656,3
1786296965.4612944,573.2801513671875,11663,0,82966,1010,0,0,0,0,0,0,0,0,84.869140625,13199.208984375,-0.0,1,4,0,0,0,0,0,0,0,0,0,0,1,2,0,0,0,0,332.7499084472656,3
1786296965.5016913,573.322265625,11664,0,82966,1060,0,0,0,0,0,0,0,0,87.6787109375,13202.0185546875,-0.0,1,4,0,0,0,0,0,0,0,0,0,0,1,2,0,0,0,0,332.7499084472656,3
1786296965.5566862,573.3767700195312,11665,0,82966,1110,0,0,0,0,0,0,0,0,93.2998046875,13207.6396484375,-0.0,1,4,0,0,0,0,0,0,0,0,0,0,1,2,0,0,0,0,332.7499084472656,3
1786296965.607334,573.4291381835938,11666,0,82966,1160,0,0,0,0,0,0,0,0,97.51953125,13211.859375,-0.0,1,4,0,0,0,0,0,0,0,0,0,0,1,2,0,0,0,0,332.7499084472656,3
1786296965.662835,573.48291015625,11667,0,82966,1210,0,0,0,0,0,0,0,0,101.740234375,13216.080078125,-0.0,1,4,0,0,0,0,0,0,0,0,0,0,1,2,0,0,0,0,332.7499084472656,3
1786296965.7011957,573.5238037109375,11668,0,82966,1260,0,0,0,0,0,0,0,0,104.544921875,13218.884765625,-0.0,1,4,0,0,0,0,0,0,0,0,0,0,1,2,0,0,0,0,332.7499084472656,3
1786296965.7566848,573.5771484375,11669,0,82966,1310,0,0,0,0,0,0,0,0,110.1318359375,13224.4716796875,-0.0,1,4,0,0,0,0,0,0,0,0,0,0,1,2,0,0,0,0,332.7499084472656,3
1786296965.8098826,573.6300048828125,11670,0,82966,1360,0,0,0,0,0,0,0,0,114.302734375,13228.642578125,-0.0,1,4,0,0,0,0,0,0,0,0,0,0,1,2,0,0,0,0,332.7499084472656,3
1786296965.852263,573.6710205078125,11671,0,82966,1393,0,0,0,0,0,0,0,0,117.0751953125,13231.4150390625,-0.0,1,4,0,0,0,0,0,0,0,0,0,0,1,2,0,0,0,0,332.7499084472656,3
1786296965.9059942,573.72607421875,11672,0,82966,1460,0,0,0,0,0,0,0,0,122.6025390625,13236.9423828125,-0.0,1,4,0,0,0,0,0,0,0,0,0,0,1,2,0,0,0,0,332.7499084472656,3
1786296965.9590423,573.7802124023438,11673,0,82966,1510,0,0,0,0,0,0,0,0,126.7314453125,13241.0712890625,-0.0,1,4,0,0,0,0,0,0,0,0,0,0,1,2,0,0,0,0,332.7499084472656,3
1786296966.0017724,573.8215942382812,11674,0,82966,1543,0,0,0,0,0,0,0,0,129.46875,13243.80859375,-0.0,1,4,0,0,0,0,0,0,0,0,0,0,1,2,0,0,0,0,332.7499084472656,3
1786296966.0617175,573.8782348632812,11675,0,82966,1610,0,0,0,0,0,0,0,0,134.90234375,13249.2421875,-0.0,1,4,0,0,0,0,0,0,0,0,0,0,1,2,0,0,0,0,332.7499084472656,3
1786296966.1052885,573.9215698242188,11676,0,82966,1643,0,0,0,0,0,0,0,0,137.587890625,13251.927734375,-0.0,1,4,0,0,0,0,0,0,0,0,0,0,1,2,0,0,0,0,332.7499084472656,3
1786296966.1617155,573.979736328125,11677,0,82966,1710,0,0,0,0,0,0,0,0,142.8828125,13257.22265625,-0.0,1,4,0,0,0,0,0,0,0,0,0,0,1,2,0,0,0,0,332.7499084472656,3
1786296966.2031198,574.0221557617188,11678,0,82966,1743,0,0,0,0,0,0,0,0,145.4912109375,13259.8310546875,-0.0,1,4,0,0,0,0,0,0,0,0,0,0,1,2,0,0,0,0,332.7499084472656,3
1786296966.2597206,574.0777587890625,11679,0,82966,1810,0,0,0,0,0,0,0,0,150.63671875,13264.9765625,-0.0,1,4,0,0,0,0,0,0,0,0,0,0,1,2,0,0,0,0,332.7499084472656,3
1786296966.3033297,574.1209106445312,11680,0,82966,1843,0,0,0,0,0,0,0,0,153.1708984375,13267.5107421875,-0.0,1,4,0,0,0,0,0,0,0,0,0,0,1,2,0,0,0,0,332.7499084472656,3
1786296966.363881,574.1791381835938,11681,0,82966,1910,0,0,0,0,0,0,0,0,158.140625,13272.48046875,-0.0,1,4,0,0,0,0,0,0,0,0,0,0,1,2,0,0,0,0,332.7499084472656,3
1786296966.4098783,574.2242431640625,11682,0,82966,1960,0,0,0,0,0,0,0,0,160.5732421875,13274.9130859375,-0.0,1,4,0,0,0,0,0,0,0,0,0,0,1,2,0,0,0,0,332.7499084472656,3
1786296966.4585993,574.2705688476562,11683,0,82966,1993,0,0,0,0,0,0,0,0,164.154296875,13278.494140625,-0.0,1,4,0,0,0,0,0,0,0,0,0,0,1,2,0,0,0,0,332.7499084472656,3
1786296966.5147114,574.33056640625,11684,0,82966,2060,0,0,0,0,0,0,0,0,168.78125,13283.12109375,-0.0,1,4,0,0,0,0,0,0,0,0,0,0,1,2,0,0,0,0,332.7499084472656,3
1786296966.561838,574.3754272460938,11685,0,82966,2110,0,0,0,0,0,0,0,0,172.150390625,13286.490234375,-0.0,1,4,0,0,0,0,0,0,0,0,0,0,1,2,0,0,0,0,332.7499084472656,3
1786296966.6116748,574.4216918945312,11686,0,82966,2143,0,0,0,0,0,0,0,0,174.3515625,13288.69140625,-0.0,1,4,0,0,0,0,0,0,0,0,0,0,1,2,0,0,0,0,332.7499084472656,3
1786296966.6559954,574.4556884765625,11687,0,82966,2176,0,0,0,0,0,0,0,0,176.5205078125,13290.8603515625,-0.0,1,4,0,0,0,0,0,0,0,0,0,0,1,2,0,0,0,0,332.7499084472656,3
1786296966.7243912,574.5153198242188,11688,0,82966,2229,0,0,0,0,0,0,0,0,180.1396484375,13294.4794921875,-0.0,1,4,0,0,0,0,0,0,0,0,0,0,1,2,0,0,0,0,332.7499084472656,3
1786296966.7662776,574.55908203125,11689,0,82966,2272,0,0,0,0,0,0,0,0,182.8515625,13297.19140625,-0.0,1,4,0,0,0,0,0,0,0,0,0,0,1,2,0,0,0,0,332.7499084472656,3
1786296966.807035,574.602783203125,11690,0,82966,2316,0,0,0,0,0,0,0,0,185.490234375,13299.830078125,-0.0,1,4,0,0,0,0,0,0,0,0,0,0,1,2,0,0,0,0,332.7499084472656,3
1786296966.8577092,574.663330078125,11691,0,82966,2379,0,0,0,0,0,0,0,0,189.041015625,13303.380859375,-0.0,1,4,0,0,0,0,0,0,0,0,0,0,1,2,0,0,0,0,332.7499084472656,3
1786296966.9132586,574.7312622070312,11692,0,82966,2450,0,0,0,0,0,0,0,0,192.953125,13307.29296875,-0.0,1,4,0,0,0,0,0,0,0,0,0,0,1,2,0,0,0,0,332.7499084472656,3
1786296966.9587932,574.7744140625,11693,0,82966,2500,0,0,0,0,0,0,0,0,195.7001953125,13310.0400390625,-0.0,1,4,0,0,0,0,0,0,0,0,0,0,1,2,0,0,0,0,332.7499084472656,3
1786296967.011865,574.830810546875,11694,0,82966,2567,0,0,0,0,0,0,0,0,198.37109375,13312.7109375,-0.0,1,4,0,0,0,0,0,0,0,0,0,0,1,2,0,0,0,0,332.7499084472656,3
1786296967.0655813,574.8763427734375,11695,0,82966,2600,0,0,0,0,0,0,0,0,200.96484375,13315.3046875,-0.0,1,4,0,0,0,0,0,0,0,0,0,0,1,2,0,0,0,0,332.7499084472656,3
1786296967.1148016,574.9247436523438,11696,0,82966,2650,0,0,0,0,0,0,0,0,203.4833984375,13317.8232421875,-0.0,1,4,0,0,0,0,0,0,0,0,0,0,1,2,0,0,0,0,332.7499084472656,3
1786296967.1575677,574.972900390625,11697,0,82966,2700,0,0,0,0,0,0,0,0,205.9296875,13320.26953125,-0.0,1,4,0,0,0,0,0,0,0,0,0,0,1,2,0,0,0,0,332.7499084472656,3
1786296967.2128837,575.0321655273438,11698,0,82966,2767,0,0,0,0,0,0,0,0,208.3095703125,13322.6494140625,-0.0,1,4,0,0,0,0,0,0,0,0,0,0,1,2,0,0,0,0,332.7499084472656,3
1786296967.2568054,575.0746459960938,11699,0,82966,2800,0,0,0,0,0,0,0,0,210.626953125,13324.966796875,-0.0,1,4,0,0,0,0,0,0,0,0,0,0,1,2,0,0,0,0,332.7499084472656,3
1786296967.3152783,575.1318359375,11700,0,82966,2867,0,0,0,0,0,0,0,0,212.8740234375,13327.2138671875,-0.0,1,4,0,0,0,0,0,0,0,0,0,0,1,2,0,0,0,0,332.7499084472656,3
1786296967.3635337,575.1764526367188,11701,0,82966,2900,0,0,0,0,0,0,0,0,215.048828125,13329.388671875,-0.0,1,4,0,0,0,0,0,0,0,0,0,0,1,2,0,0,0,0,332.7499084472656,3
1786296967.4067407,575.22216796875,11702,0,82966,2950,0,0,0,0,0,0,0,0,217.154296875,13331.494140625,-0.0,1,4,0,0,0,0,0,0,0,0,0,0,1,2,0,0,0,0,332.7499084472656,3
1786296967.4608734,575.28076171875,11703,0,82966,3017,0,0,0,0,0,0,0,0,219.19140625,13333.53125,-0.0,1,4,0,0,0,0,0,0,0,0,0,0,1,2,0,0,0,0,332.7499084472656,3
1786296967.5082211,575.3241577148438,11704,0,82966,3050,0,0,0,0,0,0,0,0,221.1611328125,13335.5009765625,-0.0,1,4,0,0,0,0,0,0,0,0,0,0,1,2,0,0,0,0,332.7499084472656,3
1786296967.558923,575.3698120117188,11705,0,82966,3100,0,0,0,0,0,0,0,0,223.0712890625,13337.4111328125,-0.0,1,4,0,0,0,0,0,0,0,0,0,0,1,2,0,0,0,0,332.7499084472656,3
1786296967.6141756,575.4194946289062,11706,0,82966,3150,0,0,0,0,0,0,0,0,224.958984375,13339.298828125,-0.0,1,4,0,0,0,0,0,0,0,0,0,0,1,2,0,0,0,0,332.7499084472656,3
1786296967.6647246,575.45751953125,11707,0,82966,3184,0,0,0,0,0,0,0,0,226.2158203125,13340.5556640625,-0.0,1,4,0,0,0,0,0,0,0,0,0,0,1,2,0,0,0,0,332.7499084472656,3
1786296967.7064524,575.4990844726562,11708,0,82966,3217,0,0,0,0,0,0,0,0,227.4677734375,13341.8076171875,-0.0,1,4,0,0,0,0,0,0,0,0,0,0,1,2,0,0,0,0,332.7499084472656,3
1786296967.7522085,575.54345703125,11709,0,82966,3256,0,0,0,0,0,0,0,0,229.1259765625,13343.4658203125,-0.0,1,4,0,0,0,0,0,0,0,0,0,0,1,2,0,0,0,0,332.7499084472656,3
1786296967.8141563,575.6097412109375,11710,0,82966,3323,0,0,0,0,0,0,0,0,231.5849609375,13345.9248046875,-0.0,1,4,0,0,0,0,0,0,0,0,0,0,1,2,0,0,0,0,332.7499084472656,3
1786296967.8582792,575.6690673828125,11711,0,82966,3385,0,0,0,0,0,0,0,0,233.7490234375,13348.0888671875,-0.0,1,4,0,0,0,0,0,0,0,0,0,0,1,2,0,0,0,0,332.7499084472656,3
1786296967.9131415,575.7320556640625,11712,0,82966,3455,0,0,0,0,0,0,0,0,236.1865234375,13350.5263671875,-0.0,1,4,0,0,0,0,0,0,0,0,0,0,1,2,0,0,0,0,332.7499084472656,3
1786296967.9574084,575.7741088867188,11713,0,82966,3505,0,0,0,0,0,0,0,0,237.9716796875,13352.3115234375,-0.0,1,4,0,0,0,0,0,0,0,0,0,0,1,2,0,0,0,0,332.7499084472656,3
1786296968.0045402,575.8179931640625,11714,0,82966,3538,0,0,0,0,0,0,0,0,239.1513671875,13353.4912109375,-0.0,1,4,0,0,0,0,0,0,0,0,0,0,1,2,0,0,0,0,332.7499084472656,3
1786296968.055308,575.864990234375,11715,0,82966,3588,0,0,0,0,0,0,0,0,240.904296875,13355.244140625,-0.0,1,4,0,0,0,0,0,0,0,0,0,0,1,2,0,0,0,0,332.7499084472656,3
1786296968.1144774,575.9288940429688,11716,0,82966,3655,0,0,0,0,0,0,0,0,243.20703125,13357.546875,-0.0,1,4,0,0,0,0,0,0,0,0,0,0,1,2,0,0,0,0,332.7499084472656,3
1786296968.1563632,575.9739990234375,11717,0,82966,3705,0,0,0,0,0,0,0,0,244.904296875,13359.244140625,-0.0,1,4,0,0,0,0,0,0,0,0,0,0,1,2,0,0,0,0,332.7499084472656,3
1786296968.2135906,576.0317993164062,11718,0,82966,3755,0,0,0,0,0,0,0,0,246.5751953125,13360.9150390625,-0.0,1,4,0,0,0,0,0,0,0,0,0,0,1,2,0,0,0,0,332.7499084472656,3
1786296968.2575307,576.0744018554688,11719,0,82966,3805,0,0,0,0,0,0,0,0,248.4052734375,13362.7451171875,-0.0,1,4,0,0,0,0,0,0,0,0,0,0,1,2,0,0,0,0,332.7499084472656,3
1786296968.3138866,576.1312866210938,11720,0,82966,3855,0,0,0,0,0,0,0,0,250.2353515625,13364.5751953125,-0.0,1,4,0,0,0,0,0,0,0,0,0,0,1,2,0,0,0,0,332.7499084472656,3
1786296968.3600397,576.1752319335938,11721,0,82966,3905,0,0,0,0,0,0,0,0,252.05859375,13366.3984375,-0.0,1,4,0,0,0,0,0,0,0,0,0,0,1,2,0,0,0,0,332.7499084472656,3
1786296968.414671,576.2333374023438,11722,0,82966,3955,0,0,0,0,0,0,0,0,253.8896484375,13368.2294921875,-0.0,1,4,0,0,0,0,0,0,0,0,0,0,1,2,0,0,0,0,332.7499084472656,3
1786296968.4567628,576.2758178710938,11723,0,82966,4005,0,0,0,0,0,0,0,0,255.7451171875,13370.0849609375,-0.0,1,4,0,0,0,0,0,0,0,0,0,0,1,2,0,0,0,0,332.7499084472656,3
1786296968.501399,576.3187866210938,11724,0,82966,4055,0,0,0,0,0,0,0,0,257.0029296875,13371.3427734375,-0.0,1,4,0,0,0,0,0,0,0,0,0,0,1,2,0,0,0,0,332.7499084472656,3
1786296968.5717962,576.3787231445312,11725,0,82966,4105,0,0,0,0,0,0,0,0,259.595703125,13373.935546875,-0.0,1,4,0,0,0,0,0,0,0,0,0,0,1,2,0,0,0,0,332.7499084472656,3
1786296968.6098826,576.412109375,11726,0,82966,4138,0,0,0,0,0,0,0,0,260.8701171875,13375.2099609375,-0.0,1,4,0,0,0,0,0,0,0,0,0,0,1,2,0,0,0,0,332.7499084472656,3
1786296968.670073,576.4676513671875,11727,0,82966,4188,0,0,0,0,0,0,0,0,262.728515625,13377.068359375,-0.0,1,4,0,0,0,0,0,0,0,0,0,0,1,2,0,0,0,0,332.7499084472656,3
1786296968.7098465,576.5078735351562,11728,0,82966,4222,0,0,0,0,0,0,0,0,264.1025390625,13378.4423828125,-0.0,1,4,0,0,0,0,0,0,0,0,0,0,1,2,0,0,0,0,332.7499084472656,3
1786296968.772084,576.5687255859375,11729,0,82966,4283,0,0,0,0,0,0,0,0,266.259765625,13380.599609375,-0.0,1,4,0,0,0,0,0,0,0,0,0,0,1,2,0,0,0,0,332.7499084472656,3
1786296968.8043194,576.6085815429688,11730,0,82966,4324,0,0,0,0,0,0,0,0,267.654296875,13381.994140625,-0.0,1,4,0,0,0,0,0,0,0,0,0,0,1,2,0,0,0,0,332.7499084472656,3
1786296968.8624187,576.67919921875,11731,0,82966,4397,0,0,0,0,0,0,0,0,270.05078125,13384.390625,-0.0,1,4,0,0,0,0,0,0,0,0,0,0,1,2,0,0,0,0,332.7499084472656,3
1786296968.9093144,576.7238159179688,11732,0,82966,4447,0,0,0,0,0,0,0,0,271.5263671875,13385.8662109375,-0.0,1,4,0,0,0,0,0,0,0,0,0,0,1,2,0,0,0,0,332.7499084472656,3
1786296968.9637213,576.7810668945312,11733,0,82966,4514,0,0,0,0,0,0,0,0,273.466796875,13387.806640625,-0.0,1,4,0,0,0,0,0,0,0,0,0,0,1,2,0,0,0,0,332.7499084472656,3
1786296969.008579,576.8238525390625,11734,0,82966,4547,0,0,0,0,0,0,0,0,274.427734375,13388.767578125,-0.0,1,4,0,0,0,0,0,0,0,0,0,0,1,2,0,0,0,0,332.7499084472656,3
1786296969.0630138,576.8819580078125,11735,0,82966,4614,0,0,0,0,0,0,0,0,276.3330078125,13390.6728515625,-0.0,1,4,0,0,0,0,0,0,0,0,0,0,1,2,0,0,0,0,332.7499084472656,3
1786296969.1076636,576.9247436523438,11736,0,82966,4647,0,0,0,0,0,0,0,0,277.2783203125,13391.6181640625,-0.0,1,4,0,0,0,0,0,0,0,0,0,0,1,2,0,0,0,0,332.7499084472656,3
1786296969.1617925,576.9810791015625,11737,0,82966,4714,0,0,0,0,0,0,0,0,279.1591796875,13393.4990234375,-0.0,1,4,0,0,0,0,0,0,0,0,0,0,1,2,0,0,0,0,332.7499084472656,3
1786296969.2082074,577.0239868164062,11738,0,82966,4747,0,0,0,0,0,0,0,0,280.091796875,13394.431640625,-0.0,1,4,0,0,0,0,0,0,0,0,0,0,1,2,0,0,0,0,332.7499084472656,3
1786296969.2627661,577.0806274414062,11739,0,82966,4814,0,0,0,0,0,0,0,0,281.9501953125,13396.2900390625,-0.0,1,4,0,0,0,0,0,0,0,0,0,0,1,2,0,0,0,0,332.7499084472656,3
1786296969.3062837,577.1233520507812,11740,0,82966,4847,0,0,0,0,0,0,0,0,282.87890625,13397.21875,-0.0,1,4,0,0,0,0,0,0,0,0,0,0,1,2,0,0,0,0,332.7499084472656,3
1786296969.3624084,577.180419921875,11741,0,82966,4914,0,0,0,0,0,0,0,0,284.734375,13399.07421875,-0.0,1,4,0,0,0,0,0,0,0,0,0,0,1,2,0,0,0,0,332.7499084472656,3
1786296969.4034662,577.222900390625,11742,0,82966,4947,0,0,0,0,0,0,0,0,285.66015625,13400.0,-0.0,1,4,0,0,0,0,0,0,0,0,0,0,1,2,0,0,0,0,332.7499084472656,3
1786296969.4573057,577.277587890625,11743,0,82966,5014,0,0,0,0,0,0,0,0,287.044921875,13401.384765625,-0.0,1,4,0,0,0,0,0,0,0,0,0,0,1,2,0,0,0,0,332.7499084472656,3
1786296969.5128496,577.331298828125,11744,0,82966,5064,0,0,0,0,0,0,0,0,288.8837890625,13403.2236328125,-0.0,1,4,0,0,0,0,0,0,0,0,0,0,1,2,0,0,0,0,332.7499084472656,3
1786296969.5600543,577.3736572265625,11745,0,82966,5097,0,0,0,0,0,0,0,0,289.798828125,13404.138671875,-0.0,1,4,0,0,0,0,0,0,0,0,0,0,1,2,0,0,0,0,332.7499084472656,3
1786296969.618232,577.4218139648438,11746,0,82966,5147,0,0,0,0,0,0,0,0,291.169921875,13405.509765625,-0.0,1,4,0,0,0,0,0,0,0,0,0,0,1,2,0,0,0,0,332.7499084472656,3
1786296969.6608071,577.4581298828125,11747,0,82966,5181,0,0,0,0,0,0,0,0,292.08203125,13406.421875,-0.0,1,4,0,0,0,0,0,0,0,0,0,0,1,2,0,0,0,0,332.7499084472656,3
1786296969.722679,577.5178833007812,11748,0,82966,5232,0,0,0,0,0,0,0,0,293.5908203125,13407.9306640625,-0.0,1,4,0,0,0,0,0,0,0,0,0,0,1,2,0,0,0,0,332.7499084472656,3
1786296969.7667074,577.5602416992188,11749,0,82966,5274,0,0,0,0,0,0,0,0,294.75390625,13409.09375,-0.0,1,4,0,0,0,0,0,0,0,0,0,0,1,2,0,0,0,0,332.7499084472656,3
1786296969.806908,577.6025390625,11750,0,82966,5316,0,0,0,0,0,0,0,0,295.921875,13410.26171875,-0.0,1,4,0,0,0,0,0,0,0,0,0,0,1,2,0,0,0,0,332.7499084472656,3
1786296969.8641608,577.6792602539062,11752,0,82966,5396,0,0,0,0,0,0,0,0,298.0517578125,13412.3916015625,-0.0,1,4,0,0,0,0,0,0,0,0,0,0,1,2,0,0,0,0,332.7499084472656,3
1786296969.9059632,577.7257690429688,11753,0,82966,5447,0,0,0,0,0,0,0,0,299.4482421875,13413.7880859375,-0.0,1,4,0,0,0,0,0,0,0,0,0,0,1,2,0,0,0,0,332.7499084472656,3
1786296969.9593725,577.78076171875,11754,0,82966,5514,0,0,0,0,0,0,0,0,301.3134765625,13415.6533203125,-0.0,1,4,0,0,0,0,0,0,0,0,0,0,1,2,0,0,0,0,332.7499084472656,3
1786296970.0064116,577.8226928710938,11755,0,82966,5547,0,0,0,0,0,0,0,0,302.2421875,13416.58203125,-0.0,1,4,0,0,0,0,0,0,0,0,0,0,1,2,0,0,0,0,332.7499084472656,3
1786296970.058575,577.8682250976562,11756,0,82966,5597,0,0,0,0,0,0,0,0,303.62890625,13417.96875,-0.0,1,4,0,0,0,0,0,0,0,0,0,0,1,2,0,0,0,0,332.7499084472656,3
1786296970.108021,577.9171142578125,11757,0,82966,5647,0,0,0,0,0,0,0,0,305.0048828125,13419.3447265625,-0.0,1,4,0,0,0,0,0,0,0,0,0,0,1,2,0,0,0,0,332.7499084472656,3
1786296970.1626318,577.9808349609375,11758,0,82966,5714,0,0,0,0,0,0,0,0,306.8212890625,13421.1611328125,-0.0,1,4,0,0,0,0,0,0,0,0,0,0,1,2,0,0,0,0,332.7499084472656,3
1786296970.2085435,578.0252075195312,11759,0,82966,5747,0,0,0,0,0,0,0,0,307.720703125,13422.060546875,-0.0,1,4,0,0,0,0,0,0,0,0,0,0,1,2,0,0,0,0,332.7499084472656,3
1786296970.2664976,578.0831909179688,11760,0,82966,5814,0,0,0,0,0,0,0,0,309.49609375,13423.8359375,-0.0,1,4,0,0,0,0,0,0,0,0,0,0,1,2,0,0,0,0,332.7499084472656,3
1786296970.306043,578.1257934570312,11761,0,82966,5847,0,0,0,0,0,0,0,0,310.373046875,13424.712890625,-0.0,1,4,0,0,0,0,0,0,0,0,0,0,1,2,0,0,0,0,332.7499084472656,3
1786296970.3614476,578.1802978515625,11762,0,82966,5914,0,0,0,0,0,0,0,0,312.1181640625,13426.4580078125,-0.0,1,4,0,0,0,0,0,0,0,0,0,0,1,2,0,0,0,0,332.7499084472656,3
1786296970.4136977,578.2344970703125,11763,0,82966,5964,0,0,0,0,0,0,0,0,313.4306640625,13427.7705078125,-0.0,1,4,0,0,0,0,0,0,0,0,0,0,1,2,0,0,0,0,332.7499084472656,3
1786296970.4577363,578.2752685546875,11764,0,82966,5997,0,0,0,0,0,0,0,0,314.2939453125,13428.6337890625,-0.0,1,4,0,0,0,0,0,0,0,0,0,0,1,2,0,0,0,0,332.7499084472656,3
1786296970.5142384,578.3320922851562,11765,0,82966,6064,0,0,0,0,0,0,0,0,316.0029296875,13430.3427734375,-0.0,1,4,0,0,0,0,0,0,0,0,0,0,1,2,0,0,0,0,332.7499084472656,3
1786296970.5637689,578.375732421875,11766,0,82966,6097,0,0,0,0,0,0,0,0,316.8525390625,13431.1923828125,-0.0,1,4,0,0,0,0,0,0,0,0,0,0,1,2,0,0,0,0,332.7499084472656,3
1786296970.6035402,578.4072875976562,11767,0,82966,6131,0,0,0,0,0,0,0,0,317.701171875,13432.041015625,-0.0,1,4,0,0,0,0,0,0,0,0,0,0,1,2,0,0,0,0,332.7499084472656,3
1786296970.6660745,578.4622192382812,11768,0,82966,6181,0,0,0,0,0,0,0,0,318.9794921875,13433.3193359375,-0.0,1,4,0,0,0,0,0,0,0,0,0,0,1,2,0,0,0,0,332.7499084472656,3
1786296970.7098434,578.503662109375,11769,0,82966,6217,0,0,0,0,0,0,0,0,320.0390625,13434.37890625,-0.0,1,4,0,0,0,0,0,0,0,0,0,0,1,2,0,0,0,0,332.7499084472656,3
1786296970.7702804,578.5665893554688,11770,0,82966,6280,0,0,0,0,0,0,0,0,321.6904296875,13436.0302734375,-0.0,1,4,0,0,0,0,0,0,0,0,0,0,1,2,0,0,0,0,332.7499084472656,3
1786296970.8079827,578.6079711914062,11771,0,82966,6322,0,0,0,0,0,0,0,0,322.798828125,13437.138671875,-0.0,1,4,0,0,0,0,0,0,0,0,0,0,1,2,0,0,0,0,332.7499084472656,3
1786296970.8631783,578.679931640625,11772,0,82966,6398,0,0,0,0,0,0,0,0,324.7919921875,13439.1318359375,-0.0,1,4,0,0,0,0,0,0,0,0,0,0,1,2,0,0,0,0,332.7499084472656,3
1786296970.9056156,578.7244262695312,11773,0,82966,6448,0,0,0,0,0,0,0,0,326.2294921875,13440.5693359375,-0.0,1,4,0,0,0,0,0,0,0,0,0,0,1,2,0,0,0,0,332.7499084472656,3
1786296970.9566445,578.7783813476562,11774,0,82966,6515,0,0,0,0,0,0,0,0,327.7119140625,13442.0517578125,-0.0,1,4,0,0,0,0,0,0,0,0,0,0,1,2,0,0,0,0,332.7499084472656,3
1786296971.0085099,578.821044921875,11775,0,82966,6548,0,0,0,0,0,0,0,0,329.1806640625,13443.5205078125,-0.0,1,4,0,0,0,0,0,0,0,0,0,0,1,2,0,0,0,0,332.7499084472656,3
1786296971.0616841,578.86767578125,11776,0,82966,6598,0,0,0,0,0,0,0,0,330.6240234375,13444.9638671875,-0.0,1,4,0,0,0,0,0,0,0,0,0,0,1,2,0,0,0,0,332.7499084472656,3
1786296971.1047049,578.9169311523438,11777,0,82966,6648,0,0,0,0,0,0,0,0,332.0517578125,13446.3916015625,-0.0,1,4,0,0,0,0,0,0,0,0,0,0,1,2,0,0,0,0,332.7499084472656,3
1786296971.1600425,578.9779663085938,11778,0,82966,6698,0,0,0,0,0,0,0,0,333.4716796875,13447.8115234375,-0.0,1,4,0,0,0,0,0,0,0,0,0,0,1,2,0,0,0,0,332.7499084472656,3
1786296971.203256,579.0205688476562,11779,0,82966,6748,0,0,0,0,0,0,0,0,334.8876953125,13449.2275390625,-0.0,1,4,0,0,0,0,0,0,0,0,0,0,1,2,0,0,0,0,332.7499084472656,3
1786296971.2591808,579.0770263671875,11780,0,82966,6798,0,0,0,0,0,0,0,0,336.310546875,13450.650390625,-0.0,1,4,0,0,0,0,0,0,0,0,0,0,1,2,0,0,0,0,332.7499084472656,3
1786296971.3033328,579.1199340820312,11781,0,82966,6848,0,0,0,0,0,0,0,0,337.7431640625,13452.0830078125,-0.0,1,4,0,0,0,0,0,0,0,0,0,0,1,2,0,0,0,0,332.7499084472656,3
1786296971.356938,579.1771240234375,11782,0,82966,6898,0,0,0,0,0,0,0,0,339.1953125,13453.53515625,-0.0,1,4,0,0,0,0,0,0,0,0,0,0,1,2,0,0,0,0,332.7499084472656,3
1786296971.410809,579.23193359375,11783,0,82966,6965,0,0,0,0,0,0,0,0,341.171875,13455.51171875,-0.0,1,4,0,0,0,0,0,0,0,0,0,0,1,2,0,0,0,0,332.7499084472656,3
1786296971.4533505,579.2720947265625,11784,0,82966,6998,0,0,0,0,0,0,0,0,342.18359375,13456.5234375,-0.0,1,4,0,0,0,0,0,0,0,0,0,0,1,2,0,0,0,0,332.7499084472656,3
1786296971.5118957,579.328125,11785,0,82966,7065,0,0,0,0,0,0,0,0,343.697265625,13458.037109375,-0.0,1,4,0,0,0,0,0,0,0,0,0,0,1,2,0,0,0,0,332.7499084472656,3
1786296971.5652423,579.373046875,11786,0,82966,7098,0,0,0,0,0,0,0,0,345.17578125,13459.515625,-0.0,1,4,0,0,0,0,0,0,0,0,0,0,1,2,0,0,0,0,332.7499084472656,3
1786296971.6024206,579.4060668945312,11787,0,82966,7131,0,0,0,0,0,0,0,0,346.1484375,13460.48828125,-0.0,1,4,0,0,0,0,0,0,0,0,0,0,1,2,0,0,0,0,332.7499084472656,3
1786296971.6640954,579.46142578125,11788,0,82966,7181,0,0,0,0,0,0,0,0,347.5888671875,13461.9287109375,-0.0,1,4,0,0,0,0,0,0,0,0,0,0,1,2,0,0,0,0,332.7499084472656,3
1786296971.7019243,579.50146484375,11789,0,82966,7216,0,0,0,0,0,0,0,0,348.6796875,13463.01953125,-0.0,1,4,0,0,0,0,0,0,0,0,0,0,1,2,0,0,0,0,332.7499084472656,3
1786296971.7637107,579.5619506835938,11790,0,82966,7276,0,0,0,0,0,0,0,0,350.3984375,13464.73828125,-0.0,1,4,0,0,0,0,0,0,0,0,0,0,1,2,0,0,0,0,332.7499084472656,3
1786296971.804511,579.6179809570312,11791,0,82966,7335,0,0,0,0,0,0,0,0,351.986328125,13466.326171875,-0.0,1,4,0,0,0,0,0,0,0,0,0,0,1,2,0,0,0,0,332.7499084472656,3
1786296971.8582149,579.6780395507812,11792,0,82966,7403,0,0,0,0,0,0,0,0,353.8896484375,13468.2294921875,-0.0,1,4,0,0,0,0,0,0,0,0,0,0,1,2,0,0,0,0,332.7499084472656,3
1786296971.9098141,579.7310180664062,11793,0,82966,7453,0,0,0,0,0,0,0,0,355.3349609375,13469.6748046875,-0.0,1,4,0,0,0,0,0,0,0,0,0,0,1,2,0,0,0,0,332.7499084472656,3
1786296971.9606588,579.7734375,11794,0,82966,7503,0,0,0,0,0,0,0,0,356.8017578125,13471.1416015625,-0.0,1,4,0,0,0,0,0,0,0,0,0,0,1,2,0,0,0,0,332.7499084472656,3
1786296972.0119324,579.8201293945312,11795,0,82966,7553,0,0,0,0,0,0,0,0,358.2763671875,13472.6162109375,-0.0,1,4,0,0,0,0,0,0,0,0,0,0,1,2,0,0,0,0,332.7499084472656,3
1786296972.062342,579.8712158203125,11796,0,82966,7603,0,0,0,0,0,0,0,0,359.705078125,13474.044921875,-0.0,1,4,0,0,0,0,0,0,0,0,0,0,1,2,0,0,0,0,332.7499084472656,3
1786296972.1094463,579.9214477539062,11797,0,82966,7653,0,0,0,0,0,0,0,0,361.107421875,13475.447265625,-0.0,1,4,0,0,0,0,0,0,0,0,0,0,1,2,0,0,0,0,332.7499084472656,3
1786296972.153813,579.9688110351562,11798,0,82966,7703,0,0,0,0,0,0,0,0,362.490234375,13476.830078125,-0.0,1,4,0,0,0,0,0,0,0,0,0,0,1,2,0,0,0,0,332.7499084472656,3
1786296972.2086825,580.0265502929688,11799,0,82966,7753,0,0,0,0,0,0,0,0,363.857421875,13478.197265625,-0.0,1,4,0,0,0,0,0,0,0,0,0,0,1,2,0,0,0,0,332.7499084472656,3
1786296972.2644615,580.0830078125,11800,0,82966,7819,0,0,0,0,0,0,0,0,365.2138671875,13479.5537109375,-0.0,1,4,0,0,0,0,0,0,0,0,0,0,1,2,0,0,0,0,332.7499084472656,3
1786296972.306283,580.1257934570312,11801,0,82966,7853,0,0,0,0,0,0,0,0,366.5654296875,13480.9052734375,-0.0,1,4,0,0,0,0,0,0,0,0,0,0,1,2,0,0,0,0,332.7499084472656,3
1786296972.3623395,580.1824340820312,11802,0,82966,7919,0,0,0,0,0,0,0,0,367.9150390625,13482.2548828125,-0.0,1,4,0,0,0,0,0,0,0,0,0,0,1,2,0,0,0,0,332.7499084472656,3
1786296972.405688,580.224365234375,11803,0,82966,7953,0,0,0,0,0,0,0,0,369.2685546875,13483.6083984375,-0.0,1,4,0,0,0,0,0,0,0,0,0,0,1,2,0,0,0,0,332.7499084472656,3
1786296972.4633982,580.2803955078125,11804,0,82966,8003,0,0,0,0,0,0,0,0,370.630859375,13484.970703125,-0.0,1,4,0,0,0,0,0,0,0,0,0,0,1,2,0,0,0,0,332.7499084472656,3
1786296972.5138686,580.324462890625,11805,0,82966,8053,0,0,0,0,0,0,0,0,372.0048828125,13486.3447265625,-0.0,1,4,0,0,0,0,0,0,0,0,0,0,1,2,0,0,0,0,332.7499084472656,3
1786296972.5575776,580.3578491210938,11806,0,82966,8086,0,0,0,0,0,0,0,0,372.9306640625,13487.2705078125,-0.0,1,4,0,0,0,0,0,0,0,0,0,0,1,2,0,0,0,0,332.7499084472656,3
1786296972.6205478,580.4148559570312,11807,0,82966,8136,0,0,0,0,0,0,0,0,374.3046875,13488.64453125,-0.0,1,4,0,0,0,0,0,0,0,0,0,0,1,2,0,0,0,0,332.7499084472656,3
1786296972.6621902,580.4568481445312,11808,0,82966,8171,0,0,0,0,0,0,0,0,375.35546875,13489.6953125,-0.0,1,4,0,0,0,0,0,0,0,0,0,0,1,2,0,0,0,0,332.7499084472656,3
1786296972.7214136,580.5189208984375,11809,0,82966,8233,0,0,0,0,0,0,0,0,377.0126953125,13491.3525390625,-0.0,1,4,0,0,0,0,0,0,0,0,0,0,1,2,0,0,0,0,332.7499084472656,3
1786296972.7605805,580.5594482421875,11810,0,82966,8274,0,0,0,0,0,0,0,0,378.0830078125,13492.4228515625,-0.0,1,4,0,0,0,0,0,0,0,0,0,0,1,2,0,0,0,0,332.7499084472656,3
1786296972.8042996,580.61474609375,11811,0,82966,8332,0,0,0,0,0,0,0,0,379.5341796875,13493.8740234375,-0.0,1,4,0,0,0,0,0,0,0,0,0,0,1,2,0,0,0,0,332.7499084472656,3
1786296972.865361,580.6796264648438,11812,0,82966,8400,0,0,0,0,0,0,0,0,381.294921875,13495.634765625,-0.0,1,4,0,0,0,0,0,0,0,0,0,0,1,2,0,0,0,0,332.7499084472656,3
1786296972.909864,580.72509765625,11813,0,82966,8450,0,0,0,0,0,0,0,0,382.59765625,13496.9375,-0.0,1,4,0,0,0,0,0,0,0,0,0,0,1,2,0,0,0,0,332.7499084472656,3
1786296972.9581983,580.7710571289062,11814,0,82966,8500,0,0,0,0,0,0,0,0,383.90625,13498.24609375,-0.0,1,4,0,0,0,0,0,0,0,0,0,0,1,2,0,0,0,0,332.7499084472656,3
1786296973.0029738,580.8182373046875,11815,0,82966,8550,0,0,0,0,0,0,0,0,385.224609375,13499.564453125,-0.0,1,4,0,0,0,0,0,0,0,0,0,0,1,2,0,0,0,0,332.7499084472656,3
1786296973.0612106,580.8782348632812,11816,0,82966,8600,0,0,0,0,0,0,0,0,386.5625,13500.90234375,-0.0,1,4,0,0,0,0,0,0,0,0,0,0,1,2,0,0,0,0,332.7499084472656,3
1786296973.1032412,580.9212646484375,11817,0,82966,8650,0,0,0,0,0,0,0,0,387.9228515625,13502.2626953125,-0.0,1,4,0,0,0,0,0,0,0,0,0,0,1,2,0,0,0,0,332.7499084472656,3
1786296973.159937,580.9779663085938,11818,0,82966,8700,0,0,0,0,0,0,0,0,389.279296875,13503.619140625,-0.0,1,4,0,0,0,0,0,0,0,0,0,0,1,2,0,0,0,0,332.7499084472656,3
1786296973.2076726,581.021728515625,11819,0,82966,8750,0,0,0,0,0,0,0,0,390.6259765625,13504.9658203125,-0.0,1,4,0,0,0,0,0,0,0,0,0,0,1,2,0,0,0,0,332.7499084472656,3
1786296973.259738,581.0796508789062,11820,0,82966,8800,0,0,0,0,0,0,0,0,391.9912109375,13506.3310546875,-0.0,1,4,0,0,0,0,0,0,0,0,0,0,1,2,0,0,0,0,332.7499084472656,3
1786296973.3032298,581.1215209960938,11821,0,82966,8850,0,0,0,0,0,0,0,0,393.3837890625,13507.7236328125,-0.0,1,4,0,0,0,0,0,0,0,0,0,0,1,2,0,0,0,0,332.7499084472656,3
1786296973.3648458,581.1797485351562,11822,0,82966,8900,0,0,0,0,0,0,0,0,394.8037109375,13509.1435546875,-0.0,1,4,0,0,0,0,0,0,0,0,0,0,1,2,0,0,0,0,332.7499084472656,3
1786296973.4172678,581.2262573242188,11823,0,82966,8950,0,0,0,0,0,0,0,0,396.2509765625,13510.5908203125,-0.0,1,4,0,0,0,0,0,0,0,0,0,0,1,2,0,0,0,0,332.7499084472656,3
1786296973.463361,581.26171875,11824,0,82966,8984,0,0,0,0,0,0,0,0,397.236328125,13511.576171875,-0.0,1,4,0,0,0,0,0,0,0,0,0,0,1,2,0,0,0,0,332.7499084472656,3
1786296973.506659,581.3009033203125,11825,0,82966,9017,0,0,0,0,0,0,0,0,398.30078125,13512.640625,-0.0,1,4,0,0,0,0,0,0,0,0,0,0,1,2,0,0,0,0,332.7499084472656,3
1786296973.571766,581.3644409179688,11826,0,82966,9077,0,0,0,0,0,0,0,0,400.271484375,13514.611328125,-0.0,1,4,0,0,0,0,0,0,0,0,0,0,1,2,0,0,0,0,332.7499084472656,3
1786296973.6107833,581.40625,11827,0,82966,9120,0,0,0,0,0,0,0,0,401.609375,13515.94921875,-0.0,1,4,0,0,0,0,0,0,0,0,0,0,1,2,0,0,0,0,332.7499084472656,3
1786296973.663304,581.4667358398438,11828,0,82966,9182,0,0,0,0,0,0,0,0,403.6044921875,13517.9443359375,-0.0,1,4,0,0,0,0,0,0,0,0,0,0,1,2,0,0,0,0,332.7499084472656,3
1786296973.7076385,581.52001953125,11829,0,82966,9238,0,0,0,0,0,0,0,0,405.396484375,13519.736328125,-0.0,1,4,0,0,0,0,0,0,0,0,0,0,1,2,0,0,0,0,332.7499084472656,3
1786296973.7628813,581.580322265625,11830,0,82966,9305,0,0,0,0,0,0,0,0,407.6572265625,13521.9970703125,-0.0,1,4,0,0,0,0,0,0,0,0,0,0,1,2,0,0,0,0,332.7499084472656,3
1786296973.8053248,581.623291015625,11831,0,82966,9355,0,0,0,0,0,0,0,0,409.3779296875,13523.7177734375,-0.0,1,4,0,0,0,0,0,0,0,0,0,0,1,2,0,0,0,0,332.7499084472656,3
1786296973.861572,581.6798095703125,11832,0,82966,9405,0,0,0,0,0,0,0,0,411.125,13525.46484375,-0.0,1,4,0,0,0,0,0,0,0,0,0,0,1,2,0,0,0,0,332.7499084472656,3
1786296973.9064841,581.722412109375,11833,0,82966,9455,0,0,0,0,0,0,0,0,412.896484375,13527.236328125,-0.0,1,4,0,0,0,0,0,0,0,0,0,0,1,2,0,0,0,0,332.7499084472656,3
1786296973.9611752,581.7799682617188,11834,0,82966,9505,0,0,0,0,0,0,0,0,414.677734375,13529.017578125,-0.0,1,4,0,0,0,0,0,0,0,0,0,0,1,2,0,0,0,0,332.7499084472656,3
1786296974.0095026,581.82373046875,11835,0,82966,9555,0,0,0,0,0,0,0,0,416.4775390625,13530.8173828125,-0.0,1,4,0,0,0,0,0,0,0,0,0,0,1,2,0,0,0,0,332.7499084472656,3
1786296974.0647454,581.882080078125,11836,0,82966,9605,0,0,0,0,0,0,0,0,418.296875,13532.63671875,-0.0,1,4,0,0,0,0,0,0,0,0,0,0,1,2,0,0,0,0,332.7499084472656,3
1786296974.1085114,581.9246826171875,11837,0,82966,9655,0,0,0,0,0,0,0,0,420.125,13534.46484375,-0.0,1,4,0,0,0,0,0,0,0,0,0,0,1,2,0,0,0,0,332.7499084472656,3
1786296974.16217,581.9804077148438,11838,0,82966,9705,0,0,0,0,0,0,0,0,421.943359375,13536.283203125,-0.0,1,4,0,0,0,0,0,0,0,0,0,0,1,2,0,0,0,0,332.7499084472656,3
1786296974.203082,582.02197265625,11839,0,82966,9755,0,0,0,0,0,0,0,0,423.791015625,13538.130859375,-0.0,1,4,0,0,0,0,0,0,0,0,0,0,1,2,0,0,0,0,332.7499084472656,3
1786296974.2599127,582.0775146484375,11840,0,82966,9805,0,0,0,0,0,0,0,0,425.669921875,13540.009765625,-0.0,1,4,0,0,0,0,0,0,0,0,0,0,1,2,0,0,0,0,332.7499084472656,3
1786296974.3071723,582.1207275390625,11841,0,82966,9855,0,0,0,0,0,0,0,0,427.5791015625,13541.9189453125,-0.0,1,4,0,0,0,0,0,0,0,0,0,0,1,2,0,0,0,0,332.7499084472656,3
1786296974.3537858,582.1656494140625,11842,0,82966,9888,0,0,0,0,0,0,0,0,428.8681640625,13543.2080078125,-0.0,1,4,0,0,0,0,0,0,0,0,0,0,1,2,0,0,0,0,332.7499084472656,3
1786296974.4123645,582.2140502929688,11843,0,82966,9938,0,0,0,0,0,0,0,0,430.81640625,13545.15625,-0.0,1,4,0,0,0,0,0,0,0,0,0,0,1,2,0,0,0,0,332.7499084472656,3
1786296974.4546983,582.2506713867188,11844,0,82966,9971,0,0,0,0,0,0,0,0,432.1279296875,13546.4677734375,-0.0,1,4,0,0,0,0,0,0,0,0,0,0,1,2,0,0,0,0,332.7499084472656,3
1786296974.5142093,582.3106079101562,11845,0,82966,10025,0,0,0,0,0,0,0,0,434.408203125,13548.748046875,-0.0,1,4,0,0,0,0,0,0,0,0,0,0,1,2,0,0,0,0,332.7499084472656,3
1786296974.5563736,582.35205078125,11846,0,82966,10066,0,0,0,0,0,0,0,0,436.08203125,13550.421875,-0.0,1,4,0,0,0,0,0,0,0,0,0,0,1,2,0,0,0,0,332.7499084472656,3
1786296974.6131532,582.4130249023438,11847,0,82966,10127,0,0,0,0,0,0,0,0,438.5810546875,13552.9208984375,-0.0,1,4,0,0,0,0,0,0,0,0,0,0,1,2,0,0,0,0,332.7499084472656,3
1786296974.6575599,582.4688720703125,11848,0,82966,10186,0,0,0,0,0,0,0,0,440.90625,13555.24609375,-0.0,1,4,0,0,0,0,0,0,0,0,0,0,1,2,0,0,0,0,332.7499084472656,3
1786296974.7101731,582.52978515625,11849,0,82966,10254,0,0,0,0,0,0,0,0,443.7197265625,13558.0595703125,-0.0,1,4,0,0,0,0,0,0,0,0,0,0,1,2,0,0,0,0,332.7499084472656,3
1786296974.7559626,582.5722045898438,11850,0,82966,10304,0,0,0,0,0,0,0,0,445.8486328125,13560.1884765625,-0.0,1,4,0,0,0,0,0,0,0,0,0,0,1,2,0,0,0,0,332.7499084472656,3
1786296974.8091147,582.6278686523438,11851,0,82966,10354,0,0,0,0,0,0,0,0,448.0029296875,13562.3427734375,-0.0,1,4,0,0,0,0,0,0,0,0,0,0,1,2,0,0,0,0,332.7499084472656,3
1786296974.863268,582.6829833984375,11852,0,82966,10420,0,0,0,0,0,0,0,0,450.185546875,13564.525390625,-0.0,1,4,0,0,0,0,0,0,0,0,0,0,1,2,0,0,0,0,332.7499084472656,3
1786296974.9032102,582.724365234375,11853,0,82966,10454,0,0,0,0,0,0,0,0,452.38671875,13566.7265625,-0.0,1,4,0,0,0,0,0,0,0,0,0,0,1,2,0,0,0,0,332.7499084472656,3
1786296974.9575958,582.7775268554688,11854,0,82966,10504,0,0,0,0,0,0,0,0,454.60546875,13568.9453125,-0.0,1,4,0,0,0,0,0,0,0,0,0,0,1,2,0,0,0,0,332.7499084472656,3
1786296975.0100365,582.8299560546875,11855,0,82966,10554,0,0,0,0,0,0,0,0,456.85546875,13571.1953125,-0.0,1,4,0,0,0,0,0,0,0,0,0,0,1,2,0,0,0,0,332.7499084472656,3
1786296975.0528383,582.8704833984375,11856,0,82966,10604,0,0,0,0,0,0,0,0,459.134765625,13573.474609375,-0.0,1,4,0,0,0,0,0,0,0,0,0,0,1,2,0,0,0,0,332.7499084472656,3
1786296975.1075664,582.9254760742188,11857,0,82966,10654,0,0,0,0,0,0,0,0,461.4423828125,13575.7822265625,-0.0,1,4,0,0,0,0,0,0,0,0,0,0,1,2,0,0,0,0,332.7499084472656,3
1786296975.1560724,582.9793701171875,11858,0,82966,10704,0,0,0,0,0,0,0,0,463.7783203125,13578.1181640625,-0.0,1,4,0,0,0,0,0,0,0,0,0,0,1,2,0,0,0,0,332.7499084472656,3
1786296975.2113593,583.0324096679688,11859,0,82966,10770,0,0,0,0,0,0,0,0,466.1416015625,13580.4814453125,-0.0,1,4,0,0,0,0,0,0,0,0,0,0,1,2,0,0,0,0,332.7499084472656,3
1786296975.2538433,583.0726318359375,11860,0,82966,10804,0,0,0,0,0,0,0,0,468.533203125,13582.873046875,-0.0,1,4,0,0,0,0,0,0,0,0,0,0,1,2,0,0,0,0,332.7499084472656,3
1786296975.3057816,583.1265258789062,11861,0,82966,10854,0,0,0,0,0,0,0,0,470.951171875,13585.291015625,-0.0,1,4,0,0,0,0,0,0,0,0,0,0,1,2,0,0,0,0,332.7499084472656,3
1786296975.363252,583.1815795898438,11862,0,82966,10904,0,0,0,0,0,0,0,0,473.3974609375,13587.7373046875,-0.0,1,4,0,0,0,0,0,0,0,0,0,0,1,2,0,0,0,0,332.7499084472656,3
1786296975.4074674,583.2236328125,11863,0,82966,10954,0,0,0,0,0,0,0,0,475.8701171875,13590.2099609375,-0.0,1,4,0,0,0,0,0,0,0,0,0,0,1,2,0,0,0,0,332.7499084472656,3
1786296975.4608188,583.2798461914062,11864,0,82966,11004,0,0,0,0,0,0,0,0,478.369140625,13592.708984375,-0.0,1,4,0,0,0,0,0,0,0,0,0,0,1,2,0,0,0,0,332.7499084472656,3
1786296975.503103,583.3217163085938,11865,0,82966,11054,0,0,0,0,0,0,0,0,480.890625,13595.23046875,-0.0,1,4,0,0,0,0,0,0,0,0,0,0,1,2,0,0,0,0,332.7499084472656,3
1786296975.5575397,583.3768920898438,11866,0,82966,11104,0,0,0,0,0,0,0,0,483.4375,13597.77734375,-0.0,1,4,0,0,0,0,0,0,0,0,0,0,1,2,0,0,0,0,332.7499084472656,3
1786296975.6137516,583.4323120117188,11867,0,82966,11154,0,0,0,0,0,0,0,0,486.009765625,13600.349609375,-0.0,1,4,0,0,0,0,0,0,0,0,0,0,1,2,0,0,0,0,332.7499084472656,3
1786296975.659338,583.474365234375,11868,0,82966,11204,0,0,0,0,0,0,0,0,488.6064453125,13602.9462890625,-0.0,1,4,0,0,0,0,0,0,0,0,0,0,1,2,0,0,0,0,332.7499084472656,3
1786296975.7116861,583.5308837890625,11869,0,82966,11254,0,0,0,0,0,0,0,0,491.2265625,13605.56640625,-0.0,1,4,0,0,0,0,0,0,0,0,0,0,1,2,0,0,0,0,332.7499084472656,3
1786296975.7563682,583.5736083984375,11870,0,82966,11304,0,0,0,0,0,0,0,0,493.869140625,13608.208984375,-0.0,1,4,0,0,0,0,0,0,0,0,0,0,1,2,0,0,0,0,332.7499084472656,3
1786296975.8096673,583.6293334960938,11871,0,82966,11354,0,0,0,0,0,0,0,0,496.53515625,13610.875,-0.0,1,4,0,0,0,0,0,0,0,0,0,0,1,2,0,0,0,0,332.7499084472656,3
1786296975.8527884,583.6712646484375,11872,0,82966,11404,0,0,0,0,0,0,0,0,499.2216796875,13613.5615234375,-0.0,1,4,0,0,0,0,0,0,0,0,0,0,1,2,0,0,0,0,332.7499084472656,3
1786296975.907637,583.72705078125,11873,0,82966,11454,0,0,0,0,0,0,0,0,501.9345703125,13616.2744140625,-0.0,1,4,0,0,0,0,0,0,0,0,0,0,1,2,0,0,0,0,332.7499084472656,3
1786296975.9544387,583.7699584960938,11874,0,82966,11504,0,0,0,0,0,0,0,0,504.6435546875,13618.9833984375,-0.0,1,4,0,0,0,0,0,0,0,0,0,0,1,2,0,0,0,0,332.7499084472656,3
1786296976.013663,583.827880859375,11875,0,82966,11554,0,0,0,0,0,0,0,0,507.3740234375,13621.7138671875,-0.0,1,4,0,0,0,0,0,0,0,0,0,0,1,2,0,0,0,0,332.7499084472656,3
1786296976.0551713,583.8710327148438,11876,0,82966,11604,0,0,0,0,0,0,0,0,510.1259765625,13624.4658203125,-0.0,1,4,0,0,0,0,0,0,0,0,0,0,1,2,0,0,0,0,332.7499084472656,3
1786296976.109807,583.9281616210938,11877,0,82966,11654,0,0,0,0,0,0,0,0,512.900390625,13627.240234375,-0.0,1,4,0,0,0,0,0,0,0,0,0,0,1,2,0,0,0,0,332.7499084472656,3
1786296976.1578631,583.9714965820312,11878,0,82966,11704,0,0,0,0,0,0,0,0,515.7001953125,13630.0400390625,-0.0,1,4,0,0,0,0,0,0,0,0,0,0,1,2,0,0,0,0,332.7499084472656,3
1786296976.2100966,584.02978515625,11879,0,82966,11754,0,0,0,0,0,0,0,0,518.5244140625,13632.8642578125,-0.0,1,4,0,0,0,0,0,0,0,0,0,0,1,2,0,0,0,0,332.7499084472656,3
1786296976.252779,584.07177734375,11880,0,82966,11804,0,0,0,0,0,0,0,0,521.3759765625,13635.7158203125,-0.0,1,4,0,0,0,0,0,0,0,0,0,0,1,2,0,0,0,0,332.7499084472656,3
1786296976.310242,584.1273193359375,11881,0,82966,11854,0,0,0,0,0,0,0,0,524.2548828125,13638.5947265625,-0.0,1,4,0,0,0,0,0,0,0,0,0,0,1,2,0,0,0,0,332.7499084472656,3
1786296976.3564963,584.1710205078125,11882,0,82966,11904,0,0,0,0,0,0,0,0,527.1533203125,13641.4931640625,-0.0,1,4,0,0,0,0,0,0,0,0,0,0,1,2,0,0,0,0,332.7499084472656,3
1786296976.4094608,584.2175903320312,11883,0,82966,11937,0,0,0,0,0,0,0,0,529.09375,13643.43359375,-0.0,1,4,0,0,0,0,0,0,0,0,0,0,1,2,0,0,0,0,332.7499084472656,3
1786296976.4733496,584.2709350585938,11884,0,82966,11987,0,0,0,0,0,0,0,0,532.1328125,13646.47265625,-0.0,1,4,0,0,0,0,0,0,0,0,0,0,1,2,0,0,0,0,332.7499084472656,3
1786296976.5110972,584.3096313476562,11885,0,82966,12025,0,0,0,0,0,0,0,0,534.4140625,13648.75390625,-0.0,1,4,0,0,0,0,0,0,0,0,0,0,1,2,0,0,0,0,332.7499084472656,3
1786296976.5558045,584.35009765625,11886,0,82966,12064,0,0,0,0,0,0,0,0,536.8125,13651.15234375,-0.0,1,4,0,0,0,0,0,0,0,0,0,0,1,2,0,0,0,0,332.7499084472656,3
1786296976.612472,584.4104614257812,11887,0,82966,12125,0,0,0,0,0,0,0,0,540.4169921875,13654.7568359375,-0.0,1,4,0,0,0,0,0,0,0,0,0,0,1,2,0,0,0,0,332.7499084472656,3
1786296976.6548867,584.4667358398438,11888,0,82966,12183,0,0,0,0,0,0,0,0,543.810546875,13658.150390625,-0.0,1,4,0,0,0,0,0,0,0,0,0,0,1,2,0,0,0,0,332.7499084472656,3
1786296976.7079365,584.5283203125,11889,0,82966,12252,0,0,0,0,0,0,0,0,547.8818359375,13662.2216796875,-0.0,1,4,0,0,0,0,0,0,0,0,0,0,1,2,0,0,0,0,332.7499084472656,3
1786296976.7632678,584.5831298828125,11890,0,82966,12318,0,0,0,0,0,0,0,0,550.94921875,13665.2890625,-0.0,1,4,0,0,0,0,0,0,0,0,0,0,1,2,0,0,0,0,332.7499084472656,3
1786296976.8084779,584.6249389648438,11891,0,82966,12352,0,0,0,0,0,0,0,0,554.03125,13668.37109375,-0.0,1,4,0,0,0,0,0,0,0,0,0,0,1,2,0,0,0,0,332.7499084472656,3
1786296976.8607159,584.6697387695312,11892,0,82966,12402,0,0,0,0,0,0,0,0,557.1279296875,13671.4677734375,-0.0,1,4,0,0,0,0,0,0,0,0,0,0,1,2,0,0,0,0,332.7499084472656,3
1786296976.9052942,584.717529296875,11893,0,82966,12452,0,0,0,0,0,0,0,0,560.2392578125,13674.5791015625,-0.0,1,4,0,0,0,0,0,0,0,0,0,0,1,2,0,0,0,0,332.7499084472656,3
1786296976.9597323,584.778076171875,11894,0,82966,12502,0,0,0,0,0,0,0,0,563.3701171875,13677.7099609375,-0.0,1,4,0,0,0,0,0,0,0,0,0,0,1,2,0,0,0,0,332.7499084472656,3
1786296977.004309,584.8211059570312,11895,0,82966,12552,0,0,0,0,0,0,0,0,566.517578125,13680.857421875,-0.0,1,4,0,0,0,0,0,0,0,0,0,0,1,2,0,0,0,0,332.7499084472656,3
1786296977.061653,584.8782348632812,11896,0,82966,12602,0,0,0,0,0,0,0,0,569.6796875,13684.01953125,-0.0,1,4,0,0,0,0,0,0,0,0,0,0,1,2,0,0,0,0,332.7499084472656,3
1786296977.1046338,584.921142578125,11897,0,82966,12652,0,0,0,0,0,0,0,0,572.8603515625,13687.2001953125,-0.0,1,4,0,0,0,0,0,0,0,0,0,0,1,2,0,0,0,0,332.7499084472656,3
1786296977.1626403,584.9789428710938,11898,0,82966,12702,0,0,0,0,0,0,0,0,576.0634765625,13690.4033203125,-0.0,1,4,0,0,0,0,0,0,0,0,0,0,1,2,0,0,0,0,332.7499084472656,3
1786296977.2114327,585.023681640625,11899,0,82966,12752,0,0,0,0,0,0,0,0,579.2822265625,13693.6220703125,-0.0,1,4,0,0,0,0,0,0,0,0,0,0,1,2,0,0,0,0,332.7499084472656,3
1786296977.2597702,585.07080078125,11900,0,82966,12802,0,0,0,0,0,0,0,0,582.517578125,13696.857421875,-0.0,1,4,0,0,0,0,0,0,0,0,0,0,1,2,0,0,0,0,332.7499084472656,3
1786296977.3094435,585.1199951171875,11901,0,82966,12852,0,0,0,0,0,0,0,0,585.7685546875,13700.1083984375,-0.0,1,4,0,0,0,0,0,0,0,0,0,0,1,2,0,0,0,0,332.7499084472656,3
1786296977.3664412,585.1699829101562,11902,0,82966,12902,0,0,0,0,0,0,0,0,589.0361328125,13703.3759765625,-0.0,1,4,0,0,0,0,0,0,0,0,0,0,1,2,0,0,0,0,332.7499084472656,3
1786296977.4055524,585.206298828125,11903,0,82966,12935,0,0,0,0,0,0,0,0,591.2236328125,13705.5634765625,-0.0,1,4,0,0,0,0,0,0,0,0,0,0,1,2,0,0,0,0,332.7499084472656,3
1786296977.4725292,585.2655029296875,11904,0,82966,12985,0,0,0,0,0,0,0,0,594.517578125,13708.857421875,-0.0,1,4,0,0,0,0,0,0,0,0,0,0,1,2,0,0,0,0,332.7499084472656,3
1786296977.514802,585.30810546875,11905,0,82966,13021,0,0,0,0,0,0,0,0,597.2373046875,13711.5771484375,-0.0,1,4,0,0,0,0,0,0,0,0,0,0,1,2,0,0,0,0,332.7499084472656,3
1786296977.556178,585.3507080078125,11906,0,82966,13064,0,0,0,0,0,0,0,0,600.068359375,13714.408203125,-0.0,1,4,0,0,0,0,0,0,0,0,0,0,1,2,0,0,0,0,332.7499084472656,3
1786296977.611981,585.4133911132812,11907,0,82966,13128,0,0,0,0,0,0,0,0,604.255859375,13718.595703125,-0.0,1,4,0,0,0,0,0,0,0,0,0,0,1,2,0,0,0,0,332.7499084472656,3
1786296977.6583438,585.4690551757812,11908,0,82966,13186,0,0,0,0,0,0,0,0,608.0068359375,13722.3466796875,-0.0,1,4,0,0,0,0,0,0,0,0,0,0,1,2,0,0,0,0,332.7499084472656,3
1786296977.7141964,585.5313720703125,11909,0,82966,13254,0,0,0,0,0,0,0,0,612.537109375,13726.876953125,-0.0,1,4,0,0,0,0,0,0,0,0,0,0,1,2,0,0,0,0,332.7499084472656,3
1786296977.7601857,585.5742797851562,11910,0,82966,13304,0,0,0,0,0,0,0,0,615.939453125,13730.279296875,-0.0,1,4,0,0,0,0,0,0,0,0,0,0,1,2,0,0,0,0,332.7499084472656,3
1786296977.8120291,585.6209716796875,11911,0,82966,13354,0,0,0,0,0,0,0,0,619.3525390625,13733.6923828125,-0.0,1,4,0,0,0,0,0,0,0,0,0,0,1,2,0,0,0,0,332.7499084472656,3
1786296977.8583395,585.6700439453125,11912,0,82966,13404,0,0,0,0,0,0,0,0,622.775390625,13737.115234375,-0.0,1,4,0,0,0,0,0,0,0,0,0,0,1,2,0,0,0,0,332.7499084472656,3
1786296977.9043984,585.7176513671875,11913,0,82966,13437,0,0,0,0,0,0,0,0,625.060546875,13739.400390625,-0.0,1,4,0,0,0,0,0,0,0,0,0,0,1,2,0,0,0,0,332.7499084472656,3
1786296977.967134,585.7791137695312,11914,0,82966,13504,0,0,0,0,0,0,0,0,629.6142578125,13743.9541015625,-0.0,1,4,0,0,0,0,0,0,0,0,0,0,1,2,0,0,0,0,332.7499084472656,3
1786296978.0140655,585.8258666992188,11915,0,82966,13554,0,0,0,0,0,0,0,0,633.0107421875,13747.3505859375,-0.0,1,4,0,0,0,0,0,0,0,0,0,0,1,2,0,0,0,0,332.7499084472656,3
1786296978.0657024,585.8739013671875,11916,0,82966,13604,0,0,0,0,0,0,0,0,636.392578125,13750.732421875,-0.0,1,4,0,0,0,0,0,0,0,0,0,0,1,2,0,0,0,0,332.7499084472656,3
1786296978.1121874,585.9226684570312,11917,0,82966,13654,0,0,0,0,0,0,0,0,639.759765625,13754.099609375,-0.0,1,4,0,0,0,0,0,0,0,0,0,0,1,2,0,0,0,0,332.7499084472656,3
1786296978.1574776,585.970703125,11918,0,82966,13704,0,0,0,0,0,0,0,0,643.11328125,13757.453125,-0.0,1,4,0,0,0,0,0,0,0,0,0,0,1,2,0,0,0,0,332.7499084472656,3
1786296978.2028303,586.0166015625,11919,0,82966,13737,0,0,0,0,0,0,0,0,645.341796875,13759.681640625,-0.0,1,4,0,0,0,0,0,0,0,0,0,0,1,2,0,0,0,0,332.7499084472656,3
1786296978.2687716,586.078369140625,11920,0,82966,13804,0,0,0,0,0,0,0,0,649.78125,13764.12109375,-0.0,1,4,0,0,0,0,0,0,0,0,0,0,1,2,0,0,0,0,332.7499084472656,3
1786296978.3076725,586.111083984375,11921,0,82966,13837,0,0,0,0,0,0,0,0,651.9912109375,13766.3310546875,-0.0,1,4,0,0,0,0,0,0,0,0,0,0,1,2,0,0,0,0,332.7499084472656,3
1786296978.3698125,586.1658935546875,11922,0,82966,13887,0,0,0,0,0,0,0,0,655.294921875,13769.634765625,-0.0,1,4,0,0,0,0,0,0,0,0,0,0,1,2,0,0,0,0,332.7499084472656,3
1786296978.4125593,586.2061157226562,11923,0,82966,13921,0,0,0,0,0,0,0,0,657.71875,13772.05859375,-0.0,1,4,0,0,0,0,0,0,0,0,0,0,1,2,0,0,0,0,332.7499084472656,3
1786296978.4561105,586.24853515625,11924,0,82966,13962,0,0,0,0,0,0,0,0,660.501953125,13774.841796875,-0.0,1,4,0,0,0,0,0,0,0,0,0,0,1,2,0,0,0,0,332.7499084472656,3
1786296978.521202,586.3143310546875,11925,0,82966,14027,0,0,0,0,0,0,0,0,664.7646484375,13779.1044921875,-0.0,1,4,0,0,0,0,0,0,0,0,0,0,1,2,0,0,0,0,332.7499084472656,3
1786296978.567186,586.3742065429688,11926,0,82966,14090,0,0,0,0,0,0,0,0,668.55078125,13782.890625,-0.0,1,4,0,0,0,0,0,0,0,0,0,0,1,2,0,0,0,0,332.7499084472656,3
1786296978.6085799,586.4246215820312,11927,0,82966,14144,0,0,0,0,0,0,0,0,671.7216796875,13786.0615234375,-0.0,1,4,0,0,0,0,0,0,0,0,0,0,1,2,0,0,0,0,332.7499084472656,3
1786296978.6620448,586.4810180664062,11928,0,82966,14210,0,0,0,0,0,0,0,0,675.69921875,13790.0390625,-0.0,1,4,0,0,0,0,0,0,0,0,0,0,1,2,0,0,0,0,332.7499084472656,3
1786296978.707529,586.5231323242188,11929,0,82966,14244,0,0,0,0,0,0,0,0,677.6357421875,13791.9755859375,-0.0,1,4,0,0,0,0,0,0,0,0,0,0,1,2,0,0,0,0,332.7499084472656,3
1786296978.759675,586.5803833007812,11930,0,82966,14310,0,0,0,0,0,0,0,0,681.412109375,13795.751953125,-0.0,1,4,0,0,0,0,0,0,0,0,0,0,1,2,0,0,0,0,332.7499084472656,3
1786296978.806147,586.6226196289062,11931,0,82966,14344,0,0,0,0,0,0,0,0,683.255859375,13797.595703125,-0.0,1,4,0,0,0,0,0,0,0,0,0,0,1,2,0,0,0,0,332.7499084472656,3
1786296978.8597395,586.6787109375,11932,0,82966,14410,0,0,0,0,0,0,0,0,686.8388671875,13801.1787109375,-0.0,1,4,0,0,0,0,0,0,0,0,0,0,1,2,0,0,0,0,332.7499084472656,3
1786296978.9032059,586.7211303710938,11933,0,82966,14444,0,0,0,0,0,0,0,0,688.5771484375,13802.9169921875,-0.0,1,4,0,0,0,0,0,0,0,0,0,0,1,2,0,0,0,0,332.7499084472656,3
1786296978.962811,586.7784423828125,11934,0,82966,14510,0,0,0,0,0,0,0,0,691.9482421875,13806.2880859375,-0.0,1,4,0,0,0,0,0,0,0,0,0,0,1,2,0,0,0,0,332.7499084472656,3
1786296979.00825,586.8223266601562,11935,0,82966,14544,0,0,0,0,0,0,0,0,693.5859375,13807.92578125,-0.0,1,4,0,0,0,0,0,0,0,0,0,0,1,2,0,0,0,0,332.7499084472656,3
1786296979.064375,586.8807983398438,11936,0,82966,14610,0,0,0,0,0,0,0,0,696.78125,13811.12109375,-0.0,1,4,0,0,0,0,0,0,0,0,0,0,1,2,0,0,0,0,332.7499084472656,3
1786296979.109606,586.9246826171875,11937,0,82966,14660,0,0,0,0,0,0,0,0,698.3515625,13812.69140625,-0.0,1,4,0,0,0,0,0,0,0,0,0,0,1,2,0,0,0,0,332.7499084472656,3
1786296979.1645365,586.9828491210938,11938,0,82966,14710,0,0,0,0,0,0,0,0,701.4169921875,13815.7568359375,-0.0,1,4,0,0,0,0,0,0,0,0,0,0,1,2,0,0,0,0,332.7499084472656,3
1786296979.2075891,587.0252685546875,11939,0,82966,14760,0,0,0,0,0,0,0,0,702.9150390625,13817.2548828125,-0.0,1,4,0,0,0,0,0,0,0,0,0,0,1,2,0,0,0,0,332.7499084472656,3
1786296979.2547696,587.0692138671875,11940,0,82966,14794,0,0,0,0,0,0,0,0,705.1337890625,13819.4736328125,-0.0,1,4,0,0,0,0,0,0,0,0,0,0,1,2,0,0,0,0,332.7499084472656,3
1786296979.3096852,587.1277465820312,11941,0,82966,14860,0,0,0,0,0,0,0,0,708.0537109375,13822.3935546875,-0.0,1,4,0,0,0,0,0,0,0,0,0,0,1,2,0,0,0,0,332.7499084472656,3
1786296979.3583539,587.1715698242188,11942,0,82966,14894,0,0,0,0,0,0,0,0,709.498046875,13823.837890625,-0.0,1,4,0,0,0,0,0,0,0,0,0,0,1,2,0,0,0,0,332.7499084472656,3
1786296979.4023716,587.2164306640625,11943,0,82966,14944,0,0,0,0,0,0,0,0,711.642578125,13825.982421875,-0.0,1,4,0,0,0,0,0,0,0,0,0,0,1,2,0,0,0,0,332.7499084472656,3
1786296979.452917,587.26171875,11944,0,82966,14994,0,0,0,0,0,0,0,0,713.7578125,13828.09765625,-0.0,1,4,0,0,0,0,0,0,0,0,0,0,1,2,0,0,0,0,332.7499084472656,3
1786296979.5170572,587.31396484375,11945,0,82966,15044,0,0,0,0,0,0,0,0,715.841796875,13830.181640625,-0.0,1,4,0,0,0,0,0,0,0,0,0,0,1,2,0,0,0,0,332.7499084472656,3
1786296979.5597217,587.3529663085938,11946,0,82966,15077,0,0,0,0,0,0,0,0,717.212890625,13831.552734375,-0.0,1,4,0,0,0,0,0,0,0,0,0,0,1,2,0,0,0,0,332.7499084472656,3
1786296979.617802,587.4154052734375,11947,0,82966,15129,0,0,0,0,0,0,0,0,719.4951171875,13833.8349609375,-0.0,1,4,0,0,0,0,0,0,0,0,0,0,1,2,0,0,0,0,332.7499084472656,3
1786296979.6596868,587.4556884765625,11948,0,82966,15170,0,0,0,0,0,0,0,0,721.1015625,13835.44140625,-0.0,1,4,0,0,0,0,0,0,0,0,0,0,1,2,0,0,0,0,332.7499084472656,3
1786296979.7051802,587.513427734375,11949,0,82966,15230,0,0,0,0,0,0,0,0,723.4619140625,13837.8017578125,-0.0,1,4,0,0,0,0,0,0,0,0,0,0,1,2,0,0,0,0,332.7499084472656,3
1786296979.7641602,587.5800170898438,11950,0,82966,15300,0,0,0,0,0,0,0,0,726.3251953125,13840.6650390625,-0.0,1,4,0,0,0,0,0,0,0,0,0,0,1,2,0,0,0,0,332.7499084472656,3
1786296979.8050787,587.6234741210938,11951,0,82966,15350,0,0,0,0,0,0,0,0,728.4462890625,13842.7861328125,-0.0,1,4,0,0,0,0,0,0,0,0,0,0,1,2,0,0,0,0,332.7499084472656,3
1786296979.855643,587.6663208007812,11952,0,82966,15400,0,0,0,0,0,0,0,0,730.595703125,13844.935546875,-0.0,1,4,0,0,0,0,0,0,0,0,0,0,1,2,0,0,0,0,332.7499084472656,3
1786296979.9050012,587.712646484375,11953,0,82966,15433,0,0,0,0,0,0,0,0,732.048828125,13846.388671875,-0.0,1,4,0,0,0,0,0,0,0,0,0,0,1,2,0,0,0,0,332.7499084472656,3
1786296979.9664252,587.778564453125,11954,0,82966,15500,0,0,0,0,0,0,0,0,735.013671875,13849.353515625,-0.0,1,4,0,0,0,0,0,0,0,0,0,0,1,2,0,0,0,0,332.7499084472656,3
1786296980.0078645,587.824951171875,11955,0,82966,15550,0,0,0,0,0,0,0,0,737.298828125,13851.638671875,-0.0,1,4,0,0,0,0,0,0,0,0,0,0,1,2,0,0,0,0,332.7499084472656,3
1786296980.0664558,587.8823852539062,11957,0,82966,15616,0,0,0,0,0,0,0,0,740.8427734375,13855.1826171875,-0.0,1,4,0,0,0,0,0,0,0,0,0,0,1,2,0,0,0,0,332.7499084472656,3
1786296980.111259,587.9255981445312,11958,0,82966,15650,0,0,0,0,0,0,0,0,742.5927734375,13856.9326171875,-0.0,1,4,0,0,0,0,0,0,0,0,0,0,1,2,0,0,0,0,332.7499084472656,3
1786296980.1552522,587.9694213867188,11959,0,82966,15700,0,0,0,0,0,0,0,0,745.154296875,13859.494140625,-0.0,1,4,0,0,0,0,0,0,0,0,0,0,1,2,0,0,0,0,332.7499084472656,3
1786296980.2160587,588.0294799804688,11960,0,82966,15750,0,0,0,0,0,0,0,0,747.671875,13862.01171875,-0.0,1,4,0,0,0,0,0,0,0,0,0,0,1,2,0,0,0,0,332.7499084472656,3
1786296980.2597532,588.0745849609375,11961,0,82966,15800,0,0,0,0,0,0,0,0,750.1728515625,13864.5126953125,-0.0,1,4,0,0,0,0,0,0,0,0,0,0,1,2,0,0,0,0,332.7499084472656,3
1786296980.3061068,588.119384765625,11962,0,82966,15850,0,0,0,0,0,0,0,0,752.6875,13867.02734375,-0.0,1,4,0,0,0,0,0,0,0,0,0,0,1,2,0,0,0,0,332.7499084472656,3
1786296980.367526,588.1801147460938,11963,0,82966,15900,0,0,0,0,0,0,0,0,754.7451171875,13869.0849609375,-0.0,1,4,0,0,0,0,0,0,0,0,0,0,1,2,0,0,0,0,332.7499084472656,3
1786296980.4205716,588.2271728515625,11964,0,82966,15950,0,0,0,0,0,0,0,0,756.716796875,13871.056640625,-0.0,1,4,0,0,0,0,0,0,0,0,0,0,1,2,0,0,0,0,332.7499084472656,3
1786296980.4625905,588.26220703125,11965,0,82966,15983,0,0,0,0,0,0,0,0,758.0341796875,13872.3740234375,-0.0,1,4,0,0,0,0,0,0,0,0,0,0,1,2,0,0,0,0,332.7499084472656,3
1786296980.5031474,588.2996826171875,11966,0,82966,16016,0,0,0,0,0,0,0,0,759.4091796875,13873.7490234375,-0.0,1,4,0,0,0,0,0,0,0,0,0,0,1,2,0,0,0,0,332.7499084472656,3
1786296980.5696907,588.3619995117188,11967,0,82966,16075,0,0,0,0,0,0,0,0,761.8837890625,13876.2236328125,-0.0,1,4,0,0,0,0,0,0,0,0,0,0,1,2,0,0,0,0,332.7499084472656,3
1786296980.606936,588.4037475585938,11968,0,82966,16117,0,0,0,0,0,0,0,0,763.5478515625,13877.8876953125,-0.0,1,4,0,0,0,0,0,0,0,0,0,0,1,2,0,0,0,0,332.7499084472656,3
1786296980.657383,588.4639892578125,11969,0,82966,16180,0,0,0,0,0,0,0,0,765.951171875,13880.291015625,-0.0,1,4,0,0,0,0,0,0,0,0,0,0,1,2,0,0,0,0,332.7499084472656,3
1786296980.7024257,588.515869140625,11970,0,82966,16234,0,0,0,0,0,0,0,0,768.0341796875,13882.3740234375,-0.0,1,4,0,0,0,0,0,0,0,0,0,0,1,2,0,0,0,0,332.7499084472656,3
1786296980.7594087,588.575439453125,11971,0,82966,16301,0,0,0,0,0,0,0,0,770.7568359375,13885.0966796875,-0.0,1,4,0,0,0,0,0,0,0,0,0,0,1,2,0,0,0,0,332.7499084472656,3
1786296980.814404,588.6322631835938,11972,0,82966,16367,0,0,0,0,0,0,0,0,772.8359375,13887.17578125,-0.0,1,4,0,0,0,0,0,0,0,0,0,0,1,2,0,0,0,0,332.7499084472656,3
1786296980.8613455,588.6754760742188,11973,0,82966,16401,0,0,0,0,0,0,0,0,774.9375,13889.27734375,-0.0,1,4,0,0,0,0,0,0,0,0,0,0,1,2,0,0,0,0,332.7499084472656,3
1786296980.9066653,588.7206420898438,11974,0,82966,16451,0,0,0,0,0,0,0,0,777.0625,13891.40234375,-0.0,1,4,0,0,0,0,0,0,0,0,0,0,1,2,0,0,0,0,332.7499084472656,3
1786296980.9635694,588.781005859375,11975,0,82966,16517,0,0,0,0,0,0,0,0,779.208984375,13893.548828125,-0.0,1,4,0,0,0,0,0,0,0,0,0,0,1,2,0,0,0,0,332.7499084472656,3
1786296981.0076146,588.8241577148438,11976,0,82966,16551,0,0,0,0,0,0,0,0,781.3759765625,13895.7158203125,-0.0,1,4,0,0,0,0,0,0,0,0,0,0,1,2,0,0,0,0,332.7499084472656,3
1786296981.0594447,588.8793334960938,11977,0,82966,16601,0,0,0,0,0,0,0,0,783.5634765625,13897.9033203125,-0.0,1,4,0,0,0,0,0,0,0,0,0,0,1,2,0,0,0,0,332.7499084472656,3
1786296981.1058972,588.92138671875,11978,0,82966,16651,0,0,0,0,0,0,0,0,786.03125,13900.37109375,-0.0,1,4,0,0,0,0,0,0,0,0,0,0,1,2,0,0,0,0,332.7499084472656,3
1786296981.1584697,588.9775390625,11979,0,82966,16701,0,0,0,0,0,0,0,0,788.5634765625,13902.9033203125,-0.0,1,4,0,0,0,0,0,0,0,0,0,0,1,2,0,0,0,0,332.7499084472656,3
1786296981.211661,589.0321044921875,11980,0,82966,16767,0,0,0,0,0,0,0,0,791.1220703125,13905.4619140625,-0.0,1,4,0,0,0,0,0,0,0,0,0,0,1,2,0,0,0,0,332.7499084472656,3
1786296981.252563,589.072509765625,11981,0,82966,16801,0,0,0,0,0,0,0,0,793.71875,13908.05859375,-0.0,1,4,0,0,0,0,0,0,0,0,0,0,1,2,0,0,0,0,332.7499084472656,3
1786296981.3073282,589.1253662109375,11982,0,82966,16851,0,0,0,0,0,0,0,0,796.369140625,13910.708984375,-0.0,1,4,0,0,0,0,0,0,0,0,0,0,1,2,0,0,0,0,332.7499084472656,3
1786296981.3579812,589.1787109375,11983,0,82966,16901,0,0,0,0,0,0,0,0,799.0908203125,13913.4306640625,-0.0,1,4,0,0,0,0,0,0,0,0,0,0,1,2,0,0,0,0,332.7499084472656,3
1786296981.4112628,589.2322998046875,11984,0,82966,16967,0,0,0,0,0,0,0,0,801.697265625,13916.037109375,-0.0,1,4,0,0,0,0,0,0,0,0,0,0,1,2,0,0,0,0,332.7499084472656,3
1786296981.452254,589.272705078125,11985,0,82966,17001,0,0,0,0,0,0,0,0,804.1875,13918.52734375,-0.0,1,4,0,0,0,0,0,0,0,0,0,0,1,2,0,0,0,0,332.7499084472656,3
1786296981.507996,589.3263549804688,11986,0,82966,17051,0,0,0,0,0,0,0,0,806.5927734375,13920.9326171875,-0.0,1,4,0,0,0,0,0,0,0,0,0,0,1,2,0,0,0,0,332.7499084472656,3
1786296981.5542262,589.3687744140625,11987,0,82966,17101,0,0,0,0,0,0,0,0,808.9296875,13923.26953125,-0.0,1,4,0,0,0,0,0,0,0,0,0,0,1,2,0,0,0,0,332.7499084472656,3
1786296981.6164043,589.4283447265625,11988,0,82966,17151,0,0,0,0,0,0,0,0,811.21484375,13925.5546875,-0.0,1,4,0,0,0,0,0,0,0,0,0,0,1,2,0,0,0,0,332.7499084472656,3
1786296981.657061,589.4732055664062,11989,0,82966,17201,0,0,0,0,0,0,0,0,813.4609375,13927.80078125,-0.0,1,4,0,0,0,0,0,0,0,0,0,0,1,2,0,0,0,0,332.7499084472656,3
1786296981.710133,589.5311279296875,11990,0,82966,17267,0,0,0,0,0,0,0,0,815.5947265625,13929.9345703125,-0.0,1,4,0,0,0,0,0,0,0,0,0,0,1,2,0,0,0,0,332.7499084472656,3
1786296981.7569907,589.5731201171875,11991,0,82966,17301,0,0,0,0,0,0,0,0,817.640625,13931.98046875,-0.0,1,4,0,0,0,0,0,0,0,0,0,0,1,2,0,0,0,0,332.7499084472656,3
1786296981.809967,589.6285400390625,11992,0,82966,17351,0,0,0,0,0,0,0,0,819.69921875,13934.0390625,-0.0,1,4,0,0,0,0,0,0,0,0,0,0,1,2,0,0,0,0,332.7499084472656,3
1786296981.8531506,589.6699829101562,11993,0,82966,17401,0,0,0,0,0,0,0,0,821.76953125,13936.109375,-0.0,1,4,0,0,0,0,0,0,0,0,0,0,1,2,0,0,0,0,332.7499084472656,3
1786296981.9087062,589.725341796875,11994,0,82966,17451,0,0,0,0,0,0,0,0,823.853515625,13938.193359375,-0.0,1,4,0,0,0,0,0,0,0,0,0,0,1,2,0,0,0,0,332.7499084472656,3
1786296981.9540484,589.7691040039062,11995,0,82966,17501,0,0,0,0,0,0,0,0,825.9482421875,13940.2880859375,-0.0,1,4,0,0,0,0,0,0,0,0,0,0,1,2,0,0,0,0,332.7499084472656,3
1786296982.014069,589.8287353515625,11996,0,82966,17551,0,0,0,0,0,0,0,0,828.0546875,13942.39453125,-0.0,1,4,0,0,0,0,0,0,0,0,0,0,1,2,0,0,0,0,332.7499084472656,3
1786296982.059698,589.8732299804688,11997,0,82966,17601,0,0,0,0,0,0,0,0,830.1728515625,13944.5126953125,-0.0,1,4,0,0,0,0,0,0,0,0,0,0,1,2,0,0,0,0,332.7499084472656,3
1786296982.1057901,589.9181518554688,11998,0,82966,17651,0,0,0,0,0,0,0,0,832.306640625,13946.646484375,-0.0,1,4,0,0,0,0,0,0,0,0,0,0,1,2,0,0,0,0,332.7499084472656,3
1786296982.1600606,589.9766235351562,11999,0,82966,17701,0,0,0,0,0,0,0,0,834.455078125,13948.794921875,-0.0,1,4,0,0,0,0,0,0,0,0,0,0,1,2,0,0,0,0,332.7499084472656,3
1786296982.2023683,590.02001953125,12000,0,82966,17751,0,0,0,0,0,0,0,0,836.619140625,13950.958984375,-0.0,1,4,0,0,0,0,0,0,0,0,0,0,1,2,0,0,0,0,332.7499084472656,3
1786296982.2621458,590.0781860351562,12001,0,82966,17801,0,0,0,0,0,0,0,0,838.7998046875,13953.1396484375,-0.0,1,4,0,0,0,0,0,0,0,0,0,0,1,2,0,0,0,0,332.7499084472656,3
1786296982.3047197,590.121337890625,12002,0,82966,17851,0,0,0,0,0,0,0,0,840.9970703125,13955.3369140625,-0.0,1,4,0,0,0,0,0,0,0,0,0,0,1,2,0,0,0,0,332.7499084472656,3
1786296982.362305,590.1784057617188,12003,0,82966,17901,0,0,0,0,0,0,0,0,843.2119140625,13957.5517578125,-0.0,1,4,0,0,0,0,0,0,0,0,0,0,1,2,0,0,0,0,332.7499084472656,3
1786296982.4049938,590.2215576171875,12004,0,82966,17951,0,0,0,0,0,0,0,0,845.443359375,13959.783203125,-0.0,1,4,0,0,0,0,0,0,0,0,0,0,1,2,0,0,0,0,332.7499084472656,3
1786296982.4617639,590.2786254882812,12005,0,82966,18001,0,0,0,0,0,0,0,0,847.693359375,13962.033203125,-0.0,1,4,0,0,0,0,0,0,0,0,0,0,1,2,0,0,0,0,332.7499084472656,3
1786296982.5096827,590.3223266601562,12006,0,82966,18051,0,0,0,0,0,0,0,0,849.9638671875,13964.3037109375,-0.0,1,4,0,0,0,0,0,0,0,0,0,0,1,2,0,0,0,0,332.7499084472656,3
1786296982.568725,590.3706665039062,12007,0,82966,18101,0,0,0,0,0,0,0,0,852.2548828125,13966.5947265625,-0.0,1,4,0,0,0,0,0,0,0,0,0,0,1,2,0,0,0,0,332.7499084472656,3
1786296982.6115065,590.407470703125,12008,0,82966,18134,0,0,0,0,0,0,0,0,853.79296875,13968.1328125,-0.0,1,4,0,0,0,0,0,0,0,0,0,0,1,2,0,0,0,0,332.7499084472656,3
1786296982.6573095,590.4475708007812,12009,0,82966,18167,0,0,0,0,0,0,0,0,855.3408203125,13969.6806640625,-0.0,1,4,0,0,0,0,0,0,0,0,0,0,1,2,0,0,0,0,332.7499084472656,3
1786296982.7155194,590.5106811523438,12010,0,82966,18224,0,0,0,0,0,0,0,0,858.2109375,13972.55078125,-0.0,1,4,0,0,0,0,0,0,0,0,0,0,1,2,0,0,0,0,332.7499084472656,3
1786296982.757379,590.5524291992188,12011,0,82966,18266,0,0,0,0,0,0,0,0,860.181640625,13974.521484375,-0.0,1,4,0,0,0,0,0,0,0,0,0,0,1,2,0,0,0,0,332.7499084472656,3
1786296982.8147342,590.6278076171875,12012,0,82966,18345,0,0,0,0,0,0,0,0,863.7763671875,13978.1162109375,-0.0,1,4,0,0,0,0,0,0,0,0,0,0,1,2,0,0,0,0,332.7499084472656,3
1786296982.8599443,590.6753540039062,12013,0,82966,18396,0,0,0,0,0,0,0,0,866.1962890625,13980.5361328125,-0.0,1,4,0,0,0,0,0,0,0,0,0,0,1,2,0,0,0,0,332.7499084472656,3
1786296982.9088714,590.7211303710938,12014,0,82966,18446,0,0,0,0,0,0,0,0,868.625,13982.96484375,-0.0,1,4,0,0,0,0,0,0,0,0,0,0,1,2,0,0,0,0,332.7499084472656,3
1786296982.9586248,590.7684326171875,12015,0,82966,18496,0,0,0,0,0,0,0,0,871.0732421875,13985.4130859375,-0.0,1,4,0,0,0,0,0,0,0,0,0,0,1,2,0,0,0,0,332.7499084472656,3
1786296983.0048523,590.8168334960938,12016,0,82966,18546,0,0,0,0,0,0,0,0,873.541015625,13987.880859375,-0.0,1,4,0,0,0,0,0,0,0,0,0,0,1,2,0,0,0,0,332.7499084472656,3
1786296983.0537548,590.8648681640625,12017,0,82966,18596,0,0,0,0,0,0,0,0,876.029296875,13990.369140625,-0.0,1,4,0,0,0,0,0,0,0,0,0,0,1,2,0,0,0,0,332.7499084472656,3
1786296983.114776,590.927490234375,12018,0,82966,18663,0,0,0,0,0,0,0,0,878.5361328125,13992.8759765625,-0.0,1,4,0,0,0,0,0,0,0,0,0,0,1,2,0,0,0,0,332.7499084472656,3
1786296983.1636562,590.9754028320312,12019,0,82966,18696,0,0,0,0,0,0,0,0,881.0625,13995.40234375,-0.0,1,4,0,0,0,0,0,0,0,0,0,0,1,2,0,0,0,0,332.7499084472656,3
1786296983.2095864,591.0230712890625,12020,0,82966,18746,0,0,0,0,0,0,0,0,883.609375,13997.94921875,-0.0,1,4,0,0,0,0,0,0,0,0,0,0,1,2,0,0,0,0,332.7499084472656,3
1786296983.25679,591.06982421875,12021,0,82966,18796,0,0,0,0,0,0,0,0,886.1728515625,14000.5126953125,-0.0,1,4,0,0,0,0,0,0,0,0,0,0,1,2,0,0,0,0,332.7499084472656,3
1786296983.3137922,591.12939453125,12022,0,82966,18863,0,0,0,0,0,0,0,0,889.619140625,14003.958984375,-0.0,1,4,0,0,0,0,0,0,0,0,0,0,1,2,0,0,0,0,332.7499084472656,3
1786296983.3585868,591.1729736328125,12023,0,82966,18896,0,0,0,0,0,0,0,0,891.3525390625,14005.6923828125,-0.0,1,4,0,0,0,0,0,0,0,0,0,0,1,2,0,0,0,0,332.7499084472656,3
1786296983.406524,591.2186279296875,12024,0,82966,18946,0,0,0,0,0,0,0,0,893.966796875,14008.306640625,-0.0,1,4,0,0,0,0,0,0,0,0,0,0,1,2,0,0,0,0,332.7499084472656,3
1786296983.4672685,591.2803344726562,12025,0,82966,19013,0,0,0,0,0,0,0,0,897.4755859375,14011.8154296875,-0.0,1,4,0,0,0,0,0,0,0,0,0,0,1,2,0,0,0,0,332.7499084472656,3
1786296983.5135946,591.324951171875,12026,0,82966,19046,0,0,0,0,0,0,0,0,899.240234375,14013.580078125,-0.0,1,4,0,0,0,0,0,0,0,0,0,0,1,2,0,0,0,0,332.7499084472656,3
1786296983.5564606,591.357421875,12027,0,82966,19079,0,0,0,0,0,0,0,0,901.01171875,14015.3515625,-0.0,1,4,0,0,0,0,0,0,0,0,0,0,1,2,0,0,0,0,332.7499084472656,3
1786296983.6199992,591.4139404296875,12028,0,82966,19129,0,0,0,0,0,0,0,0,903.8193359375,14018.1591796875,-0.0,1,4,0,0,0,0,0,0,0,0,0,0,1,2,0,0,0,0,332.7499084472656,3
1786296983.6630495,591.4561767578125,12029,0,82966,19169,0,0,0,0,0,0,0,0,906.087890625,14020.427734375,-0.0,1,4,0,0,0,0,0,0,0,0,0,0,1,2,0,0,0,0,332.7499084472656,3
1786296983.703162,591.4989624023438,12030,0,82966,19212,0,0,0,0,0,0,0,0,908.4033203125,14022.7431640625,-0.0,1,4,0,0,0,0,0,0,0,0,0,0,1,2,0,0,0,0,332.7499084472656,3
1786296983.7635076,591.5610961914062,12031,0,82966,19275,0,0,0,0,0,0,0,0,911.787109375,14026.126953125,-0.0,1,4,0,0,0,0,0,0,0,0,0,0,1,2,0,0,0,0,332.7499084472656,3
1786296983.8124912,591.61962890625,12032,0,82966,19335,0,0,0,0,0,0,0,0,914.9951171875,14029.3349609375,-0.0,1,4,0,0,0,0,0,0,0,0,0,0,1,2,0,0,0,0,332.7499084472656,3
1786296983.85746,591.670654296875,12033,0,82966,19389,0,0,0,0,0,0,0,0,917.8359375,14032.17578125,-0.0,1,4,0,0,0,0,0,0,0,0,0,0,1,2,0,0,0,0,332.7499084472656,3
1786296983.9095502,591.7285766601562,12034,0,82966,19456,0,0,0,0,0,0,0,0,921.5341796875,14035.8740234375,-0.0,1,4,0,0,0,0,0,0,0,0,0,0,1,2,0,0,0,0,332.7499084472656,3
1786296983.959338,591.7720947265625,12035,0,82966,19506,0,0,0,0,0,0,0,0,924.3203125,14038.66015625,-0.0,1,4,0,0,0,0,0,0,0,0,0,0,1,2,0,0,0,0,332.7499084472656,3
1786296984.0104265,591.8189697265625,12036,0,82966,19539,0,0,0,0,0,0,0,0,926.1845703125,14040.5244140625,-0.0,1,4,0,0,0,0,0,0,0,0,0,0,1,2,0,0,0,0,332.7499084472656,3
1786296984.0598087,591.8685913085938,12037,0,82966,19589,0,0,0,0,0,0,0,0,929.033203125,14043.373046875,-0.0,1,4,0,0,0,0,0,0,0,0,0,0,1,2,0,0,0,0,332.7499084472656,3
1786296984.1099494,591.91845703125,12038,0,82966,19639,0,0,0,0,0,0,0,0,931.9921875,14046.33203125,-0.0,1,4,0,0,0,0,0,0,0,0,0,0,1,2,0,0,0,0,332.7499084472656,3
1786296984.1606808,591.968017578125,12039,0,82966,19689,0,0,0,0,0,0,0,0,934.9853515625,14049.3251953125,-0.0,1,4,0,0,0,0,0,0,0,0,0,0,1,2,0,0,0,0,332.7499084472656,3
1786296984.2155964,592.030517578125,12040,0,82966,19756,0,0,0,0,0,0,0,0,939.0322265625,14053.3720703125,-0.0,1,4,0,0,0,0,0,0,0,0,0,0,1,2,0,0,0,0,332.7499084472656,3
1786296984.2602558,592.0750732421875,12041,0,82966,19806,0,0,0,0,0,0,0,0,942.111328125,14056.451171875,-0.0,1,4,0,0,0,0,0,0,0,0,0,0,1,2,0,0,0,0,332.7499084472656,3
1786296984.3049262,592.1201782226562,12042,0,82966,19856,0,0,0,0,0,0,0,0,944.2099609375,14058.5498046875,-0.0,1,4,0,0,0,0,0,0,0,0,0,0,1,2,0,0,0,0,332.7499084472656,3
1786296984.3647218,592.1796875,12043,0,82966,19906,0,0,0,0,0,0,0,0,948.484375,14062.82421875,-0.0,1,4,0,0,0,0,0,0,0,0,0,0,1,2,0,0,0,0,332.7499084472656,3
1786296984.4115157,592.224853515625,12044,0,82966,19956,0,0,0,0,0,0,0,0,951.6826171875,14066.0224609375,-0.0,1,4,0,0,0,0,0,0,0,0,0,0,1,2,0,0,0,0,332.7499084472656,3
1786296984.4712732,592.2721557617188,12045,0,82966,20006,0,0,0,0,0,0,0,0,954.8798828125,14069.2197265625,-0.0,1,4,0,0,0,0,0,0,0,0,0,0,1,2,0,0,0,0,332.7499084472656,3
1786296984.5120819,592.3081665039062,12046,0,82966,20039,0,0,0,0,0,0,0,0,957.0068359375,14071.3466796875,-0.0,1,4,0,0,0,0,0,0,0,0,0,0,1,2,0,0,0,0,332.7499084472656,3
1786296984.557101,592.34765625,12047,0,82966,20072,0,0,0,0,0,0,0,0,959.1123046875,14073.4521484375,-0.0,1,4,0,0,0,0,0,0,0,0,0,0,1,2,0,0,0,0,332.7499084472656,3
1786296984.6175852,592.412109375,12048,0,82966,20125,0,0,0,0,0,0,0,0,962.4228515625,14076.7626953125,-0.0,1,4,0,0,0,0,0,0,0,0,0,0,1,2,0,0,0,0,332.7499084472656,3
1786296984.6616588,592.4545288085938,12049,0,82966,20168,0,0,0,0,0,0,0,0,964.8740234375,14079.2138671875,-0.0,1,4,0,0,0,0,0,0,0,0,0,0,1,2,0,0,0,0,332.7499084472656,3
1786296984.7062159,592.5140380859375,12050,0,82966,20230,0,0,0,0,0,0,0,0,968.337890625,14082.677734375,-0.0,1,4,0,0,0,0,0,0,0,0,0,0,1,2,0,0,0,0,332.7499084472656,3
1786296984.7612174,592.5779418945312,12051,0,82966,20300,0,0,0,0,0,0,0,0,972.306640625,14086.646484375,-0.0,1,4,0,0,0,0,0,0,0,0,0,0,1,2,0,0,0,0,332.7499084472656,3
1786296984.810504,592.6217041015625,12052,0,82966,20350,0,0,0,0,0,0,0,0,975.2646484375,14089.6044921875,-0.0,1,4,0,0,0,0,0,0,0,0,0,0,1,2,0,0,0,0,332.7499084472656,3
1786296984.8579316,592.6688232421875,12053,0,82966,20400,0,0,0,0,0,0,0,0,978.2421875,14092.58203125,-0.0,1,4,0,0,0,0,0,0,0,0,0,0,1,2,0,0,0,0,332.7499084472656,3
1786296984.9026265,592.71630859375,12054,0,82966,20450,0,0,0,0,0,0,0,0,981.2431640625,14095.5830078125,-0.0,1,4,0,0,0,0,0,0,0,0,0,0,1,2,0,0,0,0,332.7499084472656,3
1786296984.962116,592.7763671875,12055,0,82966,20500,0,0,0,0,0,0,0,0,984.2734375,14098.61328125,-0.0,1,4,0,0,0,0,0,0,0,0,0,0,1,2,0,0,0,0,332.7499084472656,3
1786296985.0064905,592.8213500976562,12056,0,82966,20550,0,0,0,0,0,0,0,0,987.337890625,14101.677734375,-0.0,1,4,0,0,0,0,0,0,0,0,0,0,1,2,0,0,0,0,332.7499084472656,3
1786296985.0635543,592.8816528320312,12057,0,82966,20616,0,0,0,0,0,0,0,0,990.439453125,14104.779296875,-0.0,1,4,0,0,0,0,0,0,0,0,0,0,1,2,0,0,0,0,332.7499084472656,3
1786296985.1096416,592.9246826171875,12058,0,82966,20650,0,0,0,0,0,0,0,0,993.5849609375,14107.9248046875,-0.0,1,4,0,0,0,0,0,0,0,0,0,0,1,2,0,0,0,0,332.7499084472656,3
1786296985.1640606,592.9815673828125,12059,0,82966,20716,0,0,0,0,0,0,0,0,996.775390625,14111.115234375,-0.0,1,4,0,0,0,0,0,0,0,0,0,0,1,2,0,0,0,0,332.7499084472656,3
1786296985.209635,593.0255126953125,12060,0,82966,20750,0,0,0,0,0,0,0,0,1000.005859375,14114.345703125,-0.0,1,4,0,0,0,0,0,0,0,0,0,0,1,2,0,0,0,0,332.7499084472656,3
1786296985.2573836,593.0707397460938,12061,0,82966,20800,0,0,0,0,0,0,0,0,1003.2529296875,14117.5927734375,-0.0,1,4,0,0,0,0,0,0,0,0,0,0,1,2,0,0,0,0,332.7499084472656,3
1786296985.3146472,593.130859375,12062,0,82966,20866,0,0,0,0,0,0,0,0,1006.513671875,14120.853515625,-0.0,1,4,0,0,0,0,0,0,0,0,0,0,1,2,0,0,0,0,332.7499084472656,3
1786296985.3596952,593.1747436523438,12063,0,82966,20900,0,0,0,0,0,0,0,0,1009.7890625,14124.12890625,-0.0,1,4,0,0,0,0,0,0,0,0,0,0,1,2,0,0,0,0,332.7499084472656,3
1786296985.4130383,593.220703125,12064,0,82966,20950,0,0,0,0,0,0,0,0,1013.0791015625,14127.4189453125,-0.0,1,4,0,0,0,0,0,0,0,0,0,0,1,2,0,0,0,0,332.7499084472656,3
1786296985.4582274,593.2554321289062,12065,0,82966,20983,0,0,0,0,0,0,0,0,1015.28125,14129.62109375,-0.0,1,4,0,0,0,0,0,0,0,0,0,0,1,2,0,0,0,0,332.7499084472656,3
1786296985.5025625,593.294921875,12066,0,82966,21016,0,0,0,0,0,0,0,0,1017.4931640625,14131.8330078125,-0.0,1,4,0,0,0,0,0,0,0,0,0,0,1,2,0,0,0,0,332.7499084472656,3
1786296985.5669801,593.3590087890625,12067,0,82966,21072,0,0,0,0,0,0,0,0,1021.544921875,14135.884765625,-0.0,1,4,0,0,0,0,0,0,0,0,0,0,1,2,0,0,0,0,332.7499084472656,3
1786296985.6075659,593.4024658203125,12068,0,82966,21115,0,0,0,0,0,0,0,0,1024.462890625,14138.802734375,-0.0,1,4,0,0,0,0,0,0,0,0,0,0,1,2,0,0,0,0,332.7499084472656,3
1786296985.6658545,593.4658203125,12069,0,82966,21180,0,0,0,0,0,0,0,0,1028.701171875,14143.041015625,-0.0,1,4,0,0,0,0,0,0,0,0,0,0,1,2,0,0,0,0,332.7499084472656,3
1786296985.7095404,593.522216796875,12070,0,82966,21239,0,0,0,0,0,0,0,0,1032.4658203125,14146.8056640625,-0.0,1,4,0,0,0,0,0,0,0,0,0,0,1,2,0,0,0,0,332.7499084472656,3
1786296985.7570517,593.5698852539062,12071,0,82966,21290,0,0,0,0,0,0,0,0,1035.80859375,14150.1484375,-0.0,1,4,0,0,0,0,0,0,0,0,0,0,1,2,0,0,0,0,332.7499084472656,3
1786296985.812426,593.629150390625,12072,0,82966,21357,0,0,0,0,0,0,0,0,1040.2578125,14154.59765625,-0.0,1,4,0,0,0,0,0,0,0,0,0,0,1,2,0,0,0,0,332.7499084472656,3
1786296985.8622437,593.6741333007812,12073,0,82966,21407,0,0,0,0,0,0,0,0,1043.60546875,14157.9453125,-0.0,1,4,0,0,0,0,0,0,0,0,0,0,1,2,0,0,0,0,332.7499084472656,3
1786296985.9079556,593.7210693359375,12074,0,82966,21440,0,0,0,0,0,0,0,0,1045.8310546875,14160.1708984375,-0.0,1,4,0,0,0,0,0,0,0,0,0,0,1,2,0,0,0,0,332.7499084472656,3
1786296985.9550836,593.7686157226562,12075,0,82966,21490,0,0,0,0,0,0,0,0,1049.1552734375,14163.4951171875,-0.0,1,4,0,0,0,0,0,0,0,0,0,0,1,2,0,0,0,0,332.7499084472656,3
1786296986.0118551,593.828369140625,12076,0,82966,21557,0,0,0,0,0,0,0,0,1053.572265625,14167.912109375,-0.0,1,4,0,0,0,0,0,0,0,0,0,0,1,2,0,0,0,0,332.7499084472656,3
1786296986.0600138,593.8726806640625,12077,0,82966,21607,0,0,0,0,0,0,0,0,1056.880859375,14171.220703125,-0.0,1,4,0,0,0,0,0,0,0,0,0,0,1,2,0,0,0,0,332.7499084472656,3
1786296986.1042492,593.9176635742188,12078,0,82966,21640,0,0,0,0,0,0,0,0,1059.0859375,14173.42578125,-0.0,1,4,0,0,0,0,0,0,0,0,0,0,1,2,0,0,0,0,332.7499084472656,3
1786296986.1613705,593.97705078125,12079,0,82966,21707,0,0,0,0,0,0,0,0,1063.5,14177.83984375,-0.0,1,4,0,0,0,0,0,0,0,0,0,0,1,2,0,0,0,0,332.7499084472656,3
1786296986.2053094,594.0217895507812,12080,0,82966,21757,0,0,0,0,0,0,0,0,1065.7099609375,14180.0498046875,-0.0,1,4,0,0,0,0,0,0,0,0,0,0,1,2,0,0,0,0,332.7499084472656,3
1786296986.2543201,594.0673217773438,12081,0,82966,21790,0,0,0,0,0,0,0,0,1069.029296875,14183.369140625,-0.0,1,4,0,0,0,0,0,0,0,0,0,0,1,2,0,0,0,0,332.7499084472656,3
1786296986.3180277,594.1295166015625,12082,0,82966,21857,0,0,0,0,0,0,0,0,1073.435546875,14187.775390625,-0.0,1,4,0,0,0,0,0,0,0,0,0,0,1,2,0,0,0,0,332.7499084472656,3
1786296986.35448,594.1610717773438,12083,0,82966,21890,0,0,0,0,0,0,0,0,1075.6298828125,14189.9697265625,-0.0,1,4,0,0,0,0,0,0,0,0,0,0,1,2,0,0,0,0,332.7499084472656,3
1786296986.4167702,594.2142944335938,12084,0,82966,21940,0,0,0,0,0,0,0,0,1078.9140625,14193.25390625,-0.0,1,4,0,0,0,0,0,0,0,0,0,0,1,2,0,0,0,0,332.7499084472656,3
1786296986.4601305,594.2537841796875,12085,0,82966,21974,0,0,0,0,0,0,0,0,1081.1005859375,14195.4404296875,-0.0,1,4,0,0,0,0,0,0,0,0,0,0,1,2,0,0,0,0,332.7499084472656,3
1786296986.5103576,594.2966918945312,12086,0,82966,22009,0,0,0,0,0,0,0,0,1083.787109375,14198.126953125,-0.0,1,4,0,0,0,0,0,0,0,0,0,0,1,2,0,0,0,0,332.7499084472656,3
1786296986.5745344,594.3626098632812,12087,0,82966,22075,0,0,0,0,0,0,0,0,1088.1064453125,14202.4462890625,-0.0,1,4,0,0,0,0,0,0,0,0,0,0,1,2,0,0,0,0,332.7499084472656,3
1786296986.6098309,594.4061889648438,12088,0,82966,22119,0,0,0,0,0,0,0,0,1090.96484375,14205.3046875,-0.0,1,4,0,0,0,0,0,0,0,0,0,0,1,2,0,0,0,0,332.7499084472656,3
1786296986.6550105,594.465087890625,12089,0,82966,22181,0,0,0,0,0,0,0,0,1094.83203125,14209.171875,-0.0,1,4,0,0,0,0,0,0,0,0,0,0,1,2,0,0,0,0,332.7499084472656,3
1786296986.7121577,594.5288696289062,12090,0,82966,22250,0,0,0,0,0,0,0,0,1099.2490234375,14213.5888671875,-0.0,1,4,0,0,0,0,0,0,0,0,0,0,1,2,0,0,0,0,332.7499084472656,3
1786296986.7574906,594.572265625,12091,0,82966,22306,22289,0,0,0,0,0,0,0,1102.5263671875,14216.8662109375,-0.0,1,4,0,0,1,0,0,0,0,0,0,0,1,2,0,0,0,0,332.7499084472656,3
1786296986.8043542,594.61669921875,12092,0,82966,22356,22289,0,0,0,0,0,0,0,1105.8017578125,14220.1416015625,-0.0,1,4,0,0,1,0,0,0,0,0,0,0,1,2,0,0,0,0,332.7499084472656,3
1786296986.861872,594.6774291992188,12093,0,82966,22406,22289,0,0,0,0,0,0,0,1109.0751953125,14223.4150390625,-0.0,1,4,0,0,1,0,0,0,0,0,0,0,1,2,0,0,0,0,332.7499084472656,3
1786296986.907018,594.7222900390625,12094,0,82966,22456,22289,0,0,0,0,0,0,0,1112.3486328125,14226.6884765625,-0.0,1,4,0,0,1,0,0,0,0,0,0,0,1,2,0,0,0,0,332.7499084472656,3
1786296986.9546776,594.7677612304688,12095,0,82966,22506,22289,0,0,0,0,0,0,0,1115.623046875,14229.962890625,-0.0,1,4,0,0,1,0,0,0,0,0,0,0,1,2,0,0,0,0,332.7499084472656,3
1786296987.0162177,594.8287353515625,12096,0,82966,22556,22289,0,0,0,0,0,0,0,1118.900390625,14233.240234375,-0.0,1,4,0,0,1,0,0,0,0,0,0,0,1,2,0,0,0,0,332.7499084472656,3
1786296987.063805,594.8753051757812,12097,0,82966,22606,22289,0,0,0,0,0,0,0,1122.181640625,14236.521484375,-0.0,1,4,0,0,1,0,0,0,0,0,0,0,1,2,0,0,0,0,332.7499084472656,3
1786296987.109348,594.9224243164062,12098,0,82966,22656,22289,0,0,0,0,0,0,0,1125.474609375,14239.814453125,-0.0,1,4,0,0,1,0,0,0,0,0,0,0,1,2,0,0,0,0,332.7499084472656,3
1786296987.1533852,594.9683837890625,12099,0,82966,22706,22289,0,0,0,0,0,0,0,1128.7822265625,14243.1220703125,-0.0,1,4,0,0,1,0,0,0,0,0,0,0,1,2,0,0,0,0,332.7499084472656,3
1786296987.203059,595.0144653320312,12100,0,82966,22739,22289,0,0,0,0,0,0,0,1130.99609375,14245.3359375,-0.0,1,4,0,0,1,0,0,0,0,0,0,0,1,2,0,0,0,0,332.7499084472656,3
1786296987.2644534,595.0765380859375,12101,0,82966,22806,22289,0,0,0,0,0,0,0,1135.4423828125,14249.7822265625,-0.0,1,4,0,0,1,0,0,0,0,0,0,0,1,2,0,0,0,0,332.7499084472656,3
1786296987.311789,595.1104125976562,12102,0,82966,22839,22289,0,0,0,0,0,0,0,1137.673828125,14252.013671875,-0.0,1,4,0,0,1,0,0,0,0,0,0,0,1,2,0,0,0,0,332.7499084472656,3
1786296987.3571825,595.1487426757812,12103,0,82966,22873,22289,0,0,0,0,0,0,0,1139.9111328125,14254.2509765625,-0.0,1,4,0,0,1,0,0,0,0,0,0,0,1,2,0,0,0,0,332.7499084472656,3
1786296987.4228709,595.2132568359375,12104,0,82966,22931,22289,0,0,0,0,0,0,0,1144.220703125,14258.560546875,-0.0,1,4,0,0,1,0,0,0,0,0,0,0,1,2,0,0,0,0,332.7499084472656,3
1786296987.4659936,595.2575073242188,12105,0,82966,22976,22289,0,0,0,0,0,0,0,1147.1845703125,14261.5244140625,-0.0,1,4,0,0,1,0,0,0,0,0,0,0,1,2,0,0,0,0,332.7499084472656,3
1786296987.5065033,595.3008422851562,12106,0,82966,23019,22289,0,0,0,0,0,0,0,1150.07421875,14264.4140625,-0.0,1,4,0,0,1,0,0,0,0,0,0,0,1,2,0,0,0,0,332.7499084472656,3
1786296987.564843,595.3768310546875,12107,0,82966,23100,22289,0,0,0,0,0,0,0,1155.115234375,14269.455078125,-0.0,1,4,0,0,1,0,0,0,0,0,0,0,1,2,0,0,0,0,332.7499084472656,3
1786296987.608014,595.4229736328125,12108,0,82966,23150,22289,0,0,0,0,0,0,0,1158.4091796875,14272.7490234375,-0.0,1,4,0,0,1,0,0,0,0,0,0,0,1,2,0,0,0,0,332.7499084472656,3
1786296987.6620624,595.4794921875,12109,0,82966,23217,22289,0,0,0,0,0,0,0,1162.779296875,14277.119140625,-0.0,1,4,0,0,1,0,0,0,0,0,0,0,1,2,0,0,0,0,332.7499084472656,3
1786296987.710343,595.5226440429688,12110,0,82966,23250,22289,0,0,0,0,0,0,0,1164.955078125,14279.294921875,-0.0,1,4,0,0,1,0,0,0,0,0,0,0,1,2,0,0,0,0,332.7499084472656,3
1786296987.7570915,595.5689086914062,12111,0,82966,23300,22289,0,0,0,0,0,0,0,1168.2080078125,14282.5478515625,-0.0,1,4,0,0,1,0,0,0,0,0,0,0,1,2,0,0,0,0,332.7499084472656,3
1786296987.8144076,595.630126953125,12112,0,82966,23367,22289,0,0,0,0,0,0,0,1172.521484375,14286.861328125,-0.0,1,4,0,0,1,0,0,0,0,0,0,0,1,2,0,0,0,0,332.7499084472656,3
1786296987.8564255,595.6732788085938,12113,0,82966,23400,22289,0,0,0,0,0,0,0,1174.662109375,14289.001953125,-0.0,1,4,0,0,1,0,0,0,0,0,0,0,1,2,0,0,0,0,332.7499084472656,3
1786296987.9140751,595.7305297851562,12114,0,82966,23467,22289,0,0,0,0,0,0,0,1178.88671875,14293.2265625,-0.0,1,4,0,0,1,0,0,0,0,0,0,0,1,2,0,0,0,0,332.7499084472656,3
1786296987.9617734,595.774658203125,12115,0,82966,23500,22289,0,0,0,0,0,0,0,1180.9658203125,14295.3056640625,-0.0,1,4,0,0,1,0,0,0,0,0,0,0,1,2,0,0,0,0,332.7499084472656,3
1786296988.0106812,595.8206787109375,12116,0,82966,23550,22289,0,0,0,0,0,0,0,1184.03125,14298.37109375,-0.0,1,4,0,0,1,0,0,0,0,0,0,0,1,2,0,0,0,0,332.7499084472656,3
1786296988.054961,595.8673706054688,12117,0,82966,23600,22289,0,0,0,0,0,0,0,1187.0244140625,14301.3642578125,-0.0,1,4,0,0,1,0,0,0,0,0,0,0,1,2,0,0,0,0,332.7499084472656,3
1786296988.1107357,595.927001953125,12118,0,82966,23667,22289,0,0,0,0,0,0,0,1190.8955078125,14305.2353515625,-0.0,1,4,0,0,1,0,0,0,0,0,0,0,1,2,0,0,0,0,332.7499084472656,3
1786296988.1612017,595.9711303710938,12119,0,82966,23700,22289,0,0,0,0,0,0,0,1192.779296875,14307.119140625,-0.0,1,4,0,0,1,0,0,0,0,0,0,0,1,2,0,0,0,0,332.7499084472656,3
1786296988.2121818,596.0184326171875,12120,0,82966,23750,22289,0,0,0,0,0,0,0,1195.5419921875,14309.8818359375,-0.0,1,4,0,0,1,0,0,0,0,0,0,0,1,2,0,0,0,0,332.7499084472656,3
1786296988.2549603,596.053955078125,12121,0,82966,23784,22289,0,0,0,0,0,0,0,1197.3359375,14311.67578125,-0.0,1,4,0,0,1,0,0,0,0,0,0,0,1,2,0,0,0,0,332.7499084472656,3
1786296988.322964,596.1136474609375,12122,0,82966,23834,22289,0,0,0,0,0,0,0,1200.1328125,14314.47265625,-0.0,1,4,0,0,1,0,0,0,0,0,0,0,1,2,0,0,0,0,332.7499084472656,3
1786296988.3661041,596.156982421875,12123,0,82966,23875,22289,0,0,0,0,0,0,0,1202.3251953125,14316.6650390625,-0.0,1,4,0,0,1,0,0,0,0,0,0,0,1,2,0,0,0,0,332.7499084472656,3
1786296988.408399,596.2006225585938,12124,0,82966,23919,22289,0,0,0,0,0,0,0,1204.46875,14318.80859375,-0.0,1,4,0,0,1,0,0,0,0,0,0,0,1,2,0,0,0,0,332.7499084472656,3
1786296988.459309,596.262939453125,12125,0,82966,23983,22289,0,0,0,0,0,0,0,1207.4306640625,14321.7705078125,-0.0,1,4,0,0,1,0,0,0,0,0,0,0,1,2,0,0,0,0,332.7499084472656,3
1786296988.515495,596.3314819335938,12126,0,82966,24056,22289,0,0,0,0,0,0,0,1210.61328125,14324.953125,-0.0,1,4,0,0,1,0,0,0,0,0,0,0,1,2,0,0,0,0,332.7499084472656,3
1786296988.5612285,596.3753051757812,12127,0,82966,24106,22289,0,0,0,0,0,0,0,1212.8056640625,14327.1455078125,-0.0,1,4,0,0,1,0,0,0,0,0,0,0,1,2,0,0,0,0,332.7499084472656,3
1786296988.6081526,596.4209594726562,12128,0,82966,24156,22289,0,0,0,0,0,0,0,1214.92578125,14329.265625,-0.0,1,4,0,0,1,0,0,0,0,0,0,0,1,2,0,0,0,0,332.7499084472656,3
1786296988.653371,596.4674682617188,12129,0,82966,24206,22289,0,0,0,0,0,0,0,1216.9853515625,14331.3251953125,-0.0,1,4,0,0,1,0,0,0,0,0,0,0,1,2,0,0,0,0,332.7499084472656,3
1786296988.706586,596.526123046875,12130,0,82966,24256,22289,0,0,0,0,0,0,0,1218.9775390625,14333.3173828125,-0.0,1,4,0,0,1,0,0,0,0,0,0,0,1,2,0,0,0,0,332.7499084472656,3
1786296988.7614086,596.5808715820312,12131,0,82966,24323,22289,0,0,0,0,0,0,0,1220.9111328125,14335.2509765625,-0.0,1,4,0,0,1,0,0,0,0,0,0,0,1,2,0,0,0,0,332.7499084472656,3
1786296988.8033235,596.6218872070312,12132,0,82966,24356,22289,0,0,0,0,0,0,0,1222.796875,14337.13671875,-0.0,1,4,0,0,1,0,0,0,0,0,0,0,1,2,0,0,0,0,332.7499084472656,3
1786296988.858344,596.6766357421875,12133,0,82966,24406,22289,0,0,0,0,0,0,0,1224.6513671875,14338.9912109375,-0.0,1,4,0,0,1,0,0,0,0,0,0,0,1,2,0,0,0,0,332.7499084472656,3
1786296988.91347,596.7323608398438,12134,0,82966,24473,22289,0,0,0,0,0,0,0,1226.4599609375,14340.7998046875,-0.0,1,4,0,0,1,0,0,0,0,0,0,0,1,2,0,0,0,0,332.7499084472656,3
1786296988.9571059,596.7745361328125,12135,0,82966,24506,22289,0,0,0,0,0,0,0,1228.2314453125,14342.5712890625,-0.0,1,4,0,0,1,0,0,0,0,0,0,0,1,2,0,0,0,0,332.7499084472656,3
1786296989.002377,596.818115234375,12136,0,82966,24556,22289,0,0,0,0,0,0,0,1229.9716796875,14344.3115234375,-0.0,1,4,0,0,1,0,0,0,0,0,0,0,1,2,0,0,0,0,332.7499084472656,3
1786296989.0603383,596.8770141601562,12137,0,82966,24606,22289,0,0,0,0,0,0,0,1231.6806640625,14346.0205078125,-0.0,1,4,0,0,1,0,0,0,0,0,0,0,1,2,0,0,0,0,332.7499084472656,3
1786296989.1027744,596.9199829101562,12138,0,82966,24656,22289,0,0,0,0,0,0,0,1233.3603515625,14347.7001953125,-0.0,1,4,0,0,1,0,0,0,0,0,0,0,1,2,0,0,0,0,332.7499084472656,3
1786296989.1565802,596.9754638671875,12139,0,82966,24706,22289,0,0,0,0,0,0,0,1235.0146484375,14349.3544921875,-0.0,1,4,0,0,1,0,0,0,0,0,0,0,1,2,0,0,0,0,332.7499084472656,3
1786296989.2030733,597.0186157226562,12140,0,82966,24756,22289,0,0,0,0,0,0,0,1236.638671875,14350.978515625,-0.0,1,4,0,0,1,0,0,0,0,0,0,0,1,2,0,0,0,0,332.7499084472656,3
1786296989.2600079,597.0772094726562,12141,0,82966,24806,22289,0,0,0,0,0,0,0,1238.251953125,14352.591796875,-0.0,1,4,0,0,1,0,0,0,0,0,0,0,1,2,0,0,0,0,332.7499084472656,3
1786296989.303619,597.119873046875,12142,0,82966,24856,22289,0,0,0,0,0,0,0,1239.841796875,14354.181640625,-0.0,1,4,0,0,1,0,0,0,0,0,0,0,1,2,0,0,0,0,332.7499084472656,3
1786296989.3580782,597.1764526367188,12143,0,82966,24906,22289,0,0,0,0,0,0,0,1241.4150390625,14355.7548828125,-0.0,1,4,0,0,1,0,0,0,0,0,0,0,1,2,0,0,0,0,332.7499084472656,3
1786296989.4114256,597.2315673828125,12144,0,82966,24973,22289,0,0,0,0,0,0,0,1242.974609375,14357.314453125,-0.0,1,4,0,0,1,0,0,0,0,0,0,0,1,2,0,0,0,0,332.7499084472656,3
1786296989.4573216,597.2733154296875,12145,0,82966,25006,22289,0,0,0,0,0,0,0,1244.5244140625,14358.8642578125,-0.0,1,4,0,0,1,0,0,0,0,0,0,0,1,2,0,0,0,0,332.7499084472656,3
1786296989.5096118,597.3290405273438,12146,0,82966,25056,22289,0,0,0,0,0,0,0,1246.0732421875,14360.4130859375,-0.0,1,4,0,0,1,0,0,0,0,0,0,0,1,2,0,0,0,0,332.7499084472656,3
1786296989.5531914,597.3706665039062,12147,0,82966,25106,22289,0,0,0,0,0,0,0,1247.630859375,14361.970703125,-0.0,1,4,0,0,1,0,0,0,0,0,0,0,1,2,0,0,0,0,332.7499084472656,3
1786296989.608,597.4251098632812,12148,0,82966,25156,22289,0,0,0,0,0,0,0,1249.2099609375,14363.5498046875,-0.0,1,4,0,0,1,0,0,0,0,0,0,0,1,2,0,0,0,0,332.7499084472656,3
1786296989.6613657,597.480224609375,12149,0,82966,25223,22289,0,0,0,0,0,0,0,1250.818359375,14365.158203125,-0.0,1,4,0,0,1,0,0,0,0,0,0,0,1,2,0,0,0,0,332.7499084472656,3
1786296989.7048466,597.5221557617188,12150,0,82966,25256,22289,0,0,0,0,0,0,0,1252.525390625,14366.865234375,-0.0,1,4,0,0,1,0,0,0,0,0,0,0,1,2,0,0,0,0,332.7499084472656,3
1786296989.763723,597.5784912109375,12151,0,82966,25306,22289,0,0,0,0,0,0,0,1254.439453125,14368.779296875,-0.0,1,4,0,0,1,0,0,0,0,0,0,0,1,2,0,0,0,0,332.7499084472656,3
1786296989.804989,597.6215209960938,12152,0,82966,25356,22289,0,0,0,0,0,0,0,1256.3623046875,14370.7021484375,-0.0,1,4,0,0,1,0,0,0,0,0,0,0,1,2,0,0,0,0,332.7499084472656,3
1786296989.8617,597.6782836914062,12153,0,82966,25406,22289,0,0,0,0,0,0,0,1258.30078125,14372.640625,-0.0,1,4,0,0,1,0,0,0,0,0,0,0,1,2,0,0,0,0,332.7499084472656,3
1786296989.9032187,597.7200317382812,12154,0,82966,25456,22289,0,0,0,0,0,0,0,1260.2548828125,14374.5947265625,-0.0,1,4,0,0,1,0,0,0,0,0,0,0,1,2,0,0,0,0,332.7499084472656,3
1786296989.9575982,597.7744750976562,12155,0,82966,25506,22289,0,0,0,0,0,0,0,1262.2294921875,14376.5693359375,-0.0,1,4,0,0,1,0,0,0,0,0,0,0,1,2,0,0,0,0,332.7499084472656,3
1786296990.0112767,597.8297729492188,12156,0,82966,25556,22289,0,0,0,0,0,0,0,1264.234375,14378.57421875,-0.0,1,4,0,0,1,0,0,0,0,0,0,0,1,2,0,0,0,0,332.7499084472656,3
1786296990.059474,597.87255859375,12157,0,82966,25606,22289,0,0,0,0,0,0,0,1266.2783203125,14380.6181640625,-0.0,1,4,0,0,1,0,0,0,0,0,0,0,1,2,0,0,0,0,332.7499084472656,3
1786296990.1118631,597.9310302734375,12158,0,82966,25673,22289,0,0,0,0,0,0,0,1268.3408203125,14382.6806640625,-0.0,1,4,0,0,1,0,0,0,0,0,0,0,1,2,0,0,0,0,332.7499084472656,3
1786296990.159931,597.9744873046875,12159,0,82966,25706,22289,0,0,0,0,0,0,0,1270.326171875,14384.666015625,-0.0,1,4,0,0,1,0,0,0,0,0,0,0,1,2,0,0,0,0,332.7499084472656,3
1786296990.2041802,598.0183715820312,12160,0,82966,25756,22289,0,0,0,0,0,0,0,1272.2412109375,14386.5810546875,-0.0,1,4,0,0,1,0,0,0,0,0,0,0,1,2,0,0,0,0,332.7499084472656,3
1786296990.2610056,598.0648803710938,12161,0,82966,25789,22289,0,0,0,0,0,0,0,1273.484375,14387.82421875,-0.0,1,4,0,0,1,0,0,0,0,0,0,0,1,2,0,0,0,0,332.7499084472656,3
1786296990.3030388,598.0995483398438,12162,0,82966,25823,22289,0,0,0,0,0,0,0,1274.716796875,14389.056640625,-0.0,1,4,0,0,1,0,0,0,0,0,0,0,1,2,0,0,0,0,332.7499084472656,3
1786296990.3633838,598.158203125,12163,0,82966,25878,22289,0,0,0,0,0,0,0,1276.8203125,14391.16015625,-0.0,1,4,0,0,1,0,0,0,0,0,0,0,1,2,0,0,0,0,332.7499084472656,3
1786296990.4201794,598.2190551757812,12164,0,82966,25939,22289,0,0,0,0,0,0,0,1278.9619140625,14393.3017578125,-0.0,1,4,0,0,1,0,0,0,0,0,0,0,1,2,0,0,0,0,332.7499084472656,3
1786296990.4610512,598.2592163085938,12165,0,82966,25979,22289,0,0,0,0,0,0,0,1280.359375,14394.69921875,-0.0,1,4,0,0,1,0,0,0,0,0,0,0,1,2,0,0,0,0,332.7499084472656,3
1786296990.5048177,598.3140258789062,12166,0,82966,26037,22289,0,0,0,0,0,0,0,1282.25,14396.58984375,-0.0,1,4,0,0,1,0,0,0,0,0,0,0,1,2,0,0,0,0,332.7499084472656,3
1786296990.5575974,598.37548828125,12167,0,82966,26104,22289,0,0,0,0,0,0,0,1284.4970703125,14398.8369140625,-0.0,1,4,0,0,1,0,0,0,0,0,0,0,1,2,0,0,0,0,332.7499084472656,3
1786296990.608487,598.4291381835938,12168,0,82966,26171,22289,0,0,0,0,0,0,0,1286.0888671875,14400.4287109375,-0.0,1,4,0,0,1,0,0,0,0,0,0,0,1,2,0,0,0,0,332.7499084472656,3
1786296990.6577756,598.4713745117188,12169,0,82966,26204,22289,0,0,0,0,0,0,0,1287.6171875,14401.95703125,-0.0,1,4,0,0,1,0,0,0,0,0,0,0,1,2,0,0,0,0,332.7499084472656,3
1786296990.705974,598.5169067382812,12170,0,82966,26254,22289,0,0,0,0,0,0,0,1289.0947265625,14403.4345703125,-0.0,1,4,0,0,1,0,0,0,0,0,0,0,1,2,0,0,0,0,332.7499084472656,3
1786296990.7549074,598.5643920898438,12171,0,82966,26304,22289,0,0,0,0,0,0,0,1290.5244140625,14404.8642578125,-0.0,1,4,0,0,1,0,0,0,0,0,0,0,1,2,0,0,0,0,332.7499084472656,3
1786296990.8075724,598.625,12172,0,82966,26354,22289,0,0,0,0,0,0,0,1291.9189453125,14406.2587890625,-0.0,1,4,0,0,1,0,0,0,0,0,0,0,1,2,0,0,0,0,332.7499084472656,3
1786296990.863604,598.6809692382812,12173,0,82966,26421,22289,0,0,0,0,0,0,0,1293.74609375,14408.0859375,-0.0,1,4,0,0,1,0,0,0,0,0,0,0,1,2,0,0,0,0,332.7499084472656,3
1786296990.90482,598.7222290039062,12174,0,82966,26454,22289,0,0,0,0,0,0,0,1294.650390625,14408.990234375,-0.0,1,4,0,0,1,0,0,0,0,0,0,0,1,2,0,0,0,0,332.7499084472656,3
1786296990.9602401,598.7774047851562,12175,0,82966,26504,22289,0,0,0,0,0,0,0,1296.0029296875,14410.3427734375,-0.0,1,4,0,0,1,0,0,0,0,0,0,0,1,2,0,0,0,0,332.7499084472656,3
1786296991.0078397,598.8207397460938,12176,0,82966,26554,22289,0,0,0,0,0,0,0,1297.3564453125,14411.6962890625,-0.0,1,4,0,0,1,0,0,0,0,0,0,0,1,2,0,0,0,0,332.7499084472656,3
1786296991.0623243,598.8800048828125,12177,0,82966,26621,22289,0,0,0,0,0,0,0,1298.6953125,14413.03515625,-0.0,1,4,0,0,1,0,0,0,0,0,0,0,1,2,0,0,0,0,332.7499084472656,3
1786296991.1156602,598.9246826171875,12178,0,82966,26654,22289,0,0,0,0,0,0,0,1300.0244140625,14414.3642578125,-0.0,1,4,0,0,1,0,0,0,0,0,0,0,1,2,0,0,0,0,332.7499084472656,3
1786296991.1625185,598.9715576171875,12179,0,82966,26704,22289,0,0,0,0,0,0,0,1301.376953125,14415.716796875,-0.0,1,4,0,0,1,0,0,0,0,0,0,0,1,2,0,0,0,0,332.7499084472656,3
1786296991.2165575,599.021240234375,12180,0,82966,26754,22289,0,0,0,0,0,0,0,1302.755859375,14417.095703125,-0.0,1,4,0,0,1,0,0,0,0,0,0,0,1,2,0,0,0,0,332.7499084472656,3
1786296991.2625818,599.0575561523438,12181,0,82966,26788,22289,0,0,0,0,0,0,0,1303.6875,14418.02734375,-0.0,1,4,0,0,1,0,0,0,0,0,0,0,1,2,0,0,0,0,332.7499084472656,3
1786296991.3033102,599.0971069335938,12182,0,82966,26821,22289,0,0,0,0,0,0,0,1304.6279296875,14418.9677734375,-0.0,1,4,0,0,1,0,0,0,0,0,0,0,1,2,0,0,0,0,332.7499084472656,3
1786296991.3705912,599.1620483398438,12183,0,82966,26880,22289,0,0,0,0,0,0,0,1306.474609375,14420.814453125,-0.0,1,4,0,0,1,0,0,0,0,0,0,0,1,2,0,0,0,0,332.7499084472656,3
1786296991.4126024,599.2050170898438,12184,0,82966,26924,22289,0,0,0,0,0,0,0,1307.7275390625,14422.0673828125,-0.0,1,4,0,0,1,0,0,0,0,0,0,0,1,2,0,0,0,0,332.7499084472656,3
1786296991.4563913,599.2647705078125,12185,0,82966,26986,22289,0,0,0,0,0,0,0,1309.5029296875,14423.8427734375,-0.0,1,4,0,0,1,0,0,0,0,0,0,0,1,2,0,0,0,0,332.7499084472656,3
1786296991.5120687,599.32958984375,12186,0,82966,27056,22289,0,0,0,0,0,0,0,1311.564453125,14425.904296875,-0.0,1,4,0,0,1,0,0,0,0,0,0,0,1,2,0,0,0,0,332.7499084472656,3
1786296991.5568511,599.3721313476562,12187,0,82966,27106,22289,0,0,0,0,0,0,0,1313.109375,14427.44921875,-0.0,1,4,0,0,1,0,0,0,0,0,0,0,1,2,0,0,0,0,332.7499084472656,3
1786296991.612699,599.4281616210938,12188,0,82966,27156,22289,0,0,0,0,0,0,0,1314.7890625,14429.12890625,-0.0,1,4,0,0,1,0,0,0,0,0,0,0,1,2,0,0,0,0,332.7499084472656,3
1786296991.6622553,599.4720458984375,12189,0,82966,27206,22289,0,0,0,0,0,0,0,1316.5146484375,14430.8544921875,-0.0,1,4,0,0,1,0,0,0,0,0,0,0,1,2,0,0,0,0,332.7499084472656,3
1786296991.706657,599.5186157226562,12190,0,82966,27256,22289,0,0,0,0,0,0,0,1318.2548828125,14432.5947265625,-0.0,1,4,0,0,1,0,0,0,0,0,0,0,1,2,0,0,0,0,332.7499084472656,3
1786296991.7664769,599.5806884765625,12191,0,82966,27306,22289,0,0,0,0,0,0,0,1320.01171875,14434.3515625,-0.0,1,4,0,0,1,0,0,0,0,0,0,0,1,2,0,0,0,0,332.7499084472656,3
1786296991.8085616,599.625244140625,12192,0,82966,27356,22289,0,0,0,0,0,0,0,1321.787109375,14436.126953125,-0.0,1,4,0,0,1,0,0,0,0,0,0,0,1,2,0,0,0,0,332.7499084472656,3
1786296991.8616915,599.6815185546875,12193,0,82966,27423,22289,0,0,0,0,0,0,0,1323.5849609375,14437.9248046875,-0.0,1,4,0,0,1,0,0,0,0,0,0,0,1,2,0,0,0,0,332.7499084472656,3
1786296991.9071798,599.7233276367188,12194,0,82966,27456,22289,0,0,0,0,0,0,0,1325.4111328125,14439.7509765625,-0.0,1,4,0,0,1,0,0,0,0,0,0,0,1,2,0,0,0,0,332.7499084472656,3
1786296991.963358,599.7802124023438,12195,0,82966,27506,22289,0,0,0,0,0,0,0,1327.2666015625,14441.6064453125,-0.0,1,4,0,0,1,0,0,0,0,0,0,0,1,2,0,0,0,0,332.7499084472656,3
1786296992.0094066,599.8226318359375,12196,0,82966,27556,22289,0,0,0,0,0,0,0,1329.1376953125,14443.4775390625,-0.0,1,4,0,0,1,0,0,0,0,0,0,0,1,2,0,0,0,0,332.7499084472656,3
1786296992.0680292,599.8803100585938,12197,0,82966,27606,22289,0,0,0,0,0,0,0,1330.94921875,14445.2890625,-0.0,1,4,0,0,1,0,0,0,0,0,0,0,1,2,0,0,0,0,332.7499084472656,3
1786296992.117139,599.926025390625,12198,0,82966,27656,22289,0,0,0,0,0,0,0,1332.748046875,14447.087890625,-0.0,1,4,0,0,1,0,0,0,0,0,0,0,1,2,0,0,0,0,332.7499084472656,3
1786296992.1563869,599.9585571289062,12199,0,82966,27690,22289,0,0,0,0,0,0,0,1333.939453125,14448.279296875,-0.0,1,4,0,0,1,0,0,0,0,0,0,0,1,2,0,0,0,0,332.7499084472656,3
1786296992.221346,600.01513671875,12200,0,82966,27740,22289,0,0,0,0,0,0,0,1335.712890625,14450.052734375,-0.0,1,4,0,0,1,0,0,0,0,0,0,0,1,2,0,0,0,0,332.7499084472656,3
1786296992.2630665,600.0558471679688,12201,0,82966,27775,22289,0,0,0,0,0,0,0,1337.1181640625,14451.4580078125,-0.0,1,4,0,0,1,0,0,0,0,0,0,0,1,2,0,0,0,0,332.7499084472656,3
1786296992.303214,600.0982666015625,12202,0,82966,27817,22289,0,0,0,0,0,0,0,1338.609375,14452.94921875,-0.0,1,4,0,0,1,0,0,0,0,0,0,0,1,2,0,0,0,0,332.7499084472656,3
1786296992.3650584,600.1597290039062,12203,0,82966,27880,22289,0,0,0,0,0,0,0,1340.763671875,14455.103515625,-0.0,1,4,0,0,1,0,0,0,0,0,0,0,1,2,0,0,0,0,332.7499084472656,3
1786296992.402838,600.2006225585938,12204,0,82966,27921,22289,0,0,0,0,0,0,0,1342.1982421875,14456.5380859375,-0.0,1,4,0,0,1,0,0,0,0,0,0,0,1,2,0,0,0,0,332.7499084472656,3
1786296992.459261,600.2725219726562,12205,0,82966,27996,22289,0,0,0,0,0,0,0,1344.72265625,14459.0625,-0.0,1,4,0,0,1,0,0,0,0,0,0,0,1,2,0,0,0,0,332.7499084472656,3
1786296992.5139132,600.330322265625,12206,0,82966,28063,22289,0,0,0,0,0,0,0,1347.0322265625,14461.3720703125,-0.0,1,4,0,0,1,0,0,0,0,0,0,0,1,2,0,0,0,0,332.7499084472656,3
1786296992.5592906,600.372802734375,12207,0,82966,28113,22289,0,0,0,0,0,0,0,1348.75390625,14463.09375,-0.0,1,4,0,0,1,0,0,0,0,0,0,0,1,2,0,0,0,0,332.7499084472656,3
1786296992.603033,600.4165649414062,12208,0,82966,28146,22289,0,0,0,0,0,0,0,1349.8994140625,14464.2392578125,-0.0,1,4,0,0,1,0,0,0,0,0,0,0,1,2,0,0,0,0,332.7499084472656,3
1786296992.658599,600.47412109375,12209,0,82966,28213,22289,0,0,0,0,0,0,0,1352.185546875,14466.525390625,-0.0,1,4,0,0,1,0,0,0,0,0,0,0,1,2,0,0,0,0,332.7499084472656,3
1786296992.7023463,600.517822265625,12210,0,82966,28246,22289,0,0,0,0,0,0,0,1353.33203125,14467.671875,-0.0,1,4,0,0,1,0,0,0,0,0,0,0,1,2,0,0,0,0,332.7499084472656,3
1786296992.7580137,600.574951171875,12211,0,82966,28313,22289,0,0,0,0,0,0,0,1355.6435546875,14469.9833984375,-0.0,1,4,0,0,1,0,0,0,0,0,0,0,1,2,0,0,0,0,332.7499084472656,3
1786296992.8084776,600.6192626953125,12212,0,82966,28346,22289,0,0,0,0,0,0,0,1356.810546875,14471.150390625,-0.0,1,4,0,0,1,0,0,0,0,0,0,0,1,2,0,0,0,0,332.7499084472656,3
1786296992.8622007,600.6800537109375,12213,0,82966,28413,22289,0,0,0,0,0,0,0,1359.173828125,14473.513671875,-0.0,1,4,0,0,1,0,0,0,0,0,0,0,1,2,0,0,0,0,332.7499084472656,3
1786296992.903872,600.722412109375,12214,0,82966,28463,22289,0,0,0,0,0,0,0,1360.37109375,14474.7109375,-0.0,1,4,0,0,1,0,0,0,0,0,0,0,1,2,0,0,0,0,332.7499084472656,3
1786296992.9566622,600.7762451171875,12215,0,82966,28513,22289,0,0,0,0,0,0,0,1362.767578125,14477.107421875,-0.0,1,4,0,0,1,0,0,0,0,0,0,0,1,2,0,0,0,0,332.7499084472656,3
1786296993.0128622,600.8299560546875,12216,0,82966,28563,22289,0,0,0,0,0,0,0,1364.5693359375,14478.9091796875,-0.0,1,4,0,0,1,0,0,0,0,0,0,0,1,2,0,0,0,0,332.7499084472656,3
1786296993.0639598,600.8736572265625,12217,0,82966,28613,22289,0,0,0,0,0,0,0,1366.37890625,14480.71875,-0.0,1,4,0,0,1,0,0,0,0,0,0,0,1,2,0,0,0,0,332.7499084472656,3
1786296993.1081834,600.920166015625,12218,0,82966,28646,22289,0,0,0,0,0,0,0,1367.5908203125,14481.9306640625,-0.0,1,4,0,0,1,0,0,0,0,0,0,0,1,2,0,0,0,0,332.7499084472656,3
1786296993.1534996,600.9674682617188,12219,0,82966,28696,22289,0,0,0,0,0,0,0,1369.419921875,14483.759765625,-0.0,1,4,0,0,1,0,0,0,0,0,0,0,1,2,0,0,0,0,332.7499084472656,3
1786296993.2121596,601.0275268554688,12220,0,82966,28763,22289,0,0,0,0,0,0,0,1371.8857421875,14486.2255859375,-0.0,1,4,0,0,1,0,0,0,0,0,0,0,1,2,0,0,0,0,332.7499084472656,3
1786296993.2567954,601.0720825195312,12221,0,82966,28813,22289,0,0,0,0,0,0,0,1373.1318359375,14487.4716796875,-0.0,1,4,0,0,1,0,0,0,0,0,0,0,1,2,0,0,0,0,332.7499084472656,3
1786296993.3229487,601.120849609375,12222,0,82966,28846,22289,0,0,0,0,0,0,0,1375.01953125,14489.359375,-0.0,1,4,0,0,1,0,0,0,0,0,0,0,1,2,0,0,0,0,332.7499084472656,3
1786296993.3643641,601.1583862304688,12223,0,82966,28879,22289,0,0,0,0,0,0,0,1376.388671875,14490.728515625,-0.0,1,4,0,0,1,0,0,0,0,0,0,0,1,2,0,0,0,0,332.7499084472656,3
1786296993.4053235,601.1990966796875,12224,0,82966,28919,22289,0,0,0,0,0,0,0,1377.958984375,14492.298828125,-0.0,1,4,0,0,1,0,0,0,0,0,0,0,1,2,0,0,0,0,332.7499084472656,3
1786296993.4676318,601.2621459960938,12225,0,82966,28982,22289,0,0,0,0,0,0,0,1380.423828125,14494.763671875,-0.0,1,4,0,0,1,0,0,0,0,0,0,0,1,2,0,0,0,0,332.7499084472656,3
1786296993.50662,601.3037109375,12226,0,82966,29023,22289,0,0,0,0,0,0,0,1382.056640625,14496.396484375,-0.0,1,4,0,0,1,0,0,0,0,0,0,0,1,2,0,0,0,0,332.7499084472656,3
1786296993.5552938,601.3623657226562,12227,0,82966,29084,22289,0,0,0,0,0,0,0,1384.376953125,14498.716796875,-0.0,1,4,0,0,1,0,0,0,0,0,0,0,1,2,0,0,0,0,332.7499084472656,3
1786296993.6134198,601.4285278320312,12228,0,82966,29154,22289,0,0,0,0,0,0,0,1387.111328125,14501.451171875,-0.0,1,4,0,0,1,0,0,0,0,0,0,0,1,2,0,0,0,0,332.7499084472656,3
1786296993.6588538,601.4728393554688,12229,0,82966,29204,22289,0,0,0,0,0,0,0,1389.1279296875,14503.4677734375,-0.0,1,4,0,0,1,0,0,0,0,0,0,0,1,2,0,0,0,0,332.7499084472656,3
1786296993.7068453,601.5182495117188,12230,0,82966,29254,22289,0,0,0,0,0,0,0,1391.162109375,14505.501953125,-0.0,1,4,0,0,1,0,0,0,0,0,0,0,1,2,0,0,0,0,332.7499084472656,3
1786296993.7642875,601.5796508789062,12231,0,82966,29321,22289,0,0,0,0,0,0,0,1393.216796875,14507.556640625,-0.0,1,4,0,0,1,0,0,0,0,0,0,0,1,2,0,0,0,0,332.7499084472656,3
1786296993.8108451,601.6241455078125,12232,0,82966,29354,22289,0,0,0,0,0,0,0,1395.2919921875,14509.6318359375,-0.0,1,4,0,0,1,0,0,0,0,0,0,0,1,2,0,0,0,0,332.7499084472656,3
1786296993.860121,601.6697387695312,12233,0,82966,29404,22289,0,0,0,0,0,0,0,1397.3896484375,14511.7294921875,-0.0,1,4,0,0,1,0,0,0,0,0,0,0,1,2,0,0,0,0,332.7499084472656,3
1786296993.9044623,601.7164916992188,12234,0,82966,29454,22289,0,0,0,0,0,0,0,1399.505859375,14513.845703125,-0.0,1,4,0,0,1,0,0,0,0,0,0,0,1,2,0,0,0,0,332.7499084472656,3
1786296993.9604526,601.7756958007812,12235,0,82966,29504,22289,0,0,0,0,0,0,0,1401.626953125,14515.966796875,-0.0,1,4,0,0,1,0,0,0,0,0,0,0,1,2,0,0,0,0,332.7499084472656,3
1786296994.0035765,601.8190307617188,12236,0,82966,29554,22289,0,0,0,0,0,0,0,1403.7626953125,14518.1025390625,-0.0,1,4,0,0,1,0,0,0,0,0,0,0,1,2,0,0,0,0,332.7499084472656,3
1786296994.0580835,601.8756713867188,12237,0,82966,29604,22289,0,0,0,0,0,0,0,1405.9130859375,14520.2529296875,-0.0,1,4,0,0,1,0,0,0,0,0,0,0,1,2,0,0,0,0,332.7499084472656,3
1786296994.1123323,601.9195556640625,12238,0,82966,29654,22289,0,0,0,0,0,0,0,1408.0849609375,14522.4248046875,-0.0,1,4,0,0,1,0,0,0,0,0,0,0,1,2,0,0,0,0,332.7499084472656,3
1786296994.1601717,601.9682006835938,12239,0,82966,29704,22289,0,0,0,0,0,0,0,1410.2802734375,14524.6201171875,-0.0,1,4,0,0,1,0,0,0,0,0,0,0,1,2,0,0,0,0,332.7499084472656,3
1786296994.218841,602.0198364257812,12240,0,82966,29754,22289,0,0,0,0,0,0,0,1412.4970703125,14526.8369140625,-0.0,1,4,0,0,1,0,0,0,0,0,0,0,1,2,0,0,0,0,332.7499084472656,3
1786296994.2659357,602.057373046875,12241,0,82966,29788,22289,0,0,0,0,0,0,0,1413.9853515625,14528.3251953125,-0.0,1,4,0,0,1,0,0,0,0,0,0,0,1,2,0,0,0,0,332.7499084472656,3
1786296994.3107624,602.0990600585938,12242,0,82966,29821,22289,0,0,0,0,0,0,0,1415.5556640625,14529.8955078125,-0.0,1,4,0,0,1,0,0,0,0,0,0,0,1,2,0,0,0,0,332.7499084472656,3
1786296994.3544593,602.1437377929688,12243,0,82966,29861,22289,0,0,0,0,0,0,0,1417.58203125,14531.921875,-0.0,1,4,0,0,1,0,0,0,0,0,0,0,1,2,0,0,0,0,332.7499084472656,3
1786296994.4208686,602.2109985351562,12244,0,82966,29929,22289,0,0,0,0,0,0,0,1420.6640625,14535.00390625,-0.0,1,4,0,0,1,0,0,0,0,0,0,0,1,2,0,0,0,0,332.7499084472656,3
1786296994.4662793,602.271728515625,12245,0,82966,29993,22289,0,0,0,0,0,0,0,1423.47265625,14537.8125,-0.0,1,4,0,0,1,0,0,0,0,0,0,0,1,2,0,0,0,0,332.7499084472656,3
1786296994.511462,602.3240966796875,12246,0,82966,30048,22289,0,0,0,0,0,0,0,1425.919921875,14540.259765625,-0.0,1,4,0,0,1,0,0,0,0,0,0,0,1,2,0,0,0,0,332.7499084472656,3
1786296994.5629613,602.370849609375,12247,0,82966,30098,22289,0,0,0,0,0,0,0,1428.2734375,14542.61328125,-0.0,1,4,0,0,1,0,0,0,0,0,0,0,1,2,0,0,0,0,332.7499084472656,3
1786296994.606684,602.4176025390625,12248,0,82966,30148,22289,0,0,0,0,0,0,0,1430.646484375,14544.986328125,-0.0,1,4,0,0,1,0,0,0,0,0,0,0,1,2,0,0,0,0,332.7499084472656,3
1786296994.666152,602.4788818359375,12249,0,82966,30214,22289,0,0,0,0,0,0,0,1433.8408203125,14548.1806640625,-0.0,1,4,0,0,1,0,0,0,0,0,0,0,1,2,0,0,0,0,332.7499084472656,3
1786296994.7065194,602.5233154296875,12250,0,82966,30264,22289,0,0,0,0,0,0,0,1435.451171875,14549.791015625,-0.0,1,4,0,0,1,0,0,0,0,0,0,0,1,2,0,0,0,0,332.7499084472656,3
1786296994.7607207,602.5797729492188,12251,0,82966,30314,22289,0,0,0,0,0,0,0,1438.701171875,14553.041015625,-0.0,1,4,0,0,1,0,0,0,0,0,0,0,1,2,0,0,0,0,332.7499084472656,3
1786296994.8063617,602.6222534179688,12252,0,82966,30364,22289,0,0,0,0,0,0,0,1440.3408203125,14554.6806640625,-0.0,1,4,0,0,1,0,0,0,0,0,0,0,1,2,0,0,0,0,332.7499084472656,3
1786296994.8642623,602.6801147460938,12253,0,82966,30414,22289,0,0,0,0,0,0,0,1443.6533203125,14557.9931640625,-0.0,1,4,0,0,1,0,0,0,0,0,0,0,1,2,0,0,0,0,332.7499084472656,3
1786296994.9069178,602.7235107421875,12254,0,82966,30464,22289,0,0,0,0,0,0,0,1445.3271484375,14559.6669921875,-0.0,1,4,0,0,1,0,0,0,0,0,0,0,1,2,0,0,0,0,332.7499084472656,3
1786296994.956035,602.7694091796875,12255,0,82966,30498,22289,0,0,0,0,0,0,0,1447.857421875,14562.197265625,-0.0,1,4,0,0,1,0,0,0,0,0,0,0,1,2,0,0,0,0,332.7499084472656,3
1786296995.009935,602.8289184570312,12256,0,82966,30564,22289,0,0,0,0,0,0,0,1451.267578125,14565.607421875,-0.0,1,4,0,0,1,0,0,0,0,0,0,0,1,2,0,0,0,0,332.7499084472656,3
1786296995.0557811,602.8709716796875,12257,0,82966,30598,22289,0,0,0,0,0,0,0,1452.98828125,14567.328125,-0.0,1,4,0,0,1,0,0,0,0,0,0,0,1,2,0,0,0,0,332.7499084472656,3
1786296995.10965,602.9275512695312,12258,0,82966,30664,22289,0,0,0,0,0,0,0,1456.458984375,14570.798828125,-0.0,1,4,0,0,1,0,0,0,0,0,0,0,1,2,0,0,0,0,332.7499084472656,3
1786296995.1594467,602.9708862304688,12259,0,82966,30698,22289,0,0,0,0,0,0,0,1458.2099609375,14572.5498046875,-0.0,1,4,0,0,1,0,0,0,0,0,0,0,1,2,0,0,0,0,332.7499084472656,3
1786296995.2129643,603.0300903320312,12260,0,82966,30764,22289,0,0,0,0,0,0,0,1461.7421875,14576.08203125,-0.0,1,4,0,0,1,0,0,0,0,0,0,0,1,2,0,0,0,0,332.7499084472656,3
1786296995.2560904,603.0736083984375,12261,0,82966,30814,22289,0,0,0,0,0,0,0,1463.5234375,14577.86328125,-0.0,1,4,0,0,1,0,0,0,0,0,0,0,1,2,0,0,0,0,332.7499084472656,3
1786296995.3140988,603.13134765625,12262,0,82966,30864,22289,0,0,0,0,0,0,0,1467.1171875,14581.45703125,-0.0,1,4,0,0,1,0,0,0,0,0,0,0,1,2,0,0,0,0,332.7499084472656,3
1786296995.3571398,603.1741333007812,12263,0,82966,30914,22289,0,0,0,0,0,0,0,1468.9345703125,14583.2744140625,-0.0,1,4,0,0,1,0,0,0,0,0,0,0,1,2,0,0,0,0,332.7499084472656,3
1786296995.410957,603.2301025390625,12264,0,82966,30964,22289,0,0,0,0,0,0,0,1472.5986328125,14586.9384765625,-0.0,1,4,0,0,1,0,0,0,0,0,0,0,1,2,0,0,0,0,332.7499084472656,3
1786296995.4573295,603.2723388671875,12265,0,82966,31014,22289,0,0,0,0,0,0,0,1474.4453125,14588.78515625,-0.0,1,4,0,0,1,0,0,0,0,0,0,0,1,2,0,0,0,0,332.7499084472656,3
1786296995.5093818,603.32861328125,12266,0,82966,31064,22289,0,0,0,0,0,0,0,1478.1669921875,14592.5068359375,-0.0,1,4,0,0,1,0,0,0,0,0,0,0,1,2,0,0,0,0,332.7499084472656,3
1786296995.5658374,603.3836669921875,12268,0,82966,31114,22289,0,0,0,0,0,0,0,1480.9833984375,14595.3232421875,-0.0,1,4,0,0,1,0,0,0,0,0,0,0,1,2,0,0,0,0,332.7499084472656,3
1786296995.6093557,603.4257202148438,12269,0,82966,31164,22289,0,0,0,0,0,0,0,1483.822265625,14598.162109375,-0.0,1,4,0,0,1,0,0,0,0,0,0,0,1,2,0,0,0,0,332.7499084472656,3
1786296995.6513083,603.4686889648438,12270,0,82966,31198,22289,0,0,0,0,0,0,0,1485.7255859375,14600.0654296875,-0.0,1,4,0,0,1,0,0,0,0,0,0,0,1,2,0,0,0,0,332.7499084472656,3
1786296995.7057788,603.5245361328125,12271,0,82966,31264,22289,0,0,0,0,0,0,0,1489.5625,14603.90234375,-0.0,1,4,0,0,1,0,0,0,0,0,0,0,1,2,0,0,0,0,332.7499084472656,3
1786296995.7624612,603.578857421875,12272,0,82966,31314,22289,0,0,0,0,0,0,0,1492.4716796875,14606.8115234375,-0.0,1,4,0,0,1,0,0,0,0,0,0,0,1,2,0,0,0,0,332.7499084472656,3
1786296995.80255,603.6203002929688,12273,0,82966,31348,22289,0,0,0,0,0,0,0,1494.4306640625,14608.7705078125,-0.0,1,4,0,0,1,0,0,0,0,0,0,0,1,2,0,0,0,0,332.7499084472656,3
1786296995.8623283,603.6770629882812,12274,0,82966,31414,22289,0,0,0,0,0,0,0,1498.37890625,14612.71875,-0.0,1,4,0,0,1,0,0,0,0,0,0,0,1,2,0,0,0,0,332.7499084472656,3
1786296995.9066572,603.7212524414062,12275,0,82966,31448,22289,0,0,0,0,0,0,0,1500.3671875,14614.70703125,-0.0,1,4,0,0,1,0,0,0,0,0,0,0,1,2,0,0,0,0,332.7499084472656,3
1786296995.9626586,603.780029296875,12276,0,82966,31514,22289,0,0,0,0,0,0,0,1504.373046875,14618.712890625,-0.0,1,4,0,0,1,0,0,0,0,0,0,0,1,2,0,0,0,0,332.7499084472656,3
1786296996.007867,603.8233642578125,12277,0,82966,31564,22289,0,0,0,0,0,0,0,1506.388671875,14620.728515625,-0.0,1,4,0,0,1,0,0,0,0,0,0,0,1,2,0,0,0,0,332.7499084472656,3
1786296996.0523717,603.8670654296875,12278,0,82966,31598,22289,0,0,0,0,0,0,0,1509.4296875,14623.76953125,-0.0,1,4,0,0,1,0,0,0,0,0,0,0,1,2,0,0,0,0,332.7499084472656,3
1786296996.110595,603.9254150390625,12279,0,82966,31664,22289,0,0,0,0,0,0,0,1513.5146484375,14627.8544921875,-0.0,1,4,0,0,1,0,0,0,0,0,0,0,1,2,0,0,0,0,332.7499084472656,3
1786296996.157249,603.9700927734375,12280,0,82966,31698,22289,0,0,0,0,0,0,0,1515.5703125,14629.91015625,-0.0,1,4,0,0,1,0,0,0,0,0,0,0,1,2,0,0,0,0,332.7499084472656,3
1786296996.217476,604.030517578125,12281,0,82966,31764,22289,0,0,0,0,0,0,0,1519.708984375,14634.048828125,-0.0,1,4,0,0,1,0,0,0,0,0,0,0,1,2,0,0,0,0,332.7499084472656,3
1786296996.260176,604.0748901367188,12282,0,82966,31814,22289,0,0,0,0,0,0,0,1522.8359375,14637.17578125,-0.0,1,4,0,0,1,0,0,0,0,0,0,0,1,2,0,0,0,0,332.7499084472656,3
1786296996.3075774,604.1204223632812,12283,0,82966,31848,22289,0,0,0,0,0,0,0,1524.935546875,14639.275390625,-0.0,1,4,0,0,1,0,0,0,0,0,0,0,1,2,0,0,0,0,332.7499084472656,3
1786296996.3683767,604.169677734375,12284,0,82966,31898,22289,0,0,0,0,0,0,0,1528.1015625,14642.44140625,-0.0,1,4,0,0,1,0,0,0,0,0,0,0,1,2,0,0,0,0,332.7499084472656,3
1786296996.4066556,604.2061157226562,12285,0,82966,31931,22289,0,0,0,0,0,0,0,1530.22265625,14644.5625,-0.0,1,4,0,0,1,0,0,0,0,0,0,0,1,2,0,0,0,0,332.7499084472656,3
1786296996.4740818,604.266357421875,12286,0,82966,31985,22289,0,0,0,0,0,0,0,1533.9921875,14648.33203125,-0.0,1,4,0,0,1,0,0,0,0,0,0,0,1,2,0,0,0,0,332.7499084472656,3
1786296996.5133693,604.3082275390625,12287,0,82966,32027,22289,0,0,0,0,0,0,0,1536.6875,14651.02734375,-0.0,1,4,0,0,1,0,0,0,0,0,0,0,1,2,0,0,0,0,332.7499084472656,3
1786296996.5531294,604.3499145507812,12288,0,82966,32069,22289,0,0,0,0,0,0,0,1539.3876953125,14653.7275390625,-0.0,1,4,0,0,1,0,0,0,0,0,0,0,1,2,0,0,0,0,332.7499084472656,3
1786296996.6111653,604.4222412109375,12289,0,82966,32146,22289,0,0,0,0,0,0,0,1544.107421875,14658.447265625,-0.0,1,4,0,0,1,0,0,0,0,0,0,0,1,2,0,0,0,0,332.7499084472656,3
1786296996.6662064,604.4812622070312,12291,0,82966,32212,22289,0,0,0,0,0,0,0,1548.4892578125,14662.8291015625,-0.0,1,4,0,0,1,0,0,0,0,0,0,0,1,2,0,0,0,0,332.7499084472656,3
1786296996.7106936,604.5242919921875,12292,0,82966,32262,22289,0,0,0,0,0,0,0,1551.7978515625,14666.1376953125,-0.0,1,4,0,0,1,0,0,0,0,0,0,0,1,2,0,0,0,0,332.7499084472656,3
1786296996.7585948,604.5695190429688,12293,0,82966,32296,22289,0,0,0,0,0,0,0,1554.013671875,14668.353515625,-0.0,1,4,0,0,1,0,0,0,0,0,0,0,1,2,0,0,0,0,332.7499084472656,3
1786296996.8029013,604.616455078125,12294,0,82966,32346,22289,0,0,0,0,0,0,0,1557.3525390625,14671.6923828125,-0.0,1,4,0,0,1,0,0,0,0,0,0,0,1,2,0,0,0,0,332.7499084472656,3
1786296996.865696,604.677978515625,12295,0,82966,32412,22289,0,0,0,0,0,0,0,1561.8330078125,14676.1728515625,-0.0,1,4,0,0,1,0,0,0,0,0,0,0,1,2,0,0,0,0,332.7499084472656,3
1786296996.9096804,604.7232055664062,12296,0,82966,32462,22289,0,0,0,0,0,0,0,1565.21484375,14679.5546875,-0.0,1,4,0,0,1,0,0,0,0,0,0,0,1,2,0,0,0,0,332.7499084472656,3
1786296996.9592714,604.7697143554688,12297,0,82966,32496,22289,0,0,0,0,0,0,0,1567.478515625,14681.818359375,-0.0,1,4,0,0,1,0,0,0,0,0,0,0,1,2,0,0,0,0,332.7499084472656,3
1786296997.003038,604.81640625,12298,0,82966,32546,22289,0,0,0,0,0,0,0,1570.888671875,14685.228515625,-0.0,1,4,0,0,1,0,0,0,0,0,0,0,1,2,0,0,0,0,332.7499084472656,3
1786296997.067398,604.8778686523438,12299,0,82966,32612,22289,0,0,0,0,0,0,0,1575.4609375,14689.80078125,-0.0,1,4,0,0,1,0,0,0,0,0,0,0,1,2,0,0,0,0,332.7499084472656,3
1786296997.1110744,604.9236450195312,12300,0,82966,32662,22289,0,0,0,0,0,0,0,1578.90625,14693.24609375,-0.0,1,4,0,0,1,0,0,0,0,0,0,0,1,2,0,0,0,0,332.7499084472656,3
1786296997.1557446,604.9684448242188,12301,0,82966,32696,22289,0,0,0,0,0,0,0,1581.212890625,14695.552734375,-0.0,1,4,0,0,1,0,0,0,0,0,0,0,1,2,0,0,0,0,332.7499084472656,3
1786296997.2172842,605.0281982421875,12302,0,82966,32762,22289,0,0,0,0,0,0,0,1585.84765625,14700.1875,-0.0,1,4,0,0,1,0,0,0,0,0,0,0,1,2,0,0,0,0,332.7499084472656,3
1786296997.2637355,605.074951171875,12303,0,82966,32812,22289,0,0,0,0,0,0,0,1589.341796875,14703.681640625,-0.0,1,4,0,0,1,0,0,0,0,0,0,0,1,2,0,0,0,0,332.7499084472656,3
1786296997.3206446,605.1237182617188,12304,0,82966,32862,22289,0,0,0,0,0,0,0,1592.853515625,14707.193359375,-0.0,1,4,0,0,1,0,0,0,0,0,0,0,1,2,0,0,0,0,332.7499084472656,3
1786296997.362976,605.1598510742188,12305,0,82966,32896,22289,0,0,0,0,0,0,0,1595.203125,14709.54296875,-0.0,1,4,0,0,1,0,0,0,0,0,0,0,1,2,0,0,0,0,332.7499084472656,3
1786296997.4059484,605.19921875,12306,0,82966,32929,22289,0,0,0,0,0,0,0,1597.5595703125,14711.8994140625,-0.0,1,4,0,0,1,0,0,0,0,0,0,0,1,2,0,0,0,0,332.7499084472656,3
1786296997.470342,605.2630615234375,12307,0,82966,32982,22289,0,0,0,0,0,0,0,1601.63671875,14715.9765625,-0.0,1,4,0,0,1,0,0,0,0,0,0,0,1,2,0,0,0,0,332.7499084472656,3
1786296997.5140781,605.3055419921875,12308,0,82966,33024,22289,0,0,0,0,0,0,0,1604.6650390625,14719.0048828125,-0.0,1,4,0,0,1,0,0,0,0,0,0,0,1,2,0,0,0,0,332.7499084472656,3
1786296997.5610456,605.3661499023438,12309,0,82966,33087,22289,0,0,0,0,0,0,0,1609.0048828125,14723.3447265625,-0.0,1,4,0,0,1,0,0,0,0,0,0,0,1,2,0,0,0,0,332.7499084472656,3
1786296997.6131456,605.4324340820312,12310,0,82966,33158,22289,0,0,0,0,0,0,0,1613.94921875,14728.2890625,-0.0,1,4,0,0,1,0,0,0,0,0,0,0,1,2,0,0,0,0,332.7499084472656,3
1786296997.6582093,605.4740600585938,12311,0,82966,33208,22289,0,0,0,0,0,0,0,1617.5673828125,14731.9072265625,-0.0,1,4,0,0,1,0,0,0,0,0,0,0,1,2,0,0,0,0,332.7499084472656,3
1786296997.712678,605.5304565429688,12312,0,82966,33258,22289,0,0,0,0,0,0,0,1621.19921875,14735.5390625,-0.0,1,4,0,0,1,0,0,0,0,0,0,0,1,2,0,0,0,0,332.7499084472656,3
1786296997.756278,605.572265625,12313,0,82966,33308,22289,0,0,0,0,0,0,0,1624.845703125,14739.185546875,-0.0,1,4,0,0,1,0,0,0,0,0,0,0,1,2,0,0,0,0,332.7499084472656,3
1786296997.8128886,605.6287231445312,12314,0,82966,33358,22289,0,0,0,0,0,0,0,1628.505859375,14742.845703125,-0.0,1,4,0,0,1,0,0,0,0,0,0,0,1,2,0,0,0,0,332.7499084472656,3
1786296997.858171,605.6724853515625,12315,0,82966,33408,22289,0,0,0,0,0,0,0,1632.1796875,14746.51953125,-0.0,1,4,0,0,1,0,0,0,0,0,0,0,1,2,0,0,0,0,332.7499084472656,3
1786296997.915822,605.7305297851562,12316,0,82966,33458,22289,0,0,0,0,0,0,0,1635.8671875,14750.20703125,-0.0,1,4,0,0,1,0,0,0,0,0,0,0,1,2,0,0,0,0,332.7499084472656,3
1786296997.9608471,605.7742919921875,12317,0,82966,33508,22289,0,0,0,0,0,0,0,1639.568359375,14753.908203125,-0.0,1,4,0,0,1,0,0,0,0,0,0,0,1,2,0,0,0,0,332.7499084472656,3
1786296998.0034344,605.8182983398438,12318,0,82966,33558,22289,0,0,0,0,0,0,0,1643.283203125,14757.623046875,-0.0,1,4,0,0,1,0,0,0,0,0,0,0,1,2,0,0,0,0,332.7499084472656,3
1786296998.0593548,605.8757934570312,12319,0,82966,33608,22289,0,0,0,0,0,0,0,1647.01171875,14761.3515625,-0.0,1,4,0,0,1,0,0,0,0,0,0,0,1,2,0,0,0,0,332.7499084472656,3
1786296998.1104424,605.9202880859375,12320,0,82966,33658,22289,0,0,0,0,0,0,0,1650.75390625,14765.09375,-0.0,1,4,0,0,1,0,0,0,0,0,0,0,1,2,0,0,0,0,332.7499084472656,3
1786296998.1563585,605.9664916992188,12321,0,82966,33692,22289,0,0,0,0,0,0,0,1653.2568359375,14767.5966796875,-0.0,1,4,0,0,1,0,0,0,0,0,0,0,1,2,0,0,0,0,332.7499084472656,3
1786296998.2104015,606.0263671875,12322,0,82966,33758,22289,0,0,0,0,0,0,0,1658.279296875,14772.619140625,-0.0,1,4,0,0,1,0,0,0,0,0,0,0,1,2,0,0,0,0,332.7499084472656,3
1786296998.2580693,606.0704956054688,12323,0,82966,33808,22289,0,0,0,0,0,0,0,1662.0615234375,14776.4013671875,-0.0,1,4,0,0,1,0,0,0,0,0,0,0,1,2,0,0,0,0,332.7499084472656,3
1786296998.3123095,606.1292724609375,12324,0,82966,33858,22289,0,0,0,0,0,0,0,1665.85546875,14780.1953125,-0.0,1,4,0,0,1,0,0,0,0,0,0,0,1,2,0,0,0,0,332.7499084472656,3
1786296998.3596127,606.1727905273438,12325,0,82966,33908,22289,0,0,0,0,0,0,0,1669.6611328125,14784.0009765625,-0.0,1,4,0,0,1,0,0,0,0,0,0,0,1,2,0,0,0,0,332.7499084472656,3
1786296998.4203887,606.2313232421875,12326,0,82966,33958,22289,0,0,0,0,0,0,0,1673.4794921875,14787.8193359375,-0.0,1,4,0,0,1,0,0,0,0,0,0,0,1,2,0,0,0,0,332.7499084472656,3
1786296998.4604356,606.263427734375,12327,0,82966,33992,22289,0,0,0,0,0,0,0,1676.0322265625,14790.3720703125,-0.0,1,4,0,0,1,0,0,0,0,0,0,0,1,2,0,0,0,0,332.7499084472656,3
1786296998.5181017,606.3167114257812,12328,0,82966,34042,22289,0,0,0,0,0,0,0,1679.87109375,14794.2109375,-0.0,1,4,0,0,1,0,0,0,0,0,0,0,1,2,0,0,0,0,332.7499084472656,3
1786296998.5575757,606.3555908203125,12329,0,82966,34076,22289,0,0,0,0,0,0,0,1682.755859375,14797.095703125,-0.0,1,4,0,0,1,0,0,0,0,0,0,0,1,2,0,0,0,0,332.7499084472656,3
1786296998.6195652,606.4153442382812,12330,0,82966,34135,22289,0,0,0,0,0,0,0,1687.3701171875,14801.7099609375,-0.0,1,4,0,0,1,0,0,0,0,0,0,0,1,2,0,0,0,0,332.7499084472656,3
1786296998.6524172,606.4550170898438,12331,0,82966,34176,22289,0,0,0,0,0,0,0,1690.443359375,14804.783203125,-0.0,1,4,0,0,1,0,0,0,0,0,0,0,1,2,0,0,0,0,332.7499084472656,3
1786296998.7047231,606.5233154296875,12332,0,82966,34248,22289,0,0,0,0,0,0,0,1695.845703125,14810.185546875,-0.0,1,4,0,0,1,0,0,0,0,0,0,0,1,2,0,0,0,0,332.7499084472656,3
1786296998.7594476,606.5783081054688,12333,0,82966,34315,22289,0,0,0,0,0,0,0,1701.0498046875,14815.3896484375,-0.0,1,4,0,0,1,0,0,0,0,0,0,0,1,2,0,0,0,0,332.7499084472656,3
1786296998.818551,606.6322631835938,12334,0,82966,34365,22289,0,0,0,0,0,0,0,1704.966796875,14819.306640625,-0.0,1,4,0,0,1,0,0,0,0,0,0,0,1,2,0,0,0,0,332.7499084472656,3
1786296998.8539164,606.6616821289062,12335,0,82966,34398,22289,0,0,0,0,0,0,0,1707.583984375,14821.923828125,-0.0,1,4,0,0,1,0,0,0,0,0,0,0,1,2,0,0,0,0,332.7499084472656,3
1786296998.9052894,606.7101440429688,12336,0,82966,34448,22289,0,0,0,0,0,0,0,1711.5185546875,14825.8583984375,-0.0,1,4,0,0,1,0,0,0,0,0,0,0,1,2,0,0,0,0,332.7499084472656,3
1786296998.9545302,606.7617797851562,12337,0,82966,34498,22289,0,0,0,0,0,0,0,1715.4638671875,14829.8037109375,-0.0,1,4,0,0,1,0,0,0,0,0,0,0,1,2,0,0,0,0,332.7499084472656,3
1786296999.012959,606.8270874023438,12338,0,82966,34565,22289,0,0,0,0,0,0,0,1720.7421875,14835.08203125,-0.0,1,4,0,0,1,0,0,0,0,0,0,0,1,2,0,0,0,0,332.7499084472656,3
1786296999.0587049,606.8719482421875,12339,0,82966,34598,22289,0,0,0,0,0,0,0,1723.388671875,14837.728515625,-0.0,1,4,0,0,1,0,0,0,0,0,0,0,1,2,0,0,0,0,332.7499084472656,3
1786296999.1156533,606.9298095703125,12340,0,82966,34665,22289,0,0,0,0,0,0,0,1728.6962890625,14843.0361328125,-0.0,1,4,0,0,1,0,0,0,0,0,0,0,1,2,0,0,0,0,332.7499084472656,3
1786296999.1565363,606.9732666015625,12341,0,82966,34715,22289,0,0,0,0,0,0,0,1731.357421875,14845.697265625,-0.0,1,4,0,0,1,0,0,0,0,0,0,0,1,2,0,0,0,0,332.7499084472656,3
1786296999.2143776,607.0306396484375,12342,0,82966,34765,22289,0,0,0,0,0,0,0,1736.6943359375,14851.0341796875,-0.0,1,4,0,0,1,0,0,0,0,0,0,0,1,2,0,0,0,0,332.7499084472656,3
1786296999.2614636,607.0741577148438,12343,0,82966,34815,22289,0,0,0,0,0,0,0,1739.3701171875,14853.7099609375,-0.0,1,4,0,0,1,0,0,0,0,0,0,0,1,2,0,0,0,0,332.7499084472656,3
1786296999.3079946,607.1199951171875,12344,0,82966,34848,22289,0,0,0,0,0,0,0,1743.392578125,14857.732421875,-0.0,1,4,0,0,1,0,0,0,0,0,0,0,1,2,0,0,0,0,332.7499084472656,3
1786296999.3569658,607.1679077148438,12345,0,82966,34898,22289,0,0,0,0,0,0,0,1747.4248046875,14861.7646484375,-0.0,1,4,0,0,1,0,0,0,0,0,0,0,1,2,0,0,0,0,332.7499084472656,3
1786296999.4050148,607.21533203125,12346,0,82966,34948,22289,0,0,0,0,0,0,0,1751.466796875,14865.806640625,-0.0,1,4,0,0,1,0,0,0,0,0,0,0,1,2,0,0,0,0,332.7499084472656,3
1786296999.4678733,607.2650756835938,12347,0,82966,34998,22289,0,0,0,0,0,0,0,1755.517578125,14869.857421875,-0.0,1,4,0,0,1,0,0,0,0,0,0,0,1,2,0,0,0,0,332.7499084472656,3
1786296999.504503,607.3025512695312,12348,0,82966,35031,22289,0,0,0,0,0,0,0,1758.2236328125,14872.5634765625,-0.0,1,4,0,0,1,0,0,0,0,0,0,0,1,2,0,0,0,0,332.7499084472656,3
1786296999.5653174,607.3619384765625,12349,0,82966,35081,22289,0,0,0,0,0,0,0,1762.6240234375,14876.9638671875,-0.0,1,4,0,0,1,0,0,0,0,0,0,0,1,2,0,0,0,0,332.7499084472656,3
1786296999.6037123,607.4022827148438,12350,0,82966,35122,22289,0,0,0,0,0,0,0,1765.91015625,14880.25,-0.0,1,4,0,0,1,0,0,0,0,0,0,0,1,2,0,0,0,0,332.7499084472656,3
1786296999.6597326,607.461181640625,12351,0,82966,35182,22289,0,0,0,0,0,0,0,1770.7216796875,14885.0615234375,-0.0,1,4,0,0,1,0,0,0,0,0,0,0,1,2,0,0,0,0,332.7499084472656,3
1786296999.7052848,607.5154418945312,12352,0,82966,35238,22289,0,0,0,0,0,0,0,1775.16796875,14889.5078125,-0.0,1,4,0,0,1,0,0,0,0,0,0,0,1,2,0,0,0,0,332.7499084472656,3
1786296999.763089,607.5777587890625,12353,0,82966,35305,22289,0,0,0,0,0,0,0,1780.6435546875,14894.9833984375,-0.0,1,4,0,0,1,0,0,0,0,0,0,0,1,2,0,0,0,0,332.7499084472656,3
1786296999.8047256,607.62109375,12354,0,82966,35355,22289,0,0,0,0,0,0,0,1784.76171875,14899.1015625,-0.0,1,4,0,0,1,0,0,0,0,0,0,0,1,2,0,0,0,0,332.7499084472656,3
1786296999.8689618,607.6797485351562,12355,0,82966,35405,22289,0,0,0,0,0,0,0,1788.8876953125,14903.2275390625,-0.0,1,4,0,0,1,0,0,0,0,0,0,0,1,2,0,0,0,0,332.7499084472656,3
1786296999.9018874,607.7109375,12356,0,82966,35439,22289,0,0,0,0,0,0,0,1791.6435546875,14905.9833984375,-0.0,1,4,0,0,1,0,0,0,0,0,0,0,1,2,0,0,0,0,332.7499084472656,3
1786296999.9597545,607.7735595703125,12357,0,82966,35505,22289,0,0,0,0,0,0,0,1797.1650390625,14911.5048828125,-0.0,1,4,0,0,1,0,0,0,0,0,0,0,1,2,0,0,0,0,332.7499084472656,3
1786297000.0044777,607.8189697265625,12358,0,82966,35555,22289,0,0,0,0,0,0,0,1801.3154296875,14915.6552734375,-0.0,1,4,0,0,1,0,0,0,0,0,0,0,1,2,0,0,0,0,332.7499084472656,3
1786297000.0615523,607.877197265625,12359,0,82966,35605,22289,0,0,0,0,0,0,0,1805.474609375,14919.814453125,-0.0,1,4,0,0,1,0,0,0,0,0,0,0,1,2,0,0,0,0,332.7499084472656,3
1786297000.101633,607.9191284179688,12360,0,82966,35655,22289,0,0,0,0,0,0,0,1809.642578125,14923.982421875,-0.0,1,4,0,0,1,0,0,0,0,0,0,0,1,2,0,0,0,0,332.7499084472656,3
1786297000.1578565,607.97509765625,12361,0,82966,35705,22289,0,0,0,0,0,0,0,1813.818359375,14928.158203125,-0.0,1,4,0,0,1,0,0,0,0,0,0,0,1,2,0,0,0,0,332.7499084472656,3
1786297000.202879,608.0174560546875,12362,0,82966,35755,22289,0,0,0,0,0,0,0,1818.005859375,14932.345703125,-0.0,1,4,0,0,1,0,0,0,0,0,0,0,1,2,0,0,0,0,332.7499084472656,3
1786297000.2570183,608.07421875,12363,0,82966,35805,22289,0,0,0,0,0,0,0,1822.2001953125,14936.5400390625,-0.0,1,4,0,0,1,0,0,0,0,0,0,0,1,2,0,0,0,0,332.7499084472656,3
1786297000.3123074,608.130126953125,12364,0,82966,35872,22289,0,0,0,0,0,0,0,1826.400390625,14940.740234375,-0.0,1,4,0,0,1,0,0,0,0,0,0,0,1,2,0,0,0,0,332.7499084472656,3
1786297000.3593311,608.173095703125,12365,0,82966,35905,22289,0,0,0,0,0,0,0,1830.6064453125,14944.9462890625,-0.0,1,4,0,0,1,0,0,0,0,0,0,0,1,2,0,0,0,0,332.7499084472656,3
1786297000.4166028,608.22021484375,12366,0,82966,35955,22289,0,0,0,0,0,0,0,1834.818359375,14949.158203125,-0.0,1,4,0,0,1,0,0,0,0,0,0,0,1,2,0,0,0,0,332.7499084472656,3
1786297000.4594102,608.255859375,12367,0,82966,35989,22289,0,0,0,0,0,0,0,1837.62890625,14951.96875,-0.0,1,4,0,0,1,0,0,0,0,0,0,0,1,2,0,0,0,0,332.7499084472656,3
1786297000.5206566,608.315185546875,12368,0,82966,36039,22289,0,0,0,0,0,0,0,1841.8515625,14956.19140625,-0.0,1,4,0,0,1,0,0,0,0,0,0,0,1,2,0,0,0,0,332.7499084472656,3
1786297000.5650148,608.3572387695312,12369,0,82966,36076,22289,0,0,0,0,0,0,0,1845.3876953125,14959.7275390625,-0.0,1,4,0,0,1,0,0,0,0,0,0,0,1,2,0,0,0,0,332.7499084472656,3
1786297000.6057253,608.399169921875,12370,0,82966,36118,22289,0,0,0,0,0,0,0,1848.9345703125,14963.2744140625,-0.0,1,4,0,0,1,0,0,0,0,0,0,0,1,2,0,0,0,0,332.7499084472656,3
1786297000.6589103,608.4732055664062,12371,0,82966,36196,22289,0,0,0,0,0,0,0,1855.208984375,14969.548828125,-0.0,1,4,0,0,1,0,0,0,0,0,0,0,1,2,0,0,0,0,332.7499084472656,3
1786297000.7063563,608.52001953125,12372,0,82966,36247,22289,0,0,0,0,0,0,0,1859.451171875,14973.791015625,-0.0,1,4,0,0,1,0,0,0,0,0,0,0,1,2,0,0,0,0,332.7499084472656,3
1786297000.7622983,608.5783081054688,12373,0,82966,36313,22289,0,0,0,0,0,0,0,1865.11328125,14979.453125,-0.0,1,4,0,0,1,0,0,0,0,0,0,0,1,2,0,0,0,0,332.7499084472656,3
1786297000.8082852,608.621826171875,12374,0,82966,36363,22289,0,0,0,0,0,0,0,1867.947265625,14982.287109375,-0.0,1,4,0,0,1,0,0,0,0,0,0,0,1,2,0,0,0,0,332.7499084472656,3
1786297000.8596015,608.6688232421875,12375,0,82966,36397,22289,0,0,0,0,0,0,0,1872.201171875,14986.541015625,-0.0,1,4,0,0,1,0,0,0,0,0,0,0,1,2,0,0,0,0,332.7499084472656,3
1786297000.904304,608.717041015625,12376,0,82966,36447,22289,0,0,0,0,0,0,0,1876.4609375,14990.80078125,-0.0,1,4,0,0,1,0,0,0,0,0,0,0,1,2,0,0,0,0,332.7499084472656,3
1786297000.9597423,608.7766723632812,12377,0,82966,36513,22289,0,0,0,0,0,0,0,1882.154296875,14996.494140625,-0.0,1,4,0,0,1,0,0,0,0,0,0,0,1,2,0,0,0,0,332.7499084472656,3
1786297001.0034027,608.819091796875,12378,0,82966,36547,22289,0,0,0,0,0,0,0,1885.0107421875,14999.3505859375,-0.0,1,4,0,0,1,0,0,0,0,0,0,0,1,2,0,0,0,0,332.7499084472656,3
1786297001.0607152,608.8760986328125,12379,0,82966,36613,22289,0,0,0,0,0,0,0,1890.7294921875,15005.0693359375,-0.0,1,4,0,0,1,0,0,0,0,0,0,0,1,2,0,0,0,0,332.7499084472656,3
1786297001.1057863,608.9195556640625,12380,0,82966,36647,22289,0,0,0,0,0,0,0,1893.58984375,15007.9296875,-0.0,1,4,0,0,1,0,0,0,0,0,0,0,1,2,0,0,0,0,332.7499084472656,3
1786297001.1605878,608.977783203125,12381,0,82966,36713,22289,0,0,0,0,0,0,0,1899.29296875,15013.6328125,-0.0,1,4,0,0,1,0,0,0,0,0,0,0,1,2,0,0,0,0,332.7499084472656,3
1786297001.2045734,609.0205688476562,12382,0,82966,36747,22289,0,0,0,0,0,0,0,1902.1328125,15016.47265625,-0.0,1,4,0,0,1,0,0,0,0,0,0,0,1,2,0,0,0,0,332.7499084472656,3
1786297001.2629192,609.0771484375,12383,0,82966,36813,22289,0,0,0,0,0,0,0,1907.7919921875,15022.1318359375,-0.0,1,4,0,0,1,0,0,0,0,0,0,0,1,2,0,0,0,0,332.7499084472656,3
1786297001.3103843,609.1209106445312,12384,0,82966,36847,22289,0,0,0,0,0,0,0,1910.6103515625,15024.9501953125,-0.0,1,4,0,0,1,0,0,0,0,0,0,0,1,2,0,0,0,0,332.7499084472656,3
1786297001.3710883,609.1700439453125,12385,0,82966,36897,22289,0,0,0,0,0,0,0,1914.8310546875,15029.1708984375,-0.0,1,4,0,0,1,0,0,0,0,0,0,0,1,2,0,0,0,0,332.7499084472656,3
1786297001.4101949,609.20703125,12386,0,82966,36930,22289,0,0,0,0,0,0,0,1917.6669921875,15032.0068359375,-0.0,1,4,0,0,1,0,0,0,0,0,0,0,1,2,0,0,0,0,332.7499084472656,3
1786297001.4542968,609.2468872070312,12387,0,82966,36967,22289,0,0,0,0,0,0,0,1920.982421875,15035.322265625,-0.0,1,4,0,0,1,0,0,0,0,0,0,0,1,2,0,0,0,0,332.7499084472656,3
1786297001.5141149,609.3092651367188,12388,0,82966,37028,22289,0,0,0,0,0,0,0,1926.1025390625,15040.4423828125,-0.0,1,4,0,0,1,0,0,0,0,0,0,0,1,2,0,0,0,0,332.7499084472656,3
1786297001.5596547,609.3515625,12389,0,82966,37070,22289,0,0,0,0,0,0,0,1929.5234375,15043.86328125,-0.0,1,4,0,0,1,0,0,0,0,0,0,0,1,2,0,0,0,0,332.7499084472656,3
1786297001.608135,609.41162109375,12390,0,82966,37132,22289,0,0,0,0,0,0,0,1934.296875,15048.63671875,-0.0,1,4,0,0,1,0,0,0,0,0,0,0,1,2,0,0,0,0,332.7499084472656,3
1786297001.6528032,609.4644775390625,12391,0,82966,37188,22289,0,0,0,0,0,0,0,1938.4189453125,15052.7587890625,-0.0,1,4,0,0,1,0,0,0,0,0,0,0,1,2,0,0,0,0,332.7499084472656,3
1786297001.7107203,609.5257568359375,12392,0,82966,37255,22289,0,0,0,0,0,0,0,1943.5107421875,15057.8505859375,-0.0,1,4,0,0,1,0,0,0,0,0,0,0,1,2,0,0,0,0,332.7499084472656,3
1786297001.7581198,609.57080078125,12393,0,82966,37305,22289,0,0,0,0,0,0,0,1947.2333984375,15061.5732421875,-0.0,1,4,0,0,1,0,0,0,0,0,0,0,1,2,0,0,0,0,332.7499084472656,3
1786297001.8028312,609.6158447265625,12394,0,82966,37355,22289,0,0,0,0,0,0,0,1950.87890625,15065.21875,-0.0,1,4,0,0,1,0,0,0,0,0,0,0,1,2,0,0,0,0,332.7499084472656,3
1786297001.8608918,609.675048828125,12395,0,82966,37405,22289,0,0,0,0,0,0,0,1954.44140625,15068.78125,-0.0,1,4,0,0,1,0,0,0,0,0,0,0,1,2,0,0,0,0,332.7499084472656,3
1786297001.9047053,609.7192993164062,12396,0,82966,37455,22289,0,0,0,0,0,0,0,1957.916015625,15072.255859375,-0.0,1,4,0,0,1,0,0,0,0,0,0,0,1,2,0,0,0,0,332.7499084472656,3
1786297001.9671936,609.7793579101562,12397,0,82966,37505,22289,0,0,0,0,0,0,0,1961.2958984375,15075.6357421875,-0.0,1,4,0,0,1,0,0,0,0,0,0,0,1,2,0,0,0,0,332.7499084472656,3
1786297002.0131025,609.8248291015625,12398,0,82966,37555,22289,0,0,0,0,0,0,0,1964.5849609375,15078.9248046875,-0.0,1,4,0,0,1,0,0,0,0,0,0,0,1,2,0,0,0,0,332.7499084472656,3
1786297002.0548766,609.869873046875,12399,0,82966,37605,22289,0,0,0,0,0,0,0,1967.7919921875,15082.1318359375,-0.0,1,4,0,0,1,0,0,0,0,0,0,0,1,2,0,0,0,0,332.7499084472656,3
1786297002.1162293,609.9288330078125,12400,0,82966,37655,22289,0,0,0,0,0,0,0,1970.908203125,15085.248046875,-0.0,1,4,0,0,1,0,0,0,0,0,0,0,1,2,0,0,0,0,332.7499084472656,3
1786297002.1610036,609.9740600585938,12401,0,82966,37705,22289,0,0,0,0,0,0,0,1973.93359375,15088.2734375,-0.0,1,4,0,0,1,0,0,0,0,0,0,0,1,2,0,0,0,0,332.7499084472656,3
1786297002.2086005,610.0205078125,12402,0,82966,37755,22289,0,0,0,0,0,0,0,1976.857421875,15091.197265625,-0.0,1,4,0,0,1,0,0,0,0,0,0,0,1,2,0,0,0,0,332.7499084472656,3
1786297002.2597427,610.0684814453125,12403,0,82966,37805,22289,0,0,0,0,0,0,0,1979.69921875,15094.0390625,-0.0,1,4,0,0,1,0,0,0,0,0,0,0,1,2,0,0,0,0,332.7499084472656,3
1786297002.3038456,610.116455078125,12404,0,82966,37855,22289,0,0,0,0,0,0,0,1982.4765625,15096.81640625,-0.0,1,4,0,0,1,0,0,0,0,0,0,0,1,2,0,0,0,0,332.7499084472656,3
1786297002.3597906,610.1756591796875,12405,0,82966,37905,22289,0,0,0,0,0,0,0,1985.2021484375,15099.5419921875,-0.0,1,4,0,0,1,0,0,0,0,0,0,0,1,2,0,0,0,0,332.7499084472656,3
1786297002.4048843,610.2186279296875,12406,0,82966,37955,22289,0,0,0,0,0,0,0,1987.86328125,15102.203125,-0.0,1,4,0,0,1,0,0,0,0,0,0,0,1,2,0,0,0,0,332.7499084472656,3
1786297002.4694579,610.2787475585938,12407,0,82966,38005,22289,0,0,0,0,0,0,0,1990.46484375,15104.8046875,-0.0,1,4,0,0,1,0,0,0,0,0,0,0,1,2,0,0,0,0,332.7499084472656,3
1786297002.5137715,610.3125,12408,0,82966,38038,22289,0,0,0,0,0,0,0,1992.1689453125,15106.5087890625,-0.0,1,4,0,0,1,0,0,0,0,0,0,0,1,2,0,0,0,0,332.7499084472656,3
1786297002.5610852,610.349853515625,12409,0,82966,38071,22289,0,0,0,0,0,0,0,1993.94921875,15108.2890625,-0.0,1,4,0,0,1,0,0,0,0,0,0,0,1,2,0,0,0,0,332.7499084472656,3
1786297002.6205175,610.4125366210938,12410,0,82966,38131,22289,0,0,0,0,0,0,0,1997.033203125,15111.373046875,-0.0,1,4,0,0,1,0,0,0,0,0,0,0,1,2,0,0,0,0,332.7499084472656,3
1786297002.6622076,610.4552001953125,12411,0,82966,38174,22289,0,0,0,0,0,0,0,1999.072265625,15113.412109375,-0.0,1,4,0,0,1,0,0,0,0,0,0,0,1,2,0,0,0,0,332.7499084472656,3
1786297002.713183,610.5164794921875,12412,0,82966,38237,22289,0,0,0,0,0,0,0,2001.9375,15116.27734375,-0.0,1,4,0,0,1,0,0,0,0,0,0,0,1,2,0,0,0,0,332.7499084472656,3
1786297002.7575798,610.5698852539062,12413,0,82966,38293,22289,0,0,0,0,0,0,0,2004.376953125,15118.716796875,-0.0,1,4,0,0,1,0,0,0,0,0,0,0,1,2,0,0,0,0,332.7499084472656,3
1786297002.8095746,610.6283569335938,12414,0,82966,38360,22289,0,0,0,0,0,0,0,2007.337890625,15121.677734375,-0.0,1,4,0,0,1,0,0,0,0,0,0,0,1,2,0,0,0,0,332.7499084472656,3
1786297002.8591301,610.6707153320312,12415,0,82966,38410,22289,0,0,0,0,0,0,0,2009.49609375,15123.8359375,-0.0,1,4,0,0,1,0,0,0,0,0,0,0,1,2,0,0,0,0,332.7499084472656,3
1786297002.9098291,610.717041015625,12416,0,82966,38443,22289,0,0,0,0,0,0,0,2010.9052734375,15125.2451171875,-0.0,1,4,0,0,1,0,0,0,0,0,0,0,1,2,0,0,0,0,332.7499084472656,3
1786297002.955082,610.7657470703125,12417,0,82966,38493,22289,0,0,0,0,0,0,0,2012.984375,15127.32421875,-0.0,1,4,0,0,1,0,0,0,0,0,0,0,1,2,0,0,0,0,332.7499084472656,3
1786297003.010817,610.8264770507812,12418,0,82966,38560,22289,0,0,0,0,0,0,0,2015.98046875,15130.3203125,-0.0,1,4,0,0,1,0,0,0,0,0,0,0,1,2,0,0,0,0,332.7499084472656,3
1786297003.0589943,610.8706665039062,12419,0,82966,38610,22289,0,0,0,0,0,0,0,2018.1845703125,15132.5244140625,-0.0,1,4,0,0,1,0,0,0,0,0,0,0,1,2,0,0,0,0,332.7499084472656,3
1786297003.117345,610.93017578125,12420,0,82966,38660,22289,0,0,0,0,0,0,0,2020.37890625,15134.71875,-0.0,1,4,0,0,1,0,0,0,0,0,0,0,1,2,0,0,0,0,332.7499084472656,3
1786297003.1637578,610.9751586914062,12421,0,82966,38710,22289,0,0,0,0,0,0,0,2022.5859375,15136.92578125,-0.0,1,4,0,0,1,0,0,0,0,0,0,0,1,2,0,0,0,0,332.7499084472656,3
1786297003.2112865,611.0216064453125,12422,0,82966,38760,22289,0,0,0,0,0,0,0,2024.8330078125,15139.1728515625,-0.0,1,4,0,0,1,0,0,0,0,0,0,0,1,2,0,0,0,0,332.7499084472656,3
1786297003.2593029,611.0689086914062,12423,0,82966,38793,22289,0,0,0,0,0,0,0,2026.3720703125,15140.7119140625,-0.0,1,4,0,0,1,0,0,0,0,0,0,0,1,2,0,0,0,0,332.7499084472656,3
1786297003.302723,611.1157836914062,12424,0,82966,38843,22289,0,0,0,0,0,0,0,2028.826171875,15143.166015625,-0.0,1,4,0,0,1,0,0,0,0,0,0,0,1,2,0,0,0,0,332.7499084472656,3
1786297003.3528252,611.1629028320312,12425,0,82966,38893,22289,0,0,0,0,0,0,0,2031.24609375,15145.5859375,-0.0,1,4,0,0,1,0,0,0,0,0,0,0,1,2,0,0,0,0,332.7499084472656,3
1786297003.4130976,611.213134765625,12426,0,82966,38943,22289,0,0,0,0,0,0,0,2033.412109375,15147.751953125,-0.0,1,4,0,0,1,0,0,0,0,0,0,0,1,2,0,0,0,0,332.7499084472656,3
1786297003.4572496,611.2510986328125,12427,0,82966,38977,22289,0,0,0,0,0,0,0,2034.732421875,15149.072265625,-0.0,1,4,0,0,1,0,0,0,0,0,0,0,1,2,0,0,0,0,332.7499084472656,3
1786297003.5180073,611.31201171875,12428,0,82966,39031,22289,0,0,0,0,0,0,0,2036.86328125,15151.203125,-0.0,1,4,0,0,1,0,0,0,0,0,0,0,1,2,0,0,0,0,332.7499084472656,3
1786297003.566638,611.3541259765625,12429,0,82966,39073,22289,0,0,0,0,0,0,0,2038.265625,15152.60546875,-0.0,1,4,0,0,1,0,0,0,0,0,0,0,1,2,0,0,0,0,332.7499084472656,3
1786297003.6121156,611.4149780273438,12430,0,82966,39135,22289,0,0,0,0,0,0,0,2040.1689453125,15154.5087890625,-0.0,1,4,0,0,1,0,0,0,0,0,0,0,1,2,0,0,0,0,332.7499084472656,3
1786297003.6564567,611.46826171875,12431,0,82966,39191,22289,0,0,0,0,0,0,0,2041.7431640625,15156.0830078125,-0.0,1,4,0,0,1,0,0,0,0,0,0,0,1,2,0,0,0,0,332.7499084472656,3
1786297003.7138484,611.5291748046875,12432,0,82966,39258,22289,0,0,0,0,0,0,0,2043.6533203125,15157.9931640625,-0.0,1,4,0,0,1,0,0,0,0,0,0,0,1,2,0,0,0,0,332.7499084472656,3
1786297003.754545,611.5717163085938,12433,0,82966,39308,22289,0,0,0,0,0,0,0,2045.212890625,15159.552734375,-0.0,1,4,0,0,1,0,0,0,0,0,0,0,1,2,0,0,0,0,332.7499084472656,3
1786297003.8043866,611.6150512695312,12434,0,82966,39342,22289,0,0,0,0,0,0,0,2046.271484375,15160.611328125,-0.0,1,4,0,0,1,0,0,0,0,0,0,0,1,2,0,0,0,0,332.7499084472656,3
1786297003.854368,611.662109375,12435,0,82966,39392,22289,0,0,0,0,0,0,0,2047.880859375,15162.220703125,-0.0,1,4,0,0,1,0,0,0,0,0,0,0,1,2,0,0,0,0,332.7499084472656,3
1786297003.9175174,611.7271728515625,12436,0,82966,39458,22289,0,0,0,0,0,0,0,2050.060546875,15164.400390625,-0.0,1,4,0,0,1,0,0,0,0,0,0,0,1,2,0,0,0,0,332.7499084472656,3
1786297003.9670246,611.7752075195312,12437,0,82966,39508,22289,0,0,0,0,0,0,0,2051.7138671875,15166.0537109375,-0.0,1,4,0,0,1,0,0,0,0,0,0,0,1,2,0,0,0,0,332.7499084472656,3
1786297004.0126724,611.8226318359375,12438,0,82966,39558,22289,0,0,0,0,0,0,0,2053.3759765625,15167.7158203125,-0.0,1,4,0,0,1,0,0,0,0,0,0,0,1,2,0,0,0,0,332.7499084472656,3
1786297004.0618362,611.8707885742188,12439,0,82966,39608,22289,0,0,0,0,0,0,0,2055.0419921875,15169.3818359375,-0.0,1,4,0,0,1,0,0,0,0,0,0,0,1,2,0,0,0,0,332.7499084472656,3
1786297004.104949,611.9180297851562,12440,0,82966,39658,22289,0,0,0,0,0,0,0,2056.1533203125,15170.4931640625,-0.0,1,4,0,0,1,0,0,0,0,0,0,0,1,2,0,0,0,0,332.7499084472656,3
1786297004.1529841,611.9642333984375,12441,0,82966,39692,22289,0,0,0,0,0,0,0,2057.82421875,15172.1640625,-0.0,1,4,0,0,1,0,0,0,0,0,0,0,1,2,0,0,0,0,332.7499084472656,3
1786297004.2109356,612.0244140625,12442,0,82966,39758,22289,0,0,0,0,0,0,0,2060.1494140625,15174.4892578125,-0.0,1,4,0,0,1,0,0,0,0,0,0,0,1,2,0,0,0,0,332.7499084472656,3
1786297004.2580059,612.0692749023438,12443,0,82966,39808,22289,0,0,0,0,0,0,0,2061.9091796875,15176.2490234375,-0.0,1,4,0,0,1,0,0,0,0,0,0,0,1,2,0,0,0,0,332.7499084472656,3
1786297004.307252,612.1163330078125,12444,0,82966,39842,22289,0,0,0,0,0,0,0,2063.072265625,15177.412109375,-0.0,1,4,0,0,1,0,0,0,0,0,0,0,1,2,0,0,0,0,332.7499084472656,3
1786297004.3583238,612.1644287109375,12445,0,82966,39892,22289,0,0,0,0,0,0,0,2064.806640625,15179.146484375,-0.0,1,4,0,0,1,0,0,0,0,0,0,0,1,2,0,0,0,0,332.7499084472656,3
1786297004.4038577,612.1990356445312,12446,0,82966,39925,22289,0,0,0,0,0,0,0,2065.958984375,15180.298828125,-0.0,1,4,0,0,1,0,0,0,0,0,0,0,1,2,0,0,0,0,332.7499084472656,3
1786297004.468339,612.2578125,12447,0,82966,39977,22289,0,0,0,0,0,0,0,2067.8974609375,15182.2373046875,-0.0,1,4,0,0,1,0,0,0,0,0,0,0,1,2,0,0,0,0,332.7499084472656,3
1786297004.5159695,612.3020629882812,12448,0,82966,40019,22289,0,0,0,0,0,0,0,2069.423828125,15183.763671875,-0.0,1,4,0,0,1,0,0,0,0,0,0,0,1,2,0,0,0,0,332.7499084472656,3
1786297004.561312,612.347412109375,12449,0,82966,40065,22289,0,0,0,0,0,0,0,2070.9970703125,15185.3369140625,-0.0,1,4,0,0,1,0,0,0,0,0,0,0,1,2,0,0,0,0,332.7499084472656,3
1786297004.614356,612.413330078125,12450,0,82966,40132,22289,0,0,0,0,0,0,0,2073.3017578125,15187.6416015625,-0.0,1,4,0,0,1,0,0,0,0,0,0,0,1,2,0,0,0,0,332.7499084472656,3
1786297004.6562188,612.46875,12451,0,82966,40191,22289,0,0,0,0,0,0,0,2075.205078125,15189.544921875,-0.0,1,4,0,0,1,0,0,0,0,0,0,0,1,2,0,0,0,0,332.7499084472656,3
1786297004.7168756,612.5294799804688,12452,0,82966,40259,22289,0,0,0,0,0,0,0,2077.46484375,15191.8046875,-0.0,1,4,0,0,1,0,0,0,0,0,0,0,1,2,0,0,0,0,332.7499084472656,3
1786297004.7615767,612.57373046875,12453,0,82966,40309,22289,0,0,0,0,0,0,0,2079.1474609375,15193.4873046875,-0.0,1,4,0,0,1,0,0,0,0,0,0,0,1,2,0,0,0,0,332.7499084472656,3
1786297004.8026154,612.6181640625,12454,0,82966,40359,22289,0,0,0,0,0,0,0,2080.265625,15194.60546875,-0.0,1,4,0,0,1,0,0,0,0,0,0,0,1,2,0,0,0,0,332.7499084472656,3
1786297004.8616261,612.6768188476562,12455,0,82966,40409,22289,0,0,0,0,0,0,0,2082.4931640625,15196.8330078125,-0.0,1,4,0,0,1,0,0,0,0,0,0,0,1,2,0,0,0,0,332.7499084472656,3
1786297004.9077468,612.7207641601562,12456,0,82966,40459,22289,0,0,0,0,0,0,0,2084.162109375,15198.501953125,-0.0,1,4,0,0,1,0,0,0,0,0,0,0,1,2,0,0,0,0,332.7499084472656,3
1786297004.9531746,612.7657470703125,12457,0,82966,40492,22289,0,0,0,0,0,0,0,2085.2763671875,15199.6162109375,-0.0,1,4,0,0,1,0,0,0,0,0,0,0,1,2,0,0,0,0,332.7499084472656,3
1786297005.010964,612.8243408203125,12458,0,82966,40559,22289,0,0,0,0,0,0,0,2087.5166015625,15201.8564453125,-0.0,1,4,0,0,1,0,0,0,0,0,0,0,1,2,0,0,0,0,332.7499084472656,3
1786297005.0533934,612.8674926757812,12459,0,82966,40609,22289,0,0,0,0,0,0,0,2088.64453125,15202.984375,-0.0,1,4,0,0,1,0,0,0,0,0,0,0,1,2,0,0,0,0,332.7499084472656,3
1786297005.110209,612.9263305664062,12460,0,82966,40659,22289,0,0,0,0,0,0,0,2090.857421875,15205.197265625,-0.0,1,4,0,0,1,0,0,0,0,0,0,0,1,2,0,0,0,0,332.7499084472656,3
1786297005.1577196,612.9708251953125,12461,0,82966,40709,22289,0,0,0,0,0,0,0,2092.5087890625,15206.8486328125,-0.0,1,4,0,0,1,0,0,0,0,0,0,0,1,2,0,0,0,0,332.7499084472656,3
1786297005.213814,613.0291748046875,12462,0,82966,40759,22289,0,0,0,0,0,0,0,2094.173828125,15208.513671875,-0.0,1,4,0,0,1,0,0,0,0,0,0,0,1,2,0,0,0,0,332.7499084472656,3
1786297005.2632654,613.0731811523438,12463,0,82966,40809,22289,0,0,0,0,0,0,0,2095.8671875,15210.20703125,-0.0,1,4,0,0,1,0,0,0,0,0,0,0,1,2,0,0,0,0,332.7499084472656,3
1786297005.317179,613.132080078125,12464,0,82966,40859,22289,0,0,0,0,0,0,0,2097.591796875,15211.931640625,-0.0,1,4,0,0,1,0,0,0,0,0,0,0,1,2,0,0,0,0,332.7499084472656,3
1786297005.3611362,613.175537109375,12465,0,82966,40909,22289,0,0,0,0,0,0,0,2099.349609375,15213.689453125,-0.0,1,4,0,0,1,0,0,0,0,0,0,0,1,2,0,0,0,0,332.7499084472656,3
1786297005.4093924,613.2205810546875,12466,0,82966,40959,22289,0,0,0,0,0,0,0,2101.14453125,15215.484375,-0.0,1,4,0,0,1,0,0,0,0,0,0,0,1,2,0,0,0,0,332.7499084472656,3
1786297005.4549901,613.2537841796875,12467,0,82966,40992,22289,0,0,0,0,0,0,0,2102.3623046875,15216.7021484375,-0.0,1,4,0,0,1,0,0,0,0,0,0,0,1,2,0,0,0,0,332.7499084472656,3
1786297005.523856,613.3120727539062,12468,0,82966,41042,22289,0,0,0,0,0,0,0,2104.2216796875,15218.5615234375,-0.0,1,4,0,0,1,0,0,0,0,0,0,0,1,2,0,0,0,0,332.7499084472656,3
1786297005.5710719,613.355712890625,12469,0,82966,41075,22289,0,0,0,0,0,0,0,2105.6005859375,15219.9404296875,-0.0,1,4,0,0,1,0,0,0,0,0,0,0,1,2,0,0,0,0,332.7499084472656,3
1786297005.6082163,613.4004516601562,12470,0,82966,41118,22289,0,0,0,0,0,0,0,2107.283203125,15221.623046875,-0.0,1,4,0,0,1,0,0,0,0,0,0,0,1,2,0,0,0,0,332.7499084472656,3
1786297005.654829,613.4442749023438,12471,0,82966,41162,22289,0,0,0,0,0,0,0,2108.943359375,15223.283203125,-0.0,1,4,0,0,1,0,0,0,0,0,0,0,1,2,0,0,0,0,332.7499084472656,3
1786297005.706098,613.5066528320312,12472,0,82966,41227,22289,0,0,0,0,0,0,0,2111.32421875,15225.6640625,-0.0,1,4,0,0,1,0,0,0,0,0,0,0,1,2,0,0,0,0,332.7499084472656,3
1786297005.7642462,613.5777587890625,12473,0,82966,41302,22289,0,0,0,0,0,0,0,2114.09375,15228.43359375,-0.0,1,4,0,0,1,0,0,0,0,0,0,0,1,2,0,0,0,0,332.7499084472656,3
1786297005.8078742,613.623046875,12474,0,82966,41352,22289,0,0,0,0,0,0,0,2116.0498046875,15230.3896484375,-0.0,1,4,0,0,1,0,0,0,0,0,0,0,1,2,0,0,0,0,332.7499084472656,3
1786297005.854354,613.6668090820312,12475,0,82966,41402,22289,0,0,0,0,0,0,0,2118.0380859375,15232.3779296875,-0.0,1,4,0,0,1,0,0,0,0,0,0,0,1,2,0,0,0,0,332.7499084472656,3
1786297005.9033642,613.7129516601562,12476,0,82966,41452,22289,0,0,0,0,0,0,0,2120.0556640625,15234.3955078125,-0.0,1,4,0,0,1,0,0,0,0,0,0,0,1,2,0,0,0,0,332.7499084472656,3
1786297005.9628994,613.7758178710938,12477,0,82966,41502,22289,0,0,0,0,0,0,0,2122.0087890625,15236.3486328125,-0.0,1,4,0,0,1,0,0,0,0,0,0,0,1,2,0,0,0,0,332.7499084472656,3
1786297006.0058844,613.8204956054688,12478,0,82966,41552,22289,0,0,0,0,0,0,0,2123.994140625,15238.333984375,-0.0,1,4,0,0,1,0,0,0,0,0,0,0,1,2,0,0,0,0,332.7499084472656,3
1786297006.0654054,613.878662109375,12479,0,82966,41618,22289,0,0,0,0,0,0,0,2126.6923828125,15241.0322265625,-0.0,1,4,0,0,1,0,0,0,0,0,0,0,1,2,0,0,0,0,332.7499084472656,3
1786297006.108914,613.922607421875,12480,0,82966,41652,22289,0,0,0,0,0,0,0,2128.064453125,15242.404296875,-0.0,1,4,0,0,1,0,0,0,0,0,0,0,1,2,0,0,0,0,332.7499084472656,3
1786297006.157189,613.9683227539062,12481,0,82966,41702,22289,0,0,0,0,0,0,0,2130.1484375,15244.48828125,-0.0,1,4,0,0,1,0,0,0,0,0,0,0,1,2,0,0,0,0,332.7499084472656,3
1786297006.210489,614.0280151367188,12482,0,82966,41768,22289,0,0,0,0,0,0,0,2132.2646484375,15246.6044921875,-0.0,1,4,0,0,1,0,0,0,0,0,0,0,1,2,0,0,0,0,332.7499084472656,3
1786297006.2597163,614.0714111328125,12483,0,82966,41802,22289,0,0,0,0,0,0,0,2134.412109375,15248.751953125,-0.0,1,4,0,0,1,0,0,0,0,0,0,0,1,2,0,0,0,0,332.7499084472656,3
1786297006.3076344,614.1173095703125,12484,0,82966,41852,22289,0,0,0,0,0,0,0,2136.591796875,15250.931640625,-0.0,1,4,0,0,1,0,0,0,0,0,0,0,1,2,0,0,0,0,332.7499084472656,3
1786297006.355634,614.1644287109375,12485,0,82966,41902,22289,0,0,0,0,0,0,0,2138.7998046875,15253.1396484375,-0.0,1,4,0,0,1,0,0,0,0,0,0,0,1,2,0,0,0,0,332.7499084472656,3
1786297006.4193535,614.2155151367188,12486,0,82966,41952,22289,0,0,0,0,0,0,0,2141.041015625,15255.380859375,-0.0,1,4,0,0,1,0,0,0,0,0,0,0,1,2,0,0,0,0,332.7499084472656,3
1786297006.4628944,614.2540893554688,12487,0,82966,41985,22289,0,0,0,0,0,0,0,2142.5556640625,15256.8955078125,-0.0,1,4,0,0,1,0,0,0,0,0,0,0,1,2,0,0,0,0,332.7499084472656,3
1786297006.5046575,614.2960815429688,12488,0,82966,42018,22289,0,0,0,0,0,0,0,2144.126953125,15258.466796875,-0.0,1,4,0,0,1,0,0,0,0,0,0,0,1,2,0,0,0,0,332.7499084472656,3
1786297006.572393,614.3604736328125,12489,0,82966,42079,22289,0,0,0,0,0,0,0,2147.087890625,15261.427734375,-0.0,1,4,0,0,1,0,0,0,0,0,0,0,1,2,0,0,0,0,332.7499084472656,3
1786297006.605158,614.4020385742188,12490,0,82966,42122,22289,0,0,0,0,0,0,0,2149.025390625,15263.365234375,-0.0,1,4,0,0,1,0,0,0,0,0,0,0,1,2,0,0,0,0,332.7499084472656,3
1786297006.6592577,614.4735107421875,12491,0,82966,42197,22289,0,0,0,0,0,0,0,2152.408203125,15266.748046875,-0.0,1,4,0,0,1,0,0,0,0,0,0,0,1,2,0,0,0,0,332.7499084472656,3
1786297006.704572,614.5186767578125,12492,0,82966,42247,22289,0,0,0,0,0,0,0,2154.8037109375,15269.1435546875,-0.0,1,4,0,0,1,0,0,0,0,0,0,0,1,2,0,0,0,0,332.7499084472656,3
1786297006.7650263,614.578125,12493,0,82966,42314,22289,0,0,0,0,0,0,0,2158.0400390625,15272.3798828125,-0.0,1,4,0,0,1,0,0,0,0,0,0,0,1,2,0,0,0,0,332.7499084472656,3
1786297006.8110178,614.6234130859375,12494,0,82966,42364,22289,0,0,0,0,0,0,0,2159.67578125,15274.015625,-0.0,1,4,0,0,1,0,0,0,0,0,0,0,1,2,0,0,0,0,332.7499084472656,3
1786297006.8593235,614.6698608398438,12495,0,82966,42397,22289,0,0,0,0,0,0,0,2162.15234375,15276.4921875,-0.0,1,4,0,0,1,0,0,0,0,0,0,0,1,2,0,0,0,0,332.7499084472656,3
1786297006.9080157,614.718017578125,12496,0,82966,42447,22289,0,0,0,0,0,0,0,2164.6552734375,15278.9951171875,-0.0,1,4,0,0,1,0,0,0,0,0,0,0,1,2,0,0,0,0,332.7499084472656,3
1786297006.9558184,614.7661743164062,12497,0,82966,42497,22289,0,0,0,0,0,0,0,2167.18359375,15281.5234375,-0.0,1,4,0,0,1,0,0,0,0,0,0,0,1,2,0,0,0,0,332.7499084472656,3
1786297007.0154018,614.8281860351562,12498,0,82966,42564,22289,0,0,0,0,0,0,0,2170.591796875,15284.931640625,-0.0,1,4,0,0,1,0,0,0,0,0,0,0,1,2,0,0,0,0,332.7499084472656,3
1786297007.0584898,614.872802734375,12499,0,82966,42614,22289,0,0,0,0,0,0,0,2172.3115234375,15286.6513671875,-0.0,1,4,0,0,1,0,0,0,0,0,0,0,1,2,0,0,0,0,332.7499084472656,3
1786297007.1028626,614.91650390625,12500,0,82966,42647,22289,0,0,0,0,0,0,0,2174.912109375,15289.251953125,-0.0,1,4,0,0,1,0,0,0,0,0,0,0,1,2,0,0,0,0,332.7499084472656,3
1786297007.1610835,614.9744873046875,12501,0,82966,42714,22289,0,0,0,0,0,0,0,2178.41796875,15292.7578125,-0.0,1,4,0,0,1,0,0,0,0,0,0,0,1,2,0,0,0,0,332.7499084472656,3
1786297007.2117493,615.019775390625,12502,0,82966,42747,22289,0,0,0,0,0,0,0,2180.185546875,15294.525390625,-0.0,1,4,0,0,1,0,0,0,0,0,0,0,1,2,0,0,0,0,332.7499084472656,3
1786297007.2562706,615.0667114257812,12503,0,82966,42797,22289,0,0,0,0,0,0,0,2182.8583984375,15297.1982421875,-0.0,1,4,0,0,1,0,0,0,0,0,0,0,1,2,0,0,0,0,332.7499084472656,3
1786297007.3210154,615.1193237304688,12504,0,82966,42847,22289,0,0,0,0,0,0,0,2185.552734375,15299.892578125,-0.0,1,4,0,0,1,0,0,0,0,0,0,0,1,2,0,0,0,0,332.7499084472656,3
1786297007.3628058,615.1571655273438,12505,0,82966,42880,22289,0,0,0,0,0,0,0,2187.37109375,15301.7109375,-0.0,1,4,0,0,1,0,0,0,0,0,0,0,1,2,0,0,0,0,332.7499084472656,3
1786297007.4036984,615.197998046875,12506,0,82966,42917,22289,0,0,0,0,0,0,0,2189.609375,15303.94921875,-0.0,1,4,0,0,1,0,0,0,0,0,0,0,1,2,0,0,0,0,332.7499084472656,3
1786297007.4680362,615.2606201171875,12507,0,82966,42980,22289,0,0,0,0,0,0,0,2193.064453125,15307.404296875,-0.0,1,4,0,0,1,0,0,0,0,0,0,0,1,2,0,0,0,0,332.7499084472656,3
1786297007.5066125,615.30224609375,12508,0,82966,43021,22289,0,0,0,0,0,0,0,2195.3798828125,15309.7197265625,-0.0,1,4,0,0,1,0,0,0,0,0,0,0,1,2,0,0,0,0,332.7499084472656,3
1786297007.5640612,615.3764038085938,12509,0,82966,43099,22289,0,0,0,0,0,0,0,2199.5400390625,15313.8798828125,-0.0,1,4,0,0,1,0,0,0,0,0,0,0,1,2,0,0,0,0,332.7499084472656,3
1786297007.6171944,615.4241333007812,12510,0,82966,43150,22289,0,0,0,0,0,0,0,2202.3740234375,15316.7138671875,-0.0,1,4,0,0,1,0,0,0,0,0,0,0,1,2,0,0,0,0,332.7499084472656,3
1786297007.6622038,615.47119140625,12511,0,82966,43200,22289,0,0,0,0,0,0,0,2205.2294921875,15319.5693359375,-0.0,1,4,0,0,1,0,0,0,0,0,0,0,1,2,0,0,0,0,332.7499084472656,3
1786297007.7153344,615.52099609375,12512,0,82966,43250,22289,0,0,0,0,0,0,0,2208.1064453125,15322.4462890625,-0.0,1,4,0,0,1,0,0,0,0,0,0,0,1,2,0,0,0,0,332.7499084472656,3
1786297007.7574794,615.5696411132812,12513,0,82966,43300,22289,0,0,0,0,0,0,0,2211.0048828125,15325.3447265625,-0.0,1,4,0,0,1,0,0,0,0,0,0,0,1,2,0,0,0,0,332.7499084472656,3
1786297007.8145838,615.6295776367188,12514,0,82966,43366,22289,0,0,0,0,0,0,0,2214.9013671875,15329.2412109375,-0.0,1,4,0,0,1,0,0,0,0,0,0,0,1,2,0,0,0,0,332.7499084472656,3
1786297007.8594291,615.6727905273438,12515,0,82966,43400,22289,0,0,0,0,0,0,0,2216.86328125,15331.203125,-0.0,1,4,0,0,1,0,0,0,0,0,0,0,1,2,0,0,0,0,332.7499084472656,3
1786297007.904621,615.7176513671875,12516,0,82966,43450,22289,0,0,0,0,0,0,0,2219.82421875,15334.1640625,-0.0,1,4,0,0,1,0,0,0,0,0,0,0,1,2,0,0,0,0,332.7499084472656,3
1786297007.9596865,615.7759399414062,12517,0,82966,43516,22289,0,0,0,0,0,0,0,2222.8037109375,15337.1435546875,-0.0,1,4,0,0,1,0,0,0,0,0,0,0,1,2,0,0,0,0,332.7499084472656,3
1786297008.0054643,615.8196411132812,12518,0,82966,43550,22289,0,0,0,0,0,0,0,2225.8037109375,15340.1435546875,-0.0,1,4,0,0,1,0,0,0,0,0,0,0,1,2,0,0,0,0,332.7499084472656,3
1786297008.0663877,615.87890625,12519,0,82966,43616,22289,0,0,0,0,0,0,0,2229.8447265625,15344.1845703125,-0.0,1,4,0,0,1,0,0,0,0,0,0,0,1,2,0,0,0,0,332.7499084472656,3
1786297008.1096635,615.9232788085938,12520,0,82966,43650,22289,0,0,0,0,0,0,0,2231.8798828125,15346.2197265625,-0.0,1,4,0,0,1,0,0,0,0,0,0,0,1,2,0,0,0,0,332.7499084472656,3
1786297008.1552467,615.9688720703125,12521,0,82966,43700,22289,0,0,0,0,0,0,0,2234.947265625,15349.287109375,-0.0,1,4,0,0,1,0,0,0,0,0,0,0,1,2,0,0,0,0,332.7499084472656,3
1786297008.21274,616.028076171875,12522,0,82966,43766,22289,0,0,0,0,0,0,0,2239.0673828125,15353.4072265625,-0.0,1,4,0,0,1,0,0,0,0,0,0,0,1,2,0,0,0,0,332.7499084472656,3
1786297008.261169,616.072021484375,12523,0,82966,43800,22289,0,0,0,0,0,0,0,2241.1396484375,15355.4794921875,-0.0,1,4,0,0,1,0,0,0,0,0,0,0,1,2,0,0,0,0,332.7499084472656,3
1786297008.3110993,616.1188354492188,12524,0,82966,43850,22289,0,0,0,0,0,0,0,2244.2626953125,15358.6025390625,-0.0,1,4,0,0,1,0,0,0,0,0,0,0,1,2,0,0,0,0,332.7499084472656,3
1786297008.356569,616.16748046875,12525,0,82966,43900,22289,0,0,0,0,0,0,0,2247.404296875,15361.744140625,-0.0,1,4,0,0,1,0,0,0,0,0,0,0,1,2,0,0,0,0,332.7499084472656,3
1786297008.4127774,616.22802734375,12526,0,82966,43966,22289,0,0,0,0,0,0,0,2251.6279296875,15365.9677734375,-0.0,1,4,0,0,1,0,0,0,0,0,0,0,1,2,0,0,0,0,332.7499084472656,3
1786297008.4588387,616.2714233398438,12527,0,82966,44000,22289,0,0,0,0,0,0,0,2253.751953125,15368.091796875,-0.0,1,4,0,0,1,0,0,0,0,0,0,0,1,2,0,0,0,0,332.7499084472656,3
1786297008.5126922,616.318359375,12528,0,82966,44050,22289,0,0,0,0,0,0,0,2256.953125,15371.29296875,-0.0,1,4,0,0,1,0,0,0,0,0,0,0,1,2,0,0,0,0,332.7499084472656,3
1786297008.559548,616.3675537109375,12529,0,82966,44100,22289,0,0,0,0,0,0,0,2260.1630859375,15374.5029296875,-0.0,1,4,0,0,1,0,0,0,0,0,0,0,1,2,0,0,0,0,332.7499084472656,3
1786297008.6053336,616.4165649414062,12530,0,82966,44150,22289,0,0,0,0,0,0,0,2263.3837890625,15377.7236328125,-0.0,1,4,0,0,1,0,0,0,0,0,0,0,1,2,0,0,0,0,332.7499084472656,3
1786297008.66434,616.4780883789062,12531,0,82966,44216,22289,0,0,0,0,0,0,0,2267.7041015625,15382.0439453125,-0.0,1,4,0,0,1,0,0,0,0,0,0,0,1,2,0,0,0,0,332.7499084472656,3
1786297008.7074833,616.5219116210938,12532,0,82966,44250,22289,0,0,0,0,0,0,0,2269.875,15384.21484375,-0.0,1,4,0,0,1,0,0,0,0,0,0,0,1,2,0,0,0,0,332.7499084472656,3
1786297008.7618618,616.578857421875,12533,0,82966,44316,22289,0,0,0,0,0,0,0,2274.240234375,15388.580078125,-0.0,1,4,0,0,1,0,0,0,0,0,0,0,1,2,0,0,0,0,332.7499084472656,3
1786297008.802844,616.6202392578125,12534,0,82966,44350,22289,0,0,0,0,0,0,0,2276.43359375,15390.7734375,-0.0,1,4,0,0,1,0,0,0,0,0,0,0,1,2,0,0,0,0,332.7499084472656,3
1786297008.8594317,616.6757202148438,12535,0,82966,44416,22289,0,0,0,0,0,0,0,2279.73828125,15394.078125,-0.0,1,4,0,0,1,0,0,0,0,0,0,0,1,2,0,0,0,0,332.7499084472656,3
1786297008.9135747,616.7216186523438,12536,0,82966,44450,22289,0,0,0,0,0,0,0,2283.05859375,15397.3984375,-0.0,1,4,0,0,1,0,0,0,0,0,0,0,1,2,0,0,0,0,332.7499084472656,3
1786297008.9614582,616.7705688476562,12537,0,82966,44500,22289,0,0,0,0,0,0,0,2286.396484375,15400.736328125,-0.0,1,4,0,0,1,0,0,0,0,0,0,0,1,2,0,0,0,0,332.7499084472656,3
1786297009.006201,616.8186645507812,12538,0,82966,44550,22289,0,0,0,0,0,0,0,2289.7490234375,15404.0888671875,-0.0,1,4,0,0,1,0,0,0,0,0,0,0,1,2,0,0,0,0,332.7499084472656,3
1786297009.0540578,616.86474609375,12539,0,82966,44600,22289,0,0,0,0,0,0,0,2293.1240234375,15407.4638671875,-0.0,1,4,0,0,1,0,0,0,0,0,0,0,1,2,0,0,0,0,332.7499084472656,3
1786297009.110929,616.925048828125,12540,0,82966,44666,22289,0,0,0,0,0,0,0,2296.515625,15410.85546875,-0.0,1,4,0,0,1,0,0,0,0,0,0,0,1,2,0,0,0,0,332.7499084472656,3
1786297009.159605,616.9710083007812,12541,0,82966,44700,22289,0,0,0,0,0,0,0,2299.9208984375,15414.2607421875,-0.0,1,4,0,0,1,0,0,0,0,0,0,0,1,2,0,0,0,0,332.7499084472656,3
1786297009.2107313,617.0186767578125,12542,0,82966,44750,22289,0,0,0,0,0,0,0,2303.341796875,15417.681640625,-0.0,1,4,0,0,1,0,0,0,0,0,0,0,1,2,0,0,0,0,332.7499084472656,3
1786297009.2593772,617.0675048828125,12543,0,82966,44800,22289,0,0,0,0,0,0,0,2306.7783203125,15421.1181640625,-0.0,1,4,0,0,1,0,0,0,0,0,0,0,1,2,0,0,0,0,332.7499084472656,3
1786297009.3048801,617.1152954101562,12544,0,82966,44850,22289,0,0,0,0,0,0,0,2310.2294921875,15424.5693359375,-0.0,1,4,0,0,1,0,0,0,0,0,0,0,1,2,0,0,0,0,332.7499084472656,3
1786297009.353812,617.1629028320312,12545,0,82966,44900,22289,0,0,0,0,0,0,0,2313.6962890625,15428.0361328125,-0.0,1,4,0,0,1,0,0,0,0,0,0,0,1,2,0,0,0,0,332.7499084472656,3
1786297009.4152477,617.2263793945312,12546,0,82966,44966,22289,0,0,0,0,0,0,0,2317.1787109375,15431.5185546875,-0.0,1,4,0,0,1,0,0,0,0,0,0,0,1,2,0,0,0,0,332.7499084472656,3
1786297009.4618518,617.2601318359375,12547,0,82966,44983,22289,0,0,0,0,0,0,0,2319.5380859375,15433.8779296875,-0.0,1,4,0,0,1,0,0,0,0,0,0,0,1,2,0,0,0,0,332.7499084472656,3
1786297009.5043788,617.2974243164062,12548,0,82966,45018,22289,0,0,0,0,0,0,0,2322.15234375,15436.4921875,-0.0,1,4,0,0,1,0,0,0,0,0,0,0,1,2,0,0,0,0,332.7499084472656,3
1786297009.5566883,617.3397216796875,12549,0,82966,45058,22289,0,0,0,0,0,0,0,2325.1201171875,15439.4599609375,-0.0,1,4,0,0,1,0,0,0,0,0,0,0,1,2,0,0,0,0,332.7499084472656,3
1786297009.6211176,617.4087524414062,12550,0,82966,45126,22289,0,0,0,0,0,0,0,2329.9833984375,15444.3232421875,-0.0,1,4,0,0,1,0,0,0,0,0,0,0,1,2,0,0,0,0,332.7499084472656,3
1786297009.6601954,617.4542846679688,12551,0,82966,45171,22289,0,0,0,0,0,0,0,2333.205078125,15447.544921875,-0.0,1,4,0,0,1,0,0,0,0,0,0,0,1,2,0,0,0,0,332.7499084472656,3
1786297009.7041368,617.5133666992188,12552,0,82966,45235,22289,0,0,0,0,0,0,0,2337.4033203125,15451.7431640625,-0.0,1,4,0,0,1,0,0,0,0,0,0,0,1,2,0,0,0,0,332.7499084472656,3
1786297009.7608266,617.5759887695312,12553,0,82966,45304,22289,0,0,0,0,0,0,0,2342.1884765625,15456.5283203125,-0.0,1,4,0,0,1,0,0,0,0,0,0,0,1,2,0,0,0,0,332.7499084472656,3
1786297009.8093216,617.6204223632812,12554,0,82966,45354,22289,0,0,0,0,0,0,0,2345.7763671875,15460.1162109375,-0.0,1,4,0,0,1,0,0,0,0,0,0,0,1,2,0,0,0,0,332.7499084472656,3
1786297009.8643205,617.6685180664062,12555,0,82966,45404,22289,0,0,0,0,0,0,0,2349.3779296875,15463.7177734375,-0.0,1,4,0,0,1,0,0,0,0,0,0,0,1,2,0,0,0,0,332.7499084472656,3
1786297009.9169736,617.7205200195312,12556,0,82966,45454,22289,0,0,0,0,0,0,0,2352.9921875,15467.33203125,-0.0,1,4,0,0,1,0,0,0,0,0,0,0,1,2,0,0,0,0,332.7499084472656,3
1786297009.95387,617.7564697265625,12557,0,82966,45487,22289,0,0,0,0,0,0,0,2355.41015625,15469.75,-0.0,1,4,0,0,1,0,0,0,0,0,0,0,1,2,0,0,0,0,332.7499084472656,3
1786297010.0014975,617.8089599609375,12558,0,82966,45537,22289,0,0,0,0,0,0,0,2359.052734375,15473.392578125,-0.0,1,4,0,0,1,0,0,0,0,0,0,0,1,2,0,0,0,0,332.7499084472656,3
1786297010.0546117,617.8602905273438,12559,0,82966,45587,22289,0,0,0,0,0,0,0,2362.7080078125,15477.0478515625,-0.0,1,4,0,0,1,0,0,0,0,0,0,0,1,2,0,0,0,0,332.7499084472656,3
1786297010.11683,617.926513671875,12560,0,82966,45654,22289,0,0,0,0,0,0,0,2367.6015625,15481.94140625,-0.0,1,4,0,0,1,0,0,0,0,0,0,0,1,2,0,0,0,0,332.7499084472656,3
1786297010.1684449,617.9746704101562,12561,0,82966,45704,22289,0,0,0,0,0,0,0,2371.28515625,15485.625,-0.0,1,4,0,0,1,0,0,0,0,0,0,0,1,2,0,0,0,0,332.7499084472656,3
1786297010.214554,618.0230102539062,12562,0,82966,45754,22289,0,0,0,0,0,0,0,2374.982421875,15489.322265625,-0.0,1,4,0,0,1,0,0,0,0,0,0,0,1,2,0,0,0,0,332.7499084472656,3
1786297010.2609887,618.0717163085938,12563,0,82966,45804,22289,0,0,0,0,0,0,0,2378.6904296875,15493.0302734375,-0.0,1,4,0,0,1,0,0,0,0,0,0,0,1,2,0,0,0,0,332.7499084472656,3
1786297010.308097,618.1192626953125,12564,0,82966,45854,22289,0,0,0,0,0,0,0,2382.4296875,15496.76953125,-0.0,1,4,0,0,1,0,0,0,0,0,0,0,1,2,0,0,0,0,332.7499084472656,3
1786297010.3621044,618.1685180664062,12565,0,82966,45904,22289,0,0,0,0,0,0,0,2386.1982421875,15500.5380859375,-0.0,1,4,0,0,1,0,0,0,0,0,0,0,1,2,0,0,0,0,332.7499084472656,3
1786297010.4130201,618.2189331054688,12566,0,82966,45954,22289,0,0,0,0,0,0,0,2389.974609375,15504.314453125,-0.0,1,4,0,0,1,0,0,0,0,0,0,0,1,2,0,0,0,0,332.7499084472656,3
1786297010.4763434,618.2716064453125,12567,0,82966,46004,22289,0,0,0,0,0,0,0,2393.7607421875,15508.1005859375,-0.0,1,4,0,0,1,0,0,0,0,0,0,0,1,2,0,0,0,0,332.7499084472656,3
1786297010.5210764,618.3109741210938,12568,0,82966,46037,22289,0,0,0,0,0,0,0,2396.2900390625,15510.6298828125,-0.0,1,4,0,0,1,0,0,0,0,0,0,0,1,2,0,0,0,0,332.7499084472656,3
1786297010.5660818,618.3532104492188,12569,0,82966,46072,22289,0,0,0,0,0,0,0,2399.2939453125,15513.6337890625,-0.0,1,4,0,0,1,0,0,0,0,0,0,0,1,2,0,0,0,0,332.7499084472656,3
1786297010.6071262,618.3980102539062,12570,0,82966,46116,22289,0,0,0,0,0,0,0,2402.703125,15517.04296875,-0.0,1,4,0,0,1,0,0,0,0,0,0,0,1,2,0,0,0,0,332.7499084472656,3
1786297010.6737654,618.4637451171875,12571,0,82966,46182,22289,0,0,0,0,0,0,0,2407.7060546875,15522.0458984375,-0.0,1,4,0,0,1,0,0,0,0,0,0,0,1,2,0,0,0,0,332.7499084472656,3
1786297010.705602,618.50537109375,12572,0,82966,46225,22289,0,0,0,0,0,0,0,2410.876953125,15525.216796875,-0.0,1,4,0,0,1,0,0,0,0,0,0,0,1,2,0,0,0,0,332.7499084472656,3
1786297010.7533762,618.5616455078125,12573,0,82966,46284,22289,0,0,0,0,0,0,0,2415.166015625,15529.505859375,-0.0,1,4,0,0,1,0,0,0,0,0,0,0,1,2,0,0,0,0,332.7499084472656,3
1786297010.811264,618.6243286132812,12574,0,82966,46352,22289,0,0,0,0,0,0,0,2420.2744140625,15534.6142578125,-0.0,1,4,0,0,1,0,0,0,0,0,0,0,1,2,0,0,0,0,332.7499084472656,3
1786297010.8599453,618.669677734375,12575,0,82966,46402,22289,0,0,0,0,0,0,0,2424.107421875,15538.447265625,-0.0,1,4,0,0,1,0,0,0,0,0,0,0,1,2,0,0,0,0,332.7499084472656,3
1786297010.9043624,618.7156372070312,12576,0,82966,46452,22289,0,0,0,0,0,0,0,2427.9482421875,15542.2880859375,-0.0,1,4,0,0,1,0,0,0,0,0,0,0,1,2,0,0,0,0,332.7499084472656,3
1786297010.962496,618.7757568359375,12577,0,82966,46502,22289,0,0,0,0,0,0,0,2431.79296875,15546.1328125,-0.0,1,4,0,0,1,0,0,0,0,0,0,0,1,2,0,0,0,0,332.7499084472656,3
1786297011.00593,618.81982421875,12578,0,82966,46552,22289,0,0,0,0,0,0,0,2435.6474609375,15549.9873046875,-0.0,1,4,0,0,1,0,0,0,0,0,0,0,1,2,0,0,0,0,332.7499084472656,3
1786297011.0551152,618.8641357421875,12579,0,82966,46602,22289,0,0,0,0,0,0,0,2439.51171875,15553.8515625,-0.0,1,4,0,0,1,0,0,0,0,0,0,0,1,2,0,0,0,0,332.7499084472656,3
1786297011.1160176,618.9257202148438,12580,0,82966,46652,22289,0,0,0,0,0,0,0,2443.384765625,15557.724609375,-0.0,1,4,0,0,1,0,0,0,0,0,0,0,1,2,0,0,0,0,332.7499084472656,3
1786297011.1595094,618.9725952148438,12581,0,82966,46702,22289,0,0,0,0,0,0,0,2447.267578125,15561.607421875,-0.0,1,4,0,0,1,0,0,0,0,0,0,0,1,2,0,0,0,0,332.7499084472656,3
1786297011.2079184,619.0188598632812,12582,0,82966,46752,22289,0,0,0,0,0,0,0,2451.16015625,15565.5,-0.0,1,4,0,0,1,0,0,0,0,0,0,0,1,2,0,0,0,0,332.7499084472656,3
1786297011.2646039,619.0792236328125,12583,0,82966,46818,22289,0,0,0,0,0,0,0,2456.365234375,15570.705078125,-0.0,1,4,0,0,1,0,0,0,0,0,0,0,1,2,0,0,0,0,332.7499084472656,3
1786297011.3088691,619.1231689453125,12584,0,82966,46852,22289,0,0,0,0,0,0,0,2458.97265625,15573.3125,-0.0,1,4,0,0,1,0,0,0,0,0,0,0,1,2,0,0,0,0,332.7499084472656,3
1786297011.3553684,619.1663208007812,12585,0,82966,46902,22289,0,0,0,0,0,0,0,2462.8916015625,15577.2314453125,-0.0,1,4,0,0,1,0,0,0,0,0,0,0,1,2,0,0,0,0,332.7499084472656,3
1786297011.407773,619.2237548828125,12586,0,82966,46952,22289,0,0,0,0,0,0,0,2466.8173828125,15581.1572265625,-0.0,1,4,0,0,1,0,0,0,0,0,0,0,1,2,0,0,0,0,332.7499084472656,3
1786297011.4554763,619.2677612304688,12587,0,82966,47002,22289,0,0,0,0,0,0,0,2470.751953125,15585.091796875,-0.0,1,4,0,0,1,0,0,0,0,0,0,0,1,2,0,0,0,0,332.7499084472656,3
1786297011.5124445,619.3276977539062,12588,0,82966,47068,22289,0,0,0,0,0,0,0,2474.693359375,15589.033203125,-0.0,1,4,0,0,1,0,0,0,0,0,0,0,1,2,0,0,0,0,332.7499084472656,3
1786297011.5604978,619.3723754882812,12589,0,82966,47102,22289,0,0,0,0,0,0,0,2478.642578125,15592.982421875,-0.0,1,4,0,0,1,0,0,0,0,0,0,0,1,2,0,0,0,0,332.7499084472656,3
1786297011.6034422,619.4173583984375,12590,0,82966,47152,22289,0,0,0,0,0,0,0,2482.59375,15596.93359375,-0.0,1,4,0,0,1,0,0,0,0,0,0,0,1,2,0,0,0,0,332.7499084472656,3
1786297011.6599748,619.4759521484375,12591,0,82966,47202,22289,0,0,0,0,0,0,0,2486.5458984375,15600.8857421875,-0.0,1,4,0,0,1,0,0,0,0,0,0,0,1,2,0,0,0,0,332.7499084472656,3
1786297011.708061,619.519775390625,12592,0,82966,47252,22289,0,0,0,0,0,0,0,2490.498046875,15604.837890625,-0.0,1,4,0,0,1,0,0,0,0,0,0,0,1,2,0,0,0,0,332.7499084472656,3
1786297011.759686,619.56689453125,12593,0,82966,47302,22289,0,0,0,0,0,0,0,2494.44921875,15608.7890625,-0.0,1,4,0,0,1,0,0,0,0,0,0,0,1,2,0,0,0,0,332.7499084472656,3
1786297011.8028796,619.6153564453125,12594,0,82966,47352,22289,0,0,0,0,0,0,0,2498.400390625,15612.740234375,-0.0,1,4,0,0,1,0,0,0,0,0,0,0,1,2,0,0,0,0,332.7499084472656,3
1786297011.8596869,619.6746215820312,12595,0,82966,47394,22289,0,25087,0,0,0,0,0,2502.3515625,15616.69140625,-0.0,1,4,0,0,2,0,0,0,0,0,0,0,1,2,0,0,0,0,332.7499084472656,3
1786297011.9062202,619.7178955078125,12596,0,82966,47444,22289,0,25087,0,0,0,0,0,2506.3017578125,15620.6416015625,-0.0,1,4,0,0,2,0,0,0,0,0,0,0,1,2,0,0,0,0,332.7499084472656,3
1786297011.953298,619.7639770507812,12597,0,82966,47494,22289,0,25087,0,0,0,0,0,2510.2568359375,15624.5966796875,-0.0,1,4,0,0,2,0,0,0,0,0,0,0,1,2,0,0,0,0,332.7499084472656,3
1786297012.0110667,619.8256225585938,12598,0,82966,47544,22289,0,25087,0,0,0,0,0,2514.220703125,15628.560546875,-0.0,1,4,0,0,2,0,0,0,0,0,0,0,1,2,0,0,0,0,332.7499084472656,3
1786297012.0573742,619.8705444335938,12599,0,82966,47594,22289,0,25087,0,0,0,0,0,2518.1982421875,15632.5380859375,-0.0,1,4,0,0,2,0,0,0,0,0,0,0,1,2,0,0,0,0,332.7499084472656,3
1786297012.1019163,619.9151611328125,12600,0,82966,47644,22289,0,25087,0,0,0,0,0,2522.189453125,15636.529296875,-0.0,1,4,0,0,2,0,0,0,0,0,0,0,1,2,0,0,0,0,332.7499084472656,3
1786297012.1612885,619.974853515625,12601,0,82966,47694,22289,0,25087,0,0,0,0,0,2526.19140625,15640.53125,-0.0,1,4,0,0,2,0,0,0,0,0,0,0,1,2,0,0,0,0,332.7499084472656,3
1786297012.2095847,620.0204467773438,12602,0,82966,47744,22289,0,25087,0,0,0,0,0,2530.203125,15644.54296875,-0.0,1,4,0,0,2,0,0,0,0,0,0,0,1,2,0,0,0,0,332.7499084472656,3
1786297012.2555783,620.0664672851562,12603,0,82966,47794,22289,0,25087,0,0,0,0,0,2534.2265625,15648.56640625,-0.0,1,4,0,0,2,0,0,0,0,0,0,0,1,2,0,0,0,0,332.7499084472656,3
1786297012.311172,620.1268920898438,12604,0,82966,47861,22289,0,25087,0,0,0,0,0,2538.2578125,15652.59765625,-0.0,1,4,0,0,2,0,0,0,0,0,0,0,1,2,0,0,0,0,332.7499084472656,3
1786297012.3605707,620.17138671875,12605,0,82966,47894,22289,0,25087,0,0,0,0,0,2542.2998046875,15656.6396484375,-0.0,1,4,0,0,2,0,0,0,0,0,0,0,1,2,0,0,0,0,332.7499084472656,3
1786297012.4122784,620.2183837890625,12606,0,82966,47944,22289,0,25087,0,0,0,0,0,2546.3486328125,15660.6884765625,-0.0,1,4,0,0,2,0,0,0,0,0,0,0,1,2,0,0,0,0,332.7499084472656,3
1786297012.4690268,620.26904296875,12607,0,82966,47994,22289,0,25087,0,0,0,0,0,2550.4033203125,15664.7431640625,-0.0,1,4,0,0,2,0,0,0,0,0,0,0,1,2,0,0,0,0,332.7499084472656,3
1786297012.5147302,620.3067626953125,12608,0,82966,48027,22289,0,25087,0,0,0,0,0,2553.107421875,15667.447265625,-0.0,1,4,0,0,2,0,0,0,0,0,0,0,1,2,0,0,0,0,332.7499084472656,3
1786297012.557838,620.3475341796875,12609,0,82966,48061,22289,0,25087,0,0,0,0,0,2556.0078125,15670.34765625,-0.0,1,4,0,0,2,0,0,0,0,0,0,0,1,2,0,0,0,0,332.7499084472656,3
1786297012.621279,620.4130249023438,12610,0,82966,48123,22289,0,25087,0,0,0,0,0,2561.326171875,15675.666015625,-0.0,1,4,0,0,2,0,0,0,0,0,0,0,1,2,0,0,0,0,332.7499084472656,3
1786297012.6657867,620.4559326171875,12611,0,82966,48167,22289,0,25087,0,0,0,0,0,2564.796875,15679.13671875,-0.0,1,4,0,0,2,0,0,0,0,0,0,0,1,2,0,0,0,0,332.7499084472656,3
1786297012.7179842,620.5179443359375,12612,0,82966,48230,22289,0,25087,0,0,0,0,0,2569.76953125,15684.109375,-0.0,1,4,0,0,2,0,0,0,0,0,0,0,1,2,0,0,0,0,332.7499084472656,3
1786297012.7601593,620.5723876953125,12613,0,82966,48287,22289,0,25087,0,0,0,0,0,2574.1064453125,15688.4462890625,-0.0,1,4,0,0,2,0,0,0,0,0,0,0,1,2,0,0,0,0,332.7499084472656,3
1786297012.8044636,620.6192626953125,12614,0,82966,48338,22289,0,25087,0,0,0,0,0,2578.0732421875,15692.4130859375,-0.0,1,4,0,0,2,0,0,0,0,0,0,0,1,2,0,0,0,0,332.7499084472656,3
1786297012.8547506,620.6638793945312,12615,0,82966,48388,22289,0,25087,0,0,0,0,0,2582.005859375,15696.345703125,-0.0,1,4,0,0,2,0,0,0,0,0,0,0,1,2,0,0,0,0,332.7499084472656,3
1786297012.9173388,620.7259521484375,12616,0,82966,48454,22289,0,25087,0,0,0,0,0,2587.1455078125,15701.4853515625,-0.0,1,4,0,0,2,0,0,0,0,0,0,0,1,2,0,0,0,0,332.7499084472656,3
1786297012.9545424,620.758544921875,12617,0,82966,48488,22289,0,25087,0,0,0,0,0,2589.6591796875,15703.9990234375,-0.0,1,4,0,0,2,0,0,0,0,0,0,0,1,2,0,0,0,0,332.7499084472656,3
1786297013.0120158,620.8239135742188,12618,0,82966,48554,22289,0,25087,0,0,0,0,0,2594.5478515625,15708.8876953125,-0.0,1,4,0,0,2,0,0,0,0,0,0,0,1,2,0,0,0,0,332.7499084472656,3
1786297013.0552044,620.8693237304688,12619,0,82966,48588,22289,0,25087,0,0,0,0,0,2596.927734375,15711.267578125,-0.0,1,4,0,0,2,0,0,0,0,0,0,0,1,2,0,0,0,0,332.7499084472656,3
1786297013.1121147,620.92626953125,12620,0,82966,48654,22289,0,25087,0,0,0,0,0,2601.5625,15715.90234375,-0.0,1,4,0,0,2,0,0,0,0,0,0,0,1,2,0,0,0,0,332.7499084472656,3
1786297013.1557667,620.9698486328125,12621,0,82966,48688,22289,0,25087,0,0,0,0,0,2603.8173828125,15718.1572265625,-0.0,1,4,0,0,2,0,0,0,0,0,0,0,1,2,0,0,0,0,332.7499084472656,3
1786297013.213755,621.0280151367188,12622,0,82966,48754,22289,0,25087,0,0,0,0,0,2608.2041015625,15722.5439453125,-0.0,1,4,0,0,2,0,0,0,0,0,0,0,1,2,0,0,0,0,332.7499084472656,3
1786297013.2554688,621.071044921875,12623,0,82966,48804,22289,0,25087,0,0,0,0,0,2610.3427734375,15724.6826171875,-0.0,1,4,0,0,2,0,0,0,0,0,0,0,1,2,0,0,0,0,332.7499084472656,3
1786297013.3100302,621.1273193359375,12624,0,82966,48854,22289,0,25087,0,0,0,0,0,2614.5,15728.83984375,-0.0,1,4,0,0,2,0,0,0,0,0,0,0,1,2,0,0,0,0,332.7499084472656,3
1786297013.35695,621.171142578125,12625,0,82966,48904,22289,0,25087,0,0,0,0,0,2616.517578125,15730.857421875,-0.0,1,4,0,0,2,0,0,0,0,0,0,0,1,2,0,0,0,0,332.7499084472656,3
1786297013.4165998,621.23046875,12626,0,82966,48954,22289,0,25087,0,0,0,0,0,2620.42578125,15734.765625,-0.0,1,4,0,0,2,0,0,0,0,0,0,0,1,2,0,0,0,0,332.7499084472656,3
1786297013.4603965,621.261474609375,12627,0,82966,48988,22289,0,25087,0,0,0,0,0,2622.318359375,15736.658203125,-0.0,1,4,0,0,2,0,0,0,0,0,0,0,1,2,0,0,0,0,332.7499084472656,3
1786297013.5033216,621.2971801757812,12628,0,82966,49021,22289,0,25087,0,0,0,0,0,2624.1767578125,15738.5166015625,-0.0,1,4,0,0,2,0,0,0,0,0,0,0,1,2,0,0,0,0,332.7499084472656,3
1786297013.564681,621.356689453125,12629,0,82966,49071,22289,0,25087,0,0,0,0,0,2626.9482421875,15741.2880859375,-0.0,1,4,0,0,2,0,0,0,0,0,0,0,1,2,0,0,0,0,332.7499084472656,3
1786297013.6058764,621.3984985351562,12630,0,82966,49110,22289,0,25087,0,0,0,0,0,2629.15625,15743.49609375,-0.0,1,4,0,0,2,0,0,0,0,0,0,0,1,2,0,0,0,0,332.7499084472656,3
1786297013.662121,621.4593505859375,12631,0,82966,49171,22289,0,25087,0,0,0,0,0,2632.263671875,15746.603515625,-0.0,1,4,0,0,2,0,0,0,0,0,0,0,1,2,0,0,0,0,332.7499084472656,3
1786297013.7096617,621.5166625976562,12632,0,82966,49230,22289,0,25087,0,0,0,0,0,2635.08203125,15749.421875,-0.0,1,4,0,0,2,0,0,0,0,0,0,0,1,2,0,0,0,0,332.7499084472656,3
1786297013.763688,621.5803833007812,12633,0,82966,49299,22289,0,25087,0,0,0,0,0,2638.2763671875,15752.6162109375,-0.0,1,4,0,0,2,0,0,0,0,0,0,0,1,2,0,0,0,0,332.7499084472656,3
1786297013.808523,621.6228637695312,12634,0,82966,49349,22289,0,25087,0,0,0,0,0,2640.5966796875,15754.9365234375,-0.0,1,4,0,0,2,0,0,0,0,0,0,0,1,2,0,0,0,0,332.7499084472656,3
1786297013.8675835,621.68017578125,12635,0,82966,49399,22289,0,25087,0,0,0,0,0,2642.8486328125,15757.1884765625,-0.0,1,4,0,0,2,0,0,0,0,0,0,0,1,2,0,0,0,0,332.7499084472656,3
1786297013.9100583,621.7239990234375,12636,0,82966,49449,22289,0,25087,0,0,0,0,0,2645.029296875,15759.369140625,-0.0,1,4,0,0,2,0,0,0,0,0,0,0,1,2,0,0,0,0,332.7499084472656,3
1786297013.9572065,621.7691040039062,12637,0,82966,49499,22289,0,25087,0,0,0,0,0,2647.15234375,15761.4921875,-0.0,1,4,0,0,2,0,0,0,0,0,0,0,1,2,0,0,0,0,332.7499084472656,3
1786297014.0106423,621.8275756835938,12638,0,82966,49549,22289,0,25087,0,0,0,0,0,2649.212890625,15763.552734375,-0.0,1,4,0,0,2,0,0,0,0,0,0,0,1,2,0,0,0,0,332.7499084472656,3
1786297014.0536542,621.868896484375,12639,0,82966,49599,22289,0,25087,0,0,0,0,0,2651.201171875,15765.541015625,-0.0,1,4,0,0,2,0,0,0,0,0,0,0,1,2,0,0,0,0,332.7499084472656,3
1786297014.107884,621.92431640625,12640,0,82966,49649,22289,0,25087,0,0,0,0,0,2653.1240234375,15767.4638671875,-0.0,1,4,0,0,2,0,0,0,0,0,0,0,1,2,0,0,0,0,332.7499084472656,3
1786297014.1523983,621.967529296875,12641,0,82966,49699,22289,0,25087,0,0,0,0,0,2655.0,15769.33984375,-0.0,1,4,0,0,2,0,0,0,0,0,0,0,1,2,0,0,0,0,332.7499084472656,3
1786297014.208214,622.0242919921875,12642,0,82966,49749,22289,0,25087,0,0,0,0,0,2656.83984375,15771.1796875,-0.0,1,4,0,0,2,0,0,0,0,0,0,0,1,2,0,0,0,0,332.7499084472656,3
1786297014.2531126,622.0665893554688,12643,0,82966,49799,22289,0,25087,0,0,0,0,0,2658.0322265625,15772.3720703125,-0.0,1,4,0,0,2,0,0,0,0,0,0,0,1,2,0,0,0,0,332.7499084472656,3
1786297014.3108149,622.1253051757812,12644,0,82966,49849,22289,0,25087,0,0,0,0,0,2660.3349609375,15774.6748046875,-0.0,1,4,0,0,2,0,0,0,0,0,0,0,1,2,0,0,0,0,332.7499084472656,3
1786297014.3540115,622.1565551757812,12645,0,82966,49883,22289,0,25087,0,0,0,0,0,2661.447265625,15775.787109375,-0.0,1,4,0,0,2,0,0,0,0,0,0,0,1,2,0,0,0,0,332.7499084472656,3
1786297014.418273,622.2108154296875,12646,0,82966,49933,22289,0,25087,0,0,0,0,0,2663.072265625,15777.412109375,-0.0,1,4,0,0,2,0,0,0,0,0,0,0,1,2,0,0,0,0,332.7499084472656,3
1786297014.4622495,622.251953125,12647,0,82966,49966,22289,0,25087,0,0,0,0,0,2664.16796875,15778.5078125,-0.0,1,4,0,0,2,0,0,0,0,0,0,0,1,2,0,0,0,0,332.7499084472656,3
1786297014.504329,622.2952880859375,12648,0,82966,50006,22289,0,25087,0,0,0,0,0,2665.5048828125,15779.8447265625,-0.0,1,4,0,0,2,0,0,0,0,0,0,0,1,2,0,0,0,0,332.7499084472656,3
1786297014.5658696,622.3591918945312,12649,0,82966,50070,22289,0,25087,0,0,0,0,0,2667.40234375,15781.7421875,-0.0,1,4,0,0,2,0,0,0,0,0,0,0,1,2,0,0,0,0,332.7499084472656,3
1786297014.6060567,622.416015625,12650,0,82966,50130,22289,0,25087,0,0,0,0,0,2669.025390625,15783.365234375,-0.0,1,4,0,0,2,0,0,0,0,0,0,0,1,2,0,0,0,0,332.7499084472656,3
1786297014.660989,622.4779052734375,12651,0,82966,50198,22289,0,25087,0,0,0,0,0,2670.8603515625,15785.2001953125,-0.0,1,4,0,0,2,0,0,0,0,0,0,0,1,2,0,0,0,0,332.7499084472656,3
1786297014.7148323,622.5328369140625,12652,0,82966,50265,22289,0,25087,0,0,0,0,0,2672.19921875,15786.5390625,-0.0,1,4,0,0,2,0,0,0,0,0,0,0,1,2,0,0,0,0,332.7499084472656,3
1786297014.7634048,622.575439453125,12653,0,82966,50298,22289,0,25087,0,0,0,0,0,2673.51171875,15787.8515625,-0.0,1,4,0,0,2,0,0,0,0,0,0,0,1,2,0,0,0,0,332.7499084472656,3
1786297014.8099325,622.62060546875,12654,0,82966,50348,22289,0,25087,0,0,0,0,0,2674.80078125,15789.140625,-0.0,1,4,0,0,2,0,0,0,0,0,0,0,1,2,0,0,0,0,332.7499084472656,3
1786297014.8545372,622.6670532226562,12655,0,82966,50398,22289,0,25087,0,0,0,0,0,2676.08203125,15790.421875,-0.0,1,4,0,0,2,0,0,0,0,0,0,0,1,2,0,0,0,0,332.7499084472656,3
1786297014.9101806,622.7265014648438,12656,0,82966,50448,22289,0,25087,0,0,0,0,0,2677.357421875,15791.697265625,-0.0,1,4,0,0,2,0,0,0,0,0,0,0,1,2,0,0,0,0,332.7499084472656,3
1786297014.9638205,622.7816772460938,12657,0,82966,50515,22289,0,25087,0,0,0,0,0,2678.626953125,15792.966796875,-0.0,1,4,0,0,2,0,0,0,0,0,0,0,1,2,0,0,0,0,332.7499084472656,3
1786297015.0059745,622.8228149414062,12658,0,82966,50548,22289,0,25087,0,0,0,0,0,2679.8876953125,15794.2275390625,-0.0,1,4,0,0,2,0,0,0,0,0,0,0,1,2,0,0,0,0,332.7499084472656,3
1786297015.0628092,622.8784790039062,12659,0,82966,50598,22289,0,25087,0,0,0,0,0,2681.1396484375,15795.4794921875,-0.0,1,4,0,0,2,0,0,0,0,0,0,0,1,2,0,0,0,0,332.7499084472656,3
1786297015.1094525,622.9215087890625,12660,0,82966,50648,22289,0,25087,0,0,0,0,0,2682.380859375,15796.720703125,-0.0,1,4,0,0,2,0,0,0,0,0,0,0,1,2,0,0,0,0,332.7499084472656,3
1786297015.1615,622.978515625,12661,0,82966,50698,22289,0,25087,0,0,0,0,0,2683.603515625,15797.943359375,-0.0,1,4,0,0,2,0,0,0,0,0,0,0,1,2,0,0,0,0,332.7499084472656,3
1786297015.2066965,623.02099609375,12662,0,82966,50748,22289,0,25087,0,0,0,0,0,2684.7431640625,15799.0830078125,-0.0,1,4,0,0,2,0,0,0,0,0,0,0,1,2,0,0,0,0,332.7499084472656,3
1786297015.2644496,623.0792236328125,12663,0,82966,50798,22289,0,25087,0,0,0,0,0,2685.869140625,15800.208984375,-0.0,1,4,0,0,2,0,0,0,0,0,0,0,1,2,0,0,0,0,332.7499084472656,3
1786297015.3080158,623.1109619140625,12664,0,82966,50832,22289,0,25087,0,0,0,0,0,2686.6142578125,15800.9541015625,-0.0,1,4,0,0,2,0,0,0,0,0,0,0,1,2,0,0,0,0,332.7499084472656,3
1786297015.3723316,623.1656494140625,12665,0,82966,50882,22289,0,25087,0,0,0,0,0,2687.724609375,15802.064453125,-0.0,1,4,0,0,2,0,0,0,0,0,0,0,1,2,0,0,0,0,332.7499084472656,3
1786297015.414722,623.2066650390625,12666,0,82966,50918,22289,0,25087,0,0,0,0,0,2688.6123046875,15802.9521484375,-0.0,1,4,0,0,2,0,0,0,0,0,0,0,1,2,0,0,0,0,332.7499084472656,3
1786297015.4548256,623.248291015625,12667,0,82966,50960,22289,0,25087,0,0,0,0,0,2689.52734375,15803.8671875,-0.0,1,4,0,0,2,0,0,0,0,0,0,0,1,2,0,0,0,0,332.7499084472656,3
1786297015.509596,623.309326171875,12668,0,82966,51021,22289,0,25087,0,0,0,0,0,2690.8642578125,15805.2041015625,-0.0,1,4,0,0,2,0,0,0,0,0,0,0,1,2,0,0,0,0,332.7499084472656,3
1786297015.566136,623.37939453125,12669,0,82966,51095,22289,0,25087,0,0,0,0,0,2692.404296875,15806.744140625,-0.0,1,4,0,0,2,0,0,0,0,0,0,0,1,2,0,0,0,0,332.7499084472656,3
1786297015.6057343,623.4222412109375,12670,0,82966,51145,22289,0,25087,0,0,0,0,0,2693.498046875,15807.837890625,-0.0,1,4,0,0,2,0,0,0,0,0,0,0,1,2,0,0,0,0,332.7499084472656,3
1786297015.6577334,623.4756469726562,12671,0,82966,51195,22289,0,25087,0,0,0,0,0,2694.6083984375,15808.9482421875,-0.0,1,4,0,0,2,0,0,0,0,0,0,0,1,2,0,0,0,0,332.7499084472656,3
1786297015.7051306,623.5172729492188,12672,0,82966,51245,22289,0,25087,0,0,0,0,0,2695.7109375,15810.05078125,-0.0,1,4,0,0,2,0,0,0,0,0,0,0,1,2,0,0,0,0,332.7499084472656,3
1786297015.752906,623.5629272460938,12673,0,82966,51295,22289,0,25087,0,0,0,0,0,2696.4296875,15810.76953125,-0.0,1,4,0,0,2,0,0,0,0,0,0,0,1,2,0,0,0,0,332.7499084472656,3
1786297015.8123903,623.6258544921875,12674,0,82966,51345,22289,0,25087,0,0,0,0,0,2697.833984375,15812.173828125,-0.0,1,4,0,0,2,0,0,0,0,0,0,0,1,2,0,0,0,0,332.7499084472656,3
1786297015.8639178,623.6826782226562,12675,0,82966,51412,22289,0,25087,0,0,0,0,0,2699.212890625,15813.552734375,-0.0,1,4,0,0,2,0,0,0,0,0,0,0,1,2,0,0,0,0,332.7499084472656,3
1786297015.9125085,623.7244873046875,12676,0,82966,51445,22289,0,25087,0,0,0,0,0,2699.8974609375,15814.2373046875,-0.0,1,4,0,0,2,0,0,0,0,0,0,0,1,2,0,0,0,0,332.7499084472656,3
1786297015.9566946,623.7688598632812,12677,0,82966,51495,22289,0,25087,0,0,0,0,0,2700.9248046875,15815.2646484375,-0.0,1,4,0,0,2,0,0,0,0,0,0,0,1,2,0,0,0,0,332.7499084472656,3
1786297016.0097172,623.8262329101562,12678,0,82966,51545,22289,0,25087,0,0,0,0,0,2701.9580078125,15816.2978515625,-0.0,1,4,0,0,2,0,0,0,0,0,0,0,1,2,0,0,0,0,332.7499084472656,3
1786297016.054514,623.8684692382812,12679,0,82966,51595,22289,0,25087,0,0,0,0,0,2703.0048828125,15817.3447265625,-0.0,1,4,0,0,2,0,0,0,0,0,0,0,1,2,0,0,0,0,332.7499084472656,3
1786297016.1069915,623.9242553710938,12680,0,82966,51645,22289,0,25087,0,0,0,0,0,2704.0732421875,15818.4130859375,-0.0,1,4,0,0,2,0,0,0,0,0,0,0,1,2,0,0,0,0,332.7499084472656,3
1786297016.165067,623.9794311523438,12681,0,82966,51712,22289,0,25087,0,0,0,0,0,2705.1708984375,15819.5107421875,-0.0,1,4,0,0,2,0,0,0,0,0,0,0,1,2,0,0,0,0,332.7499084472656,3
1786297016.2067673,624.0220336914062,12682,0,82966,51745,22289,0,25087,0,0,0,0,0,2706.279296875,15820.619140625,-0.0,1,4,0,0,2,0,0,0,0,0,0,0,1,2,0,0,0,0,332.7499084472656,3
1786297016.263676,624.0667114257812,12683,0,82966,51795,22289,0,25087,0,0,0,0,0,2707.3447265625,15821.6845703125,-0.0,1,4,0,0,2,0,0,0,0,0,0,0,1,2,0,0,0,0,332.7499084472656,3
1786297016.303278,624.1009521484375,12684,0,82966,51829,22289,0,25087,0,0,0,0,0,2708.037109375,15822.376953125,-0.0,1,4,0,0,2,0,0,0,0,0,0,0,1,2,0,0,0,0,332.7499084472656,3
1786297016.363704,624.15869140625,12685,0,82966,51879,22289,0,25087,0,0,0,0,0,2709.052734375,15823.392578125,-0.0,1,4,0,0,2,0,0,0,0,0,0,0,1,2,0,0,0,0,332.7499084472656,3
1786297016.424783,624.2184448242188,12686,0,82966,51931,22289,0,25087,0,0,0,0,0,2710.15234375,15824.4921875,-0.0,1,4,0,0,2,0,0,0,0,0,0,0,1,2,0,0,0,0,332.7499084472656,3
1786297016.4594953,624.2581176757812,12687,0,82966,51970,22289,0,25087,0,0,0,0,0,2710.931640625,15825.271484375,-0.0,1,4,0,0,2,0,0,0,0,0,0,0,1,2,0,0,0,0,332.7499084472656,3
1786297016.5107574,624.32763671875,12688,0,82966,52044,22289,0,25087,0,0,0,0,0,2712.298828125,15826.638671875,-0.0,1,4,0,0,2,0,0,0,0,0,0,0,1,2,0,0,0,0,332.7499084472656,3
1786297016.5562959,624.3711547851562,12689,0,82966,52094,22289,0,25087,0,0,0,0,0,2713.27734375,15827.6171875,-0.0,1,4,0,0,2,0,0,0,0,0,0,0,1,2,0,0,0,0,332.7499084472656,3
1786297016.6064394,624.425537109375,12690,0,82966,52160,22289,0,25087,0,0,0,0,0,2714.2705078125,15828.6103515625,-0.0,1,4,0,0,2,0,0,0,0,0,0,0,1,2,0,0,0,0,332.7499084472656,3
1786297016.656649,624.4678955078125,12691,0,82966,52194,22289,0,25087,0,0,0,0,0,2715.291015625,15829.630859375,-0.0,1,4,0,0,2,0,0,0,0,0,0,0,1,2,0,0,0,0,332.7499084472656,3
1786297016.7040932,624.513916015625,12692,0,82966,52244,22289,0,25087,0,0,0,0,0,2716.33984375,15830.6796875,-0.0,1,4,0,0,2,0,0,0,0,0,0,0,1,2,0,0,0,0,332.7499084472656,3
1786297016.7593617,624.5748901367188,12693,0,82966,52294,22289,0,25087,0,0,0,0,0,2717.36328125,15831.703125,-0.0,1,4,0,0,2,0,0,0,0,0,0,0,1,2,0,0,0,0,332.7499084472656,3
1786297016.8131263,624.63134765625,12694,0,82966,52360,22289,0,25087,0,0,0,0,0,2718.701171875,15833.041015625,-0.0,1,4,0,0,2,0,0,0,0,0,0,0,1,2,0,0,0,0,332.7499084472656,3
1786297016.8584523,624.6730346679688,12695,0,82966,52394,22289,0,25087,0,0,0,0,0,2719.36328125,15833.703125,-0.0,1,4,0,0,2,0,0,0,0,0,0,0,1,2,0,0,0,0,332.7499084472656,3
1786297016.9109778,624.7283325195312,12696,0,82966,52460,22289,0,25087,0,0,0,0,0,2720.6787109375,15835.0185546875,-0.0,1,4,0,0,2,0,0,0,0,0,0,0,1,2,0,0,0,0,332.7499084472656,3
1786297016.9590912,624.7710571289062,12697,0,82966,52494,22289,0,25087,0,0,0,0,0,2721.3369140625,15835.6767578125,-0.0,1,4,0,0,2,0,0,0,0,0,0,0,1,2,0,0,0,0,332.7499084472656,3
1786297017.0094395,624.8280639648438,12698,0,82966,52560,22289,0,25087,0,0,0,0,0,2722.328125,15836.66796875,-0.0,1,4,0,0,2,0,0,0,0,0,0,0,1,2,0,0,0,0,332.7499084472656,3
1786297017.0530934,624.8692626953125,12699,0,82966,52594,22289,0,25087,0,0,0,0,0,2723.3271484375,15837.6669921875,-0.0,1,4,0,0,2,0,0,0,0,0,0,0,1,2,0,0,0,0,332.7499084472656,3
1786297017.1124773,624.9256591796875,12700,0,82966,52644,22289,0,25087,0,0,0,0,0,2724.34375,15838.68359375,-0.0,1,4,0,0,2,0,0,0,0,0,0,0,1,2,0,0,0,0,332.7499084472656,3
1786297017.1732712,624.971923828125,12701,0,82966,52694,22289,0,25087,0,0,0,0,0,2725.380859375,15839.720703125,-0.0,1,4,0,0,2,0,0,0,0,0,0,0,1,2,0,0,0,0,332.7499084472656,3
1786297017.2112412,625.0072021484375,12702,0,82966,52727,22289,0,25087,0,0,0,0,0,2726.09375,15840.43359375,-0.0,1,4,0,0,2,0,0,0,0,0,0,0,1,2,0,0,0,0,332.7499084472656,3
1786297017.2533617,625.0458374023438,12703,0,82966,52760,22289,0,25087,0,0,0,0,0,2726.833984375,15841.173828125,-0.0,1,4,0,0,2,0,0,0,0,0,0,0,1,2,0,0,0,0,332.7499084472656,3
1786297017.3136382,625.1080932617188,12704,0,82966,52819,22289,0,25087,0,0,0,0,0,2728.13671875,15842.4765625,-0.0,1,4,0,0,2,0,0,0,0,0,0,0,1,2,0,0,0,0,332.7499084472656,3
1786297017.3551214,625.149169921875,12705,0,82966,52861,22289,0,25087,0,0,0,0,0,2728.982421875,15843.322265625,-0.0,1,4,0,0,2,0,0,0,0,0,0,0,1,2,0,0,0,0,332.7499084472656,3
1786297017.4068975,625.2094116210938,12706,0,82966,52922,22289,0,25087,0,0,0,0,0,2730.208984375,15844.548828125,-0.0,1,4,0,0,2,0,0,0,0,0,0,0,1,2,0,0,0,0,332.7499084472656,3
1786297017.4628105,625.277099609375,12707,0,82966,52994,22289,0,25087,0,0,0,0,0,2731.6005859375,15845.9404296875,-0.0,1,4,0,0,2,0,0,0,0,0,0,0,1,2,0,0,0,0,332.7499084472656,3
1786297017.5051405,625.3199462890625,12708,0,82966,53044,22289,0,25087,0,0,0,0,0,2732.615234375,15846.955078125,-0.0,1,4,0,0,2,0,0,0,0,0,0,0,1,2,0,0,0,0,332.7499084472656,3
1786297017.5611286,625.3758544921875,12709,0,82966,53110,22289,0,25087,0,0,0,0,0,2733.642578125,15847.982421875,-0.0,1,4,0,0,2,0,0,0,0,0,0,0,1,2,0,0,0,0,332.7499084472656,3
1786297017.6096883,625.4198608398438,12710,0,82966,53144,22289,0,25087,0,0,0,0,0,2734.6953125,15849.03515625,-0.0,1,4,0,0,2,0,0,0,0,0,0,0,1,2,0,0,0,0,332.7499084472656,3
1786297017.6595993,625.4679565429688,12711,0,82966,53194,22289,0,25087,0,0,0,0,0,2735.794921875,15850.134765625,-0.0,1,4,0,0,2,0,0,0,0,0,0,0,1,2,0,0,0,0,332.7499084472656,3
1786297017.7095728,625.5176391601562,12712,0,82966,53244,22289,0,25087,0,0,0,0,0,2736.95703125,15851.296875,-0.0,1,4,0,0,2,0,0,0,0,0,0,0,1,2,0,0,0,0,332.7499084472656,3
1786297017.7530742,625.5648803710938,12713,0,82966,53294,22289,0,25087,0,0,0,0,0,2738.109375,15852.44921875,-0.0,1,4,0,0,2,0,0,0,0,0,0,0,1,2,0,0,0,0,332.7499084472656,3
1786297017.8143244,625.625,12714,0,82966,53344,22289,0,25087,0,0,0,0,0,2739.1748046875,15853.5146484375,-0.0,1,4,0,0,2,0,0,0,0,0,0,0,1,2,0,0,0,0,332.7499084472656,3
1786297017.8596625,625.6708984375,12715,0,82966,53394,22289,0,25087,0,0,0,0,0,2740.2666015625,15854.6064453125,-0.0,1,4,0,0,2,0,0,0,0,0,0,0,1,2,0,0,0,0,332.7499084472656,3
1786297017.9065602,625.7172241210938,12716,0,82966,53444,22289,0,25087,0,0,0,0,0,2741.388671875,15855.728515625,-0.0,1,4,0,0,2,0,0,0,0,0,0,0,1,2,0,0,0,0,332.7499084472656,3
1786297017.9608977,625.7763061523438,12717,0,82966,53510,22289,0,25087,0,0,0,0,0,2742.5419921875,15856.8818359375,-0.0,1,4,0,0,2,0,0,0,0,0,0,0,1,2,0,0,0,0,332.7499084472656,3
1786297018.0095012,625.8204956054688,12718,0,82966,53544,22289,0,25087,0,0,0,0,0,2743.724609375,15858.064453125,-0.0,1,4,0,0,2,0,0,0,0,0,0,0,1,2,0,0,0,0,332.7499084472656,3
1786297018.057805,625.8668212890625,12719,0,82966,53594,22289,0,25087,0,0,0,0,0,2744.9375,15859.27734375,-0.0,1,4,0,0,2,0,0,0,0,0,0,0,1,2,0,0,0,0,332.7499084472656,3
1786297018.1082659,625.9146728515625,12720,0,82966,53644,22289,0,25087,0,0,0,0,0,2746.171875,15860.51171875,-0.0,1,4,0,0,2,0,0,0,0,0,0,0,1,2,0,0,0,0,332.7499084472656,3
1786297018.1539679,625.9492797851562,12721,0,82966,53677,22289,0,25087,0,0,0,0,0,2747.00390625,15861.34375,-0.0,1,4,0,0,2,0,0,0,0,0,0,0,1,2,0,0,0,0,332.7499084472656,3
1786297018.2183084,626.008056640625,12722,0,82966,53727,22289,0,25087,0,0,0,0,0,2748.263671875,15862.603515625,-0.0,1,4,0,0,2,0,0,0,0,0,0,0,1,2,0,0,0,0,332.7499084472656,3
1786297018.261621,626.0511474609375,12723,0,82966,53761,22289,0,25087,0,0,0,0,0,2749.244140625,15863.583984375,-0.0,1,4,0,0,2,0,0,0,0,0,0,0,1,2,0,0,0,0,332.7499084472656,3
1786297018.302347,626.0943603515625,12724,0,82966,53805,22289,0,25087,0,0,0,0,0,2750.1845703125,15864.5244140625,-0.0,1,4,0,0,2,0,0,0,0,0,0,0,1,2,0,0,0,0,332.7499084472656,3
1786297018.3579385,626.1574096679688,12725,0,82966,53869,22289,0,25087,0,0,0,0,0,2751.5947265625,15865.9345703125,-0.0,1,4,0,0,2,0,0,0,0,0,0,0,1,2,0,0,0,0,332.7499084472656,3
1786297018.4136295,626.2280883789062,12726,0,82966,53944,22289,0,25087,0,0,0,0,0,2753.2314453125,15867.5712890625,-0.0,1,4,0,0,2,0,0,0,0,0,0,0,1,2,0,0,0,0,332.7499084472656,3
1786297018.4627693,626.2730712890625,12727,0,82966,53994,22289,0,25087,0,0,0,0,0,2754.408203125,15868.748046875,-0.0,1,4,0,0,2,0,0,0,0,0,0,0,1,2,0,0,0,0,332.7499084472656,3
1786297018.5073817,626.3189086914062,12728,0,82966,54044,22289,0,25087,0,0,0,0,0,2755.609375,15869.94921875,-0.0,1,4,0,0,2,0,0,0,0,0,0,0,1,2,0,0,0,0,332.7499084472656,3
1786297018.5596778,626.3775634765625,12729,0,82966,54110,22289,0,25087,0,0,0,0,0,2756.837890625,15871.177734375,-0.0,1,4,0,0,2,0,0,0,0,0,0,0,1,2,0,0,0,0,332.7499084472656,3
1786297018.6057062,626.4201049804688,12730,0,82966,54144,22289,0,25087,0,0,0,0,0,2758.09375,15872.43359375,-0.0,1,4,0,0,2,0,0,0,0,0,0,0,1,2,0,0,0,0,332.7499084472656,3
1786297018.658749,626.4762573242188,12731,0,82966,54210,22289,0,25087,0,0,0,0,0,2759.3779296875,15873.7177734375,-0.0,1,4,0,0,2,0,0,0,0,0,0,0,1,2,0,0,0,0,332.7499084472656,3
1786297018.7146678,626.5311889648438,12732,0,82966,54260,22289,0,25087,0,0,0,0,0,2761.134765625,15875.474609375,-0.0,1,4,0,0,2,0,0,0,0,0,0,0,1,2,0,0,0,0,332.7499084472656,3
1786297018.75529,626.5723266601562,12733,0,82966,54294,22289,0,25087,0,0,0,0,0,2762.0322265625,15876.3720703125,-0.0,1,4,0,0,2,0,0,0,0,0,0,0,1,2,0,0,0,0,332.7499084472656,3
1786297018.812699,626.6282958984375,12734,0,82966,54360,22289,0,25087,0,0,0,0,0,2763.3955078125,15877.7353515625,-0.0,1,4,0,0,2,0,0,0,0,0,0,0,1,2,0,0,0,0,332.7499084472656,3
1786297018.8545454,626.6710205078125,12735,0,82966,54394,22289,0,25087,0,0,0,0,0,2764.7841796875,15879.1240234375,-0.0,1,4,0,0,2,0,0,0,0,0,0,0,1,2,0,0,0,0,332.7499084472656,3
1786297018.9081984,626.7261962890625,12736,0,82966,54460,22289,0,25087,0,0,0,0,0,2766.201171875,15880.541015625,-0.0,1,4,0,0,2,0,0,0,0,0,0,0,1,2,0,0,0,0,332.7499084472656,3
1786297018.9662452,626.7813110351562,12737,0,82966,54510,22289,0,25087,0,0,0,0,0,2768.1376953125,15882.4775390625,-0.0,1,4,0,0,2,0,0,0,0,0,0,0,1,2,0,0,0,0,332.7499084472656,3
1786297019.0097783,626.823486328125,12738,0,82966,54544,22289,0,25087,0,0,0,0,0,2769.1279296875,15883.4677734375,-0.0,1,4,0,0,2,0,0,0,0,0,0,0,1,2,0,0,0,0,332.7499084472656,3
1786297019.0613887,626.8697509765625,12739,0,82966,54594,22289,0,25087,0,0,0,0,0,2770.6376953125,15884.9775390625,-0.0,1,4,0,0,2,0,0,0,0,0,0,0,1,2,0,0,0,0,332.7499084472656,3
1786297019.1051123,626.91796875,12740,0,82966,54644,22289,0,25087,0,0,0,0,0,2772.171875,15886.51171875,-0.0,1,4,0,0,2,0,0,0,0,0,0,0,1,2,0,0,0,0,332.7499084472656,3
1786297019.1614118,626.97705078125,12741,0,82966,54710,22289,0,25087,0,0,0,0,0,2773.736328125,15888.076171875,-0.0,1,4,0,0,2,0,0,0,0,0,0,0,1,2,0,0,0,0,332.7499084472656,3
1786297019.2098274,627.0205688476562,12742,0,82966,54744,22289,0,25087,0,0,0,0,0,2775.3310546875,15889.6708984375,-0.0,1,4,0,0,2,0,0,0,0,0,0,0,1,2,0,0,0,0,332.7499084472656,3
1786297019.26586,627.067626953125,12743,0,82966,54794,22289,0,25087,0,0,0,0,0,2776.9580078125,15891.2978515625,-0.0,1,4,0,0,2,0,0,0,0,0,0,0,1,2,0,0,0,0,332.7499084472656,3
1786297019.308162,627.1035766601562,12744,0,82966,54827,22289,0,25087,0,0,0,0,0,2778.0595703125,15892.3994140625,-0.0,1,4,0,0,2,0,0,0,0,0,0,0,1,2,0,0,0,0,332.7499084472656,3
1786297019.3733888,627.163818359375,12745,0,82966,54877,22289,0,25087,0,0,0,0,0,2779.80859375,15894.1484375,-0.0,1,4,0,0,2,0,0,0,0,0,0,0,1,2,0,0,0,0,332.7499084472656,3
1786297019.4148538,627.206787109375,12746,0,82966,54917,22289,0,25087,0,0,0,0,0,2781.267578125,15895.607421875,-0.0,1,4,0,0,2,0,0,0,0,0,0,0,1,2,0,0,0,0,332.7499084472656,3
1786297019.4598925,627.25,12747,0,82966,54960,22289,0,25087,0,0,0,0,0,2782.7529296875,15897.0927734375,-0.0,1,4,0,0,2,0,0,0,0,0,0,0,1,2,0,0,0,0,332.7499084472656,3
1786297019.509315,627.3118896484375,12748,0,82966,55024,22289,0,25087,0,0,0,0,0,2784.9140625,15899.25390625,-0.0,1,4,0,0,2,0,0,0,0,0,0,0,1,2,0,0,0,0,332.7499084472656,3
1786297019.5646627,627.3800048828125,12749,0,82966,55097,22289,0,25087,0,0,0,0,0,2787.4140625,15901.75390625,-0.0,1,4,0,0,2,0,0,0,0,0,0,0,1,2,0,0,0,0,332.7499084472656,3
1786297019.6059606,627.4219360351562,12750,0,82966,55147,22289,0,25087,0,0,0,0,0,2789.2314453125,15903.5712890625,-0.0,1,4,0,0,2,0,0,0,0,0,0,0,1,2,0,0,0,0,332.7499084472656,3
1786297019.6657002,627.4777221679688,12751,0,82966,55197,22289,0,25087,0,0,0,0,0,2791.076171875,15905.416015625,-0.0,1,4,0,0,2,0,0,0,0,0,0,0,1,2,0,0,0,0,332.7499084472656,3
1786297019.7133312,627.52294921875,12752,0,82966,55247,22289,0,25087,0,0,0,0,0,2792.947265625,15907.287109375,-0.0,1,4,0,0,2,0,0,0,0,0,0,0,1,2,0,0,0,0,332.7499084472656,3
1786297019.7563586,627.569091796875,12753,0,82966,55297,22289,0,25087,0,0,0,0,0,2794.8427734375,15909.1826171875,-0.0,1,4,0,0,2,0,0,0,0,0,0,0,1,2,0,0,0,0,332.7499084472656,3
1786297019.8129385,627.6282958984375,12754,0,82966,55347,22289,0,25087,0,0,0,0,0,2796.763671875,15911.103515625,-0.0,1,4,0,0,2,0,0,0,0,0,0,0,1,2,0,0,0,0,332.7499084472656,3
1786297019.8572845,627.67138671875,12755,0,82966,55397,22289,0,25087,0,0,0,0,0,2798.7099609375,15913.0498046875,-0.0,1,4,0,0,2,0,0,0,0,0,0,0,1,2,0,0,0,0,332.7499084472656,3
1786297019.9164588,627.7291870117188,12756,0,82966,55447,22289,0,25087,0,0,0,0,0,2800.681640625,15915.021484375,-0.0,1,4,0,0,2,0,0,0,0,0,0,0,1,2,0,0,0,0,332.7499084472656,3
1786297019.9596555,627.7734985351562,12757,0,82966,55497,22289,0,25087,0,0,0,0,0,2802.677734375,15917.017578125,-0.0,1,4,0,0,2,0,0,0,0,0,0,0,1,2,0,0,0,0,332.7499084472656,3
1786297020.0077817,627.8187866210938,12758,0,82966,55547,22289,0,25087,0,0,0,0,0,2804.697265625,15919.037109375,-0.0,1,4,0,0,2,0,0,0,0,0,0,0,1,2,0,0,0,0,332.7499084472656,3
1786297020.0531785,627.8644409179688,12759,0,82966,55597,22289,0,25087,0,0,0,0,0,2806.05859375,15920.3984375,-0.0,1,4,0,0,2,0,0,0,0,0,0,0,1,2,0,0,0,0,332.7499084472656,3
1786297020.1152618,627.926025390625,12760,0,82966,55647,22289,0,25087,0,0,0,0,0,2808.814453125,15923.154296875,-0.0,1,4,0,0,2,0,0,0,0,0,0,0,1,2,0,0,0,0,332.7499084472656,3
1786297020.1713383,627.9736328125,12761,0,82966,55697,22289,0,25087,0,0,0,0,0,2810.91015625,15925.25,-0.0,1,4,0,0,2,0,0,0,0,0,0,0,1,2,0,0,0,0,332.7499084472656,3
1786297020.2134342,628.009033203125,12762,0,82966,55731,22289,0,25087,0,0,0,0,0,2812.322265625,15926.662109375,-0.0,1,4,0,0,2,0,0,0,0,0,0,0,1,2,0,0,0,0,332.7499084472656,3
1786297020.2580655,628.0478515625,12763,0,82966,55764,22289,0,25087,0,0,0,0,0,2813.744140625,15928.083984375,-0.0,1,4,0,0,2,0,0,0,0,0,0,0,1,2,0,0,0,0,332.7499084472656,3
1786297020.3195977,628.1112670898438,12764,0,82966,55822,22289,0,25087,0,0,0,0,0,2816.466796875,15930.806640625,-0.0,1,4,0,0,2,0,0,0,0,0,0,0,1,2,0,0,0,0,332.7499084472656,3
1786297020.3655896,628.1546630859375,12765,0,82966,55865,22289,0,25087,0,0,0,0,0,2818.4658203125,15932.8056640625,-0.0,1,4,0,0,2,0,0,0,0,0,0,0,1,2,0,0,0,0,332.7499084472656,3
1786297020.4034736,628.1981201171875,12766,0,82966,55909,22289,0,25087,0,0,0,0,0,2820.490234375,15934.830078125,-0.0,1,4,0,0,2,0,0,0,0,0,0,0,1,2,0,0,0,0,332.7499084472656,3
1786297020.4595876,628.2724609375,12767,0,82966,55988,22289,0,25087,0,0,0,0,0,2824.00390625,15938.34375,-0.0,1,4,0,0,2,0,0,0,0,0,0,0,1,2,0,0,0,0,332.7499084472656,3
1786297020.5140173,628.3297729492188,12768,0,82966,56054,22289,0,25087,0,0,0,0,0,2827.2109375,15941.55078125,-0.0,1,4,0,0,2,0,0,0,0,0,0,0,1,2,0,0,0,0,332.7499084472656,3
1786297020.5631382,628.3724975585938,12769,0,82966,56104,22289,0,25087,0,0,0,0,0,2829.650390625,15943.990234375,-0.0,1,4,0,0,2,0,0,0,0,0,0,0,1,2,0,0,0,0,332.7499084472656,3
1786297020.6105096,628.4190673828125,12770,0,82966,56138,22289,0,25087,0,0,0,0,0,2831.29296875,15945.6328125,-0.0,1,4,0,0,2,0,0,0,0,0,0,0,1,2,0,0,0,0,332.7499084472656,3
1786297020.656369,628.4669799804688,12771,0,82966,56188,22289,0,25087,0,0,0,0,0,2833.783203125,15948.123046875,-0.0,1,4,0,0,2,0,0,0,0,0,0,0,1,2,0,0,0,0,332.7499084472656,3
1786297020.713091,628.5274047851562,12772,0,82966,56254,22289,0,25087,0,0,0,0,0,2837.1552734375,15951.4951171875,-0.0,1,4,0,0,2,0,0,0,0,0,0,0,1,2,0,0,0,0,332.7499084472656,3
1786297020.7556906,628.570556640625,12773,0,82966,56304,22289,0,25087,0,0,0,0,0,2838.8623046875,15953.2021484375,-0.0,1,4,0,0,2,0,0,0,0,0,0,0,1,2,0,0,0,0,332.7499084472656,3
1786297020.8130856,628.627685546875,12774,0,82966,56354,22289,0,25087,0,0,0,0,0,2842.2919921875,15956.6318359375,-0.0,1,4,0,0,2,0,0,0,0,0,0,0,1,2,0,0,0,0,332.7499084472656,3
1786297020.8581383,628.6712036132812,12775,0,82966,56404,22289,0,25087,0,0,0,0,0,2844.015625,15958.35546875,-0.0,1,4,0,0,2,0,0,0,0,0,0,0,1,2,0,0,0,0,332.7499084472656,3
1786297020.903574,628.7161254882812,12776,0,82966,56438,22289,0,25087,0,0,0,0,0,2846.6103515625,15960.9501953125,-0.0,1,4,0,0,2,0,0,0,0,0,0,0,1,2,0,0,0,0,332.7499084472656,3
1786297020.963729,628.7757568359375,12777,0,82966,56504,22289,0,25087,0,0,0,0,0,2850.08984375,15964.4296875,-0.0,1,4,0,0,2,0,0,0,0,0,0,0,1,2,0,0,0,0,332.7499084472656,3
1786297021.0088978,628.8199462890625,12778,0,82966,56538,22289,0,25087,0,0,0,0,0,2851.837890625,15966.177734375,-0.0,1,4,0,0,2,0,0,0,0,0,0,0,1,2,0,0,0,0,332.7499084472656,3
1786297021.0535493,628.8646850585938,12779,0,82966,56588,22289,0,25087,0,0,0,0,0,2854.4736328125,15968.8134765625,-0.0,1,4,0,0,2,0,0,0,0,0,0,0,1,2,0,0,0,0,332.7499084472656,3
1786297021.1185787,628.9146118164062,12780,0,82966,56638,22289,0,25087,0,0,0,0,0,2857.126953125,15971.466796875,-0.0,1,4,0,0,2,0,0,0,0,0,0,0,1,2,0,0,0,0,332.7499084472656,3
1786297021.161321,628.95263671875,12781,0,82966,56671,22289,0,25087,0,0,0,0,0,2858.908203125,15973.248046875,-0.0,1,4,0,0,2,0,0,0,0,0,0,0,1,2,0,0,0,0,332.7499084472656,3
1786297021.2069468,628.9949951171875,12782,0,82966,56705,22289,0,25087,0,0,0,0,0,2861.017578125,15975.357421875,-0.0,1,4,0,0,2,0,0,0,0,0,0,0,1,2,0,0,0,0,332.7499084472656,3
1786297021.2676835,629.059814453125,12783,0,82966,56770,22289,0,25087,0,0,0,0,0,2864.533203125,15978.873046875,-0.0,1,4,0,0,2,0,0,0,0,0,0,0,1,2,0,0,0,0,332.7499084472656,3
1786297021.3063047,629.1023559570312,12784,0,82966,56813,22289,0,25087,0,0,0,0,0,2866.8134765625,15981.1533203125,-0.0,1,4,0,0,2,0,0,0,0,0,0,0,1,2,0,0,0,0,332.7499084472656,3
1786297021.3613064,629.1746826171875,12785,0,82966,56890,22289,0,25087,0,0,0,0,0,2870.70703125,15985.046875,-0.0,1,4,0,0,2,0,0,0,0,0,0,0,1,2,0,0,0,0,332.7499084472656,3
1786297021.4044108,629.2197265625,12786,0,82966,56940,22289,0,25087,0,0,0,0,0,2873.4296875,15987.76953125,-0.0,1,4,0,0,2,0,0,0,0,0,0,0,1,2,0,0,0,0,332.7499084472656,3
1786297021.4611697,629.2760009765625,12787,0,82966,57007,22289,0,25087,0,0,0,0,0,2877.095703125,15991.435546875,-0.0,1,4,0,0,2,0,0,0,0,0,0,0,1,2,0,0,0,0,332.7499084472656,3
1786297021.5040271,629.31787109375,12788,0,82966,57040,22289,0,25087,0,0,0,0,0,2878.943359375,15993.283203125,-0.0,1,4,0,0,2,0,0,0,0,0,0,0,1,2,0,0,0,0,332.7499084472656,3
1786297021.5620334,629.3749389648438,12789,0,82966,57107,22289,0,25087,0,0,0,0,0,2882.666015625,15997.005859375,-0.0,1,4,0,0,2,0,0,0,0,0,0,0,1,2,0,0,0,0,332.7499084472656,3
1786297021.6090233,629.419921875,12790,0,82966,57140,22289,0,25087,0,0,0,0,0,2884.541015625,15998.880859375,-0.0,1,4,0,0,2,0,0,0,0,0,0,0,1,2,0,0,0,0,332.7499084472656,3
1786297021.6606064,629.478515625,12791,0,82966,57207,22289,0,25087,0,0,0,0,0,2888.318359375,16002.658203125,-0.0,1,4,0,0,2,0,0,0,0,0,0,0,1,2,0,0,0,0,332.7499084472656,3
1786297021.7047741,629.52001953125,12792,0,82966,57240,22289,0,25087,0,0,0,0,0,2890.21875,16004.55859375,-0.0,1,4,0,0,2,0,0,0,0,0,0,0,1,2,0,0,0,0,332.7499084472656,3
1786297021.7637727,629.57666015625,12793,0,82966,57307,22289,0,25087,0,0,0,0,0,2894.044921875,16008.384765625,-0.0,1,4,0,0,2,0,0,0,0,0,0,0,1,2,0,0,0,0,332.7499084472656,3
1786297021.8076432,629.6203002929688,12794,0,82966,57340,22289,0,25087,0,0,0,0,0,2895.970703125,16010.310546875,-0.0,1,4,0,0,2,0,0,0,0,0,0,0,1,2,0,0,0,0,332.7499084472656,3
1786297021.861726,629.6784057617188,12795,0,82966,57407,22289,0,25087,0,0,0,0,0,2899.8486328125,16014.1884765625,-0.0,1,4,0,0,2,0,0,0,0,0,0,0,1,2,0,0,0,0,332.7499084472656,3
1786297021.9094045,629.72119140625,12796,0,82966,57440,22289,0,25087,0,0,0,0,0,2901.7998046875,16016.1396484375,-0.0,1,4,0,0,2,0,0,0,0,0,0,0,1,2,0,0,0,0,332.7499084472656,3
1786297021.966328,629.7796630859375,12797,0,82966,57507,22289,0,25087,0,0,0,0,0,2905.7275390625,16020.0673828125,-0.0,1,4,0,0,2,0,0,0,0,0,0,0,1,2,0,0,0,0,332.7499084472656,3
1786297022.0087712,629.822998046875,12798,0,82966,57557,22289,0,25087,0,0,0,0,0,2907.7041015625,16022.0439453125,-0.0,1,4,0,0,2,0,0,0,0,0,0,0,1,2,0,0,0,0,332.7499084472656,3
1786297022.0657918,629.8802490234375,12799,0,82966,57607,22289,0,25087,0,0,0,0,0,2911.6865234375,16026.0263671875,-0.0,1,4,0,0,2,0,0,0,0,0,0,0,1,2,0,0,0,0,332.7499084472656,3
1786297022.108121,629.9230346679688,12800,0,82966,57657,22289,0,25087,0,0,0,0,0,2913.6923828125,16028.0322265625,-0.0,1,4,0,0,2,0,0,0,0,0,0,0,1,2,0,0,0,0,332.7499084472656,3
1786297022.1535592,629.9655151367188,12801,0,82966,57690,22289,0,25087,0,0,0,0,0,2916.71875,16031.05859375,-0.0,1,4,0,0,2,0,0,0,0,0,0,0,1,2,0,0,0,0,332.7499084472656,3
1786297022.217328,630.026123046875,12802,0,82966,57757,22289,0,25087,0,0,0,0,0,2920.7861328125,16035.1259765625,-0.0,1,4,0,0,2,0,0,0,0,0,0,0,1,2,0,0,0,0,332.7499084472656,3
1786297022.274529,630.0750122070312,12803,0,82966,57790,22289,0,25087,0,0,0,0,0,2922.8505859375,16037.1904296875,-0.0,1,4,0,0,2,0,0,0,0,0,0,0,1,2,0,0,0,0,332.7499084472656,3
1786297022.316585,630.1113891601562,12804,0,82966,57825,22289,0,25087,0,0,0,0,0,2925.0947265625,16039.4345703125,-0.0,1,4,0,0,2,0,0,0,0,0,0,0,1,2,0,0,0,0,332.7499084472656,3
1786297022.3613791,630.151123046875,12805,0,82966,57863,22289,0,25087,0,0,0,0,0,2927.5615234375,16041.9013671875,-0.0,1,4,0,0,2,0,0,0,0,0,0,0,1,2,0,0,0,0,332.7499084472656,3
1786297022.4048955,630.1943969726562,12806,0,82966,57904,22289,0,25087,0,0,0,0,0,2930.2587890625,16044.5986328125,-0.0,1,4,0,0,2,0,0,0,0,0,0,0,1,2,0,0,0,0,332.7499084472656,3
1786297022.4714246,630.2601928710938,12807,0,82966,57970,22289,0,25087,0,0,0,0,0,2934.388671875,16048.728515625,-0.0,1,4,0,0,2,0,0,0,0,0,0,0,1,2,0,0,0,0,332.7499084472656,3
1786297022.5032575,630.3021850585938,12808,0,82966,58014,22289,0,25087,0,0,0,0,0,2937.0419921875,16051.3818359375,-0.0,1,4,0,0,2,0,0,0,0,0,0,0,1,2,0,0,0,0,332.7499084472656,3
1786297022.5615125,630.3739013671875,12809,0,82966,58089,22289,0,25087,0,0,0,0,0,2941.6103515625,16055.9501953125,-0.0,1,4,0,0,2,0,0,0,0,0,0,0,1,2,0,0,0,0,332.7499084472656,3
1786297022.6043663,630.4190063476562,12810,0,82966,58139,22289,0,25087,0,0,0,0,0,2944.8115234375,16059.1513671875,-0.0,1,4,0,0,2,0,0,0,0,0,0,0,1,2,0,0,0,0,332.7499084472656,3
1786297022.663694,630.4765014648438,12811,0,82966,58206,22289,0,25087,0,0,0,0,0,2949.1083984375,16063.4482421875,-0.0,1,4,0,0,2,0,0,0,0,0,0,0,1,2,0,0,0,0,332.7499084472656,3
1786297022.7144184,630.522216796875,12812,0,82966,58239,22289,0,25087,0,0,0,0,0,2951.26953125,16065.609375,-0.0,1,4,0,0,2,0,0,0,0,0,0,0,1,2,0,0,0,0,332.7499084472656,3
1786297022.7635586,630.571533203125,12813,0,82966,58289,22289,0,25087,0,0,0,0,0,2954.5244140625,16068.8642578125,-0.0,1,4,0,0,2,0,0,0,0,0,0,0,1,2,0,0,0,0,332.7499084472656,3
1786297022.8038802,630.6188354492188,12814,0,82966,58339,22289,0,25087,0,0,0,0,0,2957.796875,16072.13671875,-0.0,1,4,0,0,2,0,0,0,0,0,0,0,1,2,0,0,0,0,332.7499084472656,3
1786297022.86245,630.6774291992188,12815,0,82966,58406,22289,0,25087,0,0,0,0,0,2962.1796875,16076.51953125,-0.0,1,4,0,0,2,0,0,0,0,0,0,0,1,2,0,0,0,0,332.7499084472656,3
1786297022.905293,630.7207641601562,12816,0,82966,58439,22289,0,25087,0,0,0,0,0,2964.380859375,16078.720703125,-0.0,1,4,0,0,2,0,0,0,0,0,0,0,1,2,0,0,0,0,332.7499084472656,3
1786297022.9617157,630.7772216796875,12817,0,82966,58506,22289,0,25087,0,0,0,0,0,2968.806640625,16083.146484375,-0.0,1,4,0,0,2,0,0,0,0,0,0,0,1,2,0,0,0,0,332.7499084472656,3
1786297023.0061219,630.8196411132812,12818,0,82966,58539,22289,0,25087,0,0,0,0,0,2971.03125,16085.37109375,-0.0,1,4,0,0,2,0,0,0,0,0,0,0,1,2,0,0,0,0,332.7499084472656,3
1786297023.0667896,630.87890625,12819,0,82966,58606,22289,0,25087,0,0,0,0,0,2975.4990234375,16089.8388671875,-0.0,1,4,0,0,2,0,0,0,0,0,0,0,1,2,0,0,0,0,332.7499084472656,3
1786297023.1065083,630.922607421875,12820,0,82966,58656,22289,0,25087,0,0,0,0,0,2977.7431640625,16092.0830078125,-0.0,1,4,0,0,2,0,0,0,0,0,0,0,1,2,0,0,0,0,332.7499084472656,3
1786297023.1570807,630.966552734375,12821,0,82966,58689,22289,0,25087,0,0,0,0,0,2981.12109375,16095.4609375,-0.0,1,4,0,0,2,0,0,0,0,0,0,0,1,2,0,0,0,0,332.7499084472656,3
1786297023.215809,631.0274658203125,12822,0,82966,58756,22289,0,25087,0,0,0,0,0,2985.6474609375,16099.9873046875,-0.0,1,4,0,0,2,0,0,0,0,0,0,0,1,2,0,0,0,0,332.7499084472656,3
1786297023.260075,631.0601196289062,12823,0,82966,58789,22289,0,25087,0,0,0,0,0,2987.9208984375,16102.2607421875,-0.0,1,4,0,0,2,0,0,0,0,0,0,0,1,2,0,0,0,0,332.7499084472656,3
1786297023.3236501,631.1153564453125,12824,0,82966,58839,22289,0,25087,0,0,0,0,0,2991.34375,16105.68359375,-0.0,1,4,0,0,2,0,0,0,0,0,0,0,1,2,0,0,0,0,332.7499084472656,3
1786297023.3689835,631.1574096679688,12825,0,82966,58873,22289,0,25087,0,0,0,0,0,2993.638671875,16107.978515625,-0.0,1,4,0,0,2,0,0,0,0,0,0,0,1,2,0,0,0,0,332.7499084472656,3
1786297023.4091918,631.2008056640625,12826,0,82966,58911,22289,0,25087,0,0,0,0,0,2996.6318359375,16110.9716796875,-0.0,1,4,0,0,2,0,0,0,0,0,0,0,1,2,0,0,0,0,332.7499084472656,3
1786297023.4559348,631.24462890625,12827,0,82966,58955,22289,0,25087,0,0,0,0,0,2999.6640625,16114.00390625,-0.0,1,4,0,0,2,0,0,0,0,0,0,0,1,2,0,0,0,0,332.7499084472656,3
1786297023.5148897,631.3238525390625,12828,0,82966,59038,22289,0,25087,0,0,0,0,0,3005.173828125,16119.513671875,-0.0,1,4,0,0,2,0,0,0,0,0,0,0,1,2,0,0,0,0,332.7499084472656,3
1786297023.5596945,631.372314453125,12829,0,82966,59090,22289,0,25087,0,0,0,0,0,3008.703125,16123.04296875,-0.0,1,4,0,0,2,0,0,0,0,0,0,0,1,2,0,0,0,0,332.7499084472656,3
1786297023.6037545,631.41650390625,12830,0,82966,59140,22289,0,25087,0,0,0,0,0,3012.2138671875,16126.5537109375,-0.0,1,4,0,0,2,0,0,0,0,0,0,0,1,2,0,0,0,0,332.7499084472656,3
1786297023.6533527,631.4617309570312,12831,0,82966,59190,22289,0,25087,0,0,0,0,0,3015.73828125,16130.078125,-0.0,1,4,0,0,2,0,0,0,0,0,0,0,1,2,0,0,0,0,332.7499084472656,3
1786297023.7110264,631.5238037109375,12832,0,82966,59256,22289,0,25087,0,0,0,0,0,3019.275390625,16133.615234375,-0.0,1,4,0,0,2,0,0,0,0,0,0,0,1,2,0,0,0,0,332.7499084472656,3
1786297023.759672,631.570556640625,12833,0,82966,59290,22289,0,25087,0,0,0,0,0,3022.828125,16137.16796875,-0.0,1,4,0,0,2,0,0,0,0,0,0,0,1,2,0,0,0,0,332.7499084472656,3
1786297023.8168342,631.629638671875,12834,0,82966,59356,22289,0,25087,0,0,0,0,0,3027.5830078125,16141.9228515625,-0.0,1,4,0,0,2,0,0,0,0,0,0,0,1,2,0,0,0,0,332.7499084472656,3
1786297023.857499,631.6729125976562,12835,0,82966,59406,22289,0,25087,0,0,0,0,0,3029.9716796875,16144.3115234375,-0.0,1,4,0,0,2,0,0,0,0,0,0,0,1,2,0,0,0,0,332.7499084472656,3
1786297023.9093823,631.7276000976562,12836,0,82966,59456,22289,0,25087,0,0,0,0,0,3034.767578125,16149.107421875,-0.0,1,4,0,0,2,0,0,0,0,0,0,0,1,2,0,0,0,0,332.7499084472656,3
1786297023.9528573,631.7677612304688,12837,0,82966,59490,22289,0,25087,0,0,0,0,0,3037.173828125,16151.513671875,-0.0,1,4,0,0,2,0,0,0,0,0,0,0,1,2,0,0,0,0,332.7499084472656,3
1786297024.0070937,631.8228759765625,12838,0,82966,59556,22289,0,25087,0,0,0,0,0,3040.794921875,16155.134765625,-0.0,1,4,0,0,2,0,0,0,0,0,0,0,1,2,0,0,0,0,332.7499084472656,3
1786297024.0637834,631.8784790039062,12839,0,82966,59606,22289,0,25087,0,0,0,0,0,3045.642578125,16159.982421875,-0.0,1,4,0,0,2,0,0,0,0,0,0,0,1,2,0,0,0,0,332.7499084472656,3
1786297024.102173,631.9200439453125,12840,0,82966,59640,22289,0,25087,0,0,0,0,0,3048.07421875,16162.4140625,-0.0,1,4,0,0,2,0,0,0,0,0,0,0,1,2,0,0,0,0,332.7499084472656,3
1786297024.1563907,631.9741821289062,12841,0,82966,59706,22289,0,25087,0,0,0,0,0,3051.732421875,16166.072265625,-0.0,1,4,0,0,2,0,0,0,0,0,0,0,1,2,0,0,0,0,332.7499084472656,3
1786297024.2098489,632.0280151367188,12842,0,82966,59756,22289,0,25087,0,0,0,0,0,3056.6298828125,16170.9697265625,-0.0,1,4,0,0,2,0,0,0,0,0,0,0,1,2,0,0,0,0,332.7499084472656,3
1786297024.2545016,632.0687255859375,12843,0,82966,59790,22289,0,25087,0,0,0,0,0,3059.0859375,16173.42578125,-0.0,1,4,0,0,2,0,0,0,0,0,0,0,1,2,0,0,0,0,332.7499084472656,3
1786297024.3070478,632.1239013671875,12844,0,82966,59856,22289,0,25087,0,0,0,0,0,3062.78125,16177.12109375,-0.0,1,4,0,0,2,0,0,0,0,0,0,0,1,2,0,0,0,0,332.7499084472656,3
1786297024.3611035,632.178466796875,12845,0,82966,59906,22289,0,25087,0,0,0,0,0,3067.7265625,16182.06640625,-0.0,1,4,0,0,2,0,0,0,0,0,0,0,1,2,0,0,0,0,332.7499084472656,3
1786297024.4038236,632.2199096679688,12846,0,82966,59940,22289,0,25087,0,0,0,0,0,3070.20703125,16184.546875,-0.0,1,4,0,0,2,0,0,0,0,0,0,0,1,2,0,0,0,0,332.7499084472656,3
1786297024.460019,632.2753295898438,12847,0,82966,60006,22289,0,25087,0,0,0,0,0,3075.1826171875,16189.5224609375,-0.0,1,4,0,0,2,0,0,0,0,0,0,0,1,2,0,0,0,0,332.7499084472656,3
1786297024.5013297,632.317138671875,12848,0,82966,60040,22289,0,25087,0,0,0,0,0,3077.6787109375,16192.0185546875,-0.0,1,4,0,0,2,0,0,0,0,0,0,0,1,2,0,0,0,0,332.7499084472656,3
1786297024.5548048,632.3724975585938,12849,0,82966,60106,22289,0,25087,0,0,0,0,0,3081.4306640625,16195.7705078125,-0.0,1,4,0,0,2,0,0,0,0,0,0,0,1,2,0,0,0,0,332.7499084472656,3
1786297024.6109967,632.4268188476562,12850,0,82966,60156,22289,0,25087,0,0,0,0,0,3086.4521484375,16200.7919921875,-0.0,1,4,0,0,2,0,0,0,0,0,0,0,1,2,0,0,0,0,332.7499084472656,3
1786297024.6525798,632.4682006835938,12851,0,82966,60190,22289,0,25087,0,0,0,0,0,3088.9697265625,16203.3095703125,-0.0,1,4,0,0,2,0,0,0,0,0,0,0,1,2,0,0,0,0,332.7499084472656,3
1786297024.706453,632.5238037109375,12852,0,82966,60256,22289,0,25087,0,0,0,0,0,3092.755859375,16207.095703125,-0.0,1,4,0,0,2,0,0,0,0,0,0,0,1,2,0,0,0,0,332.7499084472656,3
1786297024.7648094,632.579345703125,12853,0,82966,60306,22289,0,25087,0,0,0,0,0,3097.8203125,16212.16015625,-0.0,1,4,0,0,2,0,0,0,0,0,0,0,1,2,0,0,0,0,332.7499084472656,3
1786297024.807219,632.6220092773438,12854,0,82966,60356,22289,0,25087,0,0,0,0,0,3100.359375,16214.69921875,-0.0,1,4,0,0,2,0,0,0,0,0,0,0,1,2,0,0,0,0,332.7499084472656,3
1786297024.8643184,632.6787719726562,12855,0,82966,60406,22289,0,25087,0,0,0,0,0,3105.455078125,16219.794921875,-0.0,1,4,0,0,2,0,0,0,0,0,0,0,1,2,0,0,0,0,332.7499084472656,3
1786297024.910323,632.7221069335938,12856,0,82966,60440,22289,0,25087,0,0,0,0,0,3108.0107421875,16222.3505859375,-0.0,1,4,0,0,2,0,0,0,0,0,0,0,1,2,0,0,0,0,332.7499084472656,3
1786297024.9546332,632.7665405273438,12857,0,82966,60490,22289,0,25087,0,0,0,0,0,3111.8544921875,16226.1943359375,-0.0,1,4,0,0,2,0,0,0,0,0,0,0,1,2,0,0,0,0,332.7499084472656,3
1786297025.0085645,632.8243408203125,12858,0,82966,60556,22289,0,25087,0,0,0,0,0,3116.9990234375,16231.3388671875,-0.0,1,4,0,0,2,0,0,0,0,0,0,0,1,2,0,0,0,0,332.7499084472656,3
1786297025.065308,632.8795776367188,12859,0,82966,60606,22289,0,25087,0,0,0,0,0,3120.87109375,16235.2109375,-0.0,1,4,0,0,2,0,0,0,0,0,0,0,1,2,0,0,0,0,332.7499084472656,3
1786297025.1080146,632.9224243164062,12860,0,82966,60656,22289,0,25087,0,0,0,0,0,3123.4599609375,16237.7998046875,-0.0,1,4,0,0,2,0,0,0,0,0,0,0,1,2,0,0,0,0,332.7499084472656,3
1786297025.155873,632.9677734375,12861,0,82966,60690,22289,0,25087,0,0,0,0,0,3127.3525390625,16241.6923828125,-0.0,1,4,0,0,2,0,0,0,0,0,0,0,1,2,0,0,0,0,332.7499084472656,3
1786297025.211647,633.0272216796875,12862,0,82966,60756,22289,0,25087,0,0,0,0,0,3132.560546875,16246.900390625,-0.0,1,4,0,0,2,0,0,0,0,0,0,0,1,2,0,0,0,0,332.7499084472656,3
1786297025.258346,633.0703735351562,12863,0,82966,60790,22289,0,25087,0,0,0,0,0,3135.171875,16249.51171875,-0.0,1,4,0,0,2,0,0,0,0,0,0,0,1,2,0,0,0,0,332.7499084472656,3
1786297025.3047204,633.114990234375,12864,0,82966,60840,22289,0,25087,0,0,0,0,0,3139.0986328125,16253.4384765625,-0.0,1,4,0,0,2,0,0,0,0,0,0,0,1,2,0,0,0,0,332.7499084472656,3
1786297025.369875,633.17578125,12865,0,82966,60906,22289,0,25087,0,0,0,0,0,3144.3525390625,16258.6923828125,-0.0,1,4,0,0,2,0,0,0,0,0,0,0,1,2,0,0,0,0,332.7499084472656,3
1786297025.4136937,633.2095336914062,12866,0,82966,60940,22289,0,25087,0,0,0,0,0,3146.986328125,16261.326171875,-0.0,1,4,0,0,2,0,0,0,0,0,0,0,1,2,0,0,0,0,332.7499084472656,3
1786297025.4579277,633.2473754882812,12867,0,82966,60973,22289,0,25087,0,0,0,0,0,3149.6259765625,16263.9658203125,-0.0,1,4,0,0,2,0,0,0,0,0,0,0,1,2,0,0,0,0,332.7499084472656,3
1786297025.5021968,633.2899780273438,12868,0,82966,61006,22289,0,25087,0,0,0,0,0,3152.2705078125,16266.6103515625,-0.0,1,4,0,0,2,0,0,0,0,0,0,0,1,2,0,0,0,0,332.7499084472656,3
1786297025.5670598,633.355712890625,12869,0,82966,61066,22289,0,25087,0,0,0,0,0,3157.421875,16271.76171875,-0.0,1,4,0,0,2,0,0,0,0,0,0,0,1,2,0,0,0,0,332.7499084472656,3
1786297025.6038241,633.399169921875,12870,0,82966,61110,22289,0,25087,0,0,0,0,0,3160.8837890625,16275.2236328125,-0.0,1,4,0,0,2,0,0,0,0,0,0,0,1,2,0,0,0,0,332.7499084472656,3
1786297025.6577024,633.4713745117188,12871,0,82966,61187,22289,0,25087,0,0,0,0,0,3166.6650390625,16281.0048828125,-0.0,1,4,0,0,2,0,0,0,0,0,0,0,1,2,0,0,0,0,332.7499084472656,3
1786297025.701186,633.5155639648438,12872,0,82966,61237,22289,0,25087,0,0,0,0,0,3170.66796875,16285.0078125,-0.0,1,4,0,0,2,0,0,0,0,0,0,0,1,2,0,0,0,0,332.7499084472656,3
1786297025.7598236,633.5726928710938,12873,0,82966,61303,22289,0,25087,0,0,0,0,0,3176.0205078125,16290.3603515625,-0.0,1,4,0,0,2,0,0,0,0,0,0,0,1,2,0,0,0,0,332.7499084472656,3
1786297025.8071012,633.6171875,12874,0,82966,61337,22289,0,25087,0,0,0,0,0,3178.703125,16293.04296875,-0.0,1,4,0,0,2,0,0,0,0,0,0,0,1,2,0,0,0,0,332.7499084472656,3
1786297025.8515537,633.6635131835938,12875,0,82966,61387,22289,0,25087,0,0,0,0,0,3182.736328125,16297.076171875,-0.0,1,4,0,0,2,0,0,0,0,0,0,0,1,2,0,0,0,0,332.7499084472656,3
1786297025.9094884,633.7232055664062,12876,0,82966,61453,22289,0,25087,0,0,0,0,0,3188.12890625,16302.46875,-0.0,1,4,0,0,2,0,0,0,0,0,0,0,1,2,0,0,0,0,332.7499084472656,3
1786297025.955004,633.7669677734375,12877,0,82966,61487,22289,0,25087,0,0,0,0,0,3190.83203125,16305.171875,-0.0,1,4,0,0,2,0,0,0,0,0,0,0,1,2,0,0,0,0,332.7499084472656,3
1786297026.0110965,633.8252563476562,12878,0,82966,61553,22289,0,25087,0,0,0,0,0,3196.25390625,16310.59375,-0.0,1,4,0,0,2,0,0,0,0,0,0,0,1,2,0,0,0,0,332.7499084472656,3
1786297026.0631766,633.8712768554688,12879,0,82966,61603,22289,0,25087,0,0,0,0,0,3198.9716796875,16313.3115234375,-0.0,1,4,0,0,2,0,0,0,0,0,0,0,1,2,0,0,0,0,332.7499084472656,3
1786297026.1094737,633.9195556640625,12880,0,82966,61637,22289,0,25087,0,0,0,0,0,3203.0556640625,16317.3955078125,-0.0,1,4,0,0,2,0,0,0,0,0,0,0,1,2,0,0,0,0,332.7499084472656,3
1786297026.1538467,633.96630859375,12881,0,82966,61687,22289,0,25087,0,0,0,0,0,3207.1513671875,16321.4912109375,-0.0,1,4,0,0,2,0,0,0,0,0,0,0,1,2,0,0,0,0,332.7499084472656,3
1786297026.2133338,634.0247802734375,12882,0,82966,61753,22289,0,25087,0,0,0,0,0,3212.626953125,16326.966796875,-0.0,1,4,0,0,2,0,0,0,0,0,0,0,1,2,0,0,0,0,332.7499084472656,3
1786297026.2597966,634.0706176757812,12883,0,82966,61803,22289,0,25087,0,0,0,0,0,3215.369140625,16329.708984375,-0.0,1,4,0,0,2,0,0,0,0,0,0,0,1,2,0,0,0,0,332.7499084472656,3
1786297026.3133638,634.1185302734375,12884,0,82966,61837,22289,0,25087,0,0,0,0,0,3219.48828125,16333.828125,-0.0,1,4,0,0,2,0,0,0,0,0,0,0,1,2,0,0,0,0,332.7499084472656,3
1786297026.361046,634.154541015625,12885,0,82966,61870,22289,0,25087,0,0,0,0,0,3222.234375,16336.57421875,-0.0,1,4,0,0,2,0,0,0,0,0,0,0,1,2,0,0,0,0,332.7499084472656,3
1786297026.40524,634.1939697265625,12886,0,82966,61906,22289,0,25087,0,0,0,0,0,3225.45703125,16339.796875,-0.0,1,4,0,0,2,0,0,0,0,0,0,0,1,2,0,0,0,0,332.7499084472656,3
1786297026.467214,634.2586059570312,12887,0,82966,61968,22289,0,25087,0,0,0,0,0,3230.787109375,16345.126953125,-0.0,1,4,0,0,2,0,0,0,0,0,0,0,1,2,0,0,0,0,332.7499084472656,3
1786297026.5136244,634.3025512695312,12888,0,82966,62013,22289,0,25087,0,0,0,0,0,3234.41796875,16348.7578125,-0.0,1,4,0,0,2,0,0,0,0,0,0,0,1,2,0,0,0,0,332.7499084472656,3
1786297026.5636873,634.3654174804688,12889,0,82966,62077,22289,0,25087,0,0,0,0,0,3239.6328125,16353.97265625,-0.0,1,4,0,0,2,0,0,0,0,0,0,0,1,2,0,0,0,0,332.7499084472656,3
1786297026.6070588,634.4194946289062,12890,0,82966,62134,22289,0,25087,0,0,0,0,0,3244.115234375,16358.455078125,-0.0,1,4,0,0,2,0,0,0,0,0,0,0,1,2,0,0,0,0,332.7499084472656,3
1786297026.6650891,634.4791870117188,12891,0,82966,62201,22289,0,25087,0,0,0,0,0,3249.654296875,16363.994140625,-0.0,1,4,0,0,2,0,0,0,0,0,0,0,1,2,0,0,0,0,332.7499084472656,3
1786297026.7075987,634.522216796875,12892,0,82966,62251,22289,0,25087,0,0,0,0,0,3253.8193359375,16368.1591796875,-0.0,1,4,0,0,2,0,0,0,0,0,0,0,1,2,0,0,0,0,332.7499084472656,3
1786297026.764555,634.5792236328125,12893,0,82966,62301,22289,0,25087,0,0,0,0,0,3257.994140625,16372.333984375,-0.0,1,4,0,0,2,0,0,0,0,0,0,0,1,2,0,0,0,0,332.7499084472656,3
1786297026.8083131,634.6226196289062,12894,0,82966,62351,22289,0,25087,0,0,0,0,0,3262.17578125,16376.515625,-0.0,1,4,0,0,2,0,0,0,0,0,0,0,1,2,0,0,0,0,332.7499084472656,3
1786297026.8556213,634.6666870117188,12895,0,82966,62385,22289,0,25087,0,0,0,0,0,3264.9697265625,16379.3095703125,-0.0,1,4,0,0,2,0,0,0,0,0,0,0,1,2,0,0,0,0,332.7499084472656,3
1786297026.915102,634.7266845703125,12896,0,82966,62451,22289,0,25087,0,0,0,0,0,3270.568359375,16384.908203125,-0.0,1,4,0,0,2,0,0,0,0,0,0,0,1,2,0,0,0,0,332.7499084472656,3
1786297026.9596355,634.7717895507812,12897,0,82966,62501,22289,0,25087,0,0,0,0,0,3274.775390625,16389.115234375,-0.0,1,4,0,0,2,0,0,0,0,0,0,0,1,2,0,0,0,0,332.7499084472656,3
1786297027.004808,634.8175659179688,12898,0,82966,62535,22289,0,25087,0,0,0,0,0,3277.5859375,16391.92578125,-0.0,1,4,0,0,2,0,0,0,0,0,0,0,1,2,0,0,0,0,332.7499084472656,3
1786297027.06324,634.8768920898438,12899,0,82966,62601,22289,0,25087,0,0,0,0,0,3283.216796875,16397.556640625,-0.0,1,4,0,0,2,0,0,0,0,0,0,0,1,2,0,0,0,0,332.7499084472656,3
1786297027.1094358,634.9208984375,12900,0,82966,62651,22289,0,25087,0,0,0,0,0,3287.44921875,16401.7890625,-0.0,1,4,0,0,2,0,0,0,0,0,0,0,1,2,0,0,0,0,332.7499084472656,3
1786297027.1532633,634.9662475585938,12901,0,82966,62685,22289,0,25087,0,0,0,0,0,3290.27734375,16404.6171875,-0.0,1,4,0,0,2,0,0,0,0,0,0,0,1,2,0,0,0,0,332.7499084472656,3
1786297027.211812,635.0255737304688,12902,0,82966,62751,22289,0,25087,0,0,0,0,0,3295.939453125,16410.279296875,-0.0,1,4,0,0,2,0,0,0,0,0,0,0,1,2,0,0,0,0,332.7499084472656,3
1786297027.2594645,635.06982421875,12903,0,82966,62801,22289,0,25087,0,0,0,0,0,3300.1953125,16414.53515625,-0.0,1,4,0,0,2,0,0,0,0,0,0,0,1,2,0,0,0,0,332.7499084472656,3
1786297027.3096478,635.1166381835938,12904,0,82966,62835,22289,0,25087,0,0,0,0,0,3303.03515625,16417.375,-0.0,1,4,0,0,2,0,0,0,0,0,0,0,1,2,0,0,0,0,332.7499084472656,3
1786297027.361964,635.1653442382812,12905,0,82966,62885,22289,0,25087,0,0,0,0,0,3307.3046875,16421.64453125,-0.0,1,4,0,0,2,0,0,0,0,0,0,0,1,2,0,0,0,0,332.7499084472656,3
1786297027.40264,635.200439453125,12906,0,82966,62918,22289,0,25087,0,0,0,0,0,3310.15234375,16424.4921875,-0.0,1,4,0,0,2,0,0,0,0,0,0,0,1,2,0,0,0,0,332.7499084472656,3
1786297027.4648378,635.2582397460938,12907,0,82966,62970,22289,0,25087,0,0,0,0,0,3314.900390625,16429.240234375,-0.0,1,4,0,0,2,0,0,0,0,0,0,0,1,2,0,0,0,0,332.7499084472656,3
1786297027.5076325,635.3002319335938,12908,0,82966,63011,22289,0,25087,0,0,0,0,0,3318.49609375,16432.8359375,-0.0,1,4,0,0,2,0,0,0,0,0,0,0,1,2,0,0,0,0,332.7499084472656,3
1786297027.5673838,635.3635864257812,12909,0,82966,63075,22289,0,25087,0,0,0,0,0,3323.9375,16438.27734375,-0.0,1,4,0,0,2,0,0,0,0,0,0,0,1,2,0,0,0,0,332.7499084472656,3
1786297027.610821,635.4204711914062,12910,0,82966,63135,22289,0,25087,0,0,0,0,0,3328.8359375,16443.17578125,-0.0,1,4,0,0,2,0,0,0,0,0,0,0,1,2,0,0,0,0,332.7499084472656,3
1786297027.6536381,635.4680786132812,12911,0,82966,63186,22289,0,25087,0,0,0,0,0,3333.154296875,16447.494140625,-0.0,1,4,0,0,2,0,0,0,0,0,0,0,1,2,0,0,0,0,332.7499084472656,3
1786297027.7115114,635.5260620117188,12912,0,82966,63253,22289,0,25087,0,0,0,0,0,3338.91015625,16453.25,-0.0,1,4,0,0,2,0,0,0,0,0,0,0,1,2,0,0,0,0,332.7499084472656,3
1786297027.764127,635.5714111328125,12913,0,82966,63303,22289,0,25087,0,0,0,0,0,3343.234375,16457.57421875,-0.0,1,4,0,0,2,0,0,0,0,0,0,0,1,2,0,0,0,0,332.7499084472656,3
1786297027.813883,635.6200561523438,12914,0,82966,63336,22289,0,25087,0,0,0,0,0,3346.123046875,16460.462890625,-0.0,1,4,0,0,2,0,0,0,0,0,0,0,1,2,0,0,0,0,332.7499084472656,3
1786297027.8612354,635.6696166992188,12915,0,82966,63386,22289,0,25087,0,0,0,0,0,3350.458984375,16464.798828125,-0.0,1,4,0,0,2,0,0,0,0,0,0,0,1,2,0,0,0,0,332.7499084472656,3
1786297027.9045327,635.71630859375,12916,0,82966,63436,22289,0,25087,0,0,0,0,0,3354.80078125,16469.140625,-0.0,1,4,0,0,2,0,0,0,0,0,0,0,1,2,0,0,0,0,332.7499084472656,3
1786297027.9631338,635.776123046875,12917,0,82966,63503,22289,0,25087,0,0,0,0,0,3360.6015625,16474.94140625,-0.0,1,4,0,0,2,0,0,0,0,0,0,0,1,2,0,0,0,0,332.7499084472656,3
1786297028.002868,635.8193969726562,12918,0,82966,63552,22289,0,25087,0,0,0,0,0,3363.50390625,16477.84375,-0.0,1,4,0,0,2,0,0,0,0,0,0,0,1,2,0,0,0,0,332.7499084472656,3
1786297028.0627584,635.8762817382812,12919,0,82966,63602,22289,0,25087,0,0,0,0,0,3369.3203125,16483.66015625,-0.0,1,4,0,0,2,0,0,0,0,0,0,0,1,2,0,0,0,0,332.7499084472656,3
1786297028.1075425,635.9201049804688,12920,0,82966,63652,22289,0,25087,0,0,0,0,0,3372.232421875,16486.572265625,-0.0,1,4,0,0,2,0,0,0,0,0,0,0,1,2,0,0,0,0,332.7499084472656,3
1786297028.1543972,635.9649658203125,12921,0,82966,63686,22289,0,25087,0,0,0,0,0,3376.60546875,16490.9453125,-0.0,1,4,0,0,2,0,0,0,0,0,0,0,1,2,0,0,0,0,332.7499084472656,3
1786297028.2101266,636.02392578125,12922,0,82966,63752,22289,0,25087,0,0,0,0,0,3382.443359375,16496.783203125,-0.0,1,4,0,0,2,0,0,0,0,0,0,0,1,2,0,0,0,0,332.7499084472656,3
1786297028.2563734,636.0679931640625,12923,0,82966,63786,22289,0,25087,0,0,0,0,0,3385.3671875,16499.70703125,-0.0,1,4,0,0,2,0,0,0,0,0,0,0,1,2,0,0,0,0,332.7499084472656,3
1786297028.3225012,636.128173828125,12924,0,82966,63852,22289,0,25087,0,0,0,0,0,3391.22265625,16505.5625,-0.0,1,4,0,0,2,0,0,0,0,0,0,0,1,2,0,0,0,0,332.7499084472656,3
1786297028.3621624,636.1614379882812,12925,0,82966,63886,22289,0,25087,0,0,0,0,0,3394.15234375,16508.4921875,-0.0,1,4,0,0,2,0,0,0,0,0,0,0,1,2,0,0,0,0,332.7499084472656,3
1786297028.404281,636.1979370117188,12926,0,82966,63919,22289,0,25087,0,0,0,0,0,3397.0859375,16511.42578125,-0.0,1,4,0,0,2,0,0,0,0,0,0,0,1,2,0,0,0,0,332.7499084472656,3
1786297028.4678254,636.259033203125,12927,0,82966,63970,22289,0,25087,0,0,0,0,0,3401.9375,16516.27734375,-0.0,1,4,0,0,2,0,0,0,0,0,0,0,1,2,0,0,0,0,332.7499084472656,3
1786297028.5093951,636.3013916015625,12928,0,82966,64012,22289,0,25087,0,0,0,0,0,3405.67578125,16520.015625,-0.0,1,4,0,0,2,0,0,0,0,0,0,0,1,2,0,0,0,0,332.7499084472656,3
1786297028.564188,636.3638916015625,12929,0,82966,64076,22289,0,25087,0,0,0,0,0,3411.197265625,16525.537109375,-0.0,1,4,0,0,2,0,0,0,0,0,0,0,1,2,0,0,0,0,332.7499084472656,3
1786297028.6047595,636.4178466796875,12930,0,82966,64133,22289,0,25087,0,0,0,0,0,3415.96484375,16530.3046875,-0.0,1,4,0,0,2,0,0,0,0,0,0,0,1,2,0,0,0,0,332.7499084472656,3
1786297028.659611,636.4759521484375,12931,0,82966,64200,22289,0,25087,0,0,0,0,0,3421.869140625,16536.208984375,-0.0,1,4,0,0,2,0,0,0,0,0,0,0,1,2,0,0,0,0,332.7499084472656,3
1786297028.7036817,636.5177001953125,12932,0,82966,64250,22289,0,25087,0,0,0,0,0,3424.82421875,16539.1640625,-0.0,1,4,0,0,2,0,0,0,0,0,0,0,1,2,0,0,0,0,332.7499084472656,3
1786297028.7541747,636.56201171875,12933,0,82966,64283,22289,0,25087,0,0,0,0,0,3429.259765625,16543.599609375,-0.0,1,4,0,0,2,0,0,0,0,0,0,0,1,2,0,0,0,0,332.7499084472656,3
1786297028.8148317,636.6251831054688,12934,0,82966,64350,22289,0,25087,0,0,0,0,0,3435.18359375,16549.5234375,-0.0,1,4,0,0,2,0,0,0,0,0,0,0,1,2,0,0,0,0,332.7499084472656,3
1786297028.8596177,636.672119140625,12935,0,82966,64400,22289,0,25087,0,0,0,0,0,3439.630859375,16553.970703125,-0.0,1,4,0,0,2,0,0,0,0,0,0,0,1,2,0,0,0,0,332.7499084472656,3
1786297028.901286,636.717041015625,12936,0,82966,64450,22289,0,25087,0,0,0,0,0,3442.59765625,16556.9375,-0.0,1,4,0,0,2,0,0,0,0,0,0,0,1,2,0,0,0,0,332.7499084472656,3
1786297028.9615204,636.7752075195312,12937,0,82966,64500,22289,0,25087,0,0,0,0,0,3448.537109375,16562.876953125,-0.0,1,4,0,0,2,0,0,0,0,0,0,0,1,2,0,0,0,0,332.7499084472656,3
1786297029.0074615,636.8192749023438,12938,0,82966,64550,22289,0,25087,0,0,0,0,0,3452.99609375,16567.3359375,-0.0,1,4,0,0,2,0,0,0,0,0,0,0,1,2,0,0,0,0,332.7499084472656,3
1786297029.0675824,636.8785400390625,12939,0,82966,64600,22289,0,25087,0,0,0,0,0,3457.4609375,16571.80078125,-0.0,1,4,0,0,2,0,0,0,0,0,0,0,1,2,0,0,0,0,332.7499084472656,3
1786297029.1104214,636.9225463867188,12940,0,82966,64650,22289,0,25087,0,0,0,0,0,3461.927734375,16576.267578125,-0.0,1,4,0,0,2,0,0,0,0,0,0,0,1,2,0,0,0,0,332.7499084472656,3
1786297029.1534705,636.966552734375,12941,0,82966,64700,22289,0,25087,0,0,0,0,0,3464.908203125,16579.248046875,-0.0,1,4,0,0,2,0,0,0,0,0,0,0,1,2,0,0,0,0,332.7499084472656,3
1786297029.2178154,637.027099609375,12942,0,82966,64750,22289,0,25087,0,0,0,0,0,3470.875,16585.21484375,-0.0,1,4,0,0,2,0,0,0,0,0,0,0,1,2,0,0,0,0,332.7499084472656,3
1786297029.2729044,637.0753784179688,12943,0,82966,64800,22289,0,25087,0,0,0,0,0,3475.35546875,16589.6953125,-0.0,1,4,0,0,2,0,0,0,0,0,0,0,1,2,0,0,0,0,332.7499084472656,3
1786297029.3133466,637.1107177734375,12944,0,82966,64833,22289,0,25087,0,0,0,0,0,3478.34375,16592.68359375,-0.0,1,4,0,0,2,0,0,0,0,0,0,0,1,2,0,0,0,0,332.7499084472656,3
1786297029.3538182,637.148681640625,12945,0,82966,64867,22289,0,25087,0,0,0,0,0,3481.333984375,16595.673828125,-0.0,1,4,0,0,2,0,0,0,0,0,0,0,1,2,0,0,0,0,332.7499084472656,3
1786297029.416383,637.209716796875,12946,0,82966,64921,22289,0,25087,0,0,0,0,0,3486.58984375,16600.9296875,-0.0,1,4,0,0,2,0,0,0,0,0,0,0,1,2,0,0,0,0,332.7499084472656,3
1786297029.4566448,637.2504272460938,12947,0,82966,64962,22289,0,25087,0,0,0,0,0,3490.248046875,16604.587890625,-0.0,1,4,0,0,2,0,0,0,0,0,0,0,1,2,0,0,0,0,332.7499084472656,3
1786297029.5066392,637.3099365234375,12948,0,82966,65023,22289,0,25087,0,0,0,0,0,3495.603515625,16609.943359375,-0.0,1,4,0,0,2,0,0,0,0,0,0,0,1,2,0,0,0,0,332.7499084472656,3
1786297029.5665681,637.3778686523438,12949,0,82966,65094,22289,0,25087,0,0,0,0,0,3501.78125,16616.12109375,-0.0,1,4,0,0,2,0,0,0,0,0,0,0,1,2,0,0,0,0,332.7499084472656,3
1786297029.6139646,637.4234619140625,12950,0,82966,65144,22289,0,25087,0,0,0,0,0,3506.2890625,16620.62890625,-0.0,1,4,0,0,2,0,0,0,0,0,0,0,1,2,0,0,0,0,332.7499084472656,3
1786297029.661628,637.4700927734375,12951,0,82966,65194,22289,0,25087,0,0,0,0,0,3510.798828125,16625.138671875,-0.0,1,4,0,0,2,0,0,0,0,0,0,0,1,2,0,0,0,0,332.7499084472656,3
1786297029.7155726,637.519287109375,12952,0,82966,65244,22289,0,25087,0,0,0,0,0,3515.3125,16629.65234375,-0.0,1,4,0,0,2,0,0,0,0,0,0,0,1,2,0,0,0,0,332.7499084472656,3
1786297029.7678902,637.5714111328125,12953,0,82966,65294,22289,0,25087,0,0,0,0,0,3519.83203125,16634.171875,-0.0,1,4,0,0,2,0,0,0,0,0,0,0,1,2,0,0,0,0,332.7499084472656,3
1786297029.8153415,637.6229248046875,12954,0,82966,65344,22289,0,25087,0,0,0,0,0,3524.3515625,16638.69140625,-0.0,1,4,0,0,2,0,0,0,0,0,0,0,1,2,0,0,0,0,332.7499084472656,3
1786297029.8632655,637.6725463867188,12955,0,82966,65394,22289,0,25087,0,0,0,0,0,3528.876953125,16643.216796875,-0.0,1,4,0,0,2,0,0,0,0,0,0,0,1,2,0,0,0,0,332.7499084472656,3
1786297029.9048502,637.7190551757812,12956,0,82966,65444,22289,0,25087,0,0,0,0,0,3533.40625,16647.74609375,-0.0,1,4,0,0,2,0,0,0,0,0,0,0,1,2,0,0,0,0,332.7499084472656,3
1786297029.9632297,637.7777099609375,12957,0,82966,65511,22289,0,25087,0,0,0,0,0,3537.9375,16652.27734375,-0.0,1,4,0,0,2,0,0,0,0,0,0,0,1,2,0,0,0,0,332.7499084472656,3
1786297030.0098162,637.8220825195312,12958,0,82966,65544,22289,0,25087,0,0,0,0,0,3542.47265625,16656.8125,-0.0,1,4,0,0,2,0,0,0,0,0,0,0,1,2,0,0,0,0,332.7499084472656,3
1786297030.054667,637.8672485351562,12959,0,82966,65594,22289,0,25087,0,0,0,0,0,3547.01171875,16661.3515625,-0.0,1,4,0,0,2,0,0,0,0,0,0,0,1,2,0,0,0,0,332.7499084472656,3
1786297030.109335,637.9252319335938,12960,0,82966,65644,22289,0,25087,0,0,0,0,0,3551.552734375,16665.892578125,-0.0,1,4,0,0,2,0,0,0,0,0,0,0,1,2,0,0,0,0,332.7499084472656,3
1786297030.1609359,637.9692993164062,12961,0,82966,65694,22289,0,25087,0,0,0,0,0,3556.09765625,16670.4375,-0.0,1,4,0,0,2,0,0,0,0,0,0,0,1,2,0,0,0,0,332.7499084472656,3
1786297030.2034607,638.0150756835938,12962,0,82966,65744,22289,0,25087,0,0,0,0,0,3560.64453125,16674.984375,-0.0,1,4,0,0,2,0,0,0,0,0,0,0,1,2,0,0,0,0,332.7499084472656,3
1786297030.271716,638.0662841796875,12963,0,82966,65794,22289,0,25087,0,0,0,0,0,3565.1953125,16679.53515625,-0.0,1,4,0,0,2,0,0,0,0,0,0,0,1,2,0,0,0,0,332.7499084472656,3
1786297030.3134115,638.1045532226562,12964,0,82966,65827,22289,0,25087,0,0,0,0,0,3568.23046875,16682.5703125,-0.0,1,4,0,0,2,0,0,0,0,0,0,0,1,2,0,0,0,0,332.7499084472656,3
1786297030.3554463,638.14599609375,12965,0,82966,65861,22289,0,25087,0,0,0,0,0,3571.33984375,16685.6796875,-0.0,1,4,0,0,2,0,0,0,0,0,0,0,1,2,0,0,0,0,332.7499084472656,3
1786297030.4181087,638.209228515625,12966,0,82966,65920,22289,0,25087,0,0,0,0,0,3577.10546875,16691.4453125,-0.0,1,4,0,0,2,0,0,0,0,0,0,0,1,2,0,0,0,0,332.7499084472656,3
1786297030.4549224,638.2508544921875,12967,0,82966,65962,22289,0,25087,0,0,0,0,0,3580.90234375,16695.2421875,-0.0,1,4,0,0,2,0,0,0,0,0,0,0,1,2,0,0,0,0,332.7499084472656,3
1786297030.5148375,638.3251342773438,12968,0,82966,66040,22289,0,25087,0,0,0,0,0,3587.6796875,16702.01953125,-0.0,1,4,0,0,2,0,0,0,0,0,0,0,1,2,0,0,0,0,332.7499084472656,3
1786297030.5586302,638.3714599609375,12969,0,82966,66091,22289,0,25087,0,0,0,0,0,3592.248046875,16706.587890625,-0.0,1,4,0,0,2,0,0,0,0,0,0,0,1,2,0,0,0,0,332.7499084472656,3
1786297030.615343,638.4293212890625,12970,0,82966,66157,22289,0,25087,0,0,0,0,0,3598.34375,16712.68359375,-0.0,1,4,0,0,2,0,0,0,0,0,0,0,1,2,0,0,0,0,332.7499084472656,3
1786297030.6648607,638.4727783203125,12971,0,82966,66191,22289,0,25087,0,0,0,0,0,3601.392578125,16715.732421875,-0.0,1,4,0,0,2,0,0,0,0,0,0,0,1,2,0,0,0,0,332.7499084472656,3
1786297030.7118194,638.5192260742188,12972,0,82966,66241,22289,0,25087,0,0,0,0,0,3605.96875,16720.30859375,-0.0,1,4,0,0,2,0,0,0,0,0,0,0,1,2,0,0,0,0,332.7499084472656,3
1786297030.7626293,638.5681762695312,12973,0,82966,66291,22289,0,25087,0,0,0,0,0,3610.548828125,16724.888671875,-0.0,1,4,0,0,2,0,0,0,0,0,0,0,1,2,0,0,0,0,332.7499084472656,3
1786297030.8081183,638.6174926757812,12974,0,82966,66341,22289,0,25087,0,0,0,0,0,3615.1328125,16729.47265625,-0.0,1,4,0,0,2,0,0,0,0,0,0,0,1,2,0,0,0,0,332.7499084472656,3
1786297030.8532393,638.6655883789062,12975,0,82966,66391,22289,0,25087,0,0,0,0,0,3619.716796875,16734.056640625,-0.0,1,4,0,0,2,0,0,0,0,0,0,0,1,2,0,0,0,0,332.7499084472656,3
1786297030.9097114,638.7244262695312,12976,0,82966,66457,22289,0,25087,0,0,0,0,0,3624.3046875,16738.64453125,-0.0,1,4,0,0,2,0,0,0,0,0,0,0,1,2,0,0,0,0,332.7499084472656,3
1786297030.9548013,638.76708984375,12977,0,82966,66491,22289,0,25087,0,0,0,0,0,3628.89453125,16743.234375,-0.0,1,4,0,0,2,0,0,0,0,0,0,0,1,2,0,0,0,0,332.7499084472656,3
1786297031.0096054,638.8241577148438,12978,0,82966,66557,22289,0,25087,0,0,0,0,0,3633.490234375,16747.830078125,-0.0,1,4,0,0,2,0,0,0,0,0,0,0,1,2,0,0,0,0,332.7499084472656,3
1786297031.053539,638.8672485351562,12979,0,82966,66591,22289,0,25087,0,0,0,0,0,3638.0859375,16752.42578125,-0.0,1,4,0,0,2,0,0,0,0,0,0,0,1,2,0,0,0,0,332.7499084472656,3
1786297031.1101747,638.9249267578125,12980,0,82966,66657,22289,0,25087,0,0,0,0,0,3642.685546875,16757.025390625,-0.0,1,4,0,0,2,0,0,0,0,0,0,0,1,2,0,0,0,0,332.7499084472656,3
1786297031.1591637,638.96875,12981,0,82966,66691,22289,0,25087,0,0,0,0,0,3647.287109375,16761.626953125,-0.0,1,4,0,0,2,0,0,0,0,0,0,0,1,2,0,0,0,0,332.7499084472656,3
1786297031.2038307,639.0140380859375,12982,0,82966,66741,22289,0,25087,0,0,0,0,0,3651.890625,16766.23046875,-0.0,1,4,0,0,2,0,0,0,0,0,0,0,1,2,0,0,0,0,332.7499084472656,3
1786297031.255453,639.060302734375,12983,0,82966,66791,22289,0,25087,0,0,0,0,0,3656.498046875,16770.837890625,-0.0,1,4,0,0,2,0,0,0,0,0,0,0,1,2,0,0,0,0,332.7499084472656,3
1786297031.3196416,639.1129760742188,12984,0,82966,66841,22289,0,25087,0,0,0,0,0,3661.107421875,16775.447265625,-0.0,1,4,0,0,2,0,0,0,0,0,0,0,1,2,0,0,0,0,332.7499084472656,3
1786297031.3622797,639.152587890625,12985,0,82966,66874,22289,0,25087,0,0,0,0,0,3664.181640625,16778.521484375,-0.0,1,4,0,0,2,0,0,0,0,0,0,0,1,2,0,0,0,0,332.7499084472656,3
1786297031.4030433,639.19482421875,12986,0,82966,66907,22289,0,25087,0,0,0,0,0,3667.53515625,16781.875,-0.0,1,4,0,0,2,0,0,0,0,0,0,0,1,2,0,0,0,0,332.7499084472656,3
1786297031.4652631,639.2583618164062,12987,0,82966,66969,22289,0,25087,0,0,0,0,0,3673.40234375,16787.7421875,-0.0,1,4,0,0,2,0,0,0,0,0,0,0,1,2,0,0,0,0,332.7499084472656,3
1786297031.5079434,639.3158569335938,12988,0,82966,67030,22289,0,25087,0,0,0,0,0,3678.7109375,16793.05078125,-0.0,1,4,0,0,2,0,0,0,0,0,0,0,1,2,0,0,0,0,332.7499084472656,3
1786297031.5529811,639.3644409179688,12989,0,82966,67082,22289,0,25087,0,0,0,0,0,3683.3671875,16797.70703125,-0.0,1,4,0,0,2,0,0,0,0,0,0,0,1,2,0,0,0,0,332.7499084472656,3
1786297031.6095479,639.4224243164062,12990,0,82966,67149,22289,0,25087,0,0,0,0,0,3689.529296875,16803.869140625,-0.0,1,4,0,0,2,0,0,0,0,0,0,0,1,2,0,0,0,0,332.7499084472656,3
1786297031.6617117,639.4683837890625,12991,0,82966,67199,22289,0,25087,0,0,0,0,0,3694.154296875,16808.494140625,-0.0,1,4,0,0,2,0,0,0,0,0,0,0,1,2,0,0,0,0,332.7499084472656,3
1786297031.705224,639.51611328125,12992,0,82966,67249,22289,0,25087,0,0,0,0,0,3697.23828125,16811.578125,-0.0,1,4,0,0,2,0,0,0,0,0,0,0,1,2,0,0,0,0,332.7499084472656,3
1786297031.754547,639.5643920898438,12993,0,82966,67282,22289,0,25087,0,0,0,0,0,3701.865234375,16816.205078125,-0.0,1,4,0,0,2,0,0,0,0,0,0,0,1,2,0,0,0,0,332.7499084472656,3
1786297031.8135734,639.6260986328125,12994,0,82966,67349,22289,0,25087,0,0,0,0,0,3708.0390625,16822.37890625,-0.0,1,4,0,0,2,0,0,0,0,0,0,0,1,2,0,0,0,0,332.7499084472656,3
1786297031.8578424,639.6710815429688,12995,0,82966,67399,22289,0,25087,0,0,0,0,0,3712.671875,16827.01171875,-0.0,1,4,0,0,2,0,0,0,0,0,0,0,1,2,0,0,0,0,332.7499084472656,3
1786297031.9176593,639.729736328125,12996,0,82966,67449,22289,0,25087,0,0,0,0,0,3717.310546875,16831.650390625,-0.0,1,4,0,0,2,0,0,0,0,0,0,0,1,2,0,0,0,0,332.7499084472656,3
1786297031.962875,639.7738647460938,12997,0,82966,67499,22289,0,25087,0,0,0,0,0,3721.951171875,16836.291015625,-0.0,1,4,0,0,2,0,0,0,0,0,0,0,1,2,0,0,0,0,332.7499084472656,3
1786297032.0096564,639.8197021484375,12998,0,82966,67549,22289,0,25087,0,0,0,0,0,3726.59375,16840.93359375,-0.0,1,4,0,0,2,0,0,0,0,0,0,0,1,2,0,0,0,0,332.7499084472656,3
1786297032.0547419,639.8661499023438,12999,0,82966,67599,22289,0,25087,0,0,0,0,0,3729.689453125,16844.029296875,-0.0,1,4,0,0,2,0,0,0,0,0,0,0,1,2,0,0,0,0,332.7499084472656,3
1786297032.1160133,639.9266357421875,13000,0,82966,67649,22289,0,25087,0,0,0,0,0,3735.8828125,16850.22265625,-0.0,1,4,0,0,2,0,0,0,0,0,0,0,1,2,0,0,0,0,332.7499084472656,3
1786297032.165464,639.9722900390625,13001,0,82966,67699,22289,0,25087,0,0,0,0,0,3740.53125,16854.87109375,-0.0,1,4,0,0,2,0,0,0,0,0,0,0,1,2,0,0,0,0,332.7499084472656,3
1786297032.224022,640.0220947265625,13002,0,82966,67749,22289,0,25087,0,0,0,0,0,3745.1796875,16859.51953125,-0.0,1,4,0,0,2,0,0,0,0,0,0,0,1,2,0,0,0,0,332.7499084472656,3
1786297032.2719326,640.060302734375,13003,0,82966,67782,22289,0,25087,0,0,0,0,0,3748.27734375,16862.6171875,-0.0,1,4,0,0,2,0,0,0,0,0,0,0,1,2,0,0,0,0,332.7499084472656,3
1786297032.3147333,640.1021118164062,13004,0,82966,67815,22289,0,25087,0,0,0,0,0,3751.609375,16865.94921875,-0.0,1,4,0,0,2,0,0,0,0,0,0,0,1,2,0,0,0,0,332.7499084472656,3
1786297032.3578503,640.146484375,13005,0,82966,67857,22289,0,25087,0,0,0,0,0,3755.720703125,16870.060546875,-0.0,1,4,0,0,2,0,0,0,0,0,0,0,1,2,0,0,0,0,332.7499084472656,3
1786297032.4036214,640.1911010742188,13006,0,82966,67901,22289,0,25087,0,0,0,0,0,3759.84375,16874.18359375,-0.0,1,4,0,0,2,0,0,0,0,0,0,0,1,2,0,0,0,0,332.7499084472656,3
1786297032.4582467,640.256591796875,13007,0,82966,67968,22289,0,25087,0,0,0,0,0,3765.875,16880.21484375,-0.0,1,4,0,0,2,0,0,0,0,0,0,0,1,2,0,0,0,0,332.7499084472656,3
1786297032.5169241,640.3292236328125,13008,0,82966,68045,22289,0,25087,0,0,0,0,0,3772.546875,16886.88671875,-0.0,1,4,0,0,2,0,0,0,0,0,0,0,1,2,0,0,0,0,332.7499084472656,3
1786297032.5592704,640.3728637695312,13009,0,82966,68095,22289,0,25087,0,0,0,0,0,3777.09765625,16891.4375,-0.0,1,4,0,0,2,0,0,0,0,0,0,0,1,2,0,0,0,0,332.7499084472656,3
1786297032.6062675,640.4166870117188,13010,0,82966,68145,22289,0,25087,0,0,0,0,0,3781.62890625,16895.96875,-0.0,1,4,0,0,2,0,0,0,0,0,0,0,1,2,0,0,0,0,332.7499084472656,3
1786297032.655274,640.4631958007812,13011,0,82966,68195,22289,0,25087,0,0,0,0,0,3786.115234375,16900.455078125,-0.0,1,4,0,0,2,0,0,0,0,0,0,0,1,2,0,0,0,0,332.7499084472656,3
1786297032.701377,640.5105590820312,13012,0,82966,68229,22289,0,25087,0,0,0,0,0,3789.05078125,16903.390625,-0.0,1,4,0,0,2,0,0,0,0,0,0,0,1,2,0,0,0,0,332.7499084472656,3
1786297032.7637258,640.5740356445312,13013,0,82966,68295,22289,0,25087,0,0,0,0,0,3794.779296875,16909.119140625,-0.0,1,4,0,0,2,0,0,0,0,0,0,0,1,2,0,0,0,0,332.7499084472656,3
1786297032.8097456,640.6204833984375,13014,0,82966,68345,22289,0,25087,0,0,0,0,0,3798.94921875,16913.2890625,-0.0,1,4,0,0,2,0,0,0,0,0,0,0,1,2,0,0,0,0,332.7499084472656,3
1786297032.8565238,640.6670532226562,13015,0,82966,68395,22289,0,25087,0,0,0,0,0,3803.01953125,16917.359375,-0.0,1,4,0,0,2,0,0,0,0,0,0,0,1,2,0,0,0,0,332.7499084472656,3
1786297032.91274,640.7279052734375,13016,0,82966,68462,22289,0,25087,0,0,0,0,0,3806.9921875,16921.33203125,-0.0,1,4,0,0,2,0,0,0,0,0,0,0,1,2,0,0,0,0,332.7499084472656,3
1786297032.9562995,640.770751953125,13017,0,82966,68495,22289,0,25087,0,0,0,0,0,3810.8671875,16925.20703125,-0.0,1,4,0,0,2,0,0,0,0,0,0,0,1,2,0,0,0,0,332.7499084472656,3
1786297033.0106711,640.827392578125,13018,0,82966,68562,22289,0,25087,0,0,0,0,0,3814.646484375,16928.986328125,-0.0,1,4,0,0,2,0,0,0,0,0,0,0,1,2,0,0,0,0,332.7499084472656,3
1786297033.0622694,640.8717041015625,13019,0,82966,68596,22289,0,25087,0,0,0,0,0,3818.341796875,16932.681640625,-0.0,1,4,0,0,2,0,0,0,0,0,0,0,1,2,0,0,0,0,332.7499084472656,3
1786297033.1116073,640.9185791015625,13020,0,82966,68646,22289,0,25087,0,0,0,0,0,3821.94140625,16936.28125,-0.0,1,4,0,0,2,0,0,0,0,0,0,0,1,2,0,0,0,0,332.7499084472656,3
1786297033.1613173,640.9674682617188,13021,0,82966,68696,22289,0,25087,0,0,0,0,0,3825.447265625,16939.787109375,-0.0,1,4,0,0,2,0,0,0,0,0,0,0,1,2,0,0,0,0,332.7499084472656,3
1786297033.205226,641.0028076171875,13022,0,82966,68729,22289,0,25087,0,0,0,0,0,3827.732421875,16942.072265625,-0.0,1,4,0,0,2,0,0,0,0,0,0,0,1,2,0,0,0,0,332.7499084472656,3
1786297033.276004,641.0618286132812,13023,0,82966,68779,22289,0,25087,0,0,0,0,0,3831.08203125,16945.421875,-0.0,1,4,0,0,2,0,0,0,0,0,0,0,1,2,0,0,0,0,332.7499084472656,3
1786297033.3194797,641.1055908203125,13024,0,82966,68816,22289,0,25087,0,0,0,0,0,3833.875,16948.21484375,-0.0,1,4,0,0,2,0,0,0,0,0,0,0,1,2,0,0,0,0,332.7499084472656,3
1786297033.3631716,641.150634765625,13025,0,82966,68861,22289,0,25087,0,0,0,0,0,3836.7578125,16951.09765625,-0.0,1,4,0,0,2,0,0,0,0,0,0,0,1,2,0,0,0,0,332.7499084472656,3
1786297033.4038155,641.1948852539062,13026,0,82966,68905,22289,0,25087,0,0,0,0,0,3839.515625,16953.85546875,-0.0,1,4,0,0,2,0,0,0,0,0,0,0,1,2,0,0,0,0,332.7499084472656,3
1786297033.4520223,641.2553100585938,13027,0,82966,68969,22289,0,25087,0,0,0,0,0,3843.171875,16957.51171875,-0.0,1,4,0,0,2,0,0,0,0,0,0,0,1,2,0,0,0,0,332.7499084472656,3
1786297033.5117497,641.322998046875,13028,0,82966,69040,22289,0,25087,0,0,0,0,0,3847.17578125,16961.515625,-0.0,1,4,0,0,2,0,0,0,0,0,0,0,1,2,0,0,0,0,332.7499084472656,3
1786297033.5558226,641.3685913085938,13029,0,82966,69090,22289,0,25087,0,0,0,0,0,3849.98046875,16964.3203125,-0.0,1,4,0,0,2,0,0,0,0,0,0,0,1,2,0,0,0,0,332.7499084472656,3
1786297033.6031868,641.4132690429688,13030,0,82966,69140,22289,0,25087,0,0,0,0,0,3852.708984375,16967.048828125,-0.0,1,4,0,0,2,0,0,0,0,0,0,0,1,2,0,0,0,0,332.7499084472656,3
1786297033.6661353,641.474365234375,13031,0,82966,69207,22289,0,25087,0,0,0,0,0,3856.21484375,16970.5546875,-0.0,1,4,0,0,2,0,0,0,0,0,0,0,1,2,0,0,0,0,332.7499084472656,3
1786297033.7120051,641.5219116210938,13032,0,82966,69240,22289,0,25087,0,0,0,0,0,3857.91015625,16972.25,-0.0,1,4,0,0,2,0,0,0,0,0,0,0,1,2,0,0,0,0,332.7499084472656,3
1786297033.7566695,641.5682983398438,13033,0,82966,69290,22289,0,25087,0,0,0,0,0,3860.388671875,16974.728515625,-0.0,1,4,0,0,2,0,0,0,0,0,0,0,1,2,0,0,0,0,332.7499084472656,3
1786297033.815272,641.6273803710938,13034,0,82966,69357,22289,0,25087,0,0,0,0,0,3863.578125,16977.91796875,-0.0,1,4,0,0,2,0,0,0,0,0,0,0,1,2,0,0,0,0,332.7499084472656,3
1786297033.8638704,641.673095703125,13035,0,82966,69407,22289,0,25087,0,0,0,0,0,3865.126953125,16979.466796875,-0.0,1,4,0,0,2,0,0,0,0,0,0,0,1,2,0,0,0,0,332.7499084472656,3
1786297033.9107294,641.7200317382812,13036,0,82966,69440,22289,0,25087,0,0,0,0,0,3867.39453125,16981.734375,-0.0,1,4,0,0,2,0,0,0,0,0,0,0,1,2,0,0,0,0,332.7499084472656,3
1786297033.9592934,641.76806640625,13037,0,82966,69490,22289,0,25087,0,0,0,0,0,3869.5859375,16983.92578125,-0.0,1,4,0,0,2,0,0,0,0,0,0,0,1,2,0,0,0,0,332.7499084472656,3
1786297034.0085144,641.8164672851562,13038,0,82966,69540,22289,0,25087,0,0,0,0,0,3871.70703125,16986.046875,-0.0,1,4,0,0,2,0,0,0,0,0,0,0,1,2,0,0,0,0,332.7499084472656,3
1786297034.0570707,641.8648071289062,13039,0,82966,69590,22289,0,25087,0,0,0,0,0,3873.767578125,16988.107421875,-0.0,1,4,0,0,2,0,0,0,0,0,0,0,1,2,0,0,0,0,332.7499084472656,3
1786297034.123486,641.927490234375,13040,0,82966,69657,22289,0,25087,0,0,0,0,0,3876.427734375,16990.767578125,-0.0,1,4,0,0,2,0,0,0,0,0,0,0,1,2,0,0,0,0,332.7499084472656,3
1786297034.167527,641.9622802734375,13041,0,82966,69690,22289,0,25087,0,0,0,0,0,3877.734375,16992.07421875,-0.0,1,4,0,0,2,0,0,0,0,0,0,0,1,2,0,0,0,0,332.7499084472656,3
1786297034.2098744,642.0008544921875,13042,0,82966,69724,22289,0,25087,0,0,0,0,0,3879.037109375,16993.376953125,-0.0,1,4,0,0,2,0,0,0,0,0,0,0,1,2,0,0,0,0,332.7499084472656,3
1786297034.2562125,642.04345703125,13043,0,82966,69757,22289,0,25087,0,0,0,0,0,3880.44140625,16994.78125,-0.0,1,4,0,0,2,0,0,0,0,0,0,0,1,2,0,0,0,0,332.7499084472656,3
1786297034.3028576,642.08837890625,13044,0,82966,69799,22289,0,25087,0,0,0,0,0,3882.1953125,16996.53515625,-0.0,1,4,0,0,2,0,0,0,0,0,0,0,1,2,0,0,0,0,332.7499084472656,3
1786297034.3627915,642.1553344726562,13045,0,82966,69866,22289,0,25087,0,0,0,0,0,3884.794921875,16999.134765625,-0.0,1,4,0,0,2,0,0,0,0,0,0,0,1,2,0,0,0,0,332.7499084472656,3
1786297034.40399,642.2139282226562,13046,0,82966,69929,22289,0,25087,0,0,0,0,0,3887.044921875,17001.384765625,-0.0,1,4,0,0,2,0,0,0,0,0,0,0,1,2,0,0,0,0,332.7499084472656,3
1786297034.4609182,642.2757568359375,13047,0,82966,69997,22289,0,25087,0,0,0,0,0,3889.578125,17003.91796875,-0.0,1,4,0,0,2,0,0,0,0,0,0,0,1,2,0,0,0,0,332.7499084472656,3
1786297034.5049183,642.3190307617188,13048,0,82966,70047,22289,0,25087,0,0,0,0,0,3891.44140625,17005.78125,-0.0,1,4,0,0,2,0,0,0,0,0,0,0,1,2,0,0,0,0,332.7499084472656,3
1786297034.5691369,642.3781127929688,13049,0,82966,70097,22289,0,25087,0,0,0,0,0,3893.283203125,17007.623046875,-0.0,1,4,0,0,2,0,0,0,0,0,0,0,1,2,0,0,0,0,332.7499084472656,3
1786297034.6026378,642.4089965820312,13050,0,82966,70130,22289,0,25087,0,0,0,0,0,3894.50390625,17008.84375,-0.0,1,4,0,0,2,0,0,0,0,0,0,0,1,2,0,0,0,0,332.7499084472656,3
1786297034.6630933,642.4735107421875,13051,0,82966,70197,22289,0,25087,0,0,0,0,0,3896.935546875,17011.275390625,-0.0,1,4,0,0,2,0,0,0,0,0,0,0,1,2,0,0,0,0,332.7499084472656,3
1786297034.7094753,642.5208740234375,13052,0,82966,70247,22289,0,25087,0,0,0,0,0,3898.74609375,17013.0859375,-0.0,1,4,0,0,2,0,0,0,0,0,0,0,1,2,0,0,0,0,332.7499084472656,3
1786297034.757514,642.5673828125,13053,0,82966,70297,22289,0,25087,0,0,0,0,0,3900.54296875,17014.8828125,-0.0,1,4,0,0,2,0,0,0,0,0,0,0,1,2,0,0,0,0,332.7499084472656,3
1786297034.8147266,642.6283569335938,13054,0,82966,70347,22289,0,25087,0,0,0,0,0,3902.328125,17016.66796875,-0.0,1,4,0,0,2,0,0,0,0,0,0,0,1,2,0,0,0,0,332.7499084472656,3
1786297034.8594484,642.6721801757812,13055,0,82966,70397,22289,0,25087,0,0,0,0,0,3904.111328125,17018.451171875,-0.0,1,4,0,0,2,0,0,0,0,0,0,0,1,2,0,0,0,0,332.7499084472656,3
1786297034.9051526,642.7164306640625,13056,0,82966,70447,22289,0,25087,0,0,0,0,0,3906.03125,17020.37109375,-0.0,1,4,0,0,2,0,0,0,0,0,0,0,1,2,0,0,0,0,332.7499084472656,3
1786297034.9635186,642.7759399414062,13057,0,82966,70497,22289,0,25087,0,0,0,0,0,3908.04296875,17022.3828125,-0.0,1,4,0,0,2,0,0,0,0,0,0,0,1,2,0,0,0,0,332.7499084472656,3
1786297035.0096986,642.8204345703125,13058,0,82966,70547,22289,0,25087,0,0,0,0,0,3910.1015625,17024.44140625,-0.0,1,4,0,0,2,0,0,0,0,0,0,0,1,2,0,0,0,0,332.7499084472656,3
1786297035.057839,642.8662109375,13059,0,82966,70597,22289,0,25087,0,0,0,0,0,3912.21484375,17026.5546875,-0.0,1,4,0,0,2,0,0,0,0,0,0,0,1,2,0,0,0,0,332.7499084472656,3
1786297035.1208563,642.91650390625,13060,0,82966,70647,22289,0,25087,0,0,0,0,0,3914.38671875,17028.7265625,-0.0,1,4,0,0,2,0,0,0,0,0,0,0,1,2,0,0,0,0,332.7499084472656,3
1786297035.168539,642.9556274414062,13061,0,82966,70681,22289,0,25087,0,0,0,0,0,3915.8671875,17030.20703125,-0.0,1,4,0,0,2,0,0,0,0,0,0,0,1,2,0,0,0,0,332.7499084472656,3
1786297035.2175014,642.9994506835938,13062,0,82966,70714,22289,0,25087,0,0,0,0,0,3917.4609375,17031.80078125,-0.0,1,4,0,0,2,0,0,0,0,0,0,0,1,2,0,0,0,0,332.7499084472656,3
1786297035.2653484,643.0465087890625,13063,0,82966,70756,22289,0,25087,0,0,0,0,0,3921.677734375,17036.017578125,-0.0,1,4,0,0,2,0,0,0,0,0,0,0,1,2,0,0,0,0,332.7499084472656,3
1786297035.312188,643.094482421875,13064,0,82966,70804,22289,0,25087,0,0,0,0,0,3926.296875,17040.63671875,-0.0,1,4,0,0,2,0,0,0,0,0,0,0,1,2,0,0,0,0,332.7499084472656,3
1786297035.3615875,643.1600341796875,13065,0,82966,70872,22289,0,25087,0,0,0,0,0,3930.556640625,17044.896484375,-0.0,1,4,0,0,2,1,0,0,0,0,0,0,1,2,0,0,0,0,332.7499084472656,3
1786297035.409093,643.2163696289062,13066,0,82966,70932,22289,0,25087,0,0,0,0,0,3932.583984375,17046.923828125,-0.0,1,4,0,0,2,1,0,0,0,0,0,0,1,2,0,0,0,0,332.7499084472656,3
1786297035.4552794,643.2647094726562,13067,0,82966,70983,22289,0,25087,0,0,0,0,0,3934.376953125,17048.716796875,-0.0,1,4,0,0,2,1,0,0,0,0,0,0,1,2,0,0,0,0,332.7499084472656,3
1786297035.5021377,643.311279296875,13068,0,82966,71033,22289,0,25087,0,0,0,0,0,3936.16796875,17050.5078125,-0.0,1,4,0,0,2,1,0,0,0,0,0,0,1,2,0,0,0,0,332.7499084472656,3
1786297035.5575364,643.3599243164062,13069,0,82966,71083,22289,0,25087,0,0,0,0,0,3937.947265625,17052.287109375,-0.0,1,4,0,0,2,1,0,0,0,0,0,0,1,2,0,0,0,0,332.7499084472656,3
1786297035.6066062,643.4111328125,13070,0,82966,71133,22289,0,25087,0,0,0,0,0,3939.705078125,17054.044921875,-0.0,1,4,0,0,2,1,0,0,0,0,0,0,1,2,0,0,0,0,332.7499084472656,3
1786297035.6616023,643.4754638671875,13071,0,82966,71199,22289,0,25087,0,0,0,0,0,3942.224609375,17056.564453125,-0.0,1,4,0,0,2,1,0,0,0,0,0,0,1,2,0,0,0,0,332.7499084472656,3
1786297035.7096078,643.520263671875,13072,0,82966,71249,22289,0,25087,0,0,0,0,0,3944.4296875,17058.76953125,-0.0,1,4,0,0,2,1,0,0,0,0,0,0,1,2,0,0,0,0,332.7499084472656,3
1786297035.7674136,643.5799560546875,13073,0,82966,71299,22289,0,25087,0,0,0,0,0,3946.861328125,17061.201171875,-0.0,1,4,0,0,2,1,0,0,0,0,0,0,1,2,0,0,0,0,332.7499084472656,3
1786297035.8121533,643.6243286132812,13074,0,82966,71349,22289,0,25087,0,0,0,0,0,3949.58203125,17063.921875,-0.0,1,4,0,0,2,1,0,0,0,0,0,0,1,2,0,0,0,0,332.7499084472656,3
1786297035.8596644,643.6697387695312,13075,0,82966,71399,22289,0,25087,0,0,0,0,0,3952.6796875,17067.01953125,-0.0,1,4,0,0,2,1,0,0,0,0,0,0,1,2,0,0,0,0,332.7499084472656,3
1786297035.9147928,643.7291259765625,13076,0,82966,71449,22289,0,25087,0,0,0,0,0,3955.83984375,17070.1796875,-0.0,1,4,0,0,2,1,0,0,0,0,0,0,1,2,0,0,0,0,332.7499084472656,3
1786297035.959788,643.772216796875,13077,0,82966,71499,22289,0,25087,0,0,0,0,0,3958.865234375,17073.205078125,-0.0,1,4,0,0,2,1,0,0,0,0,0,0,1,2,0,0,0,0,332.7499084472656,3
1786297036.0068955,643.8164672851562,13078,0,82966,71549,22289,0,25087,0,0,0,0,0,3961.8046875,17076.14453125,-0.0,1,4,0,0,2,1,0,0,0,0,0,0,1,2,0,0,0,0,332.7499084472656,3
1786297036.059745,643.8624267578125,13079,0,82966,71583,22289,0,25087,0,0,0,0,0,3963.70703125,17078.046875,-0.0,1,4,0,0,2,1,0,0,0,0,0,0,1,2,0,0,0,0,332.7499084472656,3
1786297036.1034114,643.8972778320312,13080,0,82966,71616,22289,0,25087,0,0,0,0,0,3965.15234375,17079.4921875,-0.0,1,4,0,0,2,1,0,0,0,0,0,0,1,2,0,0,0,0,332.7499084472656,3
1786297036.169199,643.956787109375,13081,0,82966,71669,22289,0,25087,0,0,0,0,0,3967.6171875,17081.95703125,-0.0,1,4,0,0,2,1,0,0,0,0,0,0,1,2,0,0,0,0,332.7499084472656,3
1786297036.2165797,644.0015258789062,13082,0,82966,71712,22289,0,25087,0,0,0,0,0,3969.54296875,17083.8828125,-0.0,1,4,0,0,2,1,0,0,0,0,0,0,1,2,0,0,0,0,332.7499084472656,3
1786297036.2636487,644.0474243164062,13083,0,82966,71758,22289,0,25087,0,0,0,0,0,3971.509765625,17085.849609375,-0.0,1,4,0,0,2,1,0,0,0,0,0,0,1,2,0,0,0,0,332.7499084472656,3
1786297036.3156276,644.113525390625,13084,0,82966,71825,22289,0,25087,0,0,0,0,0,3974.3359375,17088.67578125,-0.0,1,4,0,0,2,1,0,0,0,0,0,0,1,2,0,0,0,0,332.7499084472656,3
1786297036.3618994,644.1708374023438,13085,0,82966,71886,22289,0,25087,0,0,0,0,0,3976.78125,17091.12109375,-0.0,1,4,0,0,2,1,0,0,0,0,0,0,1,2,0,0,0,0,332.7499084472656,3
1786297036.4063954,644.2184448242188,13086,0,82966,71937,22289,0,25087,0,0,0,0,0,3978.919921875,17093.259765625,-0.0,1,4,0,0,2,1,0,0,0,0,0,0,1,2,0,0,0,0,332.7499084472656,3
1786297036.4646132,644.2769775390625,13087,0,82966,72004,22289,0,25087,0,0,0,0,0,3981.783203125,17096.123046875,-0.0,1,4,0,0,2,1,0,0,0,0,0,0,1,2,0,0,0,0,332.7499084472656,3
1786297036.5114708,644.321533203125,13088,0,82966,72054,22289,0,25087,0,0,0,0,0,3983.94140625,17098.28125,-0.0,1,4,0,0,2,1,0,0,0,0,0,0,1,2,0,0,0,0,332.7499084472656,3
1786297036.5612285,644.368408203125,13089,0,82966,72087,22289,0,25087,0,0,0,0,0,3985.38671875,17099.7265625,-0.0,1,4,0,0,2,1,0,0,0,0,0,0,1,2,0,0,0,0,332.7499084472656,3
1786297036.60226,644.4151000976562,13090,0,82966,72137,22289,0,25087,0,0,0,0,0,3987.5546875,17101.89453125,-0.0,1,4,0,0,2,1,0,0,0,0,0,0,1,2,0,0,0,0,332.7499084472656,3
1786297036.6656911,644.4754028320312,13091,0,82966,72204,22289,0,25087,0,0,0,0,0,3990.458984375,17104.798828125,-0.0,1,4,0,0,2,1,0,0,0,0,0,0,1,2,0,0,0,0,332.7499084472656,3
1786297036.709537,644.52099609375,13092,0,82966,72254,22289,0,25087,0,0,0,0,0,3992.638671875,17106.978515625,-0.0,1,4,0,0,2,1,0,0,0,0,0,0,1,2,0,0,0,0,332.7499084472656,3
1786297036.756137,644.56689453125,13093,0,82966,72287,22289,0,25087,0,0,0,0,0,3994.08984375,17108.4296875,-0.0,1,4,0,0,2,1,0,0,0,0,0,0,1,2,0,0,0,0,332.7499084472656,3
1786297036.8131356,644.6266479492188,13094,0,82966,72354,22289,0,25087,0,0,0,0,0,3996.9765625,17111.31640625,-0.0,1,4,0,0,2,1,0,0,0,0,0,0,1,2,0,0,0,0,332.7499084472656,3
1786297036.857816,644.6699829101562,13095,0,82966,72404,22289,0,25087,0,0,0,0,0,3998.41015625,17112.75,-0.0,1,4,0,0,2,1,0,0,0,0,0,0,1,2,0,0,0,0,332.7499084472656,3
1786297039.2920296,644.7005615234375,13096,0,82966,72421,22289,0,25087,0,0,0,0,0,3999.83984375,17114.1796875,-0.0,1,4,0,0,2,1,0,0,0,0,0,0,1,2,0,0,0,0,332.7499084472656,3
1786297039.3547657,644.7637939453125,13097,0,82966,72488,22289,0,25087,0,0,0,0,0,4002.6875,17117.02734375,-0.0,1,4,0,0,2,1,0,0,0,0,0,0,1,2,0,0,0,0,332.7499084472656,3
1786297039.4009798,644.810302734375,13098,0,82966,72538,22289,0,25087,0,0,0,0,0,4004.833984375,17119.173828125,-0.0,1,4,0,0,2,1,0,0,0,0,0,0,1,2,0,0,0,0,332.7499084472656,3
1786297039.4494326,644.8568725585938,13099,0,82966,72588,22289,0,25087,0,0,0,0,0,4007.01171875,17121.3515625,-0.0,1,4,0,0,2,1,0,0,0,0,0,0,1,2,0,0,0,0,332.7499084472656,3
1786297039.5062337,644.91796875,13100,0,82966,72638,22289,0,25087,0,0,0,0,0,4009.216796875,17123.556640625,-0.0,1,4,0,0,2,1,0,0,0,0,0,0,1,2,0,0,0,0,332.7499084472656,3
1786297039.5527484,644.9632568359375,13101,0,82966,72688,22289,0,25087,0,0,0,0,0,4011.44921875,17125.7890625,-0.0,1,4,0,0,2,1,0,0,0,0,0,0,1,2,0,0,0,0,332.7499084472656,3
1786297039.600766,645.0088500976562,13102,0,82966,72738,22289,0,25087,0,0,0,0,0,4013.7109375,17128.05078125,-0.0,1,4,0,0,2,1,0,0,0,0,0,0,1,2,0,0,0,0,332.7499084472656,3
1786297039.6641026,645.0595703125,13103,0,82966,72788,22289,0,25087,0,0,0,0,0,4016.0,17130.33984375,-0.0,1,4,0,0,2,1,0,0,0,0,0,0,1,2,0,0,0,0,332.7499084472656,3
1786297039.709392,645.0982055664062,13104,0,82966,72821,22289,0,25087,0,0,0,0,0,4017.5390625,17131.87890625,-0.0,1,4,0,0,2,1,0,0,0,0,0,0,1,2,0,0,0,0,332.7499084472656,3
1786297039.7542765,645.1412963867188,13105,0,82966,72854,22289,0,25087,0,0,0,0,0,4019.263671875,17133.603515625,-0.0,1,4,0,0,2,1,0,0,0,0,0,0,1,2,0,0,0,0,332.7499084472656,3
1786297039.8031962,645.1869506835938,13106,0,82966,72898,22289,0,25087,0,0,0,0,0,4021.412109375,17135.751953125,-0.0,1,4,0,0,2,1,0,0,0,0,0,0,1,2,0,0,0,0,332.7499084472656,3
1786297039.851149,645.233154296875,13107,0,82966,72943,22289,0,25087,0,0,0,0,0,4023.611328125,17137.951171875,-0.0,1,4,0,0,2,1,0,0,0,0,0,0,1,2,0,0,0,0,332.7499084472656,3
1786297039.8938165,645.297119140625,13108,0,82966,73011,22289,0,25087,0,0,0,0,0,4026.697265625,17141.037109375,-0.0,1,4,0,0,2,1,0,0,0,0,0,0,1,2,0,0,0,0,332.7499084472656,3
1786297039.9545813,645.3651733398438,13109,0,82966,73084,22289,0,25087,0,0,0,0,0,4030.1171875,17144.45703125,-0.0,1,4,0,0,2,1,0,0,0,0,0,0,1,2,0,0,0,0,332.7499084472656,3
1786297039.9991324,645.4100952148438,13110,0,82966,73134,22289,0,25087,0,0,0,0,0,4032.583984375,17146.923828125,-0.0,1,4,0,0,2,1,0,0,0,0,0,0,1,2,0,0,0,0,332.7499084472656,3
1786297040.0527458,645.45703125,13111,0,82966,73184,22289,0,25087,0,0,0,0,0,4035.05859375,17149.3984375,-0.0,1,4,0,0,2,1,0,0,0,0,0,0,1,2,0,0,0,0,332.7499084472656,3
1786297040.108978,645.5077514648438,13112,0,82966,73234,22289,0,25087,0,0,0,0,0,4037.55078125,17151.890625,-0.0,1,4,0,0,2,1,0,0,0,0,0,0,1,2,0,0,0,0,332.7499084472656,3
1786297040.156958,645.561279296875,13113,0,82966,73284,22289,0,25087,0,0,0,0,0,4040.056640625,17154.396484375,-0.0,1,4,0,0,2,1,0,0,0,0,0,0,1,2,0,0,0,0,332.7499084472656,3
1786297040.1998127,645.6109619140625,13114,0,82966,73334,22289,0,25087,0,0,0,0,0,4042.583984375,17156.923828125,-0.0,1,4,0,0,2,1,0,0,0,0,0,0,1,2,0,0,0,0,332.7499084472656,3
1786297040.2451565,645.6571655273438,13115,0,82966,73384,22289,0,25087,0,0,0,0,0,4045.12890625,17159.46875,-0.0,1,4,0,0,2,1,0,0,0,0,0,0,1,2,0,0,0,0,332.7499084472656,3
1786297040.293484,645.7025756835938,13116,0,82966,73434,22289,0,25087,0,0,0,0,0,4047.69921875,17162.0390625,-0.0,1,4,0,0,2,1,0,0,0,0,0,0,1,2,0,0,0,0,332.7499084472656,3
1786297040.3524814,645.7633666992188,13117,0,82966,73484,22289,0,25087,0,0,0,0,0,4050.296875,17164.63671875,-0.0,1,4,0,0,2,1,0,0,0,0,0,0,1,2,0,0,0,0,332.7499084472656,3
1786297040.3980567,645.8090209960938,13118,0,82966,73534,22289,0,25087,0,0,0,0,0,4052.91796875,17167.2578125,-0.0,1,4,0,0,2,1,0,0,0,0,0,0,1,2,0,0,0,0,332.7499084472656,3
1786297040.4472485,645.855712890625,13119,0,82966,73584,22289,0,25087,0,0,0,0,0,4055.56640625,17169.90625,-0.0,1,4,0,0,2,1,0,0,0,0,0,0,1,2,0,0,0,0,332.7499084472656,3
1786297040.4942079,645.90283203125,13120,0,82966,73634,22289,0,25087,0,0,0,0,0,4058.23828125,17172.578125,-0.0,1,4,0,0,2,1,0,0,0,0,0,0,1,2,0,0,0,0,332.7499084472656,3
1786297040.5443556,645.951171875,13121,0,82966,73684,22289,0,25087,0,0,0,0,0,4060.935546875,17175.275390625,-0.0,1,4,0,0,2,1,0,0,0,0,0,0,1,2,0,0,0,0,332.7499084472656,3
1786297040.6031349,646.0017700195312,13122,0,82966,73734,22289,0,25087,0,0,0,0,0,4063.662109375,17178.001953125,-0.0,1,4,0,0,2,1,0,0,0,0,0,0,1,2,0,0,0,0,332.7499084472656,3
1786297040.6552005,646.0405883789062,13123,0,82966,73767,22289,0,25087,0,0,0,0,0,4065.49609375,17179.8359375,-0.0,1,4,0,0,2,1,0,0,0,0,0,0,1,2,0,0,0,0,332.7499084472656,3
1786297040.702977,646.0839233398438,13124,0,82966,73800,22289,0,25087,0,0,0,0,0,4067.357421875,17181.697265625,-0.0,1,4,0,0,2,1,0,0,0,0,0,0,1,2,0,0,0,0,332.7499084472656,3
1786297040.745168,646.1300048828125,13125,0,82966,73840,22289,0,25087,0,0,0,0,0,4069.921875,17184.26171875,-0.0,1,4,0,0,2,1,0,0,0,0,0,0,1,2,0,0,0,0,332.7499084472656,3
1786297040.8152122,646.1995849609375,13126,0,82966,73911,22289,0,25087,0,0,0,0,0,4073.83203125,17188.171875,-0.0,1,4,0,0,2,1,0,0,0,0,0,0,1,2,0,0,0,0,332.7499084472656,3
1786297040.8519027,646.2435913085938,13127,0,82966,73956,22289,0,25087,0,0,0,0,0,4076.326171875,17190.666015625,-0.0,1,4,0,0,2,1,0,0,0,0,0,0,1,2,0,0,0,0,332.7499084472656,3
1786297040.9001293,646.3040161132812,13128,0,82966,74018,22289,0,25087,0,0,0,0,0,4079.77734375,17194.1171875,-0.0,1,4,0,0,2,1,0,0,0,0,0,0,1,2,0,0,0,0,332.7499084472656,3
1786297040.94475,646.3551025390625,13129,0,82966,74073,22289,0,25087,0,0,0,0,0,4082.763671875,17197.103515625,-0.0,1,4,0,0,2,1,0,0,0,0,0,0,1,2,0,0,0,0,332.7499084472656,3
1786297041.0082576,646.4159545898438,13130,0,82966,74139,22289,0,25087,0,0,0,0,0,4086.64453125,17200.984375,-0.0,1,4,0,0,2,1,0,0,0,0,0,0,1,2,0,0,0,0,332.7499084472656,3
1786297041.055048,646.4631958007812,13131,0,82966,74189,22289,0,25087,0,0,0,0,0,4089.58203125,17203.921875,-0.0,1,4,0,0,2,1,0,0,0,0,0,0,1,2,0,0,0,0,332.7499084472656,3
1786297041.1021466,646.511474609375,13132,0,82966,74239,22289,0,25087,0,0,0,0,0,4092.541015625,17206.880859375,-0.0,1,4,0,0,2,1,0,0,0,0,0,0,1,2,0,0,0,0,332.7499084472656,3
1786297041.1441748,646.5573120117188,13133,0,82966,74289,22289,0,25087,0,0,0,0,0,4095.521484375,17209.861328125,-0.0,1,4,0,0,2,1,0,0,0,0,0,0,1,2,0,0,0,0,332.7499084472656,3
1786297041.193002,646.60302734375,13134,0,82966,74323,22289,0,25087,0,0,0,0,0,4097.521484375,17211.861328125,-0.0,1,4,0,0,2,1,0,0,0,0,0,0,1,2,0,0,0,0,332.7499084472656,3
1786297041.252748,646.6632690429688,13135,0,82966,74389,22289,0,25087,0,0,0,0,0,4101.541015625,17215.880859375,-0.0,1,4,0,0,2,1,0,0,0,0,0,0,1,2,0,0,0,0,332.7499084472656,3
1786297041.3033426,646.7088623046875,13136,0,82966,74439,22289,0,25087,0,0,0,0,0,4104.572265625,17218.912109375,-0.0,1,4,0,0,2,1,0,0,0,0,0,0,1,2,0,0,0,0,332.7499084472656,3
1786297041.3430128,646.7554321289062,13137,0,82966,74489,22289,0,25087,0,0,0,0,0,4106.6015625,17220.94140625,-0.0,1,4,0,0,2,1,0,0,0,0,0,0,1,2,0,0,0,0,332.7499084472656,3
1786297041.4073763,646.8167114257812,13138,0,82966,74539,22289,0,25087,0,0,0,0,0,4110.677734375,17225.017578125,-0.0,1,4,0,0,2,1,0,0,0,0,0,0,1,2,0,0,0,0,332.7499084472656,3
1786297041.454323,646.86328125,13139,0,82966,74589,22289,0,25087,0,0,0,0,0,4113.75390625,17228.09375,-0.0,1,4,0,0,2,1,0,0,0,0,0,0,1,2,0,0,0,0,332.7499084472656,3
1786297041.5066383,646.9110107421875,13140,0,82966,74639,22289,0,25087,0,0,0,0,0,4116.845703125,17231.185546875,-0.0,1,4,0,0,2,1,0,0,0,0,0,0,1,2,0,0,0,0,332.7499084472656,3
1786297041.547737,646.9458618164062,13141,0,82966,74673,22289,0,25087,0,0,0,0,0,4118.91796875,17233.2578125,-0.0,1,4,0,0,2,1,0,0,0,0,0,0,1,2,0,0,0,0,332.7499084472656,3
1786297041.5973773,646.9849243164062,13143,0,82966,74706,22289,0,25087,0,0,0,0,0,4120.99609375,17235.3359375,-0.0,1,4,0,0,2,1,0,0,0,0,0,0,1,2,0,0,0,0,332.7499084472656,3
1786297041.6583104,647.0487060546875,13144,0,82966,74761,22289,0,25087,0,0,0,0,0,4124.73828125,17239.078125,-0.0,1,4,0,0,2,1,0,0,0,0,0,0,1,2,0,0,0,0,332.7499084472656,3
1786297041.7057095,647.0929565429688,13145,0,82966,74805,22289,0,25087,0,0,0,0,0,4127.5390625,17241.87890625,-0.0,1,4,0,0,2,1,0,0,0,0,0,0,1,2,0,0,0,0,332.7499084472656,3
1786297041.746467,647.1365356445312,13146,0,82966,74849,22289,0,25087,0,0,0,0,0,4130.310546875,17244.650390625,-0.0,1,4,0,0,2,1,0,0,0,0,0,0,1,2,0,0,0,0,332.7499084472656,3
1786297041.7950191,647.1973266601562,13147,0,82966,74911,22289,0,25087,0,0,0,0,0,4134.19921875,17248.5390625,-0.0,1,4,0,0,2,1,0,0,0,0,0,0,1,2,0,0,0,0,332.7499084472656,3
1786297041.861458,647.2670288085938,13148,0,82966,74984,22289,0,25087,0,0,0,0,0,4138.705078125,17253.044921875,-0.0,1,4,0,0,2,1,0,0,0,0,0,0,1,2,0,0,0,0,332.7499084472656,3
1786297041.9068644,647.3157348632812,13149,0,82966,75034,22289,0,25087,0,0,0,0,0,4141.947265625,17256.287109375,-0.0,1,4,0,0,2,1,0,0,0,0,0,0,1,2,0,0,0,0,332.7499084472656,3
1786297041.9578807,647.3637084960938,13150,0,82966,75084,22289,0,25087,0,0,0,0,0,4145.20703125,17259.546875,-0.0,1,4,0,0,2,1,0,0,0,0,0,0,1,2,0,0,0,0,332.7499084472656,3
1786297042.0059612,647.4122314453125,13151,0,82966,75134,22289,0,25087,0,0,0,0,0,4148.48046875,17262.8203125,-0.0,1,4,0,0,2,1,0,0,0,0,0,0,1,2,0,0,0,0,332.7499084472656,3
1786297042.0498383,647.4605102539062,13152,0,82966,75184,22289,0,25087,0,0,0,0,0,4151.76953125,17266.109375,-0.0,1,4,0,0,2,1,0,0,0,0,0,0,1,2,0,0,0,0,332.7499084472656,3
1786297042.0937507,647.5059204101562,13153,0,82966,75234,22289,0,25087,0,0,0,0,0,4155.07421875,17269.4140625,-0.0,1,4,0,0,2,1,0,0,0,0,0,0,1,2,0,0,0,0,332.7499084472656,3
1786297042.1411185,647.551513671875,13154,0,82966,75284,22289,0,25087,0,0,0,0,0,4158.392578125,17272.732421875,-0.0,1,4,0,0,2,1,0,0,0,0,0,0,1,2,0,0,0,0,332.7499084472656,3
1786297042.208729,647.6150512695312,13155,0,82966,75334,22289,0,25087,0,0,0,0,0,4161.7265625,17276.06640625,-0.0,1,4,0,0,2,1,0,0,0,0,0,0,1,2,0,0,0,0,332.7499084472656,3
1786297042.2543647,647.6633911132812,13156,0,82966,75384,22289,0,25087,0,0,0,0,0,4165.07421875,17279.4140625,-0.0,1,4,0,0,2,1,0,0,0,0,0,0,1,2,0,0,0,0,332.7499084472656,3
1786297042.2997994,647.710205078125,13157,0,82966,75434,22289,0,25087,0,0,0,0,0,4168.43359375,17282.7734375,-0.0,1,4,0,0,2,1,0,0,0,0,0,0,1,2,0,0,0,0,332.7499084472656,3
1786297042.3445468,647.755126953125,13158,0,82966,75484,22289,0,25087,0,0,0,0,0,4171.80859375,17286.1484375,-0.0,1,4,0,0,2,1,0,0,0,0,0,0,1,2,0,0,0,0,332.7499084472656,3
1786297042.4038231,647.8153076171875,13159,0,82966,75534,22289,0,25087,0,0,0,0,0,4175.197265625,17289.537109375,-0.0,1,4,0,0,2,1,0,0,0,0,0,0,1,2,0,0,0,0,332.7499084472656,3
1786297042.4496827,647.8604736328125,13160,0,82966,75584,22289,0,25087,0,0,0,0,0,4178.59765625,17292.9375,-0.0,1,4,0,0,2,1,0,0,0,0,0,0,1,2,0,0,0,0,332.7499084472656,3
1786297042.4951134,647.89306640625,13161,0,82966,75618,22289,0,25087,0,0,0,0,0,4180.873046875,17295.212890625,-0.0,1,4,0,0,2,1,0,0,0,0,0,0,1,2,0,0,0,0,332.7499084472656,3
1786297042.5593927,647.9495239257812,13162,0,82966,75668,22289,0,25087,0,0,0,0,0,4184.296875,17298.63671875,-0.0,1,4,0,0,2,1,0,0,0,0,0,0,1,2,0,0,0,0,332.7499084472656,3
1786297042.602226,647.991455078125,13163,0,82966,75704,22289,0,25087,0,0,0,0,0,4187.10546875,17301.4453125,-0.0,1,4,0,0,2,1,0,0,0,0,0,0,1,2,0,0,0,0,332.7499084472656,3
1786297042.642125,648.0344848632812,13164,0,82966,75747,22289,0,25087,0,0,0,0,0,4190.06640625,17304.40625,-0.0,1,4,0,0,2,1,0,0,0,0,0,0,1,2,0,0,0,0,332.7499084472656,3
1786297042.7040946,648.0985717773438,13165,0,82966,75812,22289,0,25087,0,0,0,0,0,4194.4921875,17308.83203125,-0.0,1,4,0,0,2,1,0,0,0,0,0,0,1,2,0,0,0,0,332.7499084472656,3
1786297042.7475562,648.1553344726562,13166,0,82966,75871,22289,0,25087,0,0,0,0,0,4198.4296875,17312.76953125,-0.0,1,4,0,0,2,1,0,0,0,0,0,0,1,2,0,0,0,0,332.7499084472656,3
1786297042.7937386,648.2039184570312,13167,0,82966,75923,22289,0,25087,0,0,0,0,0,4201.947265625,17316.287109375,-0.0,1,4,0,0,2,1,0,0,0,0,0,0,1,2,0,0,0,0,332.7499084472656,3
1786297042.8556957,648.2644653320312,13168,0,82966,75990,22289,0,25087,0,0,0,0,0,4206.60546875,17320.9453125,-0.0,1,4,0,0,2,1,0,0,0,0,0,0,1,2,0,0,0,0,332.7499084472656,3
1786297042.8977418,648.3095092773438,13169,0,82966,76040,22289,0,25087,0,0,0,0,0,4210.111328125,17324.451171875,-0.0,1,4,0,0,2,1,0,0,0,0,0,0,1,2,0,0,0,0,332.7499084472656,3
1786297042.9492695,648.3558959960938,13170,0,82966,76090,22289,0,25087,0,0,0,0,0,4213.62890625,17327.96875,-0.0,1,4,0,0,2,1,0,0,0,0,0,0,1,2,0,0,0,0,332.7499084472656,3
1786297042.997889,648.4044799804688,13171,0,82966,76123,22289,0,25087,0,0,0,0,0,4215.98046875,17330.3203125,-0.0,1,4,0,0,2,1,0,0,0,0,0,0,1,2,0,0,0,0,332.7499084472656,3
1786297043.0554347,648.4677124023438,13172,0,82966,76190,22289,0,25087,0,0,0,0,0,4220.697265625,17335.037109375,-0.0,1,4,0,0,2,1,0,0,0,0,0,0,1,2,0,0,0,0,332.7499084472656,3
1786297043.0999527,648.5120239257812,13173,0,82966,76240,22289,0,25087,0,0,0,0,0,4224.248046875,17338.587890625,-0.0,1,4,0,0,2,1,0,0,0,0,0,0,1,2,0,0,0,0,332.7499084472656,3
1786297043.1447237,648.556396484375,13174,0,82966,76290,22289,0,25087,0,0,0,0,0,4227.80859375,17342.1484375,-0.0,1,4,0,0,2,1,0,0,0,0,0,0,1,2,0,0,0,0,332.7499084472656,3
1786297043.1945426,648.6026611328125,13175,0,82966,76323,22289,0,25087,0,0,0,0,0,4230.189453125,17344.529296875,-0.0,1,4,0,0,2,1,0,0,0,0,0,0,1,2,0,0,0,0,332.7499084472656,3
1786297043.2454891,648.6516723632812,13176,0,82966,76373,22289,0,25087,0,0,0,0,0,4233.7734375,17348.11328125,-0.0,1,4,0,0,2,1,0,0,0,0,0,0,1,2,0,0,0,0,332.7499084472656,3
1786297043.3083153,648.716796875,13177,0,82966,76440,22289,0,25087,0,0,0,0,0,4238.57421875,17352.9140625,-0.0,1,4,0,0,2,1,0,0,0,0,0,0,1,2,0,0,0,0,332.7499084472656,3
1786297043.3543987,648.7630004882812,13178,0,82966,76490,22289,0,25087,0,0,0,0,0,4242.185546875,17356.525390625,-0.0,1,4,0,0,2,1,0,0,0,0,0,0,1,2,0,0,0,0,332.7499084472656,3
1786297043.3972666,648.8082275390625,13179,0,82966,76540,22289,0,25087,0,0,0,0,0,4245.806640625,17360.146484375,-0.0,1,4,0,0,2,1,0,0,0,0,0,0,1,2,0,0,0,0,332.7499084472656,3
1786297043.4512892,648.8545532226562,13180,0,82966,76573,22289,0,25087,0,0,0,0,0,4248.2265625,17362.56640625,-0.0,1,4,0,0,2,1,0,0,0,0,0,0,1,2,0,0,0,0,332.7499084472656,3
1786297043.4949014,648.8890991210938,13181,0,82966,76607,22289,0,25087,0,0,0,0,0,4250.65234375,17364.9921875,-0.0,1,4,0,0,2,1,0,0,0,0,0,0,1,2,0,0,0,0,332.7499084472656,3
1786297043.5575716,648.948486328125,13182,0,82966,76662,22289,0,25087,0,0,0,0,0,4254.9765625,17369.31640625,-0.0,1,4,0,0,2,1,0,0,0,0,0,0,1,2,0,0,0,0,332.7499084472656,3
1786297043.6054876,648.991943359375,13183,0,82966,76704,22289,0,25087,0,0,0,0,0,4258.154296875,17372.494140625,-0.0,1,4,0,0,2,1,0,0,0,0,0,0,1,2,0,0,0,0,332.7499084472656,3
1786297043.6539128,649.0369262695312,13184,0,82966,76748,22289,0,25087,0,0,0,0,0,4261.447265625,17375.787109375,-0.0,1,4,0,0,2,1,0,0,0,0,0,0,1,2,0,0,0,0,332.7499084472656,3
1786297043.693953,649.0822143554688,13185,0,82966,76794,22289,0,25087,0,0,0,0,0,4264.7734375,17379.11328125,-0.0,1,4,0,0,2,1,0,0,0,0,0,0,1,2,0,0,0,0,332.7499084472656,3
1786297043.7447214,649.1454467773438,13186,0,82966,76859,22289,0,25087,0,0,0,0,0,4269.43359375,17383.7734375,-0.0,1,4,0,0,2,1,0,0,0,0,0,0,1,2,0,0,0,0,332.7499084472656,3
1786297043.7964928,649.2003173828125,13187,0,82966,76917,22289,0,25087,0,0,0,0,0,4273.490234375,17387.830078125,-0.0,1,4,0,0,2,1,0,0,0,0,0,0,1,2,0,0,0,0,332.7499084472656,3
1786297043.8477836,649.2517700195312,13188,0,82966,76969,22289,0,25087,0,0,0,0,0,4277.302734375,17391.642578125,-0.0,1,4,0,0,2,1,0,0,0,0,0,0,1,2,0,0,0,0,332.7499084472656,3
1786297043.9035327,649.3049926757812,13189,0,82966,77021,22289,0,25087,0,0,0,0,0,4281.2578125,17395.59765625,-0.0,1,4,0,0,2,1,0,0,0,0,0,0,1,2,0,0,0,0,332.7499084472656,3
1786297043.9493809,649.357421875,13190,0,82966,77074,22289,0,25087,0,0,0,0,0,4285.158203125,17399.498046875,-0.0,1,4,0,0,2,1,0,0,0,0,0,0,1,2,0,0,0,0,332.7499084472656,3
1786297043.9974737,649.4060668945312,13191,0,82966,77125,22289,0,25087,0,0,0,0,0,4288.890625,17403.23046875,-0.0,1,4,0,0,2,1,0,0,0,0,0,0,1,2,0,0,0,0,332.7499084472656,3
1786297044.0471795,649.4534912109375,13192,0,82966,77175,22289,0,25087,0,0,0,0,0,4292.630859375,17406.970703125,-0.0,1,4,0,0,2,1,0,0,0,0,0,0,1,2,0,0,0,0,332.7499084472656,3
1786297044.09601,649.5020751953125,13193,0,82966,77225,22289,0,25087,0,0,0,0,0,4296.380859375,17410.720703125,-0.0,1,4,0,0,2,1,0,0,0,0,0,0,1,2,0,0,0,0,332.7499084472656,3
1786297044.144979,649.5516967773438,13194,0,82966,77275,22289,0,25087,0,0,0,0,0,4300.140625,17414.48046875,-0.0,1,4,0,0,2,1,0,0,0,0,0,0,1,2,0,0,0,0,332.7499084472656,3
1786297044.1937068,649.6010131835938,13195,0,82966,77325,22289,0,25087,0,0,0,0,0,4303.91015625,17418.25,-0.0,1,4,0,0,2,1,0,0,0,0,0,0,1,2,0,0,0,0,332.7499084472656,3
1786297044.255517,649.6656494140625,13196,0,82966,77391,22289,0,25087,0,0,0,0,0,4308.94921875,17423.2890625,-0.0,1,4,0,0,2,1,0,0,0,0,0,0,1,2,0,0,0,0,332.7499084472656,3
1786297044.3039622,649.7127075195312,13197,0,82966,77441,22289,0,25087,0,0,0,0,0,4312.740234375,17427.080078125,-0.0,1,4,0,0,2,1,0,0,0,0,0,0,1,2,0,0,0,0,332.7499084472656,3
1786297044.3496401,649.7586669921875,13198,0,82966,77491,22289,0,25087,0,0,0,0,0,4316.541015625,17430.880859375,-0.0,1,4,0,0,2,1,0,0,0,0,0,0,1,2,0,0,0,0,332.7499084472656,3
1786297044.4048638,649.805908203125,13199,0,82966,77525,22289,0,25087,0,0,0,0,0,4319.080078125,17433.419921875,-0.0,1,4,0,0,2,1,0,0,0,0,0,0,1,2,0,0,0,0,332.7499084472656,3
1786297044.4489675,649.8419189453125,13200,0,82966,77558,22289,0,25087,0,0,0,0,0,4321.71484375,17436.0546875,-0.0,1,4,0,0,2,1,0,0,0,0,0,0,1,2,0,0,0,0,332.7499084472656,3
1786297044.4948509,649.8814697265625,13201,0,82966,77595,22289,0,25087,0,0,0,0,0,4324.73828125,17439.078125,-0.0,1,4,0,0,2,1,0,0,0,0,0,0,1,2,0,0,0,0,332.7499084472656,3
1786297044.5432239,649.9256591796875,13202,0,82966,77637,22289,0,25087,0,0,0,0,0,4328.12109375,17442.4609375,-0.0,1,4,0,0,2,1,0,0,0,0,0,0,1,2,0,0,0,0,332.7499084472656,3
1786297044.6095061,649.9944458007812,13203,0,82966,77706,22289,0,25087,0,0,0,0,0,4333.400390625,17447.740234375,-0.0,1,4,0,0,2,1,0,0,0,0,0,0,1,2,0,0,0,0,332.7499084472656,3
1786297044.6443403,650.0386962890625,13204,0,82966,77751,22289,0,25087,0,0,0,0,0,4336.80859375,17451.1484375,-0.0,1,4,0,0,2,1,0,0,0,0,0,0,1,2,0,0,0,0,332.7499084472656,3
1786297044.7019503,650.1128540039062,13205,0,82966,77830,22289,0,25087,0,0,0,0,0,4342.52734375,17456.8671875,-0.0,1,4,0,0,2,1,0,0,0,0,0,0,1,2,0,0,0,0,332.7499084472656,3
1786297044.7430675,650.1576538085938,13206,0,82966,77880,22289,0,25087,0,0,0,0,0,4346.390625,17460.73046875,-0.0,1,4,0,0,2,1,0,0,0,0,0,0,1,2,0,0,0,0,332.7499084472656,3
1786297044.7958198,650.2022705078125,13207,0,82966,77930,22289,0,25087,0,0,0,0,0,4350.25390625,17464.59375,-0.0,1,4,0,0,2,1,0,0,0,0,0,0,1,2,0,0,0,0,332.7499084472656,3
1786297044.8447096,650.25048828125,13208,0,82966,77980,22289,0,25087,0,0,0,0,0,4354.119140625,17468.458984375,-0.0,1,4,0,0,2,1,0,0,0,0,0,0,1,2,0,0,0,0,332.7499084472656,3
1786297044.8940332,650.3004150390625,13209,0,82966,78030,22289,0,25087,0,0,0,0,0,4357.990234375,17472.330078125,-0.0,1,4,0,0,2,1,0,0,0,0,0,0,1,2,0,0,0,0,332.7499084472656,3
1786297044.953378,650.3635864257812,13210,0,82966,78097,22289,0,25087,0,0,0,0,0,4363.166015625,17477.505859375,-0.0,1,4,0,0,2,1,0,0,0,0,0,0,1,2,0,0,0,0,332.7499084472656,3
1786297044.996026,650.4082641601562,13211,0,82966,78130,22289,0,25087,0,0,0,0,0,4365.7578125,17480.09765625,-0.0,1,4,0,0,2,1,0,0,0,0,0,0,1,2,0,0,0,0,332.7499084472656,3
1786297045.0547392,650.4663696289062,13212,0,82966,78197,22289,0,25087,0,0,0,0,0,4370.95703125,17485.296875,-0.0,1,4,0,0,2,1,0,0,0,0,0,0,1,2,0,0,0,0,332.7499084472656,3
1786297045.098144,650.5099487304688,13213,0,78217,16,0,0,0,0,0,0,0,0,2.1171875,17487.904296875,-0.0,1,5,0,0,0,1,0,0,0,0,0,0,1,2,0,0,0,0,332.7499084472656,3
1786297045.143922,650.5542602539062,13214,0,78217,66,0,0,0,0,0,0,0,0,6.0390625,17491.826171875,-0.0,1,5,0,0,0,1,0,0,0,0,0,0,1,2,0,0,0,0,332.7499084472656,3
1786297045.204373,650.6146850585938,13215,0,78217,133,0,0,0,0,0,0,0,0,11.275390625,17497.0625,-0.0,1,5,0,0,0,1,0,0,0,0,0,0,1,2,0,0,0,0,332.7499084472656,3
1786297045.250987,650.6602783203125,13216,0,78217,166,0,0,0,0,0,0,0,0,13.8984375,17499.685546875,-0.0,1,5,0,0,0,1,0,0,0,0,0,0,1,2,0,0,0,0,332.7499084472656,3
1786297045.2966077,650.7061767578125,13217,0,78217,216,0,0,0,0,0,0,0,0,17.833984375,17503.62109375,-0.0,1,5,0,0,0,1,0,0,0,0,0,0,1,2,0,0,0,0,332.7499084472656,3
1786297045.3450382,650.7529907226562,13218,0,78217,266,0,0,0,0,0,0,0,0,21.767578125,17507.5546875,-0.0,1,5,0,0,0,1,0,0,0,0,0,0,1,2,0,0,0,0,332.7499084472656,3
1786297045.4071488,650.8031616210938,13219,0,78217,316,0,0,0,0,0,0,0,0,25.689453125,17511.4765625,-0.0,1,5,0,0,0,1,0,0,0,0,0,0,1,2,0,0,0,0,332.7499084472656,3
1786297045.4483037,650.8407592773438,13220,0,78217,350,0,0,0,0,0,0,0,0,28.302734375,17514.08984375,-0.0,1,5,0,0,0,1,0,0,0,0,0,0,1,2,0,0,0,0,332.7499084472656,3
1786297045.4942386,650.8821411132812,13221,0,78217,383,0,0,0,0,0,0,0,0,31.125,17516.912109375,-0.0,1,5,0,0,0,1,0,0,0,0,0,0,1,2,0,0,0,0,332.7499084472656,3
1786297045.5579584,650.9472045898438,13222,0,78217,445,0,0,0,0,0,0,0,0,36.232421875,17522.01953125,-0.0,1,5,0,0,0,1,0,0,0,0,0,0,1,2,0,0,0,0,332.7499084472656,3
1786297045.6002736,650.9909057617188,13223,0,78217,489,0,0,0,0,0,0,0,0,39.669921875,17525.45703125,-0.0,1,5,0,0,0,1,0,0,0,0,0,0,1,2,0,0,0,0,332.7499084472656,3
1786297045.6447735,651.0498657226562,13224,0,78217,551,0,0,0,0,0,0,0,0,44.32421875,17530.111328125,-0.0,1,5,0,0,0,1,0,0,0,0,0,0,1,2,0,0,0,0,332.7499084472656,3
1786297045.7042663,651.1151123046875,13225,0,78217,621,0,0,0,0,0,0,0,0,49.720703125,17535.5078125,-0.0,1,5,0,0,0,1,0,0,0,0,0,0,1,2,0,0,0,0,332.7499084472656,3
1786297045.7452211,651.1585693359375,13226,0,78217,671,0,0,0,0,0,0,0,0,53.708984375,17539.49609375,-0.0,1,5,0,0,0,1,0,0,0,0,0,0,1,2,0,0,0,0,332.7499084472656,3
1786297045.801044,651.203369140625,13227,0,78217,721,0,0,0,0,0,0,0,0,57.71484375,17543.501953125,-0.0,1,5,0,0,0,1,0,0,0,0,0,0,1,2,0,0,0,0,332.7499084472656,3
1786297045.8517447,651.2528686523438,13228,0,78217,771,0,0,0,0,0,0,0,0,61.740234375,17547.52734375,-0.0,1,5,0,0,0,1,0,0,0,0,0,0,1,2,0,0,0,0,332.7499084472656,3
1786297045.9022055,651.3053588867188,13229,0,78217,821,0,0,0,0,0,0,0,0,65.77734375,17551.564453125,-0.0,1,5,0,0,0,1,0,0,0,0,0,0,1,2,0,0,0,0,332.7499084472656,3
1786297045.9446397,651.355224609375,13230,0,78217,871,0,0,0,0,0,0,0,0,69.822265625,17555.609375,-0.0,1,5,0,0,0,1,0,0,0,0,0,0,1,2,0,0,0,0,332.7499084472656,3
1786297046.0039978,651.4155883789062,13231,0,78217,921,0,0,0,0,0,0,0,0,73.87890625,17559.666015625,-0.0,1,5,0,0,0,1,0,0,0,0,0,0,1,2,0,0,0,0,332.7499084472656,3
1786297046.0448792,651.4588623046875,13232,0,78217,971,0,0,0,0,0,0,0,0,77.9453125,17563.732421875,-0.0,1,5,0,0,0,1,0,0,0,0,0,0,1,2,0,0,0,0,332.7499084472656,3
1786297046.1034434,651.5170288085938,13233,0,78217,1038,0,0,0,0,0,0,0,0,82.0234375,17567.810546875,-0.0,1,5,0,0,0,1,0,0,0,0,0,0,1,2,0,0,0,0,332.7499084472656,3
1786297046.14669,651.5603637695312,13234,0,78217,1071,0,0,0,0,0,0,0,0,86.109375,17571.896484375,-0.0,1,5,0,0,0,1,0,0,0,0,0,0,1,2,0,0,0,0,332.7499084472656,3
1786297046.1978803,651.60498046875,13235,0,78217,1121,0,0,0,0,0,0,0,0,90.197265625,17575.984375,-0.0,1,5,0,0,0,1,0,0,0,0,0,0,1,2,0,0,0,0,332.7499084472656,3
1786297046.2547708,651.6660766601562,13236,0,78217,1171,0,0,0,0,0,0,0,0,94.29296875,17580.080078125,-0.0,1,5,0,0,0,1,0,0,0,0,0,0,1,2,0,0,0,0,332.7499084472656,3
1786297046.3022974,651.7112426757812,13237,0,78217,1221,0,0,0,0,0,0,0,0,98.39453125,17584.181640625,-0.0,1,5,0,0,0,1,0,0,0,0,0,0,1,2,0,0,0,0,332.7499084472656,3
1786297046.3472815,651.7568969726562,13238,0,78217,1271,0,0,0,0,0,0,0,0,102.505859375,17588.29296875,-0.0,1,5,0,0,0,1,0,0,0,0,0,0,1,2,0,0,0,0,332.7499084472656,3
1786297046.4113595,651.8072509765625,13239,0,78217,1321,0,0,0,0,0,0,0,0,106.62890625,17592.416015625,-0.0,1,5,0,0,0,1,0,0,0,0,0,0,1,2,0,0,0,0,332.7499084472656,3
1786297046.4558275,651.8455200195312,13240,0,78217,1355,0,0,0,0,0,0,0,0,109.384765625,17595.171875,-0.0,1,5,0,0,0,1,0,0,0,0,0,0,1,2,0,0,0,0,332.7499084472656,3
1786297046.5000622,651.8878173828125,13241,0,78217,1388,0,0,0,0,0,0,0,0,112.412109375,17598.19921875,-0.0,1,5,0,0,0,1,0,0,0,0,0,0,1,2,0,0,0,0,332.7499084472656,3
1786297046.543904,651.9321899414062,13242,0,78217,1430,0,0,0,0,0,0,0,0,116.091796875,17601.87890625,-0.0,1,5,0,0,0,1,0,0,0,0,0,0,1,2,0,0,0,0,332.7499084472656,3
1786297046.6065261,651.9976196289062,13244,0,78217,1496,0,0,0,0,0,0,0,0,121.51953125,17607.306640625,-0.0,1,5,0,0,0,1,0,0,0,0,0,0,1,2,0,0,0,0,332.7499084472656,3
1786297046.6591284,652.0584716796875,13245,0,78217,1559,0,0,0,0,0,0,0,0,126.580078125,17612.3671875,-0.0,1,5,0,0,0,1,0,0,0,0,0,0,1,2,0,0,0,0,332.7499084472656,3
1786297046.7038922,652.1123657226562,13246,0,78217,1615,0,0,0,0,0,0,0,0,131.056640625,17616.84375,-0.0,1,5,0,0,0,1,0,0,0,0,0,0,1,2,0,0,0,0,332.7499084472656,3
1786297046.7438412,652.1585083007812,13247,0,78217,1666,0,0,0,0,0,0,0,0,135.21484375,17621.001953125,-0.0,1,5,0,0,0,1,0,0,0,0,0,0,1,2,0,0,0,0,332.7499084472656,3
1786297046.802805,652.2039794921875,13248,0,78217,1716,0,0,0,0,0,0,0,0,139.37890625,17625.166015625,-0.0,1,5,0,0,0,1,0,0,0,0,0,0,1,2,0,0,0,0,332.7499084472656,3
1786297046.8484452,652.2537231445312,13249,0,78217,1766,0,0,0,0,0,0,0,0,143.54296875,17629.330078125,-0.0,1,5,0,0,0,1,0,0,0,0,0,0,1,2,0,0,0,0,332.7499084472656,3
1786297046.893274,652.3035278320312,13250,0,78217,1816,0,0,0,0,0,0,0,0,147.6875,17633.474609375,-0.0,1,5,0,0,0,1,0,0,0,0,0,0,1,2,0,0,0,0,332.7499084472656,3
1786297046.950051,652.3634033203125,13251,0,78217,1882,0,0,0,0,0,0,0,0,153.14453125,17638.931640625,-0.0,1,5,0,0,0,1,0,0,0,0,0,0,1,2,0,0,0,0,332.7499084472656,3
1786297046.9953966,652.4071655273438,13252,0,78217,1916,0,0,0,0,0,0,0,0,155.83203125,17641.619140625,-0.0,1,5,0,0,0,1,0,0,0,0,0,0,1,2,0,0,0,0,332.7499084472656,3
1786297047.0524504,652.4650268554688,13253,0,78217,1982,0,0,0,0,0,0,0,0,161.1171875,17646.904296875,-0.0,1,5,0,0,0,1,0,0,0,0,0,0,1,2,0,0,0,0,332.7499084472656,3
1786297047.0991607,652.5092163085938,13254,0,78217,2016,0,0,0,0,0,0,0,0,163.712890625,17649.5,-0.0,1,5,0,0,0,1,0,0,0,0,0,0,1,2,0,0,0,0,332.7499084472656,3
1786297047.156103,652.5689697265625,13255,0,78217,2082,0,0,0,0,0,0,0,0,168.802734375,17654.58984375,-0.0,1,5,0,0,0,1,0,0,0,0,0,0,1,2,0,0,0,0,332.7499084472656,3
1786297047.203886,652.6124267578125,13256,0,78217,2132,0,0,0,0,0,0,0,0,172.541015625,17658.328125,-0.0,1,5,0,0,0,1,0,0,0,0,0,0,1,2,0,0,0,0,332.7499084472656,3
1786297047.2482708,652.6568603515625,13257,0,78217,2166,0,0,0,0,0,0,0,0,174.994140625,17660.78125,-0.0,1,5,0,0,0,1,0,0,0,0,0,0,1,2,0,0,0,0,332.7499084472656,3
1786297047.3021636,652.703857421875,13258,0,78217,2216,0,0,0,0,0,0,0,0,178.6171875,17664.404296875,-0.0,1,5,0,0,0,1,0,0,0,0,0,0,1,2,0,0,0,0,332.7499084472656,3
1786297047.3452017,652.739013671875,13259,0,78217,2249,0,0,0,0,0,0,0,0,180.994140625,17666.78125,-0.0,1,5,0,0,0,1,0,0,0,0,0,0,1,2,0,0,0,0,332.7499084472656,3
1786297047.407951,652.7977294921875,13260,0,78217,2299,0,0,0,0,0,0,0,0,184.640625,17670.427734375,-0.0,1,5,0,0,0,1,0,0,0,0,0,0,1,2,0,0,0,0,332.7499084472656,3
1786297047.4523966,652.8404541015625,13261,0,78217,2339,0,0,0,0,0,0,0,0,187.576171875,17673.36328125,-0.0,1,5,0,0,0,1,0,0,0,0,0,0,1,2,0,0,0,0,332.7499084472656,3
1786297047.494229,652.8837280273438,13262,0,78217,2382,0,0,0,0,0,0,0,0,190.5,17676.287109375,-0.0,1,5,0,0,0,1,0,0,0,0,0,0,1,2,0,0,0,0,332.7499084472656,3
1786297047.5475886,652.94677734375,13263,0,78217,2447,0,0,0,0,0,0,0,0,194.6640625,17680.451171875,-0.0,1,5,0,0,0,1,0,0,0,0,0,0,1,2,0,0,0,0,332.7499084472656,3
1786297047.6025114,653.01611328125,13264,0,78217,2521,0,0,0,0,0,0,0,0,199.19921875,17684.986328125,-0.0,1,5,0,0,0,1,0,0,0,0,0,0,1,2,0,0,0,0,332.7499084472656,3
1786297047.6441324,653.05859375,13265,0,78217,2571,0,0,0,0,0,0,0,0,202.3359375,17688.123046875,-0.0,1,5,0,0,0,1,0,0,0,0,0,0,1,2,0,0,0,0,332.7499084472656,3
1786297047.7093596,653.1165161132812,13266,0,78217,2637,0,0,0,0,0,0,0,0,205.404296875,17691.19140625,-0.0,1,5,0,0,0,1,0,0,0,0,0,0,1,2,0,0,0,0,332.7499084472656,3
1786297047.746896,653.14892578125,13267,0,78217,2654,0,0,0,0,0,0,0,0,207.412109375,17693.19921875,-0.0,1,5,0,0,0,1,0,0,0,0,0,0,1,2,0,0,0,0,332.7499084472656,3
1786297047.805895,653.2153930664062,13268,0,78217,2721,0,0,0,0,0,0,0,0,211.3359375,17697.123046875,-0.0,1,5,0,0,0,1,0,0,0,0,0,0,1,2,0,0,0,0,332.7499084472656,3
1786297047.8477256,653.2609252929688,13269,0,78217,2771,0,0,0,0,0,0,0,0,214.19921875,17699.986328125,-0.0,1,5,0,0,0,1,0,0,0,0,0,0,1,2,0,0,0,0,332.7499084472656,3
1786297047.8921819,653.3046875,13270,0,78217,2821,0,0,0,0,0,0,0,0,216.998046875,17702.78515625,-0.0,1,5,0,0,0,1,0,0,0,0,0,0,1,2,0,0,0,0,332.7499084472656,3
1786297047.949259,653.362060546875,13271,0,78217,2871,0,0,0,0,0,0,0,0,219.72265625,17705.509765625,-0.0,1,5,0,0,0,1,0,0,0,0,0,0,1,2,0,0,0,0,332.7499084472656,3
1786297048.005301,653.4181518554688,13272,0,78217,2937,0,0,0,0,0,0,0,0,223.22265625,17709.009765625,-0.0,1,5,0,0,0,1,0,0,0,0,0,0,1,2,0,0,0,0,332.7499084472656,3
1786297048.0473528,653.460693359375,13273,0,78217,2971,0,0,0,0,0,0,0,0,224.91796875,17710.705078125,-0.0,1,5,0,0,0,1,0,0,0,0,0,0,1,2,0,0,0,0,332.7499084472656,3
1786297048.1049488,653.5175170898438,13274,0,78217,3037,0,0,0,0,0,0,0,0,228.201171875,17713.98828125,-0.0,1,5,0,0,0,1,0,0,0,0,0,0,1,2,0,0,0,0,332.7499084472656,3
1786297048.1454134,653.5595703125,13275,0,78217,3071,0,0,0,0,0,0,0,0,229.794921875,17715.58203125,-0.0,1,5,0,0,0,1,0,0,0,0,0,0,1,2,0,0,0,0,332.7499084472656,3
1786297048.195179,653.6036987304688,13276,0,78217,3121,0,0,0,0,0,0,0,0,232.14453125,17717.931640625,-0.0,1,5,0,0,0,1,0,0,0,0,0,0,1,2,0,0,0,0,332.7499084472656,3
1786297048.2509286,653.651611328125,13277,0,78217,3171,0,0,0,0,0,0,0,0,234.453125,17720.240234375,-0.0,1,5,0,0,0,1,0,0,0,0,0,0,1,2,0,0,0,0,332.7499084472656,3
1786297048.2993891,653.6878662109375,13278,0,78217,3204,0,0,0,0,0,0,0,0,235.9609375,17721.748046875,-0.0,1,5,0,0,0,1,0,0,0,0,0,0,1,2,0,0,0,0,332.7499084472656,3
1786297048.36107,653.7484130859375,13279,0,78217,3254,0,0,0,0,0,0,0,0,238.1796875,17723.966796875,-0.0,1,5,0,0,0,1,0,0,0,0,0,0,1,2,0,0,0,0,332.7499084472656,3
1786297048.4026363,653.7915649414062,13280,0,78217,3290,0,0,0,0,0,0,0,0,239.958984375,17725.74609375,-0.0,1,5,0,0,0,1,0,0,0,0,0,0,1,2,0,0,0,0,332.7499084472656,3
1786297048.4446297,653.83447265625,13281,0,78217,3333,0,0,0,0,0,0,0,0,241.787109375,17727.57421875,-0.0,1,5,0,0,0,1,0,0,0,0,0,0,1,2,0,0,0,0,332.7499084472656,3
1786297048.5016599,653.8975219726562,13282,0,78217,3397,0,0,0,0,0,0,0,0,244.3984375,17730.185546875,-0.0,1,5,0,0,0,1,0,0,0,0,0,0,1,2,0,0,0,0,332.7499084472656,3
1786297048.543151,653.953125,13283,0,78217,3455,0,0,0,0,0,0,0,0,246.630859375,17732.41796875,-0.0,1,5,0,0,0,1,0,0,0,0,0,0,1,2,0,0,0,0,332.7499084472656,3
1786297048.5981228,654.0123901367188,13284,0,78217,3523,0,0,0,0,0,0,0,0,249.64453125,17735.431640625,-0.0,1,5,0,0,0,1,0,0,0,0,0,0,1,2,0,0,0,0,332.7499084472656,3
1786297048.6591651,654.0686645507812,13285,0,78217,3590,0,0,0,0,0,0,0,0,251.818359375,17737.60546875,-0.0,1,5,0,0,0,1,0,0,0,0,0,0,1,2,0,0,0,0,332.7499084472656,3
1786297048.6952772,654.099853515625,13286,0,78217,3606,0,0,0,0,0,0,0,0,253.23828125,17739.025390625,-0.0,1,5,0,0,0,1,0,0,0,0,0,0,1,2,0,0,0,0,332.7499084472656,3
1786297048.7494922,654.1627197265625,13287,0,78217,3673,0,0,0,0,0,0,0,0,256.015625,17741.802734375,-0.0,1,5,0,0,0,1,0,0,0,0,0,0,1,2,0,0,0,0,332.7499084472656,3
1786297048.8051627,654.2196655273438,13288,0,78217,3740,0,0,0,0,0,0,0,0,258.056640625,17743.84375,-0.0,1,5,0,0,0,1,0,0,0,0,0,0,1,2,0,0,0,0,332.7499084472656,3
1786297048.845637,654.260986328125,13289,0,78217,3773,0,0,0,0,0,0,0,0,260.05859375,17745.845703125,-0.0,1,5,0,0,0,1,0,0,0,0,0,0,1,2,0,0,0,0,332.7499084472656,3
1786297048.9042306,654.3173828125,13290,0,78217,3840,0,0,0,0,0,0,0,0,261.8984375,17747.685546875,-0.0,1,5,0,0,0,1,0,0,0,0,0,0,1,2,0,0,0,0,332.7499084472656,3
1786297048.9464486,654.3604736328125,13291,0,78217,3873,0,0,0,0,0,0,0,0,263.607421875,17749.39453125,-0.0,1,5,0,0,0,1,0,0,0,0,0,0,1,2,0,0,0,0,332.7499084472656,3
1786297049.0019495,654.4163208007812,13292,0,78217,3923,0,0,0,0,0,0,0,0,265.212890625,17751.0,-0.0,1,5,0,0,0,1,0,0,0,0,0,0,1,2,0,0,0,0,332.7499084472656,3
1786297049.0428185,654.4572143554688,13293,0,78217,3973,0,0,0,0,0,0,0,0,266.744140625,17752.53125,-0.0,1,5,0,0,0,1,0,0,0,0,0,0,1,2,0,0,0,0,332.7499084472656,3
1786297049.0982842,654.5125122070312,13294,0,78217,4023,0,0,0,0,0,0,0,0,268.220703125,17754.0078125,-0.0,1,5,0,0,0,1,0,0,0,0,0,0,1,2,0,0,0,0,332.7499084472656,3
1786297049.1442354,654.5557250976562,13295,0,78217,4073,0,0,0,0,0,0,0,0,269.65625,17755.443359375,-0.0,1,5,0,0,0,1,0,0,0,0,0,0,1,2,0,0,0,0,332.7499084472656,3
1786297049.2150214,654.6058349609375,13296,0,78217,4123,0,0,0,0,0,0,0,0,271.0078125,17756.794921875,-0.0,1,5,0,0,0,1,0,0,0,0,0,0,1,2,0,0,0,0,332.7499084472656,3
1786297049.253727,654.6447143554688,13297,0,78217,4156,0,0,0,0,0,0,0,0,271.900390625,17757.6875,-0.0,1,5,0,0,0,1,0,0,0,0,0,0,1,2,0,0,0,0,332.7499084472656,3
1786297049.299356,654.686767578125,13298,0,78217,4190,0,0,0,0,0,0,0,0,272.794921875,17758.58203125,-0.0,1,5,0,0,0,1,0,0,0,0,0,0,1,2,0,0,0,0,332.7499084472656,3
1786297049.3622744,654.751220703125,13299,0,78217,4250,0,0,0,0,0,0,0,0,274.490234375,17760.27734375,-0.0,1,5,0,0,0,1,0,0,0,0,0,0,1,2,0,0,0,0,332.7499084472656,3
1786297049.3998811,654.7933349609375,13300,0,78217,4292,0,0,0,0,0,0,0,0,275.583984375,17761.37109375,-0.0,1,5,0,0,0,1,0,0,0,0,0,0,1,2,0,0,0,0,332.7499084472656,3
1786297049.4545186,654.8667602539062,13301,0,78217,4370,0,0,0,0,0,0,0,0,277.47265625,17763.259765625,-0.0,1,5,0,0,0,1,0,0,0,0,0,0,1,2,0,0,0,0,332.7499084472656,3
1786297049.4938867,654.9100952148438,13302,0,78217,4420,0,0,0,0,0,0,0,0,278.744140625,17764.53125,-0.0,1,5,0,0,0,1,0,0,0,0,0,0,1,2,0,0,0,0,332.7499084472656,3
1786297049.5470085,654.964111328125,13303,0,78217,4487,0,0,0,0,0,0,0,0,280.00390625,17765.791015625,-0.0,1,5,0,0,0,1,0,0,0,0,0,0,1,2,0,0,0,0,332.7499084472656,3
1786297049.5962803,655.0064697265625,13304,0,78217,4520,0,0,0,0,0,0,0,0,281.267578125,17767.0546875,-0.0,1,5,0,0,0,1,0,0,0,0,0,0,1,2,0,0,0,0,332.7499084472656,3
1786297049.6455977,655.0521850585938,13305,0,78217,4570,0,0,0,0,0,0,0,0,282.75,17768.537109375,-0.0,1,5,0,0,0,1,0,0,0,0,0,0,1,2,0,0,0,0,332.7499084472656,3
1786297049.7041306,655.1162719726562,13306,0,78217,4637,0,0,0,0,0,0,0,0,284.345703125,17770.1328125,-0.0,1,5,0,0,0,1,0,0,0,0,0,0,1,2,0,0,0,0,332.7499084472656,3
1786297049.7465823,655.1603393554688,13307,0,78217,4670,0,0,0,0,0,0,0,0,285.921875,17771.708984375,-0.0,1,5,0,0,0,1,0,0,0,0,0,0,1,2,0,0,0,0,332.7499084472656,3
1786297049.798506,655.2147827148438,13308,0,78217,4737,0,0,0,0,0,0,0,0,287.490234375,17773.27734375,-0.0,1,5,0,0,0,1,0,0,0,0,0,0,1,2,0,0,0,0,332.7499084472656,3
1786297049.8447273,655.256103515625,13309,0,78217,4770,0,0,0,0,0,0,0,0,289.05859375,17774.845703125,-0.0,1,5,0,0,0,1,0,0,0,0,0,0,1,2,0,0,0,0,332.7499084472656,3
1786297049.9048438,655.3142700195312,13310,0,78217,4820,0,0,0,0,0,0,0,0,290.62890625,17776.416015625,-0.0,1,5,0,0,0,1,0,0,0,0,0,0,1,2,0,0,0,0,332.7499084472656,3
1786297049.9451344,655.3583374023438,13311,0,78217,4870,0,0,0,0,0,0,0,0,292.20703125,17777.994140625,-0.0,1,5,0,0,0,1,0,0,0,0,0,0,1,2,0,0,0,0,332.7499084472656,3
1786297050.0015912,655.4165649414062,13312,0,78217,4937,0,0,0,0,0,0,0,0,293.79296875,17779.580078125,-0.0,1,5,0,0,0,1,0,0,0,0,0,0,1,2,0,0,0,0,332.7499084472656,3
1786297050.0474799,655.460205078125,13313,0,78217,4970,0,0,0,0,0,0,0,0,295.3828125,17781.169921875,-0.0,1,5,0,0,0,1,0,0,0,0,0,0,1,2,0,0,0,0,332.7499084472656,3
1786297050.0942566,655.5037841796875,13314,0,78217,5020,0,0,0,0,0,0,0,0,297.00390625,17782.791015625,-0.0,1,5,0,0,0,1,0,0,0,0,0,0,1,2,0,0,0,0,332.7499084472656,3
1786297050.1561291,655.5534057617188,13315,0,78217,5070,0,0,0,0,0,0,0,0,298.693359375,17784.48046875,-0.0,1,5,0,0,0,1,0,0,0,0,0,0,1,2,0,0,0,0,332.7499084472656,3
1786297050.2025812,655.590576171875,13316,0,78217,5104,0,0,0,0,0,0,0,0,299.828125,17785.615234375,-0.0,1,5,0,0,0,1,0,0,0,0,0,0,1,2,0,0,0,0,332.7499084472656,3
