timestamp,session_time,frame_identifier,player_car_index,speed_kph,throttle,steer,brake,clutch,gear,engine_rpm,drs,rev_lights_percent,rev_lights_bit_value,brake_temp_rl,brake_temp_rr,brake_temp_fl,brake_temp_fr,tyre_surface_temp_rl,tyre_surface_temp_rr,tyre_surface_temp_fl,tyre_surface_temp_fr,tyre_inner_temp_rl,tyre_inner_temp_rr,tyre_inner_temp_fl,tyre_inner_temp_fr,engine_temp,tyre_pressure_rl,tyre_pressure_rr,tyre_pressure_fl,tyre_pressure_fr,surface_type_rl,surface_type_rr,surface_type_fl,surface_type_fr
1782621467,0,0,0,0,0,0,0,0,0,3920,0,0,0,27,27,27,27,70,70,70,70,70,70,70,70,110,22,22,24.5,24.5,0,0,0,0
1782621468,0.125696555,1,0,0,0,0,0,0,0,3920,0,0,0,27,27,27,27,70,70,70,70,70,70,70,70,110,22,22,24.5,24.5,0,0,0,0
1782621468,0.208996549,2,0,0,0,0,0,0,0,3920,0,0,0,27,27,27,27,70,70,70,70,70,70,70,70,110,22,22,24.5,24.5,0,0,0,0
1782621468,0.43363443,4,0,0,0,0,0,0,0,3920,0,0,0,27,27,27,27,70,70,70,70,70,70,70,70,110,22,22,24.5,24.5,0,0,0,0
1782621468,0.595778465,6,0,0,0,0,0,0,0,3920,0,0,0,27,27,27,27,70,70,70,70,70,70,70,70,110,22,22,24.5,24.5,0,0,0,0
1782621468,0.639457762,7,0,0,0,0,0,0,0,3920,0,0,0,27,27,27,27,70,70,70,70,70,70,70,70,110,22,22,24.5,24.5,0,0,0,0
1782621468,0.699270368,9,0,0,0,0,0,0,0,3920,0,0,0,27,27,27,27,70,70,70,70,70,70,70,70,110,22,22,24.5,24.5,0,0,0,0
1782621468,0.75731504,10,0,0,0,0,0,0,0,3920,0,0,0,27,27,27,27,70,70,70,70,70,70,70,70,110,22,22,24.5,24.5,0,0,0,0
1782621468,0.780373335,11,0,0,0,0,0,0,0,3920,0,0,0,27,27,27,27,70,70,70,70,70,70,70,70,110,22,22,24.5,24.5,0,0,0,0
1782621468,0.802893937,12,0,0,0,0,0,0,0,3920,0,0,0,27,27,27,27,70,70,70,70,70,70,70,70,110,22,22,24.5,24.5,0,0,0,0
1782621468,0.893132865,14,0,0,0,0,0,0,0,3920,0,0,0,27,27,27,27,70,70,70,70,70,70,70,70,110,22,22,24.5,24.5,0,0,0,0
1782621468,0.949087739,15,0,0,0,0,0,0,0,3920,0,0,0,27,27,27,27,70,70,70,70,70,70,70,70,110,22,22,24.5,24.5,0,0,0,0
1782621468,0.999395192,17,0,0,0,0,0,0,0,3920,0,0,0,27,27,27,27,70,70,70,70,70,70,70,70,110,22,22,24.5,24.5,0,0,0,0
1782621468,1.048093915,18,0,0,0,0,0,0,0,3920,0,0,0,27,27,27,27,70,70,70,70,70,70,70,70,110,22,22,24.5,24.5,0,0,0,0
1782621468,1.080564857,20,0,0,0,0,0,0,0,3920,0,0,0,27,27,27,27,70,70,70,70,70,70,70,70,110,22,22,24.5,24.5,0,0,0,0
1782621468,1.133304358,21,0,0,0,0,0,0,0,3920,0,0,0,27,27,27,27,70,70,70,70,70,70,70,70,110,22,22,24.5,24.5,0,0,0,0
1782621468,1.201674342,23,0,0,0,0,0,0,0,3920,0,0,0,27,27,27,27,70,70,70,70,70,70,70,70,110,22,22,24.5,24.5,0,0,0,0
1782621468,1.247531891,24,0,0,0,0,0,0,0,3920,0,0,0,27,27,27,27,70,70,70,70,70,70,70,70,110,22,22,24.5,24.5,0,0,0,0
1782621468,1.292880654,26,0,0,0,0,0,0,0,3920,0,0,0,27,27,27,27,70,70,70,70,70,70,70,70,110,22,22,24.5,24.5,0,0,0,0
1782621469,1.338443518,27,0,0,0,0,0,0,0,3920,0,0,0,27,27,27,27,70,70,70,70,70,70,70,70,110,22,22,24.5,24.5,0,0,0,0
1782621469,1.397903562,29,0,0,0,0,0,0,0,3920,0,0,0,27,27,27,27,70,70,70,70,70,70,70,70,110,22,22,24.5,24.5,0,0,0,0
1782621469,1.446447372,30,0,0,0,0,0,0,0,3920,0,0,0,27,27,27,27,70,70,70,70,70,70,70,70,110,22,22,24.5,24.5,0,0,0,0
1782621469,1.482676744,31,0,0,0,0,0,0,0,3920,0,0,0,27,27,27,27,70,70,70,70,70,70,70,70,110,22,22,24.5,24.5,0,0,0,0
1782621469,1.537432671,32,0,0,0,0,0,0,0,3920,0,0,0,27,27,27,27,70,70,70,70,70,70,70,70,110,22,22,24.5,24.5,0,0,0,0
1782621469,1.599447012,34,0,0,0,0,0,0,0,3920,0,0,0,27,27,27,27,70,70,70,70,70,70,70,70,110,22,22,24.5,24.5,0,0,0,0
1782621469,1.644198895,35,0,0,0,0,0,0,0,3920,0,0,0,27,27,27,27,70,70,70,70,70,70,70,70,110,22,22,24.5,24.5,0,0,0,0
1782621469,1.689003944,37,0,0,0,0,0,0,0,3920,0,0,0,27,27,27,27,70,70,70,70,70,70,70,70,110,22,22,24.5,24.5,0,0,0,0
1782621469,1.750158548,38,0,0,0,0,0,0,0,3920,0,0,0,27,27,27,27,70,70,70,70,70,70,70,70,110,22,22,24.5,24.5,0,0,0,0
1782621469,1.794778943,40,0,0,0,0,0,0,0,3920,0,0,0,27,27,27,27,70,70,70,70,70,70,70,70,110,22,22,24.5,24.5,0,0,0,0
1782621469,1.83890748,41,0,0,0,0,0,0,0,3920,0,0,0,27,27,27,27,70,70,70,70,70,70,70,70,110,22,22,24.5,24.5,0,0,0,0
1782621469,1.89934814,43,0,0,0,0,0,0,0,3920,0,0,0,27,27,27,27,70,70,70,70,70,70,70,70,110,22,22,24.5,24.5,0,0,0,0
1782621469,1.944320679,44,0,0,0,0,0,0,0,3920,0,0,0,27,27,27,27,70,70,70,70,70,70,70,70,110,22,22,24.5,24.5,0,0,0,0
1782621469,1.989790082,46,0,0,0,0,0,0,0,3920,0,0,0,27,27,27,27,70,70,70,70,70,70,70,70,110,22,22,24.5,24.5,0,0,0,0
1782621469,2.050890446,47,0,0,0,0,0,0,0,3920,0,0,0,27,27,27,27,70,70,70,70,70,70,70,70,110,22,22,24.5,24.5,0,0,0,0
1782621469,2.09385252,49,0,0,0,0,0,0,0,3920,0,0,0,27,27,27,27,70,70,70,70,70,70,70,70,110,22,22,24.5,24.5,0,0,0,0
1782621469,2.148828745,50,0,0,0,0,0,0,0,3920,0,0,0,27,27,27,27,70,70,70,70,70,70,70,70,110,22,22,24.5,24.5,0,0,0,0
1782621469,2.203312874,52,0,0,0,0,0,0,0,3920,0,0,0,27,27,27,27,70,70,70,70,70,70,70,70,110,22,22,24.5,24.5,0,0,0,0
1782621469,2.243878126,53,0,0,0,0,0,0,0,3920,0,0,0,27,27,27,27,70,70,70,70,70,70,70,70,110,22,22,24.5,24.5,0,0,0,0
1782621469,2.300679922,55,0,0,0,0,0,0,0,3920,0,0,0,27,27,27,27,70,70,70,70,70,70,70,70,110,22,22,24.5,24.5,0,0,0,0
1782621470,2.344792843,56,0,0,0,0,0,0,0,3920,0,0,0,27,27,27,27,70,70,70,70,70,70,70,70,110,22,22,24.5,24.5,0,0,0,0
1782621470,2.403345346,58,0,0,0,0,0,0,0,3920,0,0,0,27,27,27,27,70,70,70,70,70,70,70,70,110,22,22,24.5,24.5,0,0,0,0
1782621470,2.434891701,59,0,0,0,0,0,0,0,3920,0,0,0,27,27,27,27,70,70,70,70,70,70,70,70,110,22,22,24.5,24.5,0,0,0,0
1782621470,2.498390198,61,0,0,0,0,0,0,0,3920,0,0,0,27,27,27,27,70,70,70,70,70,70,70,70,110,22,22,24.5,24.5,0,0,0,0
1782621470,2.540950775,62,0,0,0,0,0,0,0,3920,0,0,0,27,27,27,27,70,70,70,70,70,70,70,70,110,22,22,24.5,24.5,0,0,0,0
1782621470,2.59816432,64,0,0,0,0,0,0,0,3920,0,0,0,27,27,27,27,70,70,70,70,70,70,70,70,110,22,22,24.5,24.5,0,0,0,0
1782621470,2.653958797,65,0,0,0,0,0,0,0,3920,0,0,0,27,27,27,27,70,70,70,70,70,70,70,70,110,22,22,24.5,24.5,0,0,0,0
1782621470,2.697288275,67,0,0,0,0,0,0,0,3920,0,0,0,27,27,27,27,70,70,70,70,70,70,70,70,110,22,22,24.5,24.5,0,0,0,0
1782621470,2.741767168,68,0,0,0,0,0,0,0,3920,0,0,0,27,27,27,27,70,70,70,70,70,70,70,70,110,22,22,24.5,24.5,0,0,0,0
1782621470,2.787557125,70,0,0,0,0,0,0,0,3920,0,0,0,27,27,27,27,70,70,70,70,70,70,70,70,110,22,22,24.5,24.5,0,0,0,0
1782621470,2.850173473,71,0,0,0,0,0,0,0,3920,0,0,0,27,27,27,27,70,70,70,70,70,70,70,70,110,22,22,24.5,24.5,0,0,0,0
1782621470,2.896779776,73,0,0,0,0,0,0,0,3920,0,0,0,27,27,27,27,70,70,70,70,70,70,70,70,110,22,22,24.5,24.5,0,0,0,0
1782621470,2.941868067,74,0,0,0,0,0,0,0,3920,0,0,0,27,27,27,27,70,70,70,70,70,70,70,70,110,22,22,24.5,24.5,0,0,0,0
1782621470,2.998743296,76,0,0,0,0,0,0,0,3920,0,0,0,27,27,27,27,70,70,70,70,70,70,70,70,110,22,22,24.5,24.5,0,0,0,0
1782621470,3.053952217,77,0,0,0,0,0,0,0,3920,0,0,0,27,27,27,27,70,70,70,70,70,70,70,70,110,22,22,24.5,24.5,0,0,0,0
1782621470,3.095658302,79,0,0,0,0,0,0,0,3920,0,0,0,27,27,27,27,70,70,70,70,70,70,70,70,110,22,22,24.5,24.5,0,0,0,0
1782621470,3.151443243,80,0,0,0,0,0,0,0,3920,0,0,0,27,27,27,27,70,70,70,70,70,70,70,70,110,22,22,24.5,24.5,0,0,0,0
1782621470,3.205420256,82,0,0,0,0,0,0,0,3920,0,0,0,27,27,27,27,70,70,70,70,70,70,70,70,110,22,22,24.5,24.5,0,0,0,0
1782621470,3.246862411,83,0,0,0,0,0,0,0,3920,0,0,0,27,27,27,27,70,70,70,70,70,70,70,70,110,22,22,24.5,24.5,0,0,0,0
1782621470,3.289120197,85,0,0,0,0,0,0,0,3920,0,0,0,27,27,27,27,70,70,70,70,70,70,70,70,110,22,22,24.5,24.5,0,0,0,0
1782621471,3.33539629,86,0,0,0,0,0,0,0,3920,0,0,0,27,27,27,27,70,70,70,70,70,70,70,70,110,22,22,24.5,24.5,0,0,0,0
1782621471,3.400248528,88,0,0,0,0,0,0,0,3920,0,0,0,27,27,27,27,70,70,70,70,70,70,70,70,110,22,22,24.5,24.5,0,0,0,0
1782621471,3.447745323,89,0,0,0,0,0,0,0,3920,0,0,0,27,27,27,27,70,70,70,70,70,70,70,70,110,22,22,24.5,24.5,0,0,0,0
1782621471,3.508491516,91,0,0,0,0,0,0,0,3920,0,0,0,27,27,27,27,70,70,70,70,70,70,70,70,110,22,22,24.5,24.5,0,0,0,0
1782621471,3.54095149,92,0,0,0,0,0,0,0,3920,0,0,0,27,27,27,27,70,70,70,70,70,70,70,70,110,22,22,24.5,24.5,0,0,0,0
1782621471,3.592220306,94,0,0,0,0,0,0,0,3920,0,0,0,27,27,27,27,70,70,70,70,70,70,70,70,110,22,22,24.5,24.5,0,0,0,0
1782621471,3.652383089,95,0,0,0,0,0,0,0,3920,0,0,0,27,27,27,27,70,70,70,70,70,70,70,70,110,22,22,24.5,24.5,0,0,0,0
1782621471,3.693631649,97,0,0,0,0,0,0,0,3920,0,0,0,27,27,27,27,70,70,70,70,70,70,70,70,110,22,22,24.5,24.5,0,0,0,0
1782621471,3.749192238,98,0,0,0,0,0,0,0,3920,0,0,0,27,27,27,27,70,70,70,70,70,70,70,70,110,22,22,24.5,24.5,0,0,0,0
1782621471,3.804433823,100,0,0,0,0,0,0,0,3920,0,0,0,27,27,27,27,70,70,70,70,70,70,70,70,110,22,22,24.5,24.5,0,0,0,0
1782621471,3.846037149,101,0,0,0,0,0,0,0,3920,0,0,0,27,27,27,27,70,70,70,70,70,70,70,70,110,22,22,24.5,24.5,0,0,0,0
1782621471,3.889523029,103,0,0,0,0,0,0,0,3920,0,0,0,27,27,27,27,70,70,70,70,70,70,70,70,110,22,22,24.5,24.5,0,0,0,0
1782621471,3.950700045,104,0,0,0,0,0,0,0,3920,0,0,0,27,27,27,27,70,70,70,70,70,70,70,70,110,22,22,24.5,24.5,0,0,0,0
1782621471,3.998330116,106,0,0,0,0,0,0,0,3920,0,0,0,27,27,27,27,70,70,70,70,70,70,70,70,110,22,22,24.5,24.5,0,0,0,0
1782621471,4.044855118,107,0,0,0,0,0,0,0,3920,0,0,0,27,27,27,27,70,70,70,70,70,70,70,70,110,22,22,24.5,24.5,0,0,0,0
1782621471,4.088972569,109,0,0,0,0,0,0,0,3920,0,0,0,27,27,27,27,70,70,70,70,70,70,70,70,110,22,22,24.5,24.5,0,0,0,0
1782621471,4.147909641,110,0,0,0,0,0,0,0,3920,0,0,0,27,27,27,27,70,70,70,70,70,70,70,70,110,22,22,24.5,24.5,0,0,0,0
1782621471,4.19192028,112,0,0,0,0,0,0,0,3920,0,0,0,27,27,27,27,70,70,70,70,70,70,70,70,110,22,22,24.5,24.5,0,0,0,0
1782621471,4.249285698,113,0,0,0,0,0,0,0,3920,0,0,0,27,27,27,27,70,70,70,70,70,70,70,70,110,22,22,24.5,24.5,0,0,0,0
1782621471,4.305066109,115,0,0,0,0,0,0,0,3920,0,0,0,27,27,27,27,70,70,70,70,70,70,70,70,110,22,22,24.5,24.5,0,0,0,0
1782621472,4.34692955,116,0,0,0,0,0,0,0,3920,0,0,0,27,27,27,27,70,70,70,70,70,70,70,70,110,22,22,24.5,24.5,0,0,0,0
1782621472,4.402206898,118,0,0,0,0,0,0,0,3920,0,0,0,27,27,27,27,70,70,70,70,70,70,70,70,110,22,22,24.5,24.5,0,0,0,0
1782621472,4.455555439,119,0,0,0,0,0,0,0,3920,0,0,0,27,27,27,27,70,70,70,70,70,70,70,70,110,22,22,24.5,24.5,0,0,0,0
1782621472,4.495620251,121,0,0,0,0,0,0,0,3920,0,0,0,27,27,27,27,70,70,70,70,70,70,70,70,110,22,22,24.5,24.5,0,0,0,0
1782621472,4.551948071,122,0,0,0,0,0,0,0,3920,0,0,0,27,27,27,27,70,70,70,70,70,70,70,70,110,22,22,24.5,24.5,0,0,0,0
1782621472,4.594027042,124,0,0,0,0,0,0,0,3920,0,0,0,27,27,27,27,70,70,70,70,70,70,70,70,110,22,22,24.5,24.5,0,0,0,0
1782621472,4.650871754,125,0,0,0,0,0,0,0,3920,0,0,0,27,27,27,27,70,70,70,70,70,70,70,70,110,22,22,24.5,24.5,0,0,0,0
1782621472,4.696708679,127,0,0,0,0,0,0,0,3920,0,0,0,27,27,27,27,70,70,70,70,70,70,70,70,110,22,22,24.5,24.5,0,0,0,0
1782621472,4.743062019,128,0,0,0,0,0,0,0,3920,0,0,0,27,27,27,27,70,70,70,70,70,70,70,70,110,22,22,24.5,24.5,0,0,0,0
1782621472,4.78899622,130,0,0,0,0,0,0,0,3920,0,0,0,27,27,27,27,70,70,70,70,70,70,70,70,110,22,22,24.5,24.5,0,0,0,0
1782621472,4.849858761,131,0,0,0,0,0,0,0,3920,0,0,0,27,27,27,27,70,70,70,70,70,70,70,70,110,22,22,24.5,24.5,0,0,0,0
1782621472,4.894570351,133,0,0,0,0,0,0,0,3920,0,0,0,27,27,27,27,70,70,70,70,70,70,70,70,110,22,22,24.5,24.5,0,0,0,0
1782621472,4.939841747,134,0,0,0,0,0,0,0,3920,0,0,0,27,27,27,27,70,70,70,70,70,70,70,70,110,22,22,24.5,24.5,0,0,0,0
1782621472,5.000504971,136,0,0,0,0,0,0,0,3920,0,0,0,27,27,27,27,70,70,70,70,70,70,70,70,110,22,22,24.5,24.5,0,0,0,0
1782621472,5.044107437,137,0,0,0,0,0,0,0,3920,0,0,0,27,27,27,27,70,70,70,70,70,70,70,70,110,22,22,24.5,24.5,0,0,0,0
1782621472,5.101222515,139,0,0,0,0,0,0,0,3920,0,0,0,27,27,27,27,70,70,70,70,70,70,70,70,110,22,22,24.5,24.5,0,0,0,0
1782621472,5.14338541,140,0,0,0,0,0,0,0,3920,0,0,0,27,27,27,27,70,70,70,70,70,70,70,70,110,22,22,24.5,24.5,0,0,0,0
1782621472,5.199277878,142,0,0,0,0,0,0,0,3920,0,0,0,27,27,27,27,70,70,70,70,70,70,70,70,110,22,22,24.5,24.5,0,0,0,0
1782621472,5.254542351,143,0,0,0,0,0,0,0,3920,0,0,0,27,27,27,27,70,70,70,70,70,70,70,70,110,22,22,24.5,24.5,0,0,0,0
1782621472,5.295861721,145,0,0,0,0,0,0,0,3920,0,0,0,27,27,27,27,70,70,70,70,70,70,70,70,110,22,22,24.5,24.5,0,0,0,0
1782621473,5.352422714,146,0,0,0,0,0,0,0,3920,0,0,0,27,27,27,27,70,70,70,70,70,70,70,70,110,22,22,24.5,24.5,0,0,0,0
1782621473,5.393923759,148,0,0,0,0,0,0,0,3920,0,0,0,27,27,27,27,70,70,70,70,70,70,70,70,110,22,22,24.5,24.5,0,0,0,0
1782621473,5.447612286,149,0,0,0,0,0,0,0,3920,0,0,0,27,27,27,27,70,70,70,70,70,70,70,70,110,22,22,24.5,24.5,0,0,0,0
1782621473,5.502891064,151,0,0,0,0,0,0,0,3920,0,0,0,27,27,27,27,70,70,70,70,70,70,70,70,110,22,22,24.5,24.5,0,0,0,0
1782621473,5.545015812,152,0,0,0,0,0,0,0,3920,0,0,0,27,27,27,27,70,70,70,70,70,70,70,70,110,22,22,24.5,24.5,0,0,0,0
1782621473,5.588068485,154,0,0,0,0,0,0,0,3920,0,0,0,27,27,27,27,70,70,70,70,70,70,70,70,110,22,22,24.5,24.5,0,0,0,0
1782621473,5.644567966,155,0,0,0,0,0,0,0,3920,0,0,0,27,27,27,27,70,70,70,70,70,70,70,70,110,22,22,24.5,24.5,0,0,0,0
1782621473,5.700869083,157,0,0,0,0,0,0,0,3920,0,0,0,27,27,27,27,70,70,70,70,70,70,70,70,110,22,22,24.5,24.5,0,0,0,0
1782621473,5.744317532,158,0,0,0,0,0,0,0,3920,0,0,0,27,27,27,27,70,70,70,70,70,70,70,70,110,22,22,24.5,24.5,0,0,0,0
1782621473,5.802456856,160,0,0,0,0,0,0,0,3920,0,0,0,27,27,27,27,70,70,70,70,70,70,70,70,110,22,22,24.5,24.5,0,0,0,0
1782621473,5.846170425,161,0,0,0,0,0,0,0,3920,0,0,0,27,27,27,27,70,70,70,70,70,70,70,70,110,22,22,24.5,24.5,0,0,0,0
1782621473,5.903295994,163,0,0,0,0,0,0,0,3920,0,0,0,27,27,27,27,70,70,70,70,70,70,70,70,110,22,22,24.5,24.5,0,0,0,0
1782621473,5.945157528,164,0,0,0,0,0,0,0,3920,0,0,0,27,27,27,27,70,70,70,70,70,70,70,70,110,22,22,24.5,24.5,0,0,0,0
1782621473,6.001228333,166,0,0,0,0,0,0,0,3920,0,0,0,27,27,27,27,70,70,70,70,70,70,70,70,110,22,22,24.5,24.5,0,0,0,0
1782621473,6.043018818,167,0,0,0,0,0,0,0,3920,0,0,0,27,27,27,27,70,70,70,70,70,70,70,70,110,22,22,24.5,24.5,0,0,0,0
1782621473,6.097227573,169,0,0,0,0,0,0,0,3920,0,0,0,27,27,27,27,70,70,70,70,70,70,70,70,110,22,22,24.5,24.5,0,0,0,0
1782621473,6.151537895,170,0,0,0,0,0,0,0,3920,0,0,0,27,27,27,27,70,70,70,70,70,70,70,70,110,22,22,24.5,24.5,0,0,0,0
1782621473,6.192790508,172,0,0,0,0,0,0,0,3920,0,0,0,27,27,27,27,70,70,70,70,70,70,70,70,110,22,22,24.5,24.5,0,0,0,0
1782621473,6.248699665,173,0,0,0,0,0,0,0,3920,0,0,0,27,27,27,27,70,70,70,70,70,70,70,70,110,22,22,24.5,24.5,0,0,0,0
1782621473,6.291859627,175,0,0,0,0,0,0,0,3920,0,0,0,27,27,27,27,70,70,70,70,70,70,70,70,110,22,22,24.5,24.5,0,0,0,0
1782621474,6.351019859,176,0,0,0,0,0,0,0,3920,0,0,0,27,27,27,27,70,70,70,70,70,70,70,70,110,22,22,24.5,24.5,0,0,0,0
1782621474,6.394989967,178,0,0,0,0,0,0,0,3920,0,0,0,27,27,27,27,70,70,70,70,70,70,70,70,110,22,22,24.5,24.5,0,0,0,0
1782621474,6.452935219,179,0,0,0,0,0,0,0,3920,0,0,0,27,27,27,27,70,70,70,70,70,70,70,70,110,22,22,24.5,24.5,0,0,0,0
1782621474,6.497233391,181,0,0,0,0,0,0,0,3920,0,0,0,27,27,27,27,70,70,70,70,70,70,70,70,110,22,22,24.5,24.5,0,0,0,0
1782621474,6.54161787,182,0,0,0,0,0,0,0,3920,0,0,0,27,27,27,27,70,70,70,70,70,70,70,70,110,22,22,24.5,24.5,0,0,0,0
1782621474,6.600783825,184,0,0,0,0,0,0,0,3920,0,0,0,27,27,27,27,70,70,70,70,70,70,70,70,110,22,22,24.5,24.5,0,0,0,0
1782621474,6.645272255,185,0,0,0,0,0,0,0,3920,0,0,0,27,27,27,27,70,70,70,70,70,70,70,70,110,22,22,24.5,24.5,0,0,0,0
1782621474,6.689013958,187,0,0,0,0,0,0,0,3920,0,0,0,27,27,27,27,70,70,70,70,70,70,70,70,110,22,22,24.5,24.5,0,0,0,0
1782621474,6.747769356,188,0,0,0,0,0,0,0,3920,0,0,0,27,27,27,27,70,70,70,70,70,70,70,70,110,22,22,24.5,24.5,0,0,0,0
1782621474,6.790926456,190,0,0,0,0,0,0,0,3920,0,0,0,27,27,27,27,70,70,70,70,70,70,70,70,110,22,22,24.5,24.5,0,0,0,0
1782621474,6.847712517,191,0,0,0,0,0,0,0,3920,0,0,0,27,27,27,27,70,70,70,70,70,70,70,70,110,22,22,24.5,24.5,0,0,0,0
1782621474,6.890574455,193,0,0,0,0,0,0,0,3920,0,0,0,27,27,27,27,70,70,70,70,70,70,70,70,110,22,22,24.5,24.5,0,0,0,0
1782621474,6.947107792,194,0,0,0,0,0,0,0,3920,0,0,0,27,27,27,27,70,70,70,70,70,70,70,70,110,22,22,24.5,24.5,0,0,0,0
1782621474,7.003025055,196,0,0,0,0,0,0,0,3920,0,0,0,27,27,27,27,70,70,70,70,70,70,70,70,110,22,22,24.5,24.5,0,0,0,0
1782621474,7.044444084,197,0,0,0,0,0,0,0,3920,0,0,0,27,27,27,27,70,70,70,70,70,70,70,70,110,22,22,24.5,24.5,0,0,0,0
1782621474,7.100483894,199,0,0,0,0,0,0,0,3920,0,0,0,27,27,27,27,70,70,70,70,70,70,70,70,110,22,22,24.5,24.5,0,0,0,0
1782621474,7.142590523,200,0,0,0,0,0,0,0,3920,0,0,0,27,27,27,27,70,70,70,70,70,70,70,70,110,22,22,24.5,24.5,0,0,0,0
1782621474,7.197883606,202,0,0,0,0,0,0,0,3920,0,0,0,27,27,27,27,70,70,70,70,70,70,70,70,110,22,22,24.5,24.5,0,0,0,0
1782621474,7.253213406,203,0,0,0,0,0,0,0,3920,0,0,0,27,27,27,27,70,70,70,70,70,70,70,70,110,22,22,24.5,24.5,0,0,0,0
1782621474,7.295456886,205,0,0,0,0,0,0,0,3920,0,0,0,27,27,27,27,70,70,70,70,70,70,70,70,110,22,22,24.5,24.5,0,0,0,0
1782621475,7.352300644,206,0,0,0,0,0,0,0,3920,0,0,0,27,27,27,27,70,70,70,70,70,70,70,70,110,22,22,24.5,24.5,0,0,0,0
1782621475,7.394993782,208,0,0,0,0,0,0,0,3920,0,0,0,27,27,27,27,70,70,70,70,70,70,70,70,110,22,22,24.5,24.5,0,0,0,0
1782621475,7.438784122,209,0,0,0,0,0,0,0,3920,0,0,0,27,27,27,27,70,70,70,70,70,70,70,70,110,22,22,24.5,24.5,0,0,0,0
1782621475,7.498073101,211,0,0,0,0,0,0,0,3920,0,0,0,27,27,27,27,70,70,70,70,70,70,70,70,110,22,22,24.5,24.5,0,0,0,0
1782621475,7.54140377,212,0,0,0,0,0,0,0,3920,0,0,0,27,27,27,27,70,70,70,70,70,70,70,70,110,22,22,24.5,24.5,0,0,0,0
1782621475,7.598417282,214,0,0,0,0,0,0,0,3920,0,0,0,27,27,27,27,70,70,70,70,70,70,70,70,110,22,22,24.5,24.5,0,0,0,0
1782621475,7.64118433,215,0,0,0,0,0,0,0,3920,0,0,0,27,27,27,27,70,70,70,70,70,70,70,70,110,22,22,24.5,24.5,0,0,0,0
1782621475,7.697877884,217,0,0,0,0,0,0,0,3920,0,0,0,27,27,27,27,70,70,70,70,70,70,70,70,110,22,22,24.5,24.5,0,0,0,0
1782621475,7.754186153,218,0,0,0,0,0,0,0,3920,0,0,0,27,27,27,27,70,70,70,70,70,70,70,70,110,22,22,24.5,24.5,0,0,0,0
1782621475,7.796863079,220,0,0,0,0,0,0,0,3920,0,0,0,27,27,27,27,70,70,70,70,70,70,70,70,110,22,22,24.5,24.5,0,0,0,0
1782621475,7.839888096,221,0,0,0,0,0,0,0,3920,0,0,0,27,27,27,27,70,70,70,70,70,70,70,70,110,22,22,24.5,24.5,0,0,0,0
1782621475,7.897946358,223,0,0,0,0,0,0,0,3920,0,0,0,27,27,27,27,70,70,70,70,70,70,70,70,110,22,22,24.5,24.5,0,0,0,0
1782621475,7.943268299,224,0,0,0,0,0,0,0,3920,0,0,0,27,27,27,27,70,70,70,70,70,70,70,70,110,22,22,24.5,24.5,0,0,0,0
1782621475,8.002040863,226,0,0,0,0,0,0,0,3920,0,0,0,27,27,27,27,70,70,70,70,70,70,70,70,110,22,22,24.5,24.5,0,0,0,0
1782621475,8.042798042,227,0,0,0,0,0,0,0,3920,0,0,0,27,27,27,27,70,70,70,70,70,70,70,70,110,22,22,24.5,24.5,0,0,0,0
1782621475,8.099087715,229,0,0,0,0,0,0,0,3920,0,0,0,27,27,27,27,70,70,70,70,70,70,70,70,110,22,22,24.5,24.5,0,0,0,0
1782621475,8.144494057,230,0,0,0,0,0,0,0,3920,0,0,0,27,27,27,27,70,70,70,70,70,70,70,70,110,22,22,24.5,24.5,0,0,0,0
1782621475,8.192255974,232,0,0,0,0,0,0,0,3920,0,0,0,27,27,27,27,70,70,70,70,70,70,70,70,110,22,22,24.5,24.5,0,0,0,0
1782621475,8.227739334,233,0,0,0,0,0,0,0,3920,0,0,0,27,27,27,27,70,70,70,70,70,70,70,70,110,22,22,24.5,24.5,0,0,0,0
1782621475,8.299942017,235,0,0,0,0,0,0,0,3920,0,0,0,27,27,27,27,70,70,70,70,70,70,70,70,110,22,22,24.5,24.5,0,0,0,0
1782621476,8.347409248,236,0,0,0,0,0,0,0,3920,0,0,0,27,27,27,27,70,70,70,70,70,70,70,70,110,22,22,24.5,24.5,0,0,0,0
1782621476,8.395215988,238,0,0,0,0,0,0,0,3920,0,0,0,27,27,27,27,70,70,70,70,70,70,70,70,110,22,22,24.5,24.5,0,0,0,0
1782621476,8.441794395,239,0,0,0,0,0,0,0,3920,0,0,0,27,27,27,27,70,70,70,70,70,70,70,70,110,22,22,24.5,24.5,0,0,0,0
1782621476,8.502845764,241,0,0,0,0,0,0,0,3920,0,0,0,27,27,27,27,70,70,70,70,70,70,70,70,110,22,22,24.5,24.5,0,0,0,0
1782621476,8.54911232,242,0,0,0,0,0,0,0,3920,0,0,0,27,27,27,27,70,70,70,70,70,70,70,70,110,22,22,24.5,24.5,0,0,0,0
1782621476,8.594828606,244,0,0,0,0,0,0,0,3920,0,0,0,27,27,27,27,70,70,70,70,70,70,70,70,110,22,22,24.5,24.5,0,0,0,0
1782621476,8.639625549,245,0,0,0,0,0,0,0,3920,0,0,0,27,27,27,27,70,70,70,70,70,70,70,70,110,22,22,24.5,24.5,0,0,0,0
1782621476,8.699076653,247,0,0,0,0,0,0,0,3920,0,0,0,27,27,27,27,70,70,70,70,70,70,70,70,110,22,22,24.5,24.5,0,0,0,0
1782621476,8.743544579,248,0,0,0,0,0,0,0,3920,0,0,0,27,27,27,27,70,70,70,70,70,70,70,70,110,22,22,24.5,24.5,0,0,0,0
1782621476,8.801838875,250,0,0,0,0,0,0,0,3920,0,0,0,27,27,27,27,70,70,70,70,70,70,70,70,110,22,22,24.5,24.5,0,0,0,0
1782621476,8.846987724,251,0,0,0,0,0,0,0,3920,0,0,0,27,27,27,27,70,70,70,70,70,70,70,70,110,22,22,24.5,24.5,0,0,0,0
1782621476,8.892971992,253,0,0,0,0,0,0,0,3920,0,0,0,27,27,27,27,70,70,70,70,70,70,70,70,110,22,22,24.5,24.5,0,0,0,0
1782621476,8.952169418,254,0,0,0,0,0,0,0,3920,0,0,0,27,27,27,27,70,70,70,70,70,70,70,70,110,22,22,24.5,24.5,0,0,0,0
1782621476,8.994984627,256,0,0,0,0,0,0,0,3920,0,0,0,27,27,27,27,70,70,70,70,70,70,70,70,110,22,22,24.5,24.5,0,0,0,0
1782621476,9.051359177,257,0,0,0,0,0,0,0,3920,0,0,0,27,27,27,27,70,70,70,70,70,70,70,70,110,22,22,24.5,24.5,0,0,0,0
1782621476,9.094657898,259,0,0,0,0,0,0,0,4021,0,0,0,27,27,27,27,80,80,80,80,80,80,80,80,110,22,22,24.5,24.5,0,0,0,0
1782621476,9.121042252,260,0,296,0,0,0,0,8,9767,0,0,0,54,54,46,46,80,80,80,80,80,80,80,80,110,22,22,24.5,24.5,0,0,0,0
1782621476,9.153668404,261,0,293,0.097025417,-0.066043735,0,0,8,10620,0,37,0,54,54,46,46,89,89,89,89,89,89,89,89,110,22,22,24.5,24.5,0,0,0,0
1782621476,9.186626434,262,0,293,1,-0.04122106,0,0,7,11696,0,78,0,54,54,46,46,89,89,89,89,89,89,89,89,110,22,22,24.5,24.5,0,0,0,0
1782621476,9.254325867,263,0,294,1,-0.001757125,0,0,8,10891,0,46,0,54,54,46,46,89,89,89,89,89,89,89,89,110,22,22,24.5,24.5,0,0,0,0
1782621477,9.324018478,264,0,295,1,0.007523562,0,0,8,10507,0,33,0,54,54,46,46,89,89,89,89,89,89,89,89,110,22,22,24.5,24.5,0,0,0,0
1782621477,9.384490013,266,0,295,1,0,0,0,8,10516,0,33,0,54,54,46,46,89,89,89,89,89,89,89,89,110,22,22,24.5,24.5,0,0,0,0
1782621477,9.449198723,267,0,296,1,-0.001434687,0,0,8,10547,0,34,0,54,54,46,46,89,89,89,89,89,89,89,89,110,22,22,24.5,24.5,0,0,0,0
1782621477,9.504463196,269,0,297,1,-0.001434687,0,0,8,10584,0,36,0,54,54,46,46,89,89,89,89,89,89,89,89,110,22,22,24.5,24.5,0,0,0,0
1782621477,9.544866562,270,0,297,1,-0.001014477,0,0,8,10598,0,36,0,54,54,46,46,89,89,89,89,89,89,89,89,110,22,22,24.5,24.5,0,0,0,0
1782621477,9.597643852,272,0,298,1,-0.001014477,0,0,8,10609,0,36,0,54,54,46,46,89,89,89,89,89,89,89,89,110,22,22,24.5,24.5,0,0,0,0
1782621477,9.650055885,273,0,298,1,0.001014477,0,0,8,10626,0,37,0,54,54,46,46,89,89,89,89,89,89,89,89,110,22,22,24.5,24.5,0,0,0,0
1782621477,9.702104568,275,0,299,1,0.001434687,0,0,8,10653,0,38,0,54,54,46,46,89,89,89,89,89,89,89,89,110,22,22,24.5,24.5,0,0,0,0
1782621477,9.75332737,276,0,300,1,0.001014477,0,0,8,10671,0,39,0,54,54,46,46,89,89,89,89,89,89,89,89,110,22,22,24.5,24.5,0,0,0,0
1782621477,9.802893639,278,0,300,1,0,0,0,8,10688,0,39,0,54,54,46,46,89,89,89,89,89,89,89,89,110,22,22,24.5,24.5,0,0,0,0
1782621477,9.852412224,279,0,301,1,0,0,0,8,10706,0,40,0,54,54,46,46,89,89,89,89,89,89,89,89,110,22,22,24.5,24.5,0,0,0,0
1782621477,9.903942108,281,0,301,1,0.060488041,0,0,8,10724,0,40,0,54,54,46,46,89,89,89,89,89,89,89,89,110,22,22,24.5,24.5,0,0,0,0
1782621477,9.943024635,282,0,301,1,0.014631006,0,0,8,10736,0,41,0,54,54,46,46,89,89,89,89,89,89,89,89,110,22,22,24.5,24.5,0,0,0,0
1782621477,9.995769501,284,0,302,1,-0.008303851,0,0,8,10752,0,41,0,54,54,46,46,89,89,89,89,89,89,89,89,110,22,22,24.5,24.5,0,0,0,0
1782621477,10.05812931,285,0,303,1,-0.00918648,0,0,8,10778,0,42,0,54,54,46,46,89,89,89,89,89,89,89,89,110,22,22,24.5,24.5,0,0,0,0
1782621477,10.09460545,287,0,303,1,-0.004422002,0,0,8,10790,0,43,0,54,54,46,46,89,89,89,89,89,89,89,89,110,22,22,24.5,24.5,0,0,0,0
1782621477,10.1447916,288,0,303,1,0.001014477,0,0,8,10804,0,43,0,54,54,46,46,89,89,89,89,89,89,89,89,110,22,22,24.5,24.5,0,0,0,0
1782621477,10.19607544,290,0,304,1,0.002869373,0,0,8,10817,0,44,0,54,54,46,46,89,89,89,89,89,89,89,89,110,22,22,24.5,24.5,0,0,0,0
1782621477,10.24716377,291,0,304,1,0.002684053,0,0,8,10834,0,44,0,54,54,46,46,89,89,89,89,89,89,89,89,110,22,22,24.5,24.5,0,0,0,0
1782621477,10.29847813,293,0,305,1,0.001757125,0,0,8,10854,0,45,0,54,54,46,46,89,89,89,89,89,89,89,89,110,22,22,24.5,24.5,0,0,0,0
1782621478,10.34974957,294,0,305,1,0,0,0,8,10873,0,46,0,54,54,46,46,89,89,89,89,89,89,89,89,110,22,22,24.5,24.5,0,0,0,0
1782621478,10.40096664,296,0,306,1,-0.001014477,0,0,8,10888,0,46,0,54,54,46,46,89,89,89,89,89,89,89,89,110,22,22,24.5,24.5,0,0,0,0
1782621478,10.44919395,297,0,306,1,0,0,0,8,10900,0,47,0,54,54,46,46,89,89,89,89,89,89,89,89,110,22,22,24.5,24.5,0,0,0,0
1782621478,10.4976511,299,0,307,1,0,0,0,8,10915,0,47,0,54,54,46,46,89,89,89,89,89,89,89,89,110,22,22,24.5,24.5,0,0,0,0
1782621478,10.54736996,300,0,307,1,-0.001434687,0,0,8,10931,0,48,0,54,54,46,46,89,89,89,89,89,89,89,89,110,22,22,24.5,24.5,0,0,0,0
1782621478,10.59804535,302,0,308,1,0,0,0,8,10948,0,48,0,54,54,46,46,89,89,89,89,89,89,89,89,110,22,22,24.5,24.5,0,0,0,0
1782621478,10.64743614,303,0,308,1,-0.001014477,0,0,8,10964,0,49,0,54,54,46,46,89,89,89,89,89,89,89,89,110,22,22,24.5,24.5,0,0,0,0
1782621478,10.70646286,305,0,309,1,0.001434687,0,0,8,10982,0,50,0,54,54,46,46,89,89,89,89,89,89,89,89,110,22,22,24.5,24.5,0,0,0,0
1782621478,10.74222469,306,0,309,1,0.001014477,0,0,8,10991,0,50,0,54,54,46,46,89,89,89,89,89,89,89,89,110,22,22,24.5,24.5,0,0,0,0
1782621478,10.80491829,308,0,309,1,0,0,0,8,11010,0,51,0,54,54,46,46,89,89,89,89,89,89,89,89,110,22,22,24.5,24.5,0,0,0,0
1782621478,10.85423279,309,0,310,1,0.001757125,0,0,8,11023,0,51,0,54,54,46,46,89,89,89,89,89,89,89,89,110,22,22,24.5,24.5,0,0,0,0
1782621478,10.90314579,311,0,310,1,0.001014477,0,0,8,11036,0,52,0,54,54,46,46,89,89,89,89,89,89,89,89,110,22,22,24.5,24.5,0,0,0,0
1782621478,10.95145226,312,0,310,1,0.001014477,0,0,8,11046,0,52,0,54,54,46,46,89,89,89,89,89,89,89,89,110,22,22,24.5,24.5,0,0,0,0
1782621478,11.00101376,314,0,311,1,0.001434687,0,0,8,11061,0,52,0,54,54,46,46,89,89,89,89,89,89,89,89,110,22,22,24.5,24.5,0,0,0,0
1782621478,11.05182076,315,0,311,1,0.001014477,0,0,8,11075,0,53,0,54,54,46,46,89,89,89,89,89,89,89,89,110,22,22,24.5,24.5,0,0,0,0
1782621478,11.10232544,317,0,312,1,0.001757125,0,0,8,11090,0,53,0,54,54,46,46,89,89,89,89,89,89,89,89,110,22,22,24.5,24.5,0,0,0,0
1782621478,11.15197563,318,0,312,1,0.002028953,0,0,8,11097,0,54,0,54,54,46,46,89,89,89,89,89,89,89,89,110,22,22,24.5,24.5,0,0,0,0
1782621478,11.20050812,320,0,312,1,0.002268439,0,0,8,11110,0,54,0,54,54,46,46,89,89,89,89,89,89,89,89,110,22,22,24.5,24.5,0,0,0,0
1782621478,11.24905872,321,0,313,1,0,0,0,8,11125,0,55,0,54,54,46,46,89,89,89,89,89,89,89,89,110,22,22,24.5,24.5,0,0,0,0
1782621478,11.29888821,323,0,313,1,0.001014477,0,0,8,11140,0,55,0,54,54,46,46,89,89,89,89,89,89,89,89,110,22,22,24.5,24.5,0,0,0,0
1782621479,11.34860897,324,0,313,1,0.001014477,0,0,8,11150,0,56,0,54,54,46,46,89,89,89,89,89,89,89,89,110,22,22,24.5,24.5,0,0,0,0
1782621479,11.39976311,326,0,314,1,0.001757125,0,0,8,11159,0,56,0,54,54,46,46,89,89,89,89,89,89,89,89,110,22,22,24.5,24.5,0,0,0,0
1782621479,11.44893932,327,0,314,1,0.001014477,0,0,8,11170,0,56,0,54,54,46,46,89,89,89,89,89,89,89,89,110,22,22,24.5,24.5,0,0,0,0
1782621479,11.49660969,329,0,314,1,0.002028953,0,0,8,11184,0,57,0,54,54,46,46,89,89,89,89,89,89,89,89,110,22,22,24.5,24.5,0,0,0,0
1782621479,11.54538631,330,0,315,1,0.001434687,0,0,8,11194,0,57,0,54,54,46,46,89,89,89,89,89,89,89,89,110,22,22,24.5,24.5,0,0,0,0
1782621479,11.59715271,332,0,315,1,0.003208057,0,0,8,11205,0,58,0,54,54,46,46,89,89,89,89,89,89,89,89,110,22,22,24.5,24.5,0,0,0,0
1782621479,11.64897633,333,0,315,1,0.001757125,0,0,8,11218,0,58,0,54,54,46,46,89,89,89,89,89,89,89,89,110,22,22,24.5,24.5,0,0,0,0
1782621479,11.69960594,335,0,316,1,0.00351425,0,0,8,11230,0,58,0,54,54,46,46,89,89,89,89,89,89,89,89,110,22,22,24.5,24.5,0,0,0,0
1782621479,11.75994778,336,0,316,1,0.001014477,0,0,8,11241,0,59,0,54,54,46,46,89,89,89,89,89,89,89,89,110,22,22,24.5,24.5,0,0,0,0
1782621479,11.80543518,338,0,316,1,0.001434687,0,0,8,11251,0,59,0,54,54,46,46,89,89,89,89,89,89,89,89,110,22,22,24.5,24.5,0,0,0,0
1782621479,11.85073376,339,0,317,1,-0.001014477,0,0,8,11259,0,59,0,54,54,46,46,89,89,89,89,89,89,89,89,110,22,22,24.5,24.5,0,0,0,0
1782621479,11.908494,341,0,317,1,0.001434687,0,0,8,11273,0,60,0,54,54,46,46,89,89,89,89,89,89,89,89,110,22,22,24.5,24.5,0,0,0,0
1782621479,11.95576286,342,0,317,1,0.00351425,0,0,8,11283,0,60,0,54,54,46,46,89,89,89,89,89,89,89,89,110,22,22,24.5,24.5,0,0,0,0
1782621479,12.00339603,344,0,318,1,0.001014477,0,0,8,11292,0,61,0,54,54,46,46,89,89,89,89,89,89,89,89,110,22,22,24.5,24.5,0,0,0,0
1782621479,12.05002117,345,0,318,1,0,0,0,8,11299,0,61,0,54,54,46,46,89,89,89,89,89,89,89,89,110,22,22,24.5,24.5,0,0,0,0
1782621479,12.10759354,347,0,318,1,0,0,0,8,11312,0,61,0,54,54,46,46,89,89,89,89,89,89,89,89,110,22,22,24.5,24.5,0,0,0,0
1782621479,12.14323139,348,0,318,1,0.001434687,0,0,8,11318,0,62,0,54,54,46,46,89,89,89,89,89,89,89,89,110,22,22,24.5,24.5,0,0,0,0
1782621479,12.20588017,350,0,319,1,0.001014477,0,0,8,11331,0,62,0,54,54,46,46,89,89,89,89,89,89,89,89,110,22,22,24.5,24.5,0,0,0,0
1782621479,12.25480556,351,0,319,1,0,0,0,8,11340,0,62,0,54,54,46,46,89,89,89,89,89,89,89,89,110,22,22,24.5,24.5,0,0,0,0
1782621479,12.3046484,353,0,319,1,0.001434687,0,0,8,11350,0,63,0,54,54,46,46,89,89,89,89,89,89,89,89,110,22,22,24.5,24.5,0,0,0,0
1782621480,12.34393501,354,0,319,1,0,0,0,8,11356,0,63,0,54,54,46,46,89,89,89,89,89,89,89,89,110,22,22,24.5,24.5,0,0,0,0
1782621480,12.39851189,356,0,320,1,0.001434687,0,0,8,11363,0,63,0,54,54,46,46,89,89,89,89,89,89,89,89,110,22,22,24.5,24.5,0,0,0,0
1782621480,12.45220852,357,0,320,1,0,0,0,8,11373,0,64,0,54,54,46,46,89,89,89,89,89,89,89,89,110,22,22,24.5,24.5,0,0,0,0
1782621480,12.49174404,359,0,320,1,0.00248495,0,0,8,11379,0,64,0,54,54,46,46,89,89,89,89,89,89,89,89,110,22,22,24.5,24.5,0,0,0,0
1782621480,12.54524899,360,0,320,1,0,0,0,8,11393,0,64,0,54,54,46,46,89,89,89,89,89,89,89,89,110,22,22,24.5,24.5,0,0,0,0
1782621480,12.59825134,362,0,321,1,0,0,0,8,11400,0,66,0,54,54,46,46,89,89,89,89,89,89,89,89,110,22,22,24.5,24.5,0,0,0,0
1782621480,12.64854717,363,0,321,1,0.001434687,0,0,8,11405,0,66,0,54,54,46,46,89,89,89,89,89,89,89,89,110,22,22,24.5,24.5,0,0,0,0
1782621480,12.69773006,365,0,321,1,0.001434687,0,0,8,11411,0,66,0,54,54,46,46,89,89,89,89,89,89,89,89,110,22,22,24.5,24.5,0,0,0,0
1782621480,12.74797344,366,0,321,1,0.001757125,0,0,8,11420,0,66,0,54,54,46,46,89,89,89,89,89,89,89,89,110,22,22,24.5,24.5,0,0,0,0
1782621480,12.79924488,368,0,322,1,0,0,0,8,11428,0,67,0,54,54,46,46,89,89,89,89,89,89,89,89,110,22,22,24.5,24.5,0,0,0,0
1782621480,12.8395586,369,0,322,1,0.001434687,0,0,8,11435,0,67,0,54,54,46,46,89,89,89,89,89,89,89,89,110,22,22,24.5,24.5,0,0,0,0
1782621480,12.89669991,371,0,322,1,0.001014477,0,0,8,11443,0,67,0,54,54,46,46,89,89,89,89,89,89,89,89,110,22,22,24.5,24.5,0,0,0,0
1782621480,12.95257282,372,0,322,1,0,0,0,8,11454,0,68,0,54,54,46,46,89,89,89,89,89,89,89,89,110,22,22,24.5,24.5,0,0,0,0
1782621480,12.99285698,374,0,322,1,0,0,0,8,11458,0,68,0,54,54,46,46,89,89,89,89,89,89,89,89,110,22,22,24.5,24.5,0,0,0,0
1782621480,13.05614662,375,0,323,1,0,0,0,8,11468,0,68,0,54,54,46,46,89,89,89,89,89,89,89,89,110,22,22,24.5,24.5,0,0,0,0
1782621480,13.10234356,377,0,323,1,0,0,0,8,11475,0,69,0,54,54,46,46,89,89,89,89,89,89,89,89,110,22,22,24.5,24.5,0,0,0,0
1782621480,13.15141582,378,0,323,1,0,0,0,8,11479,0,69,0,54,54,46,46,89,89,89,89,89,89,89,89,110,22,22,24.5,24.5,0,0,0,0
1782621480,13.20063972,380,0,323,1,0,0,0,8,11485,0,69,0,54,54,46,46,89,89,89,89,89,89,89,89,110,22,22,24.5,24.5,0,0,0,0
1782621480,13.25894547,381,0,323,1,0,0,0,8,11494,0,70,0,54,54,46,46,89,89,89,89,89,89,89,89,110,22,22,24.5,24.5,0,0,0,0
1782621480,13.30644798,383,0,324,1,0,0,0,8,11500,0,70,0,54,54,46,46,89,89,89,89,89,89,89,89,110,22,22,24.5,24.5,0,0,0,0
1782621481,13.35418224,384,0,324,1,0.001434687,0,0,8,11506,0,70,0,54,54,46,46,89,89,89,89,89,89,89,89,110,22,22,24.5,24.5,0,0,0,0
1782621481,13.40173626,386,0,324,1,0,0,0,8,11512,0,70,0,54,54,46,46,89,89,89,89,89,89,89,89,110,22,22,24.5,24.5,0,0,0,0
1782621481,13.45075321,387,0,324,1,0.001014477,0,0,8,11520,0,71,0,54,54,46,46,89,89,89,89,89,89,89,89,110,22,22,24.5,24.5,0,0,0,0
1782621481,13.50105286,389,0,324,1,0.001434687,0,0,8,11525,0,71,0,54,54,46,46,89,89,89,89,89,89,89,89,110,22,22,24.5,24.5,0,0,0,0
1782621481,13.55094624,390,0,324,1,0.008548135,0,0,8,11529,0,71,0,54,54,46,46,89,89,89,89,89,89,89,89,110,22,22,24.5,24.5,0,0,0,0
1782621481,13.60064888,392,0,325,1,0.001757125,0,0,8,11535,0,71,0,54,54,46,46,89,89,89,89,89,89,89,89,110,22,22,24.5,24.5,0,0,0,0
1782621481,13.66007614,393,0,325,1,-0.001757125,0,0,8,11544,0,72,0,54,54,46,46,89,89,89,89,89,89,89,89,110,22,22,24.5,24.5,0,0,0,0
1782621481,13.70485115,395,0,325,1,0,0,0,8,11550,0,72,0,54,54,46,46,89,89,89,89,89,89,89,89,110,22,22,24.5,24.5,0,0,0,0
1782621481,13.75140667,396,0,325,1,0,0,0,8,11553,0,72,0,54,54,46,46,89,89,89,89,89,89,89,89,110,22,22,24.5,24.5,0,0,0,0
1782621481,13.80037975,398,0,325,1,0,0,0,8,11559,0,72,0,54,54,46,46,89,89,89,89,89,89,89,89,110,22,22,24.5,24.5,0,0,0,0
1782621481,13.84938717,399,0,325,1,0,0,0,8,11564,0,73,0,54,54,46,46,89,89,89,89,89,89,89,89,110,22,22,24.5,24.5,0,0,0,0
1782621481,13.89732552,401,0,326,1,0,0,0,8,11570,0,73,0,54,54,46,46,89,89,89,89,89,89,89,89,110,22,22,24.5,24.5,0,0,0,0
1782621481,13.94565201,402,0,326,1,-0.001014477,0,0,8,11575,0,73,0,54,54,46,46,89,89,89,89,89,89,89,89,110,22,22,24.5,24.5,0,0,0,0
1782621481,14.00620461,404,0,326,1,0.001014477,0,0,8,11582,0,73,0,54,54,46,46,89,89,89,89,89,89,89,89,110,22,22,24.5,24.5,0,0,0,0
1782621481,14.05356216,405,0,326,1,0,0,0,8,11587,0,73,0,54,54,46,46,89,89,89,89,89,89,89,89,110,22,22,24.5,24.5,0,0,0,0
1782621481,14.10159206,407,0,326,1,-0.001014477,0,0,8,11590,0,74,0,54,54,46,46,89,89,89,89,89,89,89,89,110,22,22,24.5,24.5,0,0,0,0
1782621481,14.14888096,408,0,326,1,0,0,0,8,11596,0,74,0,54,54,46,46,89,89,89,89,89,89,89,89,110,22,22,24.5,24.5,0,0,0,0
1782621481,14.20784664,410,0,327,1,0,0,0,8,11602,0,74,0,54,54,46,46,89,89,89,89,89,89,89,89,110,22,22,24.5,24.5,0,0,0,0
1782621481,14.25622749,411,0,326,0,0,0,0,8,11418,0,66,0,54,54,46,46,89,89,89,89,89,89,89,89,110,22.56066895,22.56066895,25.12438011,25.12438011,0,0,0,0
1782621481,14.30617428,413,0,324,0,0,0,0,8,11366,0,63,0,54,54,46,46,89,89,89,89,89,89,89,89,110,22.56066895,22.56066895,25.12438011,25.12438011,0,0,0,0
1782621482,14.35641289,414,0,323,0,0,0,0,8,11315,0,62,0,54,54,46,46,89,89,89,89,89,89,89,89,110,22.56066895,22.56066895,25.12438011,25.12438011,0,0,0,0
1782621482,14.40684509,416,0,322,0,0,0,0,8,11264,0,60,0,54,54,46,46,89,89,89,89,89,89,89,89,110,22.56066895,22.56066895,25.12438011,25.12438011,0,0,0,0
1782621482,14.45564365,417,0,320,0,0,0,0,8,11213,0,58,0,54,54,46,46,89,89,89,89,89,89,89,89,110,22.56066895,22.56066895,25.12438011,25.12438011,0,0,0,0
1782621482,14.50374985,419,0,319,0,0,0,0,8,11164,0,56,0,54,54,46,46,89,89,89,89,89,89,89,89,110,22.56066895,22.56066895,25.12438011,25.12438011,0,0,0,0
1782621482,14.55290222,420,0,317,0,0,0,0,8,11114,0,54,0,54,54,46,46,89,89,89,89,89,89,89,89,110,22.56066895,22.56066895,25.12438011,25.12438011,0,0,0,0
1782621482,14.60377789,422,0,316,0,0,0,0,8,11065,0,53,0,54,54,46,46,89,89,89,89,89,89,89,89,110,22.56066895,22.56066895,25.12438011,25.12438011,0,0,0,0
1782621482,14.65355778,423,0,314,0,0,0,0,8,11017,0,51,0,54,54,46,46,89,89,89,89,89,89,89,89,110,22.56066895,22.56066895,25.12438011,25.12438011,0,0,0,0
1782621482,14.70211029,425,0,313,0,0,0,0,8,10969,0,49,0,54,54,46,46,89,89,89,89,89,89,89,89,110,22.56066895,22.56066895,25.12438011,25.12438011,0,0,0,0
1782621482,14.75250626,426,0,312,0,0,0,0,8,10921,0,47,0,54,54,46,46,89,89,89,89,89,89,89,89,110,22.56066895,22.56066895,25.12438011,25.12438011,0,0,0,0
1782621482,14.80283737,428,0,310,0,0,0,0,8,10874,0,46,0,54,54,46,46,89,89,89,89,89,89,89,89,110,22.56066895,22.56066895,25.12438011,25.12438011,0,0,0,0
1782621482,14.85143661,429,0,310,0.094117649,0,0,0,8,10853,0,45,0,54,54,46,46,89,89,89,89,89,89,89,89,110,22.56066895,22.56066895,25.12438011,25.12438011,0,0,0,0
1782621482,14.90041924,431,0,308,0.211764708,0,0,0,8,10826,0,44,0,54,54,46,46,89,89,89,89,89,89,89,89,110,22.56066895,22.56066895,25.12438011,25.12438011,0,0,0,0
1782621482,14.95018673,432,0,308,0.627451003,0,0,0,8,10870,0,46,0,54,54,46,46,89,89,89,89,89,89,89,89,110,22.56066895,22.56066895,25.12438011,25.12438011,0,0,0,0
1782621482,14.98975372,434,0,308,0.968627453,0,0,0,8,10946,0,48,0,54,54,46,46,89,89,89,89,89,89,89,89,110,22.56066895,22.56066895,25.12438011,25.12438011,0,0,0,0
1782621482,15.04652309,435,0,308,0.827450991,0,0,0,8,10923,0,48,0,54,54,46,46,89,89,89,89,89,89,89,89,110,22.56066895,22.56066895,25.12438011,25.12438011,0,0,0,0
1782621482,15.10304356,437,0,308,0.772549033,0,0,0,8,10909,0,47,0,54,54,46,46,89,89,89,89,89,89,89,89,110,22.56066895,22.56066895,25.12438011,25.12438011,0,0,0,0
1782621482,15.14435101,438,0,308,0.752941191,0,0,0,8,10901,0,47,0,54,54,46,46,89,89,89,89,89,89,89,89,110,22.56066895,22.56066895,25.12438011,25.12438011,0,0,0,0
1782621482,15.19952774,440,0,308,0.737254918,0,0,0,8,10893,0,46,0,54,54,46,46,89,89,89,89,89,89,89,89,110,22.56066895,22.56066895,25.12438011,25.12438011,0,0,0,0
1782621482,15.24128246,441,0,307,0.694117665,0,0,0,8,10875,0,46,0,54,54,46,46,89,89,89,89,89,89,89,89,110,22.56066895,22.56066895,25.12438011,25.12438011,0,0,0,0
1782621482,15.29602909,443,0,307,0.627451003,0.013282854,0,0,8,10848,0,45,0,54,54,46,46,89,89,89,89,89,89,89,89,110,22.56066895,22.56066895,25.12438011,25.12438011,0,0,0,0
1782621483,15.35033703,444,0,307,0.600000024,0.030336872,0,0,8,10826,0,44,0,54,54,46,46,89,89,89,89,89,89,89,89,110,22.56066895,22.56066895,25.12438011,25.12438011,0,0,0,0
1782621483,15.39259624,446,0,306,0.435294122,0.011843143,0,0,8,10775,0,42,0,54,54,46,46,89,89,89,89,89,89,89,89,110,22.56066895,22.56066895,25.12438011,25.12438011,0,0,0,0
1782621483,15.44780922,447,0,305,0.400000006,0,0,0,8,10743,0,41,0,54,54,46,46,89,89,89,89,89,89,89,89,110,22.56066895,22.56066895,25.12438011,25.12438011,0,0,0,0
1782621483,15.49984455,449,0,304,0.380392164,0,0,0,8,10711,0,40,0,54,54,46,46,89,89,89,89,89,89,89,89,110,22.56066895,22.56066895,25.12438011,25.12438011,0,0,0,0
1782621483,15.5396471,450,0,304,0.360784322,0,0,0,8,10678,0,39,0,54,54,46,46,89,89,89,89,89,89,89,89,110,22.56066895,22.56066895,25.12438011,25.12438011,0,0,0,0
1782621483,15.59676456,452,0,303,0.360784322,0,0,0,8,10649,0,38,0,54,54,46,46,89,89,89,89,89,89,89,89,110,22.56066895,22.56066895,25.12438011,25.12438011,0,0,0,0
1782621483,15.64051151,453,0,302,0.360784322,0,0,0,8,10620,0,37,0,54,54,46,46,89,89,89,89,89,89,89,89,110,22.56066895,22.56066895,25.12438011,25.12438011,0,0,0,0
1782621483,15.69719219,455,0,301,0.360784322,0,0,0,8,10591,0,36,0,54,54,46,46,89,89,89,89,89,89,89,89,110,22.56066895,22.56066895,25.12438011,25.12438011,0,0,0,0
1782621483,15.74996471,456,0,300,0.372549027,0,0,0,8,10564,0,35,0,54,54,46,46,89,89,89,89,89,89,89,89,110,22.56066895,22.56066895,25.12438011,25.12438011,0,0,0,0
1782621483,15.80071735,458,0,299,0.396078438,0,0,0,8,10542,0,34,0,54,54,46,46,89,89,89,89,89,89,89,89,110,22.56066895,22.56066895,25.12438011,25.12438011,0,0,0,0
1782621483,15.85237026,459,0,299,0.670588255,0,0,0,8,10568,0,35,0,54,54,46,46,89,89,89,89,89,89,89,89,110,22.56066895,22.56066895,25.12438011,25.12438011,0,0,0,0
1782621483,15.89315224,461,0,299,0.796078444,0,0,0,8,10597,0,36,0,54,54,46,46,89,89,89,89,89,89,89,89,110,22.56066895,22.56066895,25.12438011,25.12438011,0,0,0,0
1782621483,15.94908524,462,0,299,0.937254906,0,0,0,8,10635,0,37,0,54,54,46,46,89,89,89,89,89,89,89,89,110,22.56066895,22.56066895,25.12438011,25.12438011,0,0,0,0
1782621483,15.99105072,464,0,299,0.945098042,0,0,0,8,10650,0,38,0,54,54,46,46,89,89,89,89,89,89,89,89,110,22.56066895,22.56066895,25.12438011,25.12438011,0,0,0,0
1782621483,16.04842377,465,0,300,1,0,0,0,8,10679,0,39,0,54,54,46,46,89,89,89,89,89,89,89,89,110,22.56066895,22.56066895,25.12438011,25.12438011,0,0,0,0
1782621483,16.09245682,467,0,300,1,0,0,0,8,10697,0,40,0,54,54,46,46,89,89,89,89,89,89,89,89,110,22.56066895,22.56066895,25.12438011,25.12438011,0,0,0,0
1782621483,16.14920235,468,0,301,1,0,0,0,8,10713,0,40,0,54,54,46,46,89,89,89,89,89,89,89,89,110,22.56066895,22.56066895,25.12438011,25.12438011,0,0,0,0
1782621483,16.19210052,470,0,301,1,0,0,0,8,10730,0,41,0,54,54,46,46,89,89,89,89,89,89,89,89,110,22.56066895,22.56066895,25.12438011,25.12438011,0,0,0,0
1782621483,16.25100517,471,0,302,1,0,0,0,8,10748,0,41,0,54,54,46,46,89,89,89,89,89,89,89,89,110,22.56066895,22.56066895,25.12438011,25.12438011,0,0,0,0
1782621483,16.29296684,473,0,302,1,0,0,0,8,10765,0,42,0,54,54,46,46,89,89,89,89,89,89,89,89,110,22.56066895,22.56066895,25.12438011,25.12438011,0,0,0,0
1782621484,16.34965324,474,0,303,1,0,0,0,8,10781,0,43,0,54,54,46,46,89,89,89,89,89,89,89,89,110,22.56066895,22.56066895,25.12438011,25.12438011,0,0,0,0
1782621484,16.39430618,476,0,303,1,0,0,0,8,10798,0,43,0,54,54,46,46,89,89,89,89,89,89,89,89,110,22.56066895,22.56066895,25.12438011,25.12438011,0,0,0,0
1782621484,16.45284653,477,0,304,1,0,0,0,8,10820,0,44,0,54,54,46,46,89,89,89,89,89,89,89,89,110,22.56066895,22.56066895,25.12438011,25.12438011,0,0,0,0
1782621484,16.49555969,479,0,304,1,0,0,0,8,10831,0,44,0,54,54,46,46,89,89,89,89,89,89,89,89,110,22.56066895,22.56066895,25.12438011,25.12438011,0,0,0,0
1782621484,16.53808212,480,0,305,1,0,0,0,8,10846,0,45,0,54,54,46,46,89,89,89,89,89,89,89,89,110,22.56066895,22.56066895,25.12438011,25.12438011,0,0,0,0
1782621484,16.59574318,482,0,305,1,0,0,0,8,10862,0,45,0,54,54,46,46,89,89,89,89,89,89,89,89,110,22.56066895,22.56066895,25.12438011,25.12438011,0,0,0,0
1782621484,16.63924026,483,0,305,1,0,0,0,8,10878,0,46,0,54,54,46,46,89,89,89,89,89,89,89,89,110,22.56066895,22.56066895,25.12438011,25.12438011,0,0,0,0
1782621484,16.69511223,485,0,306,1,0,0,0,8,10893,0,46,0,54,54,46,46,89,89,89,89,89,89,89,89,110,22.56066895,22.56066895,25.12438011,25.12438011,0,0,0,0
1782621484,16.74876785,486,0,306,1,0,0,0,8,10908,0,47,0,54,54,46,46,89,89,89,89,89,89,89,89,110,22.56066895,22.56066895,25.12438011,25.12438011,0,0,0,0
1782621484,16.80223846,488,0,307,1,0,0,0,8,10928,0,48,0,54,54,46,46,89,89,89,89,89,89,89,89,110,22.56066895,22.56066895,25.12438011,25.12438011,0,0,0,0
1782621484,16.8429966,489,0,306,0,0,0,0,8,10734,0,41,0,54,54,46,46,89,89,89,89,89,89,89,89,110,22.56066895,22.56066895,25.12438011,25.12438011,0,0,0,0
1782621484,16.89800453,491,0,305,0,0,0,0,8,10687,0,39,0,54,54,46,46,89,89,89,89,89,89,89,89,110,22.56066895,22.56066895,25.12438011,25.12438011,0,0,0,0
1782621484,16.95113564,492,0,304,0,0,0,0,8,10641,0,38,0,54,54,46,46,89,89,89,89,89,89,89,89,110,22.56066895,22.56066895,25.12438011,25.12438011,0,0,0,0
1782621484,16.9908886,494,0,302,0,0,0,0,8,10596,0,36,0,54,54,46,46,89,89,89,89,89,89,89,89,110,22.56066895,22.56066895,25.12438011,25.12438011,0,0,0,0
1782621484,17.04909515,495,0,301,0,0,0,0,8,10550,0,34,0,54,54,46,46,89,89,89,89,89,89,89,89,110,22.56066895,22.56066895,25.12438011,25.12438011,0,0,0,0
1782621484,17.09432983,497,0,300,0,0,0.002941192,0,8,10504,0,33,0,54,54,46,46,89,89,89,89,89,89,89,89,110,22.56066895,22.56066895,25.12438011,25.12438011,0,0,0,0
1782621484,17.13817596,498,0,298,0,0,0.127669334,0,8,10413,0,28,0,61,61,52,52,89,89,89,89,89,89,89,89,110,22.56066895,22.56066895,25.12438011,25.12438011,0,0,0,0
1782621484,17.19581795,500,0,294,0,0,0.680672348,0,8,10118,0,14,0,101,101,90,89,89,89,89,89,89,89,89,89,110,22.56066895,22.56066895,25.12438011,25.12438011,0,0,0,0
1782621484,17.25047112,501,0,289,0,0,0.69468224,0,8,9923,0,5,0,150,150,135,135,89,89,89,89,89,89,89,89,110,22.56066895,22.56066895,25.12438011,25.12438011,0,0,0,0
1782621484,17.30241013,503,0,282,0,0,0.666820407,0,8,9702,0,0,0,211,210,193,193,89,89,89,89,89,89,89,89,110,22.56066895,22.56066895,25.12438011,25.12438011,0,0,0,0
1782621485,17.34122467,504,0,279,0,0,0.708852589,0,8,9574,0,0,0,240,240,222,222,89,89,89,89,89,89,89,89,110,22.56066895,22.56066895,25.12438011,25.12438011,0,0,0,0
1782621485,17.39440918,506,0,274,0,0,0.728000045,0,7,10722,0,40,0,284,284,264,264,89,89,89,89,89,89,89,89,110,22.56066895,22.56066895,25.12438011,25.12438011,0,0,0,0
1782621485,17.44659233,507,0,269,0,0,0.747442722,0,7,10371,0,26,0,326,326,305,305,89,89,89,89,89,89,89,89,110,22.56066895,22.56066895,25.12438011,25.12438011,0,0,0,0
1782621485,17.49885178,509,0,263,0,0,1,0,7,10000,0,9,0,374,374,355,355,89,89,89,89,89,89,89,89,110,22.56066895,22.56066895,25.12438011,25.12438011,0,0,0,0
1782621485,17.55125427,510,0,256,0,0,1,0,7,9710,0,0,0,420,420,403,403,89,89,89,89,89,89,89,89,110,22.56066895,22.56066895,25.12438011,25.12438011,0,0,0,0
1782621485,17.59156609,512,0,249,0,0,1,0,7,9446,0,0,0,462,462,446,446,89,89,89,89,89,89,89,89,110,22.56066895,22.56066895,25.12438011,25.12438011,0,0,0,0
1782621485,17.64727211,513,0,243,0,0.007102326,1,0,7,9174,0,0,0,500,500,486,485,89,89,89,89,89,89,89,89,110,22.56066895,22.56066895,25.12438011,25.12438011,0,0,0,0
1782621485,17.70238686,515,0,234,0,0.042781748,1,0,6,10405,0,27,0,546,546,533,533,89,89,89,89,89,89,89,89,110,22.56066895,22.56066895,25.12438011,25.12438011,0,0,0,0
1782621485,17.74356079,516,0,230,0,0.066075936,1,0,6,10171,0,17,0,568,568,555,554,89,89,89,89,89,89,89,89,110,22.56066895,22.56066895,25.12438011,25.12438011,0,0,0,0
1782621485,17.7998333,518,0,225,0,0.101397879,1,0,6,9848,0,2,0,597,597,587,585,89,89,89,89,89,89,89,89,110,22.56066895,22.56066895,25.12438011,25.12438011,0,0,0,0
1782621485,17.84381866,519,0,219,0,0.1370226,1,0,6,9599,0,0,0,625,624,615,612,89,89,89,89,89,89,89,89,110,22.56066895,22.56066895,25.12438011,25.12438011,0,0,0,0
1782621485,17.88908005,521,0,213,0,0.171953633,1,0,6,9367,0,0,0,650,649,642,638,89,89,89,89,89,89,89,89,110,22.56066895,22.56066895,25.12438011,25.12438011,0,0,0,0
1782621485,17.9458065,522,0,209,0,0.206298038,1,0,6,9240,0,0,0,673,672,666,662,89,89,89,89,89,89,89,89,110,22.56066895,22.56066895,25.12438011,25.12438011,0,0,0,0
1782621485,17.98759079,524,0,205,0,0.240104452,1,0,5,10745,0,41,0,695,694,689,684,89,89,89,89,89,89,89,89,110,22.56066895,22.56066895,25.12438011,25.12438011,0,0,0,0
1782621485,18.0440979,525,0,202,0,0.273320317,1,0,5,10351,0,25,0,716,714,710,704,89,89,89,89,89,89,89,89,110,22.56066895,22.56066895,25.12438011,25.12438011,0,0,0,0
1782621485,18.09885597,527,0,198,0,0.305790484,1,0,5,10052,0,11,0,735,732,730,723,89,89,89,89,89,89,89,89,110,22.56066895,22.56066895,25.12438011,25.12438011,0,0,0,0
1782621485,18.15258217,528,0,192,0,0.347982645,1,0,5,9794,0,0,0,758,755,753,746,89,89,89,89,89,89,89,89,110,22.56066895,22.56066895,25.12438011,25.12438011,0,0,0,0
1782621485,18.19194031,530,0,190,0,0.368605077,1,0,5,9635,0,0,0,768,765,764,756,89,89,89,89,89,89,89,89,110,22.56066895,22.56066895,25.12438011,25.12438011,0,0,0,0
1782621485,18.24786758,531,0,185,0,0.398984879,1,0,5,9425,0,0,0,783,780,780,771,89,89,89,89,89,89,89,89,110,22.56066895,22.56066895,25.12438011,25.12438011,0,0,0,0
1782621485,18.30414391,533,0,180,0,0.438502401,1,0,5,9098,0,0,0,802,798,799,790,89,89,89,89,89,89,89,89,110,22.56066895,22.56066895,25.12438011,25.12438011,0,0,0,0
1782621486,18.34479713,534,0,177,0,0.457826644,1,0,5,8908,0,0,0,810,806,807,798,89,89,89,89,89,89,89,89,110,22.56066895,22.56066895,25.12438011,25.12438011,0,0,0,0
1782621486,18.3868618,536,0,173,0,0.486262411,1,0,4,10451,0,29,0,822,818,820,810,89,89,89,89,89,89,89,89,110,22.56066895,22.56066895,25.12438011,25.12438011,0,0,0,0
1782621486,18.45561981,537,0,169,0,0.522948265,1,0,4,9955,0,7,0,838,833,835,825,89,89,89,89,89,89,89,89,110,22.56066895,22.56066895,25.12438011,25.12438011,0,0,0,0
1782621486,18.49350357,539,0,166,0,0.540740311,1,0,4,9750,0,0,0,845,840,842,832,89,89,89,89,89,89,89,89,110,22.56066895,22.56066895,25.12438011,25.12438011,0,0,0,0
1782621486,18.54480362,540,0,162,0,0.566899776,1,0,4,9437,0,0,0,854,850,851,841,89,89,89,89,89,89,89,89,110,22.56066895,22.56066895,25.12438011,25.12438011,0,0,0,0
1782621486,18.59692955,542,0,158,0,0.576339245,1,0,4,9258,0,0,0,863,859,861,851,89,89,89,89,89,89,89,89,110,22.56066895,22.56066895,25.12438011,25.12438011,0,0,0,0
1782621486,18.64929771,543,0,154,0,0.5817765,1,0,4,9060,0,0,0,872,867,869,859,89,89,89,89,89,89,89,89,110,22.56066895,22.56066895,25.12438011,25.12438011,0,0,0,0
1782621486,18.70126915,545,0,150,0,0.586369455,1,0,4,8867,0,0,0,880,875,877,867,89,89,89,89,89,89,89,89,110,22.56066895,22.56066895,25.12438011,25.12438011,0,0,0,0
1782621486,18.75339699,546,0,146,0,0.590858221,1,0,4,8519,0,0,0,890,885,887,877,89,89,89,89,89,89,89,89,110,22.56066895,22.56066895,25.12438011,25.12438011,0,0,0,0
1782621486,18.79198837,548,0,143,0,0.591903806,1,0,4,8353,0,0,0,894,889,891,882,89,89,89,89,89,89,89,89,110,22.56066895,22.56066895,25.12438011,25.12438011,10,0,0,0
1782621486,18.8449955,549,0,140,0,0.59452641,1,0,4,8046,0,0,0,900,895,898,888,89,89,89,89,89,89,89,89,110,22.56066895,22.56066895,25.12438011,25.12438011,0,0,0,0
1782621486,18.89653969,551,0,136,0,0.598845184,1,0,3,9180,0,0,0,906,901,903,894,89,89,89,89,89,89,89,89,110,22.56066895,22.56066895,25.12438011,25.12438011,0,0,0,0
1782621486,18.94649315,552,0,134,0,0.601687908,1,0,3,9586,0,0,0,912,907,908,899,89,89,89,89,89,89,89,89,110,22.56066895,22.56066895,25.12438011,25.12438011,0,0,0,0
1782621486,18.99992943,554,0,131,0,0.599074006,1,0,3,9094,0,0,0,917,912,913,904,89,89,89,89,89,89,89,89,110,22.56066895,22.56066895,25.12438011,25.12438011,0,0,0,0
1782621486,19.04209518,555,0,128,0,0.600149155,1,0,3,8746,0,0,0,922,917,918,909,89,89,89,89,89,89,89,89,110,22.56066895,22.56066895,25.12438011,25.12438011,0,0,0,0
1782621486,19.09706879,557,0,125,0,0.60127902,1,0,3,8554,0,0,0,926,921,922,914,89,89,89,89,89,89,89,89,110,22.56066895,22.56066895,25.12438011,25.12438011,0,0,0,0
1782621486,19.15214348,558,0,120,0,0.603792787,1,0,3,8236,0,0,0,931,926,928,919,89,89,89,89,89,89,89,89,110,22.56066895,22.56066895,25.12438011,25.12438011,0,0,0,0
1782621486,19.19351196,560,0,118,0,0.605126739,1,0,3,8158,0,0,0,934,929,930,922,89,89,89,89,89,89,89,89,110,22.56066895,22.56066895,25.12438011,25.12438011,0,0,0,0
1782621486,19.24633026,561,0,115,0,0.608201265,1,0,3,7883,0,0,0,938,932,934,926,89,89,89,89,89,89,89,89,110,22.56066895,22.56066895,25.12438011,25.12438011,0,0,0,0
1782621486,19.2988224,563,0,112,0,0.616820514,1,0,3,7621,0,0,0,941,936,937,930,89,89,89,89,89,89,89,89,110,22.56066895,22.56066895,25.12438011,25.12438011,0,0,0,0
1782621487,19.35223198,564,0,107,0,0.631540358,1,0,3,7313,0,0,0,945,940,942,934,89,89,89,89,89,89,89,89,110,22.56066895,22.56066895,25.12438011,25.12438011,0,0,0,0
1782621487,19.39304161,566,0,105,0,0.639686465,1,0,3,7102,0,0,0,947,942,944,936,89,89,89,89,89,89,89,89,110,22.56066895,22.56066895,25.12438011,25.12438011,0,0,0,0
1782621487,19.4468441,567,0,102,0,0.652039468,1,0,3,6902,0,0,0,950,945,947,939,89,89,89,89,89,89,89,89,110,22.56066895,22.56066895,25.12438011,25.12438011,0,0,0,0
1782621487,19.49855995,569,0,99,0,0.667082667,1,0,3,7027,0,0,0,953,947,949,942,89,89,89,89,89,89,89,89,110,22.56066895,22.56066895,25.12438011,25.12438011,0,0,0,0
1782621487,19.55114174,570,0,96,0,0.68081665,1,0,2,8805,0,0,0,956,950,952,945,89,89,89,89,89,89,89,89,110,22.56066895,22.56066895,25.12438011,25.12438011,0,0,0,0
1782621487,19.59077835,572,0,94,0,0.684833288,1,0,2,8138,0,0,0,958,953,955,947,89,89,89,89,89,89,89,89,110,22.56066895,22.56066895,25.12438011,25.12438011,0,0,0,0
1782621487,19.64308357,573,0,91,0,0.698103905,1,0,2,7803,0,0,0,961,955,957,949,89,89,89,89,89,89,89,89,110,22.56066895,22.56066895,25.12438011,25.12438011,0,0,0,0
1782621487,19.69345474,575,0,89,0,0.713558018,0.158126995,0,2,7790,0,0,0,961,955,957,950,89,89,89,89,89,89,89,89,110,22.56066895,22.56066895,25.12438011,25.12438011,0,0,0,0
1782621487,19.74469376,576,0,87,0,0.720924795,0,0,2,7691,0,0,0,959,953,956,948,89,89,89,89,89,89,89,89,110,22.56066895,22.56066895,25.12438011,25.12438011,0,0,0,0
1782621487,19.7998333,578,0,86,0,0.723483324,0,0,2,7612,0,0,0,957,952,955,947,89,89,89,89,89,89,89,89,110,22.56066895,22.56066895,25.12438011,25.12438011,0,0,0,0
1782621487,19.8418541,579,0,86,0.211764708,0.572680295,0,0,2,7655,0,0,0,955,950,953,945,89,89,89,89,89,89,89,89,110,22.56066895,22.56066895,25.12438011,25.12438011,0,0,10,0
1782621487,19.89525795,581,0,86,1,0.436072916,0,0,2,8241,0,0,0,954,948,952,944,89,89,89,89,89,89,89,89,110,22.56066895,22.56066895,25.12438011,25.12438011,0,0,0,0
1782621487,19.94671249,582,0,88,1,0.316193521,0,0,2,8482,0,0,0,952,946,950,942,89,89,89,89,89,89,89,89,110,22.56066895,22.56066895,25.12438011,25.12438011,10,0,0,0
1782621487,19.98742485,584,0,89,1,0.211173251,0,0,2,8389,0,0,0,950,944,949,941,89,89,89,89,89,89,89,89,110,22.56066895,22.56066895,25.12438011,25.12438011,0,0,0,0
1782621487,20.04385376,585,0,90,1,0.118920475,0,0,2,9111,0,0,0,948,942,947,939,89,89,89,89,89,89,89,89,110,22.56066895,22.56066895,25.12438011,25.12438011,0,0,0,0
1782621487,20.09755898,587,0,92,1,0.078261107,0,0,2,8506,0,0,0,947,941,946,938,89,89,89,89,89,89,89,89,110,22.56066895,22.56066895,25.12438011,25.12438011,0,0,0,0
1782621487,20.15099525,588,0,94,1,0.114076212,0,0,2,8918,0,0,0,945,939,944,936,89,89,89,89,89,89,89,89,110,22.56066895,22.56066895,25.12438011,25.12438011,0,0,0,0
1782621487,20.19216919,590,0,96,1,0.073599003,0,0,2,9418,0,0,0,943,937,942,934,89,89,89,89,89,89,89,89,110,22.56066895,22.56066895,25.12438011,25.12438011,0,0,0,0
1782621487,20.24514008,591,0,98,1,0.004015027,0,0,2,9848,0,2,0,941,935,941,933,89,89,89,89,89,89,89,89,110,22.56066895,22.56066895,25.12438011,25.12438011,0,0,0,0
1782621487,20.29683304,593,0,101,1,0,0,0,2,10269,0,21,0,939,933,939,931,89,89,89,89,89,89,89,89,110,22.56066895,22.56066895,25.12438011,25.12438011,0,0,0,0
1782621488,20.35168266,594,0,103,1,0,0,0,2,10244,0,20,0,937,931,937,929,89,89,89,89,89,89,89,89,110,22.56066895,22.56066895,25.12438011,25.12438011,0,0,0,0
1782621488,20.39249039,596,0,106,1,0,0,0,2,9821,0,0,0,934,928,936,928,89,89,89,89,89,89,89,89,110,22.56066895,22.56066895,25.12438011,25.12438011,0,0,0,0
1782621488,20.44549561,597,0,108,1,0.009321234,0,0,2,10307,0,23,0,932,926,934,926,89,89,89,89,89,89,89,89,110,22.56066895,22.56066895,25.12438011,25.12438011,0,0,0,0
1782621488,20.49857712,599,0,111,1,0.046050832,0,0,2,10737,0,41,0,930,924,932,924,89,89,89,89,89,89,89,89,110,22.56066895,22.56066895,25.12438011,25.12438011,0,0,0,0
1782621488,20.55313873,600,0,114,1,0.103950448,0,0,2,11160,0,56,0,927,921,930,922,89,89,89,89,89,89,89,89,110,22.56066895,22.56066895,25.12438011,25.12438011,0,0,0,0
1782621488,20.59434128,602,0,116,1,0.131152987,0,0,2,11369,0,63,0,926,920,928,920,89,89,89,89,89,89,89,89,110,22.56066895,22.56066895,25.12438011,25.12438011,0,0,0,0
1782621488,20.64979362,603,0,118,1,0.135701075,0,0,2,11260,0,60,0,923,917,926,918,89,89,89,89,89,89,89,89,110,22.56066895,22.56066895,25.12438011,25.12438011,0,0,0,0
1782621488,20.69169998,605,0,120,1,0.073364586,0,0,3,9668,0,0,0,921,915,924,917,89,89,89,89,89,89,89,89,110,22.56066895,22.56066895,25.12438011,25.12438011,0,0,0,0
1782621488,20.7489357,606,0,122,1,0.018746126,0,0,3,8948,0,0,0,919,913,923,915,89,89,89,89,89,89,89,89,110,22.56066895,22.56066895,25.12438011,25.12438011,0,0,0,0
1782621488,20.79430771,608,0,124,1,0,0,0,3,9288,0,0,0,917,910,921,913,89,89,89,89,89,89,89,89,110,22.56066895,22.56066895,25.12438011,25.12438011,0,0,0,0
1782621488,20.84022331,609,0,126,1,0,0,0,3,9547,0,0,0,914,908,919,911,89,89,89,89,89,89,89,89,110,22.56066895,22.56066895,25.12438011,25.12438011,0,0,0,0
1782621488,20.9002018,611,0,128,1,0,0,0,3,9707,0,0,0,912,906,917,909,89,89,89,89,89,89,89,89,110,22.56066895,22.56066895,25.12438011,25.12438011,0,0,0,0
1782621488,20.94395638,612,0,130,1,0,0,0,3,9883,0,3,0,910,903,915,907,89,89,89,89,89,89,89,89,110,22.56066895,22.56066895,25.12438011,25.12438011,0,0,0,0
1782621488,21.00191689,614,0,133,1,0,0,0,3,10083,0,12,0,907,901,913,905,89,89,89,89,89,89,89,89,110,22.56066895,22.56066895,25.12438011,25.12438011,0,0,0,0
1782621488,21.04354477,615,0,135,1,0,0,0,3,10257,0,20,0,905,898,911,903,89,89,89,89,89,89,89,89,110,22.56066895,22.56066895,25.12438011,25.12438011,0,0,0,0
1782621488,21.09740639,617,0,138,1,0,0,0,3,10436,0,29,0,902,896,908,900,89,89,89,89,89,89,89,89,110,22.56066895,22.56066895,25.12438011,25.12438011,0,0,0,0
1782621488,21.15123177,618,0,140,1,0.000616453,0,0,3,10600,0,36,0,900,893,906,898,89,89,89,89,89,89,89,89,110,22.56066895,22.56066895,25.12438011,25.12438011,0,0,0,0
1782621488,21.19168472,620,0,142,1,0.030746002,0,0,3,10754,0,42,0,897,891,904,896,89,89,89,89,89,89,89,89,110,22.56066895,22.56066895,25.12438011,25.12438011,0,0,0,0
1782621488,21.24552536,621,0,145,1,0.056162052,0,0,3,10897,0,47,0,894,888,902,894,89,89,89,89,89,89,89,89,110,22.56066895,22.56066895,25.12438011,25.12438011,0,0,0,0
1782621488,21.29717064,623,0,147,1,0.089777045,0,0,3,11062,0,53,0,892,886,900,892,89,89,89,89,89,89,89,89,110,22.56066895,22.56066895,25.12438011,25.12438011,0,0,0,0
1782621489,21.34841919,624,0,149,1,0.121124767,0,0,3,11219,0,58,0,889,883,898,890,89,89,89,89,89,89,89,89,110,22.56066895,22.56066895,25.12438011,25.12438011,0,0,0,0
1782621489,21.40072441,626,0,151,1,0.119436838,0,0,3,11385,0,64,0,886,880,895,887,89,89,89,89,89,89,89,89,110,22.56066895,22.56066895,25.12438011,25.12438011,0,0,0,0
1782621489,21.44113541,627,0,153,1,0.067099169,0,0,3,11508,0,70,0,884,878,893,885,89,89,89,89,89,89,89,89,110,22.56066895,22.56066895,25.12438011,25.12438011,0,0,0,0
1782621489,21.49427223,629,0,155,1,0.021234851,0,0,3,11627,0,75,0,882,875,891,883,89,89,89,89,89,89,89,89,110,22.56066895,22.56066895,25.12438011,25.12438011,0,0,0,0
1782621489,21.55624199,630,0,158,1,0,0,0,4,10360,0,25,0,878,871,889,880,89,89,89,89,89,89,89,89,110,22.56066895,22.56066895,25.12438011,25.12438011,0,0,0,0
1782621489,21.59439468,632,0,160,1,0,0,0,4,10203,0,18,0,877,870,887,878,89,89,89,89,89,89,89,89,110,22.56066895,22.56066895,25.12438011,25.12438011,0,0,0,0
1782621489,21.64588737,633,0,162,1,0,0,0,4,10227,0,19,0,874,867,885,876,89,89,89,89,89,89,89,89,110,22.56066895,22.56066895,25.12438011,25.12438011,0,0,0,0
1782621489,21.69607162,635,0,164,1,0.006387213,0,0,4,10365,0,25,0,871,864,882,874,89,89,89,89,89,89,89,89,110,22.56066895,22.56066895,25.12438011,25.12438011,0,0,0,0
1782621489,21.74610901,636,0,167,1,0.027401298,0,0,4,10493,0,31,0,868,861,880,871,89,89,89,89,89,89,89,89,110,22.56066895,22.56066895,25.12438011,25.12438011,0,0,0,0
1782621489,21.79722214,638,0,169,1,0.06043778,0,0,4,10633,0,37,0,865,858,878,869,89,89,89,89,89,89,89,89,110,22.56066895,22.56066895,25.12438011,25.12438011,0,0,0,0
1782621489,21.84869003,639,0,171,1,0.091406025,0,0,4,10769,0,42,0,863,856,875,867,89,89,89,89,89,89,89,89,110,22.56066895,22.56066895,25.12438011,25.12438011,0,0,0,0
1782621489,21.89835167,641,0,172,1,0.120224059,0,0,4,10908,0,47,0,860,853,873,864,89,89,89,89,89,89,89,89,110,22.56066895,22.56066895,25.12438011,25.12438011,0,0,0,0
1782621489,21.94716454,642,0,174,1,0.146934316,0,0,4,11049,0,52,0,857,850,870,862,89,89,89,89,89,89,89,89,110,22.56066895,22.56066895,25.12438011,25.12438011,0,0,0,0
1782621489,21.99910545,644,0,176,1,0.172153026,0,0,4,11182,0,57,0,854,847,868,860,89,89,89,89,89,89,89,89,110,22.56066895,22.56066895,25.12438011,25.12438011,0,0,0,0
1782621489,22.05268097,645,0,178,1,0.205321893,0,0,4,11343,0,62,0,851,843,865,856,89,89,89,89,89,89,89,89,110,22.56066895,22.56066895,25.12438011,25.12438011,0,0,0,0
1782621489,22.09257889,647,0,179,1,0.221774936,0,0,4,11416,0,66,0,850,842,864,855,89,89,89,89,89,89,89,89,110,22.56066895,22.56066895,25.12438011,25.12438011,0,0,0,0
1782621489,22.14500618,648,0,180,1,0.246322319,0,0,4,11522,0,71,0,848,839,862,852,89,89,89,89,89,89,89,89,110,22.56066895,22.56066895,25.12438011,25.12438011,0,0,0,0
1782621489,22.19781685,650,0,181,1,0.27031976,0,0,4,11601,0,74,0,846,836,861,850,89,89,89,89,89,89,89,89,110,22.56066895,22.56066895,25.12438011,25.12438011,0,0,0,0
1782621489,22.25069427,651,0,182,1,0.29362011,0,0,4,11655,0,76,0,844,833,859,847,89,89,89,89,89,89,89,89,110,22.56066895,22.56066895,25.12438011,25.12438011,0,0,0,0
1782621489,22.30160332,653,0,183,1,0.316206068,0,0,4,11743,0,80,0,842,830,857,845,89,89,89,89,89,89,89,89,110,22.56066895,22.56066895,25.12438011,25.12438011,0,0,0,0
1782621490,22.35115433,654,0,184,1,0.33808887,0,0,4,11803,0,83,0,839,827,855,843,89,89,89,89,89,89,89,89,110,22.56066895,22.56066895,25.12438011,25.12438011,0,0,0,0
1782621490,22.40089035,656,0,185,1,0.359251082,0,0,4,11902,0,87,0,836,824,853,840,89,89,89,89,89,89,89,89,110,22.56066895,22.56066895,25.12438011,25.12438011,0,0,10,0
1782621490,22.4520607,657,0,186,1,0.35586077,0,0,4,12056,0,93,0,834,821,850,837,89,89,89,89,89,89,89,89,110,22.56066895,22.56066895,25.12438011,25.12438011,0,0,0,0
1782621490,22.50226593,659,0,186,1,0.289122939,0,0,4,11622,0,75,0,832,818,848,835,89,89,89,89,89,89,89,89,110,22.56066895,22.56066895,25.12438011,25.12438011,0,0,0,0
1782621490,22.5504055,660,0,186,1,0.247065276,0,0,4,11725,0,79,0,830,816,847,833,89,89,89,89,89,89,89,89,110,22.56066895,22.56066895,25.12438011,25.12438011,0,0,0,0
1782621490,22.6003933,662,0,186,1,0.248022035,0,0,4,11999,0,91,0,828,813,845,831,89,89,89,89,89,89,89,89,110,22.56066895,22.56066895,25.12438011,25.12438011,0,0,0,0
1782621490,22.64989471,663,0,187,1,0.27424261,0,0,4,12077,0,94,0,826,810,843,828,89,89,89,89,89,89,89,89,110,22.56066895,22.56066895,25.12438011,25.12438011,0,0,0,0
1782621490,22.69937897,665,0,187,1,0.299326032,0,0,4,12149,0,0,0,823,807,840,826,89,89,89,89,89,89,89,89,110,22.56066895,22.56066895,25.12438011,25.12438011,0,0,0,0
1782621490,22.75048828,666,0,188,1,0.323303968,0,0,4,12215,0,100,0,820,805,838,823,89,89,89,89,89,89,89,89,110,22.56066895,22.56066895,25.12438011,25.12438011,0,0,0,0
1782621490,22.79046822,668,0,189,1,0.346230358,0,0,4,12235,0,0,0,817,802,836,821,89,89,89,89,89,89,89,89,110,22.56066895,22.56066895,25.12438011,25.12438011,0,0,0,0
1782621490,22.8457737,669,0,190,1,0.368242592,0,0,4,12284,0,100,0,814,799,833,819,89,89,89,89,89,89,89,89,110,22.56066895,22.56066895,25.12438011,25.12438011,0,0,0,0
1782621490,22.90042686,671,0,191,1,0.389399737,0,0,4,12341,0,100,0,811,796,831,816,89,89,89,89,89,89,89,89,110,22.56066895,22.56066895,25.12438011,25.12438011,0,10,0,0
1782621490,22.95290565,672,0,191,1,0.416247576,0,0,4,11860,0,85,0,807,792,827,813,89,89,89,89,89,89,89,89,110,22.56066895,22.56066895,25.12438011,25.12438011,0,10,0,0
1782621490,22.99190331,674,0,191,1,0.429223895,0,0,4,12061,0,94,0,806,791,826,811,89,89,89,89,89,89,89,89,110,22.56066895,22.56066895,25.12438011,25.12438011,0,10,0,0
1782621490,23.04669952,675,0,191,1,0.438784093,0,0,4,12383,0,100,0,803,788,823,809,89,89,89,89,89,89,89,89,110,22.56066895,22.56066895,25.12438011,25.12438011,0,10,0,0
1782621490,23.09207344,677,0,191,1,0.439879179,0,0,4,12098,0,95,0,800,785,821,807,89,89,89,89,89,89,89,89,110,22.56066895,22.56066895,25.12438011,25.12438011,0,10,0,0
1782621490,23.13979912,678,0,191,1,0.426960021,0,0,4,11925,0,88,0,797,782,819,804,89,89,89,89,89,89,89,89,110,22.56066895,22.56066895,25.12438011,25.12438011,0,0,0,0
1782621490,23.18764687,680,0,191,0,0.345436364,0,0,4,11795,0,82,0,795,779,816,802,89,89,89,89,89,89,89,89,110,22.56066895,22.56066895,25.12438011,25.12438011,0,0,0,0
1782621490,23.24405289,681,0,190,0,0.272253841,0,0,4,11468,0,68,0,792,777,814,799,89,89,89,89,89,89,89,89,110,22.56066895,22.56066895,25.12438011,25.12438011,0,0,0,0
1782621490,23.30069351,683,0,188,0,0.204548523,0,0,4,11378,0,64,0,789,774,812,797,89,89,89,89,89,89,89,89,110,22.56066895,22.56066895,25.12438011,25.12438011,0,0,0,0
1782621491,23.34281158,684,0,187,0,0.144131213,0,0,4,11303,0,61,0,786,771,809,795,89,89,89,89,89,89,89,89,110,22.56066895,22.56066895,25.12438011,25.12438011,0,0,0,0
1782621491,23.39839554,686,0,186,0,0.148455843,0,0,4,11237,0,59,0,784,769,807,793,89,89,89,89,89,89,89,89,110,22.56066895,22.56066895,25.12438011,25.12438011,0,0,0,0
1782621491,23.45328903,687,0,185,0,0.19117038,0,0,4,11152,0,56,0,780,765,804,789,89,89,89,89,89,89,89,89,110,22.56066895,22.56066895,25.12438011,25.12438011,0,0,0,0
1782621491,23.49311638,689,0,184,0,0.211034149,0,0,4,11110,0,54,0,778,763,802,788,89,89,89,89,89,89,89,89,110,22.56066895,22.56066895,25.12438011,25.12438011,10,0,0,0
1782621491,23.5481472,690,0,183,0,0.206842154,0,0,4,11036,0,52,0,776,761,800,786,89,89,89,89,89,89,89,89,110,22.56066895,22.56066895,25.12438011,25.12438011,0,0,0,0
1782621491,23.59048653,692,0,181,0,0.142519683,0,0,4,10936,0,48,0,775,758,799,783,89,89,89,89,89,89,89,89,110,22.56066895,22.56066895,25.12438011,25.12438011,0,0,0,0
1782621491,23.64567947,693,0,180,0,0.084262282,0,0,4,10857,0,45,0,774,756,798,781,89,89,89,89,89,89,89,89,110,22.56066895,22.56066895,25.12438011,25.12438011,0,0,0,0
1782621491,23.69741249,695,0,179,0,0.032016113,0,0,4,10793,0,43,0,772,753,797,779,89,89,89,89,89,89,89,89,110,22.56066895,22.56066895,25.12438011,25.12438011,0,0,0,0
1782621491,23.74740601,696,0,178,0,0,0,0,4,10747,0,41,0,770,750,795,777,89,89,89,89,89,89,89,89,110,22.56066895,22.56066895,25.12438011,25.12438011,0,0,0,0
1782621491,23.79937744,698,0,177,0.050980393,0,0,0,4,10717,0,40,0,767,748,793,775,89,89,89,89,89,89,89,89,110,22.56066895,22.56066895,25.12438011,25.12438011,0,0,0,0
1782621491,23.85122299,699,0,177,0.36470589,0,0,0,4,10785,0,43,0,765,745,790,773,89,89,89,89,89,89,89,89,110,22.56066895,22.56066895,25.12438011,25.12438011,0,0,0,0
1782621491,23.902071,701,0,179,1,0,0,0,4,11239,0,59,0,761,742,787,770,89,89,89,89,89,89,89,89,110,22.56066895,22.56066895,25.12438011,25.12438011,0,0,0,0
1782621491,23.95139885,702,0,180,1,0,0,0,4,11303,0,61,0,760,740,786,768,89,89,89,89,89,89,89,89,110,22.56066895,22.56066895,25.12438011,25.12438011,0,0,0,0
1782621491,24.00144005,704,0,182,1,0,0,0,4,11401,0,66,0,757,738,784,766,89,89,89,89,89,89,89,89,110,22.56066895,22.56066895,25.12438011,25.12438011,0,0,0,0
1782621491,24.05342293,705,0,184,1,0,0,0,4,11548,0,72,0,753,735,781,763,89,89,89,89,89,89,89,89,110,22.56066895,22.56066895,25.12438011,25.12438011,0,0,0,0
1782621491,24.10252953,707,0,186,1,0,0,0,4,11677,0,77,0,751,732,778,761,89,89,89,89,89,89,89,89,110,22.56066895,22.56066895,25.12438011,25.12438011,0,0,0,0
1782621491,24.14990234,708,0,187,1,0,0,0,4,11755,0,81,0,749,730,777,759,89,89,89,89,89,89,89,89,110,22.56066895,22.56066895,25.12438011,25.12438011,0,0,0,0
1782621491,24.19908524,710,0,189,1,0,0,0,4,11847,0,85,0,747,728,775,757,89,89,89,89,89,89,89,89,110,22.56066895,22.56066895,25.12438011,25.12438011,0,0,0,0
1782621491,24.24923325,711,0,191,1,0,0,0,4,11941,0,89,0,744,725,772,755,89,89,89,89,89,89,89,89,110,22.56066895,22.56066895,25.12438011,25.12438011,0,0,0,0
1782621491,24.29966736,713,0,193,1,0,0,0,4,12043,0,93,0,741,723,770,753,89,89,89,89,89,89,89,89,110,22.56066895,22.56066895,25.12438011,25.12438011,0,0,0,0
1782621492,24.34929657,714,0,195,1,0,0,0,5,10691,0,39,0,739,720,768,751,89,89,89,89,89,89,89,89,110,22.56066895,22.56066895,25.12438011,25.12438011,0,0,0,0
1782621492,24.39929962,716,0,197,1,0,0,0,5,10623,0,37,0,736,718,765,748,89,89,89,89,89,89,89,89,110,22.56066895,22.56066895,25.12438011,25.12438011,0,0,0,0
1782621492,24.45091248,717,0,199,1,0,0,0,5,10729,0,41,0,733,715,763,746,89,89,89,89,89,89,89,89,110,22.56066895,22.56066895,25.12438011,25.12438011,0,0,0,0
1782621492,24.50128174,719,0,200,1,0.004381269,0,0,5,10822,0,44,0,731,712,761,744,89,89,89,89,89,89,89,89,110,22.56066895,22.56066895,25.12438011,25.12438011,0,0,0,0
1782621492,24.55003548,720,0,202,1,0.023284096,0,0,5,10908,0,47,0,728,710,759,742,89,89,89,89,89,89,89,89,110,22.56066895,22.56066895,25.12438011,25.12438011,0,0,0,0
1782621492,24.60082054,722,0,204,1,0.041989829,0,0,5,10997,0,50,0,725,707,756,739,89,89,89,89,89,89,89,89,110,22.56066895,22.56066895,25.12438011,25.12438011,0,0,0,0
1782621492,24.65145111,723,0,205,1,0.060188688,0,0,5,11082,0,53,0,723,705,754,737,89,89,89,89,89,89,89,89,110,22.56066895,22.56066895,25.12438011,25.12438011,0,0,0,0
1782621492,24.70056725,725,0,207,1,0.078755781,0,0,5,11170,0,56,0,720,702,752,735,89,89,89,89,89,89,89,89,110,22.56066895,22.56066895,25.12438011,25.12438011,0,0,0,0
1782621492,24.75024223,726,0,208,1,0.098627023,0,0,5,11266,0,60,0,717,699,749,732,89,89,89,89,89,89,89,89,110,22.56066895,22.56066895,25.12438011,25.12438011,0,0,0,0
1782621492,24.80017662,728,0,210,1,0.119540215,0,0,5,11359,0,63,0,715,697,747,730,89,89,89,89,89,89,89,89,110,22.56066895,22.56066895,25.12438011,25.12438011,0,0,0,0
1782621492,24.85050964,729,0,211,1,0.139193848,0,0,5,11439,0,67,0,712,694,745,728,89,89,89,89,89,89,89,89,110,22.56066895,22.56066895,25.12438011,25.12438011,0,0,0,0
1782621492,24.90092087,731,0,212,1,0.125671402,0,0,5,11508,0,70,0,710,692,743,726,89,89,89,89,89,89,89,89,110,22.56066895,22.56066895,25.12438011,25.12438011,0,0,0,0
1782621492,24.95128059,732,0,213,1,0.116290234,0,0,5,11572,0,73,0,709,689,742,723,89,89,89,89,89,89,89,89,110,22.56066895,22.56066895,25.12438011,25.12438011,0,0,0,0
1782621492,24.99006271,734,0,214,1,0.10982044,0,0,5,11624,0,75,0,707,686,740,721,89,89,89,89,89,89,89,89,110,22.56066895,22.56066895,25.12438011,25.12438011,0,0,0,0
1782621492,25.0445919,735,0,216,1,0.098812893,0,0,5,11679,0,77,0,705,684,738,719,89,89,89,89,89,89,89,89,110,22.56066895,22.56066895,25.12438011,25.12438011,0,0,0,0
1782621492,25.09898949,737,0,217,1,0.080027804,0,0,5,11732,0,80,0,703,681,736,716,89,89,89,89,89,89,89,89,110,22.56066895,22.56066895,25.12438011,25.12438011,0,0,0,0
1782621492,25.14975166,738,0,218,1,0.03647583,0,0,5,11755,0,81,0,701,678,735,714,89,89,89,89,89,89,89,89,110,22.56066895,22.56066895,25.12438011,25.12438011,0,0,0,0
1782621492,25.19911194,740,0,219,1,0.003378558,0,0,5,11799,0,82,0,700,676,733,712,89,89,89,89,89,89,89,89,110,22.56066895,22.56066895,25.12438011,25.12438011,0,0,0,0
1782621492,25.24981117,741,0,221,1,0,0,0,5,11876,0,86,0,697,673,731,710,89,89,89,89,89,89,89,89,110,22.56066895,22.56066895,25.12438011,25.12438011,0,0,0,0
1782621492,25.30036163,743,0,222,1,0,0,0,5,11949,0,89,0,694,671,728,707,89,89,89,89,89,89,89,89,110,22.56066895,22.56066895,25.12438011,25.12438011,0,0,0,0
1782621493,25.35146523,744,0,224,1,0,0,0,5,12021,0,92,0,691,668,726,705,89,89,89,89,89,89,89,89,110,22.56066895,22.56066895,25.12438011,25.12438011,0,0,0,0
1782621493,25.3909359,746,0,225,1,0,0,0,6,10731,0,41,0,689,666,724,703,89,89,89,89,89,89,89,89,110,22.56066895,22.56066895,25.12438011,25.12438011,0,0,0,0
1782621493,25.44596863,747,0,227,1,0,0,0,6,10545,0,34,0,686,663,721,700,89,89,89,89,89,89,89,89,110,22.56066895,22.56066895,25.12438011,25.12438011,0,0,0,0
1782621493,25.49841499,749,0,228,0.964705884,0,0,0,6,10600,0,36,0,683,660,719,698,89,89,89,89,89,89,89,89,110,22.56066895,22.56066895,25.12438011,25.12438011,0,0,0,0
1782621493,25.54829025,750,0,229,0.819607854,0,0,0,6,10593,0,36,0,681,658,716,696,89,89,89,89,89,89,89,89,110,22.56066895,22.56066895,25.12438011,25.12438011,0,0,0,0
1782621493,25.59923553,752,0,230,0.831372559,0,0,0,6,10633,0,37,0,678,655,714,694,89,89,89,89,89,89,89,89,110,22.56066895,22.56066895,25.12438011,25.12438011,0,0,0,0
1782621493,25.65233231,753,0,232,1,0.041030664,0,0,6,10772,0,42,0,674,652,711,691,89,89,89,89,89,89,89,89,110,22.56066895,22.56066895,25.12438011,25.12438011,0,0,0,0
1782621493,25.70376015,755,0,233,1,0.071509227,0,0,6,10836,0,44,0,672,649,709,688,89,89,89,89,89,89,89,89,110,22.56066895,22.56066895,25.12438011,25.12438011,0,0,0,0
1782621493,25.75356483,756,0,234,1,0.099527583,0,0,6,10900,0,47,0,669,647,706,686,89,89,89,89,89,89,89,89,110,22.56066895,22.56066895,25.12438011,25.12438011,0,0,0,0
1782621493,25.80473518,758,0,235,1,0.117031872,0,0,6,10968,0,49,0,667,644,704,684,89,89,89,89,89,89,89,89,110,22.56066895,22.56066895,25.12438011,25.12438011,0,0,0,0
1782621493,25.84371185,759,0,236,1,0.116038755,0,0,6,11012,0,51,0,666,642,703,682,89,89,89,89,89,89,89,89,110,22.56066895,22.56066895,25.12438011,25.12438011,0,0,0,0
1782621493,25.8962307,761,0,237,1,0.06996496,0,0,6,11043,0,52,0,665,640,703,680,89,89,89,89,89,89,89,89,110,22.56066895,22.56066895,25.12438011,25.12438011,0,0,0,0
1782621493,25.94764328,762,0,238,1,0.028258666,0,0,6,11070,0,53,0,665,637,702,678,89,89,89,89,89,89,89,89,110,22.56066895,22.56066895,25.12438011,25.12438011,0,0,0,0
1782621493,25.99871445,764,0,239,1,0,0,0,6,11109,0,54,0,664,635,701,675,89,89,89,89,89,89,89,89,110,22.56066895,22.56066895,25.12438011,25.12438011,0,0,0,0
1782621493,26.05138397,765,0,240,1,0.025586683,0,0,6,11157,0,56,0,661,632,698,673,89,89,89,89,89,89,89,89,110,22.56066895,22.56066895,25.12438011,25.12438011,0,0,0,0
1782621493,26.1025238,767,0,242,1,0.063128412,0,0,6,11229,0,58,0,658,629,695,670,89,89,89,89,89,89,89,89,110,22.56066895,22.56066895,25.12438011,25.12438011,0,0,0,0
1782621493,26.15273476,768,0,243,1,0.040958844,0,0,6,11275,0,60,0,655,626,693,668,89,89,89,89,89,89,89,89,110,22.56066895,22.56066895,25.12438011,25.12438011,0,0,0,0
1782621493,26.20345879,770,0,244,1,0.002340629,0,0,6,11313,0,61,0,654,623,691,665,89,89,89,89,89,89,89,89,110,22.56066895,22.56066895,25.12438011,25.12438011,0,0,0,0
1782621493,26.25507736,771,0,245,1,0,0,0,6,11364,0,63,0,651,621,689,663,89,89,89,89,89,89,89,89,110,22.56066895,22.56066895,25.12438011,25.12438011,0,0,0,0
1782621493,26.30584717,773,0,246,1,0.018773813,0,0,6,11415,0,66,0,648,618,687,661,89,89,89,89,89,89,89,89,110,22.56066895,22.56066895,25.12438011,25.12438011,0,0,0,0
1782621494,26.34368134,774,0,247,1,0.036454998,0,0,6,11449,0,68,0,647,617,685,659,89,89,89,89,89,89,89,89,110,22.56066895,22.56066895,25.12438011,25.12438011,0,0,0,0
1782621494,26.39393806,776,0,248,1,0.067100458,0,0,6,11507,0,70,0,644,614,683,657,89,89,89,89,89,89,89,89,110,22.56066895,22.56066895,25.12438011,25.12438011,0,0,0,0
1782621494,26.44579124,777,0,249,1,0.095788389,0,0,6,11576,0,73,0,641,612,681,655,89,89,89,89,89,89,89,89,110,22.56066895,22.56066895,25.12438011,25.12438011,0,0,0,0
1782621494,26.49762726,779,0,250,1,0.097413279,0,0,6,11634,0,75,0,639,609,679,653,89,89,89,89,89,89,89,89,110,22.56066895,22.56066895,25.12438011,25.12438011,0,0,0,0
1782621494,26.54777336,780,0,251,1,0.052602097,0,0,6,11635,0,76,0,639,607,678,650,89,89,89,89,89,89,89,89,110,22.56066895,22.56066895,25.12438011,25.12438011,0,0,0,0
1782621494,26.59844589,782,0,251,1,0.01331793,0,0,6,11659,0,77,0,639,604,678,648,89,89,89,89,89,89,89,89,110,22.56066895,22.56066895,25.12438011,25.12438011,0,0,0,0
1782621494,26.65005493,783,0,252,1,0,0,0,6,11707,0,79,0,637,602,676,646,89,89,89,89,89,89,89,89,110,22.56066895,22.56066895,25.12438011,25.12438011,0,0,0,0
1782621494,26.70146561,785,0,253,1,0,0,0,6,11752,0,80,0,635,599,674,644,89,89,89,89,89,89,89,89,110,22.56066895,22.56066895,25.12438011,25.12438011,0,0,0,0
1782621494,26.75139236,786,0,254,1,0,0,0,6,11777,0,82,0,632,597,671,641,89,89,89,89,89,89,89,89,110,22.56066895,22.56066895,25.12438011,25.12438011,0,0,0,0
1782621494,26.8014164,788,0,255,1,0.028424013,0,0,6,11833,0,84,0,629,594,669,639,89,89,89,89,89,89,89,89,110,22.56066895,22.56066895,25.12438011,25.12438011,0,0,0,0
1782621494,26.85343361,789,0,257,1,0.067864776,0,0,7,10864,0,45,0,626,591,666,636,89,89,89,89,89,89,89,89,110,22.56066895,22.56066895,25.12438011,25.12438011,0,0,0,0
1782621494,26.8929863,791,0,258,1,0.040362276,0,0,7,10410,0,27,0,624,589,665,635,89,89,89,89,89,89,89,89,110,22.56066895,22.56066895,25.12438011,25.12438011,0,0,0,0
1782621494,26.95647812,792,0,259,1,0,0,0,7,10408,0,27,0,622,586,663,632,89,89,89,89,89,89,89,89,110,22.56066895,22.56066895,25.12438011,25.12438011,0,0,0,0
1782621494,26.99355698,794,0,259,1,0,0,0,7,10428,0,28,0,621,584,661,630,89,89,89,89,89,89,89,89,110,22.56066895,22.56066895,25.12438011,25.12438011,0,0,0,0
1782621494,27.04471016,795,0,260,1,0,0,0,7,10473,0,30,0,618,582,659,628,89,89,89,89,89,89,89,89,110,22.56066895,22.56066895,25.12438011,25.12438011,0,0,0,0
1782621494,27.09712029,797,0,261,1,0,0,0,7,10511,0,33,0,615,579,656,626,89,89,89,89,89,89,89,89,110,22.56066895,22.56066895,25.12438011,25.12438011,0,0,0,0
1782621494,27.15141678,798,0,262,1,0,0,0,7,10546,0,34,0,613,577,654,624,89,89,89,89,89,89,89,89,110,22.56066895,22.56066895,25.12438011,25.12438011,0,0,0,0
1782621494,27.19259644,800,0,263,1,0,0,0,7,10581,0,35,0,610,575,652,622,89,89,89,89,89,89,89,89,110,22.56066895,22.56066895,25.12438011,25.12438011,0,0,0,0
1782621494,27.2481575,801,0,264,1,0,0,0,7,10620,0,37,0,608,572,649,619,89,89,89,89,89,89,89,89,110,22.56066895,22.56066895,25.12438011,25.12438011,0,0,0,0
1782621494,27.30202103,803,0,265,1,0,0,0,7,10668,0,39,0,604,569,646,616,89,89,89,89,89,89,89,89,110,22.56066895,22.56066895,25.12438011,25.12438011,0,0,0,0
1782621495,27.35330963,804,0,266,1,0,0,0,7,10705,0,40,0,602,566,644,614,89,89,89,89,89,89,89,89,110,22.56066895,22.56066895,25.12438011,25.12438011,0,0,0,0
1782621495,27.40391541,806,0,267,1,0,0,0,7,10733,0,41,0,599,564,642,612,89,89,89,89,89,89,89,89,110,22.56066895,22.56066895,25.12438011,25.12438011,0,0,0,0
1782621495,27.45427132,807,0,268,1,0,0,0,7,10768,0,42,0,596,562,639,610,89,89,89,89,89,89,89,89,110,22.56066895,22.56066895,25.12438011,25.12438011,0,0,0,0
1782621495,27.50370026,809,0,269,1,0,0,0,7,10813,0,44,0,594,559,637,608,89,89,89,89,89,89,89,89,110,22.56066895,22.56066895,25.12438011,25.12438011,0,0,0,0
1782621495,27.55424881,810,0,270,1,0,0,0,7,10843,0,45,0,591,557,635,606,89,89,89,89,89,89,89,89,110,22.56066895,22.56066895,25.12438011,25.12438011,0,0,0,0
1782621495,27.59324646,812,0,270,1,0,0,0,7,10863,0,45,0,590,555,633,604,89,89,89,89,89,89,89,89,110,22.56066895,22.56066895,25.12438011,25.12438011,0,0,0,0
1782621495,27.64590454,813,0,271,1,0,0,0,7,10896,0,47,0,587,553,631,602,89,89,89,89,89,89,89,89,110,22.56066895,22.56066895,25.12438011,25.12438011,0,0,0,0
1782621495,27.69780159,815,0,272,1,0,0,0,7,10930,0,48,0,585,551,629,600,89,89,89,89,89,89,89,89,110,22.56066895,22.56066895,25.12438011,25.12438011,0,0,0,0
1782621495,27.74825859,816,0,273,1,0,0,0,7,10960,0,49,0,582,548,627,598,89,89,89,89,89,89,89,89,110,22.56066895,22.56066895,25.12438011,25.12438011,0,0,0,0
1782621495,27.79899406,818,0,274,1,0,0,0,7,10999,0,50,0,580,546,624,595,89,89,89,89,89,89,89,89,110,22.56066895,22.56066895,25.12438011,25.12438011,0,0,0,0
1782621495,27.83858299,819,0,275,1,0,0,0,7,11028,0,51,0,577,544,622,593,89,89,89,89,89,89,89,89,110,22.56066895,22.56066895,25.12438011,25.12438011,0,0,0,0
1782621495,27.89394379,821,0,275,1,0,0,0,7,11058,0,52,0,575,541,620,591,89,89,89,89,89,89,89,89,110,22.56066895,22.56066895,25.12438011,25.12438011,0,0,0,0
1782621495,27.94699097,822,0,276,1,0,0,0,7,11089,0,53,0,572,539,618,589,89,89,89,89,89,89,89,89,110,22.56066895,22.56066895,25.12438011,25.12438011,0,0,0,0
1782621495,27.99890137,824,0,277,1,0,0,0,7,11120,0,55,0,570,537,615,587,89,89,89,89,89,89,89,89,110,22.56066895,22.56066895,25.12438011,25.12438011,0,0,0,0
1782621495,28.05208969,825,0,278,1,0,0,0,7,11153,0,56,0,566,533,612,584,89,89,89,89,89,89,89,89,110,22.56066895,22.56066895,25.12438011,25.12438011,0,0,0,0
1782621495,28.10361862,827,0,279,1,0,0,0,7,11188,0,57,0,564,531,610,582,89,89,89,89,89,89,89,89,110,22.56066895,22.56066895,25.12438011,25.12438011,0,0,0,0
1782621495,28.15430832,828,0,280,1,0,0,0,7,11221,0,58,0,561,529,608,580,89,89,89,89,89,89,89,89,110,22.56066895,22.56066895,25.12438011,25.12438011,0,0,0,0
1782621495,28.19356918,830,0,280,1,0,0,0,7,11255,0,59,0,560,527,607,579,89,89,89,89,89,89,89,89,110,22.56066895,22.56066895,25.12438011,25.12438011,0,0,0,0
1782621495,28.24952888,831,0,281,1,0,0,0,7,11269,0,60,0,557,525,604,576,89,89,89,89,89,89,89,89,110,22.56066895,22.56066895,25.12438011,25.12438011,0,0,0,0
1782621495,28.29310608,833,0,282,1,0,0,0,7,11286,0,60,0,555,523,602,574,89,89,89,89,89,89,89,89,110,22.56066895,22.56066895,25.12438011,25.12438011,0,0,0,0
1782621496,28.33717537,834,0,282,1,0,0,0,7,11314,0,61,0,553,520,600,572,89,89,89,89,89,89,89,89,110,22.56066895,22.56066895,25.12438011,25.12438011,0,0,0,0
1782621496,28.38439941,836,0,283,1,0,0,0,7,11342,0,62,0,551,519,598,571,89,89,89,89,89,89,89,89,110,22.56066895,22.56066895,25.12438011,25.12438011,0,0,0,0
1782621496,28.44870567,837,0,284,1,0,0,0,7,11381,0,64,0,548,516,596,568,89,89,89,89,89,89,89,89,110,22.56066895,22.56066895,25.12438011,25.12438011,0,0,0,0
1782621496,28.49286652,839,0,284,1,0,0,0,7,11403,0,66,0,545,514,593,566,89,89,89,89,89,89,89,89,110,22.56066895,22.56066895,25.12438011,25.12438011,0,0,0,0
1782621496,28.5505619,840,0,285,1,0,0,0,7,11431,0,67,0,543,511,591,564,89,89,89,89,89,89,89,89,110,22.56066895,22.56066895,25.12438011,25.12438011,0,0,0,0
1782621496,28.59381866,842,0,286,1,0,0,0,7,11458,0,68,0,541,509,589,562,89,89,89,89,89,89,89,89,110,22.56066895,22.56066895,25.12438011,25.12438011,0,0,0,0
1782621496,28.63739586,843,0,286,1,0,0,0,7,11485,0,69,0,538,507,587,560,89,89,89,89,89,89,89,89,110,22.56066895,22.56066895,25.12438011,25.12438011,0,0,0,0
1782621496,28.69676781,845,0,287,1,0,0,0,7,11511,0,70,0,536,505,585,558,89,89,89,89,89,89,89,89,110,22.56066895,22.56066895,25.12438011,25.12438011,0,0,0,0
1782621496,28.74013138,846,0,288,1,0,0,0,7,11535,0,71,0,534,503,583,556,89,89,89,89,89,89,89,89,110,22.56066895,22.56066895,25.12438011,25.12438011,0,0,0,0
1782621496,28.79775047,848,0,288,1,0,0,0,7,11559,0,72,0,531,500,580,554,89,89,89,89,89,89,89,89,110,22.56066895,22.56066895,25.12438011,25.12438011,0,0,0,0
1782621496,28.84251595,849,0,289,1,0.024621472,0,0,7,11584,0,73,0,529,498,578,552,89,89,89,89,89,89,89,89,110,22.56066895,22.56066895,25.12438011,25.12438011,0,0,0,0
1782621496,28.88809967,851,0,290,1,0.045594681,0,0,7,11608,0,74,0,527,496,576,550,89,89,89,89,89,89,89,89,110,22.56066895,22.56066895,25.12438011,25.12438011,0,0,0,0
1782621496,28.94790649,852,0,290,1,0.020802554,0,0,7,11629,0,75,0,524,494,574,548,89,89,89,89,89,89,89,89,110,22.56066895,22.56066895,25.12438011,25.12438011,0,0,0,0
1782621496,28.99114609,854,0,291,0.968627453,0,0,0,7,11641,0,76,0,523,492,573,546,89,89,89,89,89,89,89,89,110,22.56066895,22.56066895,25.12438011,25.12438011,0,0,0,0
1782621496,29.04956245,855,0,291,0.956862748,0,0,0,7,11655,0,76,0,520,490,570,544,89,89,89,89,89,89,89,89,110,22.56066895,22.56066895,25.12438011,25.12438011,0,0,0,0
1782621496,29.09505463,857,0,292,0.956862748,0,0,0,7,11672,0,77,0,518,487,568,542,89,89,89,89,89,89,89,89,110,22.56066895,22.56066895,25.12438011,25.12438011,0,0,0,0
1782621496,29.15231133,858,0,292,0.956862748,0,0,0,7,11696,0,78,0,515,485,566,539,89,89,89,89,89,89,89,89,110,22.56066895,22.56066895,25.12438011,25.12438011,0,0,0,0
1782621496,29.20453835,860,0,293,0.960784316,0,0,0,7,11716,0,79,0,513,482,563,537,89,89,89,89,89,89,89,89,110,22.56066895,22.56066895,25.12438011,25.12438011,0,0,0,0
1782621496,29.24359894,861,0,293,0.964705884,0,0,0,7,11729,0,80,0,511,481,562,536,89,89,89,89,89,89,89,89,110,22.56066895,22.56066895,25.12438011,25.12438011,0,0,0,0
1782621496,29.29714394,863,0,294,0.964705884,0,0,0,8,10680,0,39,0,509,479,560,534,89,89,89,89,89,89,89,89,110,22.56066895,22.56066895,25.12438011,25.12438011,0,0,0,0
1782621497,29.33848953,864,0,294,0.964705884,0.016017847,0,0,8,10476,0,30,0,507,477,558,532,89,89,89,89,89,89,89,89,110,22.56066895,22.56066895,25.12438011,25.12438011,0,0,0,0
1782621497,29.3945694,866,0,295,0.960784316,0.031856164,0,0,8,10494,0,31,0,505,475,556,530,89,89,89,89,89,89,89,89,110,22.56066895,22.56066895,25.12438011,25.12438011,0,0,0,0
1782621497,29.45085144,867,0,295,0.956862748,0.047360681,0,0,8,10508,0,33,0,502,473,554,528,89,89,89,89,89,89,89,89,110,22.56066895,22.56066895,25.12438011,25.12438011,0,0,0,0
1782621497,29.4927597,869,0,295,0.949019611,0.039856944,0,0,8,10516,0,33,0,500,471,552,526,89,89,89,89,89,89,89,89,110,22.56066895,22.56066895,25.12438011,25.12438011,0,0,0,0
1782621497,29.54684067,870,0,296,0.925490201,0.004558245,0,0,8,10517,0,33,0,500,468,551,524,89,89,89,89,89,89,89,89,110,22.56066895,22.56066895,25.12438011,25.12438011,0,0,0,0
1782621497,29.59940529,872,0,296,0.921568632,0,0,0,8,10529,0,34,0,498,466,549,522,89,89,89,89,89,89,89,89,110,22.56066895,22.56066895,25.12438011,25.12438011,0,0,0,0
1782621497,29.64013863,873,0,296,0.909803927,0,0,0,8,10535,0,34,0,496,464,547,520,89,89,89,89,89,89,89,89,110,22.56066895,22.56066895,25.12438011,25.12438011,0,0,0,0
1782621497,29.69646072,875,0,297,0.909803927,0,0,0,8,10544,0,34,0,493,462,545,518,89,89,89,89,89,89,89,89,110,22.56066895,22.56066895,25.12438011,25.12438011,0,0,0,0
1782621497,29.7512989,876,0,297,0.913725495,0,0,0,8,10557,0,35,0,491,460,543,516,89,89,89,89,89,89,89,89,110,22.56066895,22.56066895,25.12438011,25.12438011,0,0,0,0
1782621497,29.80461121,878,0,297,0.937254906,0,0,0,8,10581,0,35,0,488,458,541,514,89,89,89,89,89,89,89,89,110,22.56066895,22.56066895,25.12438011,25.12438011,0,0,0,0
1782621497,29.84519958,879,0,298,0.941176474,0,0,0,8,10590,0,36,0,487,456,539,512,89,89,89,89,89,89,89,89,110,22.56066895,22.56066895,25.12438011,25.12438011,0,0,0,0
1782621497,29.88806725,881,0,298,0.952941179,0,0,0,8,10606,0,36,0,485,454,537,510,89,89,89,89,89,89,89,89,110,22.56066895,22.56066895,25.12438011,25.12438011,0,0,0,0
1782621497,29.94494629,882,0,298,0.960784316,0,0,0,8,10622,0,37,0,483,452,535,509,89,89,89,89,89,89,89,89,110,22.56066895,22.56066895,25.12438011,25.12438011,0,0,0,0
1782621497,29.99947357,884,0,299,1,0,0,0,8,10648,0,38,0,480,450,533,507,89,89,89,89,89,89,89,89,110,22.56066895,22.56066895,25.12438011,25.12438011,0,0,0,0
1782621497,30.04092789,885,0,299,1,0,0,0,8,10663,0,38,0,478,448,531,505,89,89,89,89,89,89,89,89,110,22.56066895,22.56066895,25.12438011,25.12438011,0,0,0,0
1782621497,30.0958786,887,0,300,1,0,0,0,8,10679,0,39,0,476,446,529,503,89,89,89,89,89,89,89,89,110,22.56066895,22.56066895,25.12438011,25.12438011,0,0,0,0
1782621497,30.15033722,888,0,300,1,0,0,0,8,10701,1,40,0,474,444,527,501,89,89,89,89,89,89,89,89,110,22.56066895,22.56066895,25.12438011,25.12438011,0,0,0,0
1782621497,30.19122887,890,0,301,1,-0.005636502,0,0,8,10735,1,41,0,472,442,525,499,89,89,89,89,89,89,89,89,110,22.56066895,22.56066895,25.12438011,25.12438011,0,0,0,0
1782621497,30.2467289,891,0,302,1,0,0,0,8,10762,1,42,0,470,440,523,497,89,89,89,89,89,89,89,89,110,22.56066895,22.56066895,25.12438011,25.12438011,0,0,0,0
1782621497,30.30207443,893,0,302,1,0,0,0,8,10784,1,43,0,467,438,521,495,89,89,89,89,89,89,89,89,110,22.56066895,22.56066895,25.12438011,25.12438011,0,0,0,0
1782621498,30.34208107,894,0,303,0.964705884,0,0,0,8,10787,1,43,0,466,436,519,494,89,89,89,89,89,89,89,89,110,22.56066895,22.56066895,25.12438011,25.12438011,0,0,0,0
1782621498,30.39605522,896,0,303,0.964705884,0,0,0,8,10807,1,43,0,464,435,518,492,89,89,89,89,89,89,89,89,110,22.56066895,22.56066895,25.12438011,25.12438011,0,0,0,0
1782621498,30.45078468,897,0,304,0.968627453,0,0,0,8,10828,1,44,0,462,433,516,490,89,89,89,89,89,89,89,89,110,22.56066895,22.56066895,25.12438011,25.12438011,0,0,0,0
1782621498,30.4908638,899,0,304,0.968627453,0,0,0,8,10847,1,45,0,460,431,514,488,89,89,89,89,89,89,89,89,110,22.56066895,22.56066895,25.12438011,25.12438011,0,0,0,0
1782621498,30.54445076,900,0,305,0.968627453,0,0,0,8,10865,1,45,0,458,429,512,486,89,89,89,89,89,89,89,89,110,22.56066895,22.56066895,25.12438011,25.12438011,0,0,0,0
1782621498,30.59869194,902,0,305,0.964705884,0,0,0,8,10882,1,46,0,455,427,510,485,89,89,89,89,89,89,89,89,110,22.56066895,22.56066895,25.12438011,25.12438011,0,0,0,0
1782621498,30.65143013,903,0,306,0.964705884,-0.021940408,0,0,8,10900,1,47,0,453,425,508,483,89,89,89,89,89,89,89,89,110,22.56066895,22.56066895,25.12438011,25.12438011,0,0,0,0
1782621498,30.69180679,905,0,306,0.960784316,-0.004653953,0,0,8,10915,1,47,0,451,423,506,481,89,89,89,89,89,89,89,89,110,22.56066895,22.56066895,25.12438011,25.12438011,0,0,0,0
1782621498,30.74525452,906,0,307,0.952941179,0,0,0,8,10928,1,48,0,449,421,504,479,89,89,89,89,89,89,89,89,110,22.56066895,22.56066895,25.12438011,25.12438011,0,0,0,0
1782621498,30.79875565,908,0,307,0.952941179,0,0,0,8,10945,1,48,0,447,419,502,477,89,89,89,89,89,89,89,89,110,22.56066895,22.56066895,25.12438011,25.12438011,0,0,0,0
1782621498,30.84225655,909,0,308,0.952941179,0,0,0,8,10960,1,49,0,445,417,500,476,89,89,89,89,89,89,89,89,110,22.56066895,22.56066895,25.12438011,25.12438011,0,0,0,0
1782621498,30.88722229,911,0,308,0.952941179,0,0,0,8,10975,1,49,0,443,416,499,474,89,89,89,89,89,89,89,89,110,22.56066895,22.56066895,25.12438011,25.12438011,0,0,0,0
1782621498,30.94364929,912,0,309,0.952941179,0,0,0,8,10991,1,50,0,441,414,497,472,89,89,89,89,89,89,89,89,110,22.56066895,22.56066895,25.12438011,25.12438011,0,0,0,0
1782621498,30.99977684,914,0,309,0.952941179,0.011293974,0,0,8,11008,1,51,0,439,412,495,470,89,89,89,89,89,89,89,89,110,22.56066895,22.56066895,25.12438011,25.12438011,0,0,0,0
1782621498,31.04146767,915,0,310,0.952941179,0.029725062,0,0,8,11023,1,51,0,438,410,493,469,89,89,89,89,89,89,89,89,110,22.56066895,22.56066895,25.12438011,25.12438011,0,0,0,0
1782621498,31.09575844,917,0,310,0.952941179,0.030156745,0,0,8,11037,1,52,0,436,408,491,467,89,89,89,89,89,89,89,89,110,22.56066895,22.56066895,25.12438011,25.12438011,0,0,0,0
1782621498,31.15030479,918,0,310,0.949019611,0.002899947,0,0,8,11047,1,52,0,434,406,490,465,89,89,89,89,89,89,89,89,110,22.56066895,22.56066895,25.12438011,25.12438011,0,0,0,0
1782621498,31.20319176,920,0,311,0.949019611,0,0,0,8,11065,1,53,0,432,404,487,463,89,89,89,89,89,89,89,89,110,22.56066895,22.56066895,25.12438011,25.12438011,0,0,0,0
1782621498,31.24310875,921,0,311,0.949019611,0,0,0,8,11073,1,53,0,430,403,486,462,89,89,89,89,89,89,89,89,110,22.56066895,22.56066895,25.12438011,25.12438011,0,0,0,0
1782621498,31.29902077,923,0,312,0.952941179,0,0,0,8,11087,1,53,0,429,401,484,460,89,89,89,89,89,89,89,89,110,22.56066895,22.56066895,25.12438011,25.12438011,0,0,0,0
1782621499,31.35341835,924,0,312,0.952941179,0,0,0,8,11107,1,54,0,426,399,482,458,89,89,89,89,89,89,89,89,110,22.56066895,22.56066895,25.12438011,25.12438011,0,0,0,0
1782621499,31.39329338,926,0,312,0.956862748,0,0,0,8,11118,1,54,0,425,397,481,456,89,89,89,89,89,89,89,89,110,22.56066895,22.56066895,25.12438011,25.12438011,0,0,0,0
1782621499,31.44830322,927,0,313,0.956862748,-0.011587822,0,0,8,11131,1,55,0,423,396,479,455,89,89,89,89,89,89,89,89,110,22.56066895,22.56066895,25.12438011,25.12438011,0,0,0,0
1782621499,31.49110603,929,0,313,0.956862748,-0.026956579,0,0,8,11142,1,55,0,421,394,477,453,89,89,89,89,89,89,89,89,110,22.56066895,22.56066895,25.12438011,25.12438011,0,0,0,0
1782621499,31.55002213,930,0,314,0.949019611,0,0,0,8,11152,1,56,0,419,392,475,451,89,89,89,89,89,89,89,89,110,22.56066895,22.56066895,25.12438011,25.12438011,0,0,0,0
1782621499,31.59473419,932,0,314,0.945098042,0,0,0,8,11165,1,56,0,417,390,473,450,89,89,89,89,89,89,89,89,110,22.56066895,22.56066895,25.12438011,25.12438011,0,0,0,0
1782621499,31.63883209,933,0,314,0.945098042,0,0,0,8,11179,1,57,0,415,389,472,448,89,89,89,89,89,89,89,89,110,22.56066895,22.56066895,25.12438011,25.12438011,0,0,0,0
1782621499,31.69628525,935,0,315,0.945098042,0,0,0,8,11191,1,57,0,413,387,470,446,89,89,89,89,89,89,89,89,110,22.56066895,22.56066895,25.12438011,25.12438011,0,0,0,0
1782621499,31.75214386,936,0,315,0.949019611,0,0,0,8,11209,1,58,0,411,385,468,444,89,89,89,89,89,89,89,89,110,22.56066895,22.56066895,25.12438011,25.12438011,0,0,0,0
1782621499,31.79248619,938,0,315,0.949019611,0,0,0,8,11218,1,58,0,410,384,466,443,89,89,89,89,89,89,89,89,110,22.56066895,22.56066895,25.12438011,25.12438011,0,0,0,0
1782621499,31.84588623,939,0,316,0.945098042,0,0,0,8,11228,1,58,0,408,382,465,441,89,89,89,89,89,89,89,89,110,22.56066895,22.56066895,25.12438011,25.12438011,0,0,0,0
1782621499,31.90083122,941,0,316,0.945098042,0,0,0,8,11234,1,59,0,406,380,463,440,89,89,89,89,89,89,89,89,110,22.56066895,22.56066895,25.12438011,25.12438011,0,0,0,0
1782621499,31.95476341,942,0,316,0.941176474,0,0,0,8,11248,1,59,0,404,378,461,437,89,89,89,89,89,89,89,89,110,22.56066895,22.56066895,25.12438011,25.12438011,0,0,0,0
1782621499,31.99471664,944,0,317,0.941176474,0,0,0,8,11256,1,59,0,402,377,459,436,89,89,89,89,89,89,89,89,110,22.56066895,22.56066895,25.12438011,25.12438011,0,0,0,0
1782621499,32.04956818,945,0,317,0.937254906,0,0,0,8,11266,1,60,0,401,375,458,435,89,89,89,89,89,89,89,89,110,22.56066895,22.56066895,25.12438011,25.12438011,0,0,0,0
1782621499,32.10310745,947,0,317,0.937254906,0,0,0,8,11277,1,60,0,398,373,455,432,89,89,89,89,89,89,89,89,110,22.56066895,22.56066895,25.12438011,25.12438011,0,0,0,0
1782621499,32.14196014,948,0,317,0.925490201,0,0,0,8,11276,1,60,0,397,372,454,431,89,89,89,89,89,89,89,89,110,22.56066895,22.56066895,25.12438011,25.12438011,0,0,0,0
1782621499,32.19472885,950,0,318,0.925490201,0,0,0,8,11281,1,60,0,395,370,453,430,89,89,89,89,89,89,89,89,110,22.56066895,22.56066895,25.12438011,25.12438011,0,0,0,0
1782621499,32.24856567,951,0,318,0.921568632,0,0,0,8,11296,1,61,0,394,368,451,428,89,89,89,89,89,89,89,89,110,22.56066895,22.56066895,25.12438011,25.12438011,0,0,0,0
1782621499,32.29016876,953,0,318,0.917647064,0,0,0,8,11309,1,61,0,392,367,449,427,89,89,89,89,89,89,89,89,110,22.56066895,22.56066895,25.12438011,25.12438011,0,0,0,0
1782621500,32.34663773,954,0,318,0.917647064,0,0,0,8,11317,1,62,0,390,365,447,425,89,89,89,89,89,89,89,89,110,22.56066895,22.56066895,25.12438011,25.12438011,0,0,0,0
1782621500,32.40196991,956,0,319,0.913725495,0,0,0,8,11320,1,62,0,388,364,446,423,89,89,89,89,89,89,89,89,110,22.56066895,22.56066895,25.12438011,25.12438011,0,0,0,0
1782621500,32.44270325,957,0,319,0.913725495,0,0,0,8,11324,1,62,0,387,362,444,422,89,89,89,89,89,89,89,89,110,22.56066895,22.56066895,25.12438011,25.12438011,0,0,0,0
1782621500,32.49788666,959,0,319,0.913725495,-0.004088782,0,0,8,11334,1,62,0,385,360,442,420,89,89,89,89,89,89,89,89,110,22.56066895,22.56066895,25.12438011,25.12438011,0,0,0,0
1782621500,32.53932953,960,0,319,0.913725495,-0.008193031,0,0,8,11340,1,62,0,383,359,441,419,89,89,89,89,89,89,89,89,110,22.56066895,22.56066895,25.12438011,25.12438011,0,0,0,0
1782621500,32.59345627,962,0,319,0.917647064,-0.017788731,0,0,8,11347,1,63,0,381,357,439,417,89,89,89,89,89,89,89,89,110,22.56066895,22.56066895,25.12438011,25.12438011,0,0,0,0
1782621500,32.64678574,963,0,320,0.917647064,-0.021832151,0,0,8,11354,1,63,0,380,356,437,415,89,89,89,89,89,89,89,89,110,22.56066895,22.56066895,25.12438011,25.12438011,0,0,0,0
1782621500,32.69939423,965,0,320,0.917647064,-0.017838521,0,0,8,11362,1,63,0,378,354,436,414,89,89,89,89,89,89,89,89,110,22.56066895,22.56066895,25.12438011,25.12438011,0,0,0,0
1782621500,32.75167084,966,0,320,0.917647064,-0.011721794,0,0,8,11369,1,63,0,376,352,434,412,89,89,89,89,89,89,89,89,110,22.56066895,22.56066895,25.12438011,25.12438011,0,0,0,0
1782621500,32.79213715,968,0,320,0.917647064,-0.005708952,0,0,8,11374,1,64,0,375,351,433,411,89,89,89,89,89,89,89,89,110,22.56066895,22.56066895,25.12438011,25.12438011,0,0,0,0
1782621500,32.84822464,969,0,320,0.917647064,0,0,0,8,11380,1,64,0,373,349,431,409,89,89,89,89,89,89,89,89,110,22.56066895,22.56066895,25.12438011,25.12438011,0,0,0,0
1782621500,32.90319824,971,0,321,0.917647064,0,0,0,8,11388,1,64,0,371,347,429,407,89,89,89,89,89,89,89,89,110,22.56066895,22.56066895,25.12438011,25.12438011,0,0,0,0
1782621500,32.95545578,972,0,321,0.917647064,0,0,0,8,11396,1,64,0,369,346,427,406,89,89,89,89,89,89,89,89,110,22.56066895,22.56066895,25.12438011,25.12438011,0,0,0,0
1782621500,32.99385452,974,0,321,0.913725495,0,0,0,8,11399,1,64,0,368,345,426,405,89,89,89,89,89,89,89,89,110,22.56066895,22.56066895,25.12438011,25.12438011,0,0,0,0
1782621500,33.04570389,975,0,321,0.909803927,0,0,0,8,11404,1,66,0,366,343,424,403,89,89,89,89,89,89,89,89,110,22.56066895,22.56066895,25.12438011,25.12438011,0,0,0,0
1782621500,33.09759521,977,0,321,0.909803927,0,0,0,8,11412,1,66,0,365,342,423,402,89,89,89,89,89,89,89,89,110,22.56066895,22.56066895,25.12438011,25.12438011,0,0,0,0
1782621500,33.15028,978,0,321,0.909803927,0.001098795,0,0,8,11418,1,66,0,363,340,421,400,89,89,89,89,89,89,89,89,110,22.56066895,22.56066895,25.12438011,25.12438011,0,0,0,0
1782621500,33.20246124,980,0,322,0.905882359,0.00695271,0,0,8,11418,1,66,0,361,338,419,398,89,89,89,89,89,89,89,89,110,22.56066895,22.56066895,25.12438011,25.12438011,0,0,0,0
1782621500,33.24117279,981,0,322,0.905882359,0.016615909,0,0,8,11420,1,66,0,360,337,418,397,89,89,89,89,89,89,89,89,110,22.56066895,22.56066895,25.12438011,25.12438011,0,0,0,0
1782621500,33.29365158,983,0,322,0.905882359,0.031505119,0,0,8,11429,1,67,0,358,335,417,396,89,89,89,89,89,89,89,89,110,22.56066895,22.56066895,25.12438011,25.12438011,0,0,0,0
1782621501,33.34690475,984,0,322,0.905882359,0.04635736,0,0,8,11435,1,67,0,357,334,415,394,89,89,89,89,89,89,89,89,110,22.56066895,22.56066895,25.12438011,25.12438011,0,0,0,0
1782621501,33.3993187,986,0,322,0.905882359,0.061042104,0,0,8,11438,1,67,0,355,333,413,393,89,89,89,89,89,89,89,89,110,22.56066895,22.56066895,25.12438011,25.12438011,0,0,0,0
1782621501,33.45141602,987,0,322,0.905882359,0.050250452,0,0,8,11437,1,67,0,355,331,413,391,89,89,89,89,89,89,89,89,110,22.56066895,22.56066895,25.12438011,25.12438011,0,0,0,0
1782621501,33.50336075,989,0,322,0.905882359,0.004733728,0,0,8,11430,1,67,0,357,329,415,389,89,89,89,89,89,89,89,89,110,22.56066895,22.56066895,25.12438011,25.12438011,0,0,0,0
1782621501,33.5421524,990,0,322,0.905882359,0,0,0,8,11430,1,67,0,357,328,414,388,89,89,89,89,89,89,89,89,110,22.56066895,22.56066895,25.12438011,25.12438011,0,0,0,0
1782621501,33.59438324,992,0,322,0.905882359,0,0,0,8,11427,1,67,0,356,327,412,387,89,89,89,89,89,89,89,89,110,22.56066895,22.56066895,25.12438011,25.12438011,0,0,0,0
1782621501,33.64658356,993,0,322,0.905882359,0,0,0,8,11431,1,67,0,354,325,411,385,89,89,89,89,89,89,89,89,110,22.56066895,22.56066895,25.12438011,25.12438011,0,0,0,0
1782621501,33.7003746,995,0,322,0.905882359,0,0,0,8,11442,1,67,0,352,324,409,384,89,89,89,89,89,89,89,89,110,22.56066895,22.56066895,25.12438011,25.12438011,0,0,0,0
1782621501,33.75341415,996,0,322,0.90196079,-0.017261082,0,0,8,11451,1,68,0,350,322,407,382,89,89,89,89,89,89,89,89,110,22.56066895,22.56066895,25.12438011,25.12438011,0,0,0,0
1782621501,33.79182434,998,0,322,0.898039222,-0.029542025,0,0,8,11449,1,68,0,349,321,406,381,89,89,89,89,89,89,89,89,110,22.56066895,22.56066895,25.12438011,25.12438011,0,0,0,0
1782621501,33.84384918,999,0,323,0.894117653,-0.048599876,0,0,8,11446,1,67,0,348,319,405,380,89,89,89,89,89,89,89,89,110,22.56066895,22.56066895,25.12438011,25.12438011,0,0,0,0
1782621501,33.89757156,1001,0,323,0.894117653,-0.013625541,0,0,8,11444,1,67,0,346,319,403,379,89,89,89,89,89,89,89,89,110,22.56066895,22.56066895,25.12438011,25.12438011,0,0,0,0
1782621501,33.95179367,1002,0,323,0.890196085,0,0,0,8,11449,1,68,0,345,319,402,379,89,89,89,89,89,89,89,89,110,22.56066895,22.56066895,25.12438011,25.12438011,0,0,0,0
1782621501,33.9913063,1004,0,323,0.886274517,0,0,0,8,11449,1,68,0,343,318,400,377,89,89,89,89,89,89,89,89,110,22.56066895,22.56066895,25.12438011,25.12438011,0,0,0,0
1782621501,34.05484772,1005,0,323,0.886274517,0,0,0,8,11453,1,68,0,341,316,398,375,89,89,89,89,89,89,89,89,110,22.56066895,22.56066895,25.12438011,25.12438011,0,0,0,0
1782621501,34.09223175,1007,0,323,0.886274517,0,0,0,8,11456,1,68,0,340,315,397,374,89,89,89,89,89,89,89,89,110,22.56066895,22.56066895,25.12438011,25.12438011,0,0,0,0
1782621501,34.14525223,1008,0,323,0.886274517,0,0,0,8,11460,1,68,0,339,313,396,373,89,89,89,89,89,89,89,89,110,22.56066895,22.56066895,25.12438011,25.12438011,0,0,0,0
1782621501,34.19972992,1010,0,323,0.886274517,0,0,0,8,11466,1,68,0,337,312,394,372,89,89,89,89,89,89,89,89,110,22.56066895,22.56066895,25.12438011,25.12438011,0,0,0,0
1782621501,34.24039459,1011,0,323,0.886274517,-0.015660709,0,0,8,11469,1,68,0,336,311,393,370,89,89,89,89,89,89,89,89,110,22.56066895,22.56066895,25.12438011,25.12438011,0,0,0,0
1782621501,34.29558563,1013,0,323,0.886274517,-0.031116366,0,0,8,11471,1,69,0,334,309,391,369,89,89,89,89,89,89,89,89,110,22.56066895,22.56066895,25.12438011,25.12438011,0,0,0,0
1782621502,34.35166168,1014,0,323,0.886274517,-0.003749498,0,0,8,11464,1,68,0,333,308,390,367,89,89,89,89,89,89,89,89,110,22.56066895,22.56066895,25.12438011,25.12438011,0,0,0,0
1782621502,34.39338684,1016,0,323,0.890196085,0,0,0,8,11470,1,68,0,331,307,388,366,89,89,89,89,89,89,89,89,110,22.56066895,22.56066895,25.12438011,25.12438011,0,0,0,0
1782621502,34.44983292,1017,0,323,0.890196085,0,0,0,8,11479,1,69,0,330,305,387,365,89,89,89,89,89,89,89,89,110,22.56066895,22.56066895,25.12438011,25.12438011,0,0,0,0
1782621502,34.49193954,1019,0,323,0.890196085,0,0,0,8,11487,1,69,0,328,304,385,363,89,89,89,89,89,89,89,89,110,22.56066895,22.56066895,25.12438011,25.12438011,0,0,0,0
1782621502,34.54938507,1020,0,324,0.890196085,0,0,0,8,11489,1,69,0,327,302,384,362,89,89,89,89,89,89,89,89,110,22.56066895,22.56066895,25.12438011,25.12438011,0,0,0,0
1782621502,34.59253693,1022,0,324,0.890196085,0,0,0,8,11482,1,69,0,325,301,383,361,89,89,89,89,89,89,89,89,110,22.56066895,22.56066895,25.12438011,25.12438011,0,0,0,0
1782621502,34.64838791,1023,0,324,0.886274517,0,0,0,8,11482,1,69,0,324,300,381,359,89,89,89,89,89,89,89,89,110,22.56066895,22.56066895,25.12438011,25.12438011,0,0,0,0
1782621502,34.69137573,1025,0,324,0.882352948,-0.015722699,0,0,8,11490,1,69,0,322,298,380,358,89,89,89,89,89,89,89,89,110,22.56066895,22.56066895,25.12438011,25.12438011,0,0,0,0
1782621502,34.74656296,1026,0,324,0.874509811,-0.031097231,0,0,8,11493,1,69,0,321,297,378,357,89,89,89,89,89,89,89,89,110,22.56066895,22.56066895,25.12438011,25.12438011,0,0,0,0
1782621502,34.79734039,1028,0,324,0.870588243,-0.003796945,0,0,8,11491,1,69,0,319,296,377,355,89,89,89,89,89,89,89,89,110,22.56066895,22.56066895,25.12438011,25.12438011,0,0,0,0
1782621502,34.84811783,1029,0,324,0.866666675,0,0,0,8,11493,1,69,0,318,295,375,354,89,89,89,89,89,89,89,89,110,22.56066895,22.56066895,25.12438011,25.12438011,0,0,0,0
1782621502,34.89969254,1031,0,324,0.866666675,0,0,0,8,11496,1,70,0,317,293,374,353,89,89,89,89,89,89,89,89,110,22.56066895,22.56066895,25.12438011,25.12438011,0,0,0,0
1782621502,34.94961548,1032,0,324,0.866666675,0,0,0,8,11494,1,70,0,315,292,373,351,89,89,89,89,89,89,89,89,110,22.56066895,22.56066895,25.12438011,25.12438011,0,0,0,0
1782621502,34.99922943,1034,0,324,0.866666675,0,0,0,8,11491,1,69,0,314,291,371,350,89,89,89,89,89,89,89,89,110,22.56066895,22.56066895,25.12438011,25.12438011,0,0,0,0
1782621502,35.04988098,1035,0,324,0.866666675,0,0,0,8,11494,1,70,0,312,289,370,349,89,89,89,89,89,89,89,89,110,22.56066895,22.56066895,25.12438011,25.12438011,0,0,0,0
1782621502,35.09040833,1037,0,324,0.862745106,0,0,0,8,11497,1,70,0,311,288,369,347,89,89,89,89,89,89,89,89,110,22.56066895,22.56066895,25.12438011,25.12438011,0,0,0,0
1782621502,35.14596558,1038,0,324,0.862745106,0,0,0,8,11495,1,70,0,310,287,367,346,89,89,89,89,89,89,89,89,110,22.56066895,22.56066895,25.12438011,25.12438011,0,0,0,0
1782621502,35.18795395,1040,0,324,0.862745106,0,0,0,8,11495,1,70,0,308,286,366,345,89,89,89,89,89,89,89,89,110,22.56066895,22.56066895,25.12438011,25.12438011,0,0,0,0
1782621502,35.24567413,1041,0,324,0.862745106,0,0,0,8,11498,1,70,0,307,284,364,344,89,89,89,89,89,89,89,89,110,22.56066895,22.56066895,25.12438011,25.12438011,0,0,0,0
1782621502,35.28887939,1043,0,324,0.862745106,0,0,0,8,11500,1,70,0,306,283,363,342,89,89,89,89,89,89,89,89,110,22.56066895,22.56066895,25.12438011,25.12438011,0,0,0,0
1782621503,35.34449768,1044,0,324,0.862745106,0,0,0,8,11504,1,70,0,304,282,362,341,89,89,89,89,89,89,89,89,110,22.56066895,22.56066895,25.12438011,25.12438011,0,0,0,0
1782621503,35.39706039,1046,0,324,0.862745106,0,0,0,8,11506,1,70,0,303,281,360,340,89,89,89,89,89,89,89,89,110,22.56066895,22.56066895,25.12438011,25.12438011,0,0,0,0
1782621503,35.44900131,1047,0,324,0.866666675,0,0,0,8,11500,1,70,0,302,279,359,338,89,89,89,89,89,89,89,89,110,22.56066895,22.56066895,25.12438011,25.12438011,0,0,0,0
1782621503,35.49002838,1049,0,324,0.866666675,0,0,0,8,11497,1,70,0,300,278,358,337,89,89,89,89,89,89,89,89,110,22.56066895,22.56066895,25.12438011,25.12438011,0,0,0,0
1782621503,35.54453278,1050,0,324,0.866666675,0,0,0,8,11501,1,70,0,299,277,356,336,89,89,89,89,89,89,89,89,110,22.56066895,22.56066895,25.12438011,25.12438011,0,0,0,0
1782621503,35.59759521,1052,0,324,0.870588243,0,0,0,8,11515,1,70,0,298,276,355,335,89,89,89,89,89,89,89,89,110,22.56066895,22.56066895,25.12438011,25.12438011,0,0,0,0
1782621503,35.65097809,1053,0,324,0.870588243,0,0,0,8,11511,1,70,0,296,275,354,333,89,89,89,89,89,89,89,89,110,22.56066895,22.56066895,25.12438011,25.12438011,0,0,0,0
1782621503,35.69109726,1055,0,324,0.870588243,0,0,0,8,11509,1,70,0,295,273,352,332,89,89,89,89,89,89,89,89,110,22.56066895,22.56066895,25.12438011,25.12438011,0,0,0,0
1782621503,35.74508286,1056,0,324,0.874509811,0,0,0,8,11506,1,70,0,294,272,351,331,89,89,89,89,89,89,89,89,110,22.56066895,22.56066895,25.12438011,25.12438011,0,0,0,0
1782621503,35.79866791,1058,0,325,0.874509811,0,0,0,8,11510,1,70,0,292,271,350,330,89,89,89,89,89,89,89,89,110,22.56066895,22.56066895,25.12438011,25.12438011,0,0,0,0
1782621503,35.85089493,1059,0,325,0.874509811,0,0,0,8,11515,1,70,0,291,270,348,329,89,89,89,89,89,89,89,89,110,22.56066895,22.56066895,25.12438011,25.12438011,0,0,0,0
1782621503,35.90254974,1061,0,325,0.874509811,0,0,0,8,11516,1,70,0,289,268,347,327,89,89,89,89,89,89,89,89,110,22.56066895,22.56066895,25.12438011,25.12438011,0,0,0,0
1782621503,35.94161606,1062,0,325,0.874509811,0,0,0,8,11515,1,70,0,289,267,346,326,89,89,89,89,89,89,89,89,110,22.56066895,22.56066895,25.12438011,25.12438011,0,0,0,0
1782621503,35.99493027,1064,0,325,0.87843138,0,0,0,8,11515,1,70,0,287,266,345,325,89,89,89,89,89,89,89,89,110,22.56066895,22.56066895,25.12438011,25.12438011,0,0,0,0
1782621503,36.05042267,1065,0,325,0.87843138,0,0,0,8,11517,1,71,0,286,265,343,324,89,89,89,89,89,89,89,89,110,22.56066895,22.56066895,25.12438011,25.12438011,0,0,0,0
1782621503,36.09170532,1067,0,325,0.882352948,0,0,0,8,11527,1,71,0,285,264,342,323,89,89,89,89,89,89,89,89,110,22.56066895,22.56066895,25.12438011,25.12438011,0,0,0,0
1782621503,36.1446991,1068,0,325,0.882352948,0.004399565,0,0,8,11532,1,71,0,284,263,341,321,89,89,89,89,89,89,89,89,110,22.56066895,22.56066895,25.12438011,25.12438011,0,0,0,0
1782621503,36.19638443,1070,0,325,0.87843138,0,0,0,8,11532,1,71,0,282,262,339,320,89,89,89,89,89,89,89,89,110,22.56066895,22.56066895,25.12438011,25.12438011,0,0,0,0
1782621503,36.24831009,1071,0,325,0.87843138,0,0,0,8,11530,1,71,0,281,261,338,319,89,89,89,89,89,89,89,89,110,22.56066895,22.56066895,25.12438011,25.12438011,0,0,0,0
1782621503,36.30073166,1073,0,325,0.87843138,0,0,0,8,11531,1,71,0,280,259,337,318,89,89,89,89,89,89,89,89,110,22.56066895,22.56066895,25.12438011,25.12438011,0,0,0,0
1782621504,36.35163498,1074,0,325,0.87843138,0,0,0,8,11531,1,71,0,279,258,336,317,89,89,89,89,89,89,89,89,110,22.56066895,22.56066895,25.12438011,25.12438011,0,0,0,0
1782621504,36.39072418,1076,0,325,0.874509811,0.015571527,0,0,8,11528,1,71,0,277,257,334,315,89,89,89,89,89,89,89,89,110,22.56066895,22.56066895,25.12438011,25.12438011,0,0,0,0
1782621504,36.44380951,1077,0,325,0.874509811,0.030527567,0,0,8,11534,1,71,0,276,256,333,314,89,89,89,89,89,89,89,89,110,22.56066895,22.56066895,25.12438011,25.12438011,0,0,0,0
1782621504,36.49760056,1079,0,325,0.870588243,0.003707625,0,0,8,11537,1,71,0,275,255,332,313,89,89,89,89,89,89,89,89,110,22.56066895,22.56066895,25.12438011,25.12438011,0,0,0,0
1782621504,36.55010986,1080,0,325,0.870588243,0,0,0,8,11535,1,71,0,274,254,331,312,89,89,89,89,89,89,89,89,110,22.56066895,22.56066895,25.12438011,25.12438011,0,0,0,0
1782621504,36.5897522,1082,0,325,0.870588243,0,0,0,8,11531,1,71,0,273,253,329,311,89,89,89,89,89,89,89,89,110,22.56066895,22.56066895,25.12438011,25.12438011,0,0,0,0
1782621504,36.64425659,1083,0,325,0.870588243,0,0,0,8,11529,1,71,0,271,252,328,310,89,89,89,89,89,89,89,89,110,22.56066895,22.56066895,25.12438011,25.12438011,0,0,0,0
1782621504,36.69923019,1085,0,325,0.870588243,0,0,0,8,11537,1,71,0,270,251,327,309,89,89,89,89,89,89,89,89,110,22.56066895,22.56066895,25.12438011,25.12438011,0,0,0,0
1782621504,36.75181961,1086,0,325,0.866666675,0,0,0,8,11539,1,71,0,269,249,326,307,89,89,89,89,89,89,89,89,110,22.56066895,22.56066895,25.12438011,25.12438011,0,0,0,0
1782621504,36.80223465,1088,0,325,0.866666675,0,0,0,8,11536,1,71,0,267,248,324,306,89,89,89,89,89,89,89,89,110,22.56066895,22.56066895,25.12438011,25.12438011,0,0,0,0
1782621504,36.85356522,1089,0,325,0.870588243,0,0,0,8,11539,1,71,0,266,247,323,305,89,89,89,89,89,89,89,89,110,22.56066895,22.56066895,25.12438011,25.12438011,0,0,0,0
1782621504,36.89418793,1091,0,325,0.870588243,0,0,0,8,11540,1,71,0,265,246,322,304,89,89,89,89,89,89,89,89,110,22.56066895,22.56066895,25.12438011,25.12438011,0,0,0,0
1782621504,36.94814682,1092,0,325,0.874509811,0,0,0,8,11540,1,71,0,264,245,321,303,89,89,89,89,89,89,89,89,110,22.56066895,22.56066895,25.12438011,25.12438011,0,0,0,0
1782621504,36.99941635,1094,0,325,0.874509811,0,0,0,8,11541,1,72,0,263,244,320,302,89,89,89,89,89,89,89,89,110,22.56066895,22.56066895,25.12438011,25.12438011,0,0,0,0
1782621504,37.04956436,1095,0,325,0.87843138,0,0,0,8,11544,1,72,0,262,243,319,301,89,89,89,89,89,89,89,89,110,22.56066895,22.56066895,25.12438011,25.12438011,0,0,0,0
1782621504,37.10132217,1097,0,325,0.87843138,0,0,0,8,11545,1,72,0,261,242,317,300,89,89,89,89,89,89,89,89,110,22.56066895,22.56066895,25.12438011,25.12438011,0,0,0,0
1782621504,37.15396118,1098,0,326,0.882352948,0,0,0,8,11547,1,72,0,259,241,316,298,89,89,89,89,89,89,89,89,110,22.56066895,22.56066895,25.12438011,25.12438011,0,0,0,0
1782621504,37.19314194,1100,0,326,0.882352948,0,0,0,8,11546,1,72,0,259,240,315,297,89,89,89,89,89,89,89,89,110,22.56066895,22.56066895,25.12438011,25.12438011,0,0,0,0
1782621504,37.24568176,1101,0,326,0.882352948,0,0,0,8,11547,1,72,0,258,239,314,296,89,89,89,89,89,89,89,89,110,22.56066895,22.56066895,25.12438011,25.12438011,0,0,0,0
1782621504,37.30072403,1103,0,326,0.882352948,0,0,0,8,11549,1,72,0,256,238,313,295,89,89,89,89,89,89,89,89,110,22.56066895,22.56066895,25.12438011,25.12438011,0,0,0,0
1782621505,37.34284973,1104,0,326,0.87843138,0,0,0,8,11552,1,72,0,255,237,312,294,89,89,89,89,89,89,89,89,110,22.56066895,22.56066895,25.12438011,25.12438011,0,0,0,0
1782621505,37.39733505,1106,0,326,0.87843138,0,0,0,8,11557,1,72,0,254,236,311,293,89,89,89,89,89,89,89,89,110,22.56066895,22.56066895,25.12438011,25.12438011,0,0,0,0
1782621505,37.45048141,1107,0,326,0.87843138,0,0,0,8,11558,1,72,0,253,235,309,292,89,89,89,89,89,89,89,89,110,22.56066895,22.56066895,25.12438011,25.12438011,0,0,0,0
1782621505,37.50331116,1109,0,326,0.87843138,0,0,0,8,11554,1,72,0,252,233,308,290,89,89,89,89,89,89,89,89,110,22.56066895,22.56066895,25.12438011,25.12438011,0,0,0,0
1782621505,37.55418396,1110,0,326,0.87843138,0,0,0,8,11556,1,72,0,251,232,307,289,89,89,89,89,89,89,89,89,110,22.56066895,22.56066895,25.12438011,25.12438011,0,0,0,0
1782621505,37.60379791,1112,0,326,0.87843138,0,0,0,8,11559,1,72,0,249,231,306,288,89,89,89,89,89,89,89,89,110,22.56066895,22.56066895,25.12438011,25.12438011,0,0,0,0
1782621505,37.65362167,1113,0,326,0.87843138,0,0,0,8,11560,1,72,0,248,230,304,287,89,89,89,89,89,89,89,89,110,22.56066895,22.56066895,25.12438011,25.12438011,0,0,0,0
1782621505,37.70359039,1115,0,326,0.87843138,0,0,0,8,11561,1,72,0,247,229,303,286,89,89,89,89,89,89,89,89,110,22.56066895,22.56066895,25.12438011,25.12438011,0,0,0,0
1782621505,37.75426865,1116,0,326,0.87843138,0,0,0,8,11562,1,72,0,246,228,302,285,89,89,89,89,89,89,89,89,110,22.56066895,22.56066895,25.12438011,25.12438011,0,0,0,0
1782621505,37.79159164,1118,0,326,0.87843138,0,0,0,8,11564,1,72,0,245,228,301,285,89,89,89,89,89,89,89,89,110,22.56066895,22.56066895,25.12438011,25.12438011,0,0,0,0
1782621505,37.84243393,1119,0,326,0.87843138,0,0,0,8,11564,1,72,0,244,227,300,283,89,89,89,89,89,89,89,89,110,22.56066895,22.56066895,25.12438011,25.12438011,0,0,0,0
1782621505,37.89614105,1121,0,326,0.87843138,0,0,0,8,11563,1,72,0,243,226,299,282,89,89,89,89,89,89,89,89,110,22.56066895,22.56066895,25.12438011,25.12438011,0,0,0,0
1782621505,37.94923782,1122,0,326,0.87843138,0,0,0,8,11564,1,72,0,242,225,298,281,89,89,89,89,89,89,89,89,110,22.56066895,22.56066895,25.12438011,25.12438011,0,0,0,0
1782621505,37.9992485,1124,0,326,0.87843138,0,0,0,8,11567,1,73,0,241,224,297,280,89,89,89,89,89,89,89,89,110,22.56066895,22.56066895,25.12438011,25.12438011,0,0,0,0
1782621505,38.04988861,1125,0,326,0.87843138,0,0,0,8,11569,1,73,0,240,223,296,279,89,89,89,89,89,89,89,89,110,22.56066895,22.56066895,25.12438011,25.12438011,0,0,0,0
1782621505,38.09917831,1127,0,326,0.87843138,0,0,0,8,11567,1,73,0,239,222,295,278,89,89,89,89,89,89,89,89,110,22.56066895,22.56066895,25.12438011,25.12438011,0,0,0,0
1782621505,38.14844131,1128,0,326,0.87843138,0,0,0,8,11566,1,73,0,238,221,294,277,89,89,89,89,89,89,89,89,110,22.56066895,22.56066895,25.12438011,25.12438011,0,0,0,0
1782621505,38.19850922,1130,0,326,0.87843138,0,0,0,8,11569,1,73,0,237,220,293,276,89,89,89,89,89,89,89,89,110,22.56066895,22.56066895,25.12438011,25.12438011,0,0,0,0
1782621505,38.23820114,1131,0,326,0.87843138,0,0,0,8,11577,1,73,0,236,219,292,275,89,89,89,89,89,89,89,89,110,22.56066895,22.56066895,25.12438011,25.12438011,0,0,0,0
1782621505,38.29515076,1133,0,326,0.874509811,0,0,0,8,11578,1,73,0,235,218,291,274,89,89,89,89,89,89,89,89,110,22.56066895,22.56066895,25.12438011,25.12438011,0,0,0,0
1782621506,38.33815765,1134,0,326,0.874509811,0,0,0,8,11576,1,73,0,234,217,290,273,89,89,89,89,89,89,89,89,110,22.56066895,22.56066895,25.12438011,25.12438011,0,0,0,0
1782621506,38.39633179,1136,0,326,0.870588243,0,0,0,8,11567,1,73,0,233,216,288,272,89,89,89,89,89,89,89,89,110,22.56066895,22.56066895,25.12438011,25.12438011,0,0,0,0
1782621506,38.439888,1137,0,326,0.870588243,0,0,0,8,11569,1,73,0,232,215,287,271,89,89,89,89,89,89,89,89,110,22.56066895,22.56066895,25.12438011,25.12438011,0,0,0,0
1782621506,38.4940834,1139,0,326,0.870588243,0,0,0,8,11570,1,73,0,231,215,286,270,89,89,89,89,89,89,89,89,110,22.56066895,22.56066895,25.12438011,25.12438011,0,0,0,0
1782621506,38.54607391,1140,0,326,0.870588243,0,0,0,8,11569,1,73,0,230,214,285,269,89,89,89,89,89,89,89,89,110,22.56066895,22.56066895,25.12438011,25.12438011,0,0,0,0
1782621506,38.59872055,1142,0,326,0.866666675,0,0,0,8,11572,1,73,0,229,213,284,268,89,89,89,89,89,89,89,89,110,22.56066895,22.56066895,25.12438011,25.12438011,0,0,0,0
1782621506,38.65157318,1143,0,326,0.866666675,0,0,0,8,11577,1,73,0,228,212,283,267,89,89,89,89,89,89,89,89,110,22.56066895,22.56066895,25.12438011,25.12438011,0,0,0,0
1782621506,38.69136047,1145,0,326,0.866666675,0,0,0,8,11575,1,73,0,227,211,282,266,89,89,89,89,89,89,89,89,110,22.56066895,22.56066895,25.12438011,25.12438011,0,0,0,0
1782621506,38.74491882,1146,0,326,0.627451003,0,0,0,8,11510,1,70,0,226,210,281,265,89,89,89,89,89,89,89,89,110,22.56066895,22.56066895,25.12438011,25.12438011,0,0,0,0
1782621506,38.79833984,1148,0,325,0.027450981,0,0,0,8,11393,1,67,0,225,209,280,264,89,89,89,89,89,89,89,89,110,22.56066895,22.56066895,25.12438011,25.12438011,0,0,0,0
1782621506,38.85103607,1149,0,324,0,0,0,0,8,11344,1,63,0,224,208,279,263,89,89,89,89,89,89,89,89,110,22.56066895,22.56066895,25.12438011,25.12438011,0,0,0,0
1782621506,38.89107895,1151,0,323,0,0,0.029426843,0,8,11290,1,61,0,224,208,279,263,89,89,89,89,89,89,89,89,110,22.56066895,22.56066895,25.12438011,25.12438011,0,0,0,0
1782621506,38.94544601,1152,0,320,0,0,0.343597114,0,8,11111,0,54,0,242,226,293,278,89,89,89,89,89,89,89,89,110,22.56066895,22.56066895,25.12438011,25.12438011,0,0,0,0
1782621506,38.99862289,1154,0,316,0,0,0.54885745,0,8,10911,0,47,0,279,264,326,311,89,89,89,89,89,89,89,89,110,22.56066895,22.56066895,25.12438011,25.12438011,0,0,0,0
1782621506,39.05194473,1155,0,311,0,0,0.553022623,0,8,10748,0,41,0,316,302,358,344,89,89,89,89,89,89,89,89,110,22.56066895,22.56066895,25.12438011,25.12438011,0,0,0,0
1782621506,39.09247208,1157,0,307,0,0,0.419188976,0,8,10644,0,38,0,342,329,380,367,89,89,89,89,89,89,89,89,110,22.56066895,22.56066895,25.12438011,25.12438011,0,0,0,0
1782621506,39.1476059,1158,0,303,0,0,0.59119153,0,8,10456,0,30,0,371,358,406,393,89,89,89,89,89,89,89,89,110,22.56066895,22.56066895,25.12438011,25.12438011,0,0,0,0
1782621506,39.19995117,1160,0,296,0,0,1,0,8,10076,0,12,0,425,413,457,445,89,89,89,89,89,89,89,89,110,22.56066895,22.56066895,25.12438011,25.12438011,0,0,0,0
1782621506,39.23923111,1161,0,289,0,0,1,0,8,9846,0,2,0,473,462,504,493,89,89,89,89,89,89,89,89,110,22.56066895,22.56066895,25.12438011,25.12438011,0,0,0,0
1782621506,39.29414368,1163,0,282,0,0,1,0,8,9608,0,0,0,517,507,546,536,89,89,89,89,89,89,89,89,110,22.56066895,22.56066895,25.12438011,25.12438011,0,0,0,0
1782621507,39.3484726,1164,0,275,0,0,1,0,8,9805,0,0,0,557,547,585,575,89,89,89,89,89,89,89,89,110,22.56066895,22.56066895,25.12438011,25.12438011,0,0,0,0
1782621507,39.4020462,1166,0,267,0,0,1,0,7,10213,0,18,0,605,596,630,621,89,89,89,89,89,89,89,89,110,22.56066895,22.56066895,25.12438011,25.12438011,0,0,0,0
1782621507,39.45465088,1167,0,260,0,0,1,0,7,9872,0,3,0,637,629,661,653,89,89,89,89,89,89,89,89,110,22.56066895,22.56066895,25.12438011,25.12438011,0,0,0,0
1782621507,39.49355698,1169,0,256,0,0,1,0,7,9689,0,0,0,657,649,680,672,89,89,89,89,89,89,89,89,110,22.56066895,22.56066895,25.12438011,25.12438011,0,0,0,0
1782621507,39.54623413,1170,0,249,0,0,1,0,7,9438,0,0,0,684,676,706,699,89,89,89,89,89,89,89,89,110,22.56066895,22.56066895,25.12438011,25.12438011,0,0,0,0
1782621507,39.59996033,1172,0,242,0,0,1,0,7,9173,0,0,0,708,701,730,723,89,89,89,89,89,89,89,89,110,22.56066895,22.56066895,25.12438011,25.12438011,0,0,0,0
1782621507,39.6420784,1173,0,236,0,0,1,0,6,10515,0,33,0,731,724,752,745,89,89,89,89,89,89,89,89,110,22.56066895,22.56066895,25.12438011,25.12438011,0,0,0,0
1782621507,39.69952393,1175,0,230,0,0,1,0,6,10052,0,11,0,752,746,772,766,89,89,89,89,89,89,89,89,110,22.56066895,22.56066895,25.12438011,25.12438011,0,0,0,0
1782621507,39.74213028,1176,0,223,0,0,1,0,6,9734,0,0,0,771,765,790,784,89,89,89,89,89,89,89,89,110,22.56066895,22.56066895,25.12438011,25.12438011,0,0,0,0
1782621507,39.79797363,1178,0,217,0,0,1,0,6,9433,0,0,0,788,782,807,801,89,89,89,89,89,89,89,89,110,22.56066895,22.56066895,25.12438011,25.12438011,0,0,0,0
1782621507,39.84119797,1179,0,211,0,0,1,0,6,9097,0,0,0,803,798,822,817,89,89,89,89,89,89,89,89,110,22.56066895,22.56066895,25.12438011,25.12438011,0,0,0,0
1782621507,39.88616943,1181,0,204,0,0,1,0,5,10118,0,14,0,818,813,836,831,89,89,89,89,89,89,89,89,110,22.56066895,22.56066895,25.12438011,25.12438011,0,0,0,0
1782621507,39.94652176,1182,0,199,0,0,1,0,5,10036,0,10,0,831,826,848,843,89,89,89,89,89,89,89,89,110,22.56066895,22.56066895,25.12438011,25.12438011,0,0,0,0
1782621507,39.99084854,1184,0,193,0,0,1,0,5,9640,0,0,0,843,839,860,855,89,89,89,89,89,89,89,89,110,22.56066895,22.56066895,25.12438011,25.12438011,0,0,0,0
1782621507,40.04792023,1185,0,187,0,0,1,0,5,9125,0,0,0,854,850,870,866,89,89,89,89,89,89,89,89,110,22.56066895,22.56066895,25.12438011,25.12438011,0,0,0,0
1782621507,40.10153198,1187,0,182,0,0,1,0,5,8940,0,0,0,864,860,880,877,89,89,89,89,89,89,89,89,110,22.56066895,22.56066895,25.12438011,25.12438011,0,0,0,0
1782621507,40.15384674,1188,0,174,0,0,1,0,5,8873,0,0,0,876,872,892,889,89,89,89,89,89,89,89,89,110,22.56066895,22.56066895,25.12438011,25.12438011,0,0,0,0
1782621507,40.20407486,1190,0,170,0,0.033460658,1,0,4,10460,0,30,0,885,881,901,897,89,89,89,89,89,89,89,89,110,22.56066895,22.56066895,25.12438011,25.12438011,0,0,0,0
1782621507,40.24153137,1191,0,168,0,0.060605001,1,0,4,9891,0,4,0,891,887,906,902,89,89,89,89,89,89,89,89,110,22.56066895,22.56066895,25.12438011,25.12438011,0,0,0,0
1782621507,40.29309464,1193,0,165,0,0.100950509,1,0,4,9679,0,0,0,898,895,914,910,89,89,89,89,89,89,89,89,110,22.56066895,22.56066895,25.12438011,25.12438011,0,0,0,0
1782621508,40.34609222,1194,0,160,0,0.135705322,1,0,4,9355,0,0,0,906,902,921,917,89,89,89,89,89,89,89,89,110,22.56066895,22.56066895,25.12438011,25.12438011,0,0,0,0
1782621508,40.39837265,1196,0,156,0,0.167179093,1,0,4,9042,0,0,0,912,909,927,923,89,89,89,89,89,89,89,89,110,22.56066895,22.56066895,25.12438011,25.12438011,0,0,0,0
1782621508,40.45202255,1197,0,151,0,0.113817684,1,0,4,8752,0,0,0,921,917,936,932,89,89,89,89,89,89,89,89,110,22.56066895,22.56066895,25.12438011,25.12438011,0,0,0,0
1782621508,40.49372101,1199,0,149,0,0.069388218,1,0,4,8709,0,0,0,924,921,940,935,89,89,89,89,89,89,89,89,110,22.56066895,22.56066895,25.12438011,25.12438011,0,0,0,0
1782621508,40.54705429,1200,0,145,0,0.027051967,1,0,4,8315,0,0,0,930,926,945,941,89,89,89,89,89,89,89,89,110,22.56066895,22.56066895,25.12438011,25.12438011,0,0,0,0
1782621508,40.59819794,1202,0,141,0,0.047198195,1,0,4,8232,0,0,0,935,931,950,946,89,89,89,89,89,89,89,89,110,22.56066895,22.56066895,25.12438011,25.12438011,0,0,0,0
1782621508,40.64946365,1203,0,138,0,0.078668065,1,0,4,8386,0,0,0,940,936,955,950,89,89,89,89,89,89,89,89,110,22.56066895,22.56066895,25.12438011,25.12438011,0,0,0,0
1782621508,40.68914795,1205,0,135,0,0.110801265,1,0,3,9671,0,0,0,944,941,959,955,89,89,89,89,89,89,89,89,110,22.56066895,22.56066895,25.12438011,25.12438011,0,0,0,0
1782621508,40.74292755,1206,0,132,0,0.143010169,1,0,3,9142,0,0,0,949,945,963,959,89,89,89,89,89,89,89,89,110,22.56066895,22.56066895,25.12438011,25.12438011,0,0,0,0
1782621508,40.79522324,1208,0,128,0,0.19031772,1,0,3,8745,0,0,0,952,949,967,963,89,89,89,89,89,89,89,89,110,22.56066895,22.56066895,25.12438011,25.12438011,0,0,0,0
1782621508,40.84634018,1209,0,125,0,0.23651056,1,0,3,8405,0,0,0,956,952,971,966,89,89,89,89,89,89,89,89,110,22.56066895,22.56066895,25.12438011,25.12438011,0,0,0,0
1782621508,40.89933777,1211,0,121,0,0.281677037,1,0,3,8209,0,0,0,960,956,974,970,89,89,89,89,89,89,89,89,110,22.56066895,22.56066895,25.12438011,25.12438011,0,0,0,0
1782621508,40.95257187,1212,0,116,0,0.340637922,1,0,3,8000,0,0,0,964,960,978,973,89,89,89,89,89,89,89,89,110,22.56066895,22.56066895,25.12438011,25.12438011,0,0,0,0
1782621508,40.99198151,1214,0,114,0,0.369689316,1,0,3,7855,0,0,0,966,962,980,975,89,89,89,89,89,89,89,89,110,22.56066895,22.56066895,25.12438011,25.12438011,0,0,0,0
1782621508,41.04521179,1215,0,110,0,0.412792534,1,0,3,7557,0,0,0,969,964,983,978,89,89,89,89,89,89,89,89,110,22.56066895,22.56066895,25.12438011,25.12438011,0,0,0,0
1782621508,41.0957756,1217,0,107,0,0.455195934,1,0,3,7283,0,0,0,971,967,986,980,89,89,89,89,89,89,89,89,110,22.56066895,22.56066895,25.12438011,25.12438011,0,0,0,0
1782621508,41.14498138,1218,0,104,0,0.497271359,1,0,3,7106,0,0,0,974,969,988,983,89,89,89,89,89,89,89,89,110,22.56066895,22.56066895,25.12438011,25.12438011,0,0,0,0
1782621508,41.19446182,1220,0,100,0,0.53889662,1,0,3,6898,0,0,0,976,972,991,985,89,89,89,89,89,89,89,89,110,22.56066895,22.56066895,25.12438011,25.12438011,0,0,0,0
1782621508,41.24350357,1221,0,97,0,0.579844475,1,0,2,8589,0,0,0,978,974,993,986,89,89,89,89,89,89,89,89,110,22.56066895,22.56066895,25.12438011,25.12438011,0,0,0,0
1782621508,41.29304886,1223,0,96,0,0.62001425,1,0,2,8359,0,0,0,981,976,995,988,89,89,89,89,89,89,89,89,110,22.56066895,22.56066895,25.12438011,25.12438011,0,0,0,0
1782621509,41.34286118,1224,0,93,0,0.658866882,1,0,2,7914,0,0,0,983,978,996,990,89,89,89,89,89,89,89,89,110,22.56066895,22.56066895,25.12438011,25.12438011,0,0,0,0
1782621509,41.40473938,1226,0,89,0,0.710023701,1,0,2,7481,0,0,0,985,980,998,992,89,89,89,89,89,89,89,89,110,22.56066895,22.56066895,25.12438011,25.12438011,0,0,0,0
1782621509,41.45340347,1227,0,86,0,0.748414218,1,0,2,7283,0,0,0,986,982,1000,993,89,89,89,89,89,89,89,89,110,22.56066895,22.56066895,25.12438011,25.12438011,0,0,0,0
1782621509,41.50241852,1229,0,83,0,0.777561128,1,0,2,7006,0,0,0,988,983,1001,995,89,89,89,89,89,89,89,89,110,22.56066895,22.56066895,25.12438011,25.12438011,0,0,0,0
1782621509,41.55292892,1230,0,80,0,0.802166104,1,0,2,6821,0,0,0,989,984,1002,996,89,89,89,89,89,89,89,89,110,22.56066895,22.56066895,25.12438011,25.12438011,0,0,0,0
1782621509,41.60367966,1232,0,77,0,0.830934048,1,0,2,6505,0,0,0,991,985,1003,997,89,89,89,89,89,89,89,89,110,22.56066895,22.56066895,25.12438011,25.12438011,0,0,0,0
1782621509,41.65291214,1233,0,74,0,0.8593629,1,0,2,6330,0,0,0,992,987,1004,998,89,89,89,89,89,89,89,89,110,22.56066895,22.56066895,25.12438011,25.12438011,0,0,0,0
1782621509,41.70189285,1235,0,72,0,0.882012606,1,0,2,6147,0,0,0,993,987,1005,999,89,89,89,89,89,89,89,89,110,22.56066895,22.56066895,25.12438011,25.12438011,0,0,0,0
1782621509,41.75195694,1236,0,69,0,0.916948676,1,0,2,5899,0,0,0,994,988,1006,1000,89,89,89,89,89,89,89,89,110,22.56066895,22.56066895,25.12438011,25.12438011,0,0,0,0
1782621509,41.79030991,1238,0,67,0,0.959381044,1,0,2,5666,0,0,0,995,989,1007,1001,89,89,89,89,89,89,89,89,110,22.56066895,22.56066895,25.12438011,25.12438011,0,0,0,0
1782621509,41.8422966,1239,0,64,0,1,1,0,2,5376,0,0,0,996,990,1008,1002,89,89,89,89,89,89,89,89,110,22.56066895,22.56066895,25.12438011,25.12438011,0,0,0,0
1782621509,41.89628983,1241,0,61,0,1,1,0,2,5140,0,0,0,997,991,1009,1002,89,89,89,89,89,89,89,89,110,22.56066895,22.56066895,25.12438011,25.12438011,0,0,0,0
1782621509,41.94948959,1242,0,58,0,1,1,0,2,5261,0,0,0,998,992,1010,1003,89,89,89,89,89,89,89,89,110,22.56066895,22.56066895,25.12438011,25.12438011,0,0,0,0
1782621509,42.00028229,1244,0,56,0,1,1,0,1,6841,0,0,0,999,993,1011,1004,89,89,89,89,89,89,89,89,110,22.56066895,22.56066895,25.12438011,25.12438011,0,0,0,0
1782621509,42.05126572,1245,0,54,0,1,1,0,1,6332,0,0,0,1000,993,1011,1005,89,89,89,89,89,89,89,89,110,22.56066895,22.56066895,25.12438011,25.12438011,0,0,0,0
1782621509,42.10219574,1247,0,51,0,1,1,0,1,5792,0,0,0,1001,994,1012,1005,89,89,89,89,89,89,89,89,110,22.56066895,22.56066895,25.12438011,25.12438011,0,0,0,0
1782621509,42.15291595,1248,0,49,0,0.925620139,1,0,1,5451,0,0,0,1001,995,1013,1006,89,89,89,89,89,89,89,89,110,22.56066895,22.56066895,25.12438011,25.12438011,0,0,0,0
1782621509,42.20384598,1250,0,46,0,0.726017237,1,0,1,5085,0,0,0,1002,996,1014,1007,89,89,89,89,89,89,89,89,110,22.56066895,22.56066895,25.12438011,25.12438011,0,0,0,0
1782621509,42.25431442,1251,0,43,0,0.545080781,1,0,1,4856,0,0,0,1003,996,1014,1007,89,89,89,89,89,89,89,89,110,22.56066895,22.56066895,25.12438011,25.12438011,0,0,0,0
1782621509,42.29262543,1253,0,41,0,0.434834838,1,0,1,4643,0,0,0,1003,996,1015,1008,89,89,89,89,89,89,89,89,110,22.56066895,22.56066895,25.12438011,25.12438011,0,0,0,0
1782621510,42.34397507,1254,0,39,0,0.281992853,0.886845946,0,1,4333,0,0,0,1003,997,1015,1008,89,89,89,89,89,89,89,89,110,22.56066895,22.56066895,25.12438011,25.12438011,0,0,0,0
1782621510,42.39436722,1256,0,36,0,0.141221613,0.456970513,0,1,4180,0,0,0,1004,997,1015,1008,89,89,89,89,89,89,89,89,110,22.56066895,22.56066895,25.12438011,25.12438011,0,0,0,0
1782621510,42.44374084,1257,0,36,0.035294119,0.015055908,0,0,1,4018,0,0,0,1003,996,1015,1008,89,89,89,89,89,89,89,89,110,22.56066895,22.56066895,25.12438011,25.12438011,0,0,0,0
1782621510,42.4933815,1259,0,36,0.192156866,0,0,0,1,4015,0,0,0,1002,995,1014,1007,89,89,89,89,89,89,89,89,110,22.56066895,22.56066895,25.12438011,25.12438011,0,0,0,0
1782621510,42.55549622,1260,0,36,0.517647088,0,0,0,1,4145,0,0,0,1001,994,1013,1006,89,89,89,89,89,89,89,89,110,22.56066895,22.56066895,25.12438011,25.12438011,0,0,0,0
1782621510,42.60474777,1262,0,36,0.53725493,0,0,0,1,4447,0,0,0,1000,993,1012,1005,89,89,89,89,89,89,89,89,110,22.56066895,22.56066895,25.12438011,25.12438011,0,0,0,0
1782621510,42.64257813,1263,0,36,0.572549045,0,0,0,1,4680,0,0,0,999,993,1012,1005,89,89,89,89,89,89,89,89,110,22.56066895,22.56066895,25.12438011,25.12438011,0,0,0,0
1782621510,42.69386292,1265,0,37,0.615686297,0,0,0,1,4904,0,0,0,998,992,1011,1004,89,89,89,89,89,89,89,89,110,22.56066895,22.56066895,25.12438011,25.12438011,0,0,0,0
1782621510,42.74679565,1266,0,38,0.596078455,0,0,0,1,5013,0,0,0,997,991,1010,1003,89,89,89,89,89,89,89,89,110,22.56066895,22.56066895,25.12438011,25.12438011,0,0,0,0
1782621510,42.79786301,1268,0,39,0.572549045,0,0,0,1,5046,0,0,0,996,990,1009,1002,89,89,89,89,89,89,89,89,110,22.56066895,22.56066895,25.12438011,25.12438011,0,0,0,0
1782621510,42.84857559,1269,0,41,0.525490224,0,0,0,1,5036,0,0,0,995,989,1008,1001,89,89,89,89,89,89,89,89,110,22.56066895,22.56066895,25.12438011,25.12438011,0,0,1,0
1782621510,42.8886261,1271,0,42,0.517647088,0,0,0,1,5132,0,0,0,994,988,1007,1000,89,89,89,89,89,89,89,89,110,22.56066895,22.56066895,25.12438011,25.12438011,0,0,1,0
1782621510,42.94179153,1272,0,42,0.513725519,0.046050429,0,0,1,5380,0,0,0,993,987,1007,1000,89,89,89,89,89,89,89,89,110,22.56066895,22.56066895,25.12438011,25.12438011,0,0,1,0
1782621510,42.99349213,1274,0,44,0.482352942,0.134102389,0,0,1,5307,0,0,0,992,986,1006,999,89,89,89,89,89,89,89,89,110,22.56066895,22.56066895,25.12438011,25.12438011,0,0,1,0
1782621510,43.04622269,1275,0,45,0.309803933,0.22820802,0,0,1,5313,0,0,0,991,984,1005,998,89,89,89,89,89,89,89,89,110,22.56066895,22.56066895,25.12438011,25.12438011,0,0,1,0
1782621510,43.09854126,1277,0,45,0.192156866,0.317484438,0,0,1,5353,0,0,0,990,983,1004,997,89,89,89,89,89,89,89,89,110,22.56066895,22.56066895,25.12438011,25.12438011,0,0,1,0
1782621510,43.15107727,1278,0,45,0.196078435,0.333796442,0,0,1,5356,0,0,0,989,982,1003,996,89,89,89,89,89,89,89,89,110,22.56066895,22.56066895,25.12438011,25.12438011,1,0,0,1
1782621510,43.20218658,1280,0,45,0.019607844,0.189075992,0,0,1,5288,0,0,0,987,981,1002,995,89,89,89,89,89,89,89,89,110,22.56066895,22.56066895,25.12438011,25.12438011,1,0,0,1
1782621510,43.24077988,1281,0,45,0,0.101425774,0,0,1,5255,0,0,0,987,980,1001,994,89,89,89,89,89,89,89,89,110,22.56066895,22.56066895,25.12438011,25.12438011,1,0,0,1
1782621510,43.29467773,1283,0,45,0,0,0,0,1,5200,0,0,0,985,979,1000,993,89,89,89,89,89,89,89,89,110,22.56066895,22.56066895,25.12438011,25.12438011,1,0,0,1
1782621511,43.34809875,1284,0,45,0.196078435,0,0,0,1,5249,0,0,0,984,978,999,992,89,89,89,89,89,89,89,89,110,22.56066895,22.56066895,25.12438011,25.12438011,1,0,0,1
1782621511,43.39843369,1286,0,44,0.356862754,0,0,0,1,5445,0,0,0,983,977,998,991,89,89,89,89,89,89,89,89,110,22.56066895,22.56066895,25.12438011,25.12438011,1,1,0,1
1782621511,43.44628906,1287,0,44,0.466666669,-0.018660542,0,0,1,5905,0,0,0,982,976,997,990,89,89,89,89,89,89,89,89,110,22.56066895,22.56066895,25.12438011,25.12438011,1,1,0,1
1782621511,43.49485016,1289,0,44,0.117647059,-0.080499597,0,0,1,6014,0,0,0,981,975,996,990,89,89,89,89,89,89,89,89,110,22.56066895,22.56066895,25.12438011,25.12438011,0,1,0,1
1782621511,43.54699707,1290,0,45,0,-0.169520602,0,0,1,5684,0,0,0,980,974,995,989,89,89,89,89,89,89,89,89,110,22.56066895,22.56066895,25.12438011,25.12438011,0,1,0,1
1782621511,43.59967422,1292,0,45,0,-0.250302166,0,0,1,5484,0,0,0,979,973,995,988,89,89,89,89,89,89,89,89,110,22.56066895,22.56066895,25.12438011,25.12438011,0,1,1,1
1782621511,43.65016174,1293,0,44,0,-0.327002108,0,0,1,5328,0,0,0,978,971,994,987,89,89,89,89,89,89,89,89,110,22.56066895,22.56066895,25.12438011,25.12438011,0,1,1,1
1782621511,43.69955826,1295,0,44,0,-0.398172915,0,0,1,5214,0,0,0,977,970,993,986,89,89,89,89,89,89,89,89,110,22.56066895,22.56066895,25.12438011,25.12438011,0,1,1,1
1782621511,43.74830627,1296,0,44,0,-0.467522144,0,0,1,5154,0,0,0,976,969,992,985,89,89,89,89,89,89,89,89,110,22.56066895,22.56066895,25.12438011,25.12438011,0,1,1,0
1782621511,43.79646301,1298,0,43,0,-0.536692619,0,0,1,5077,0,0,0,975,968,991,984,89,89,89,89,89,89,89,89,110,22.56066895,22.56066895,25.12438011,25.12438011,0,1,1,0
1782621511,43.8449707,1299,0,43,0,-0.602969229,0,0,1,4975,0,0,0,974,967,990,983,89,89,89,89,89,89,89,89,110,22.56066895,22.56066895,25.12438011,25.12438011,0,1,0,0
1782621511,43.89434052,1301,0,43,0,-0.671013296,0,0,1,4874,0,0,0,973,966,989,982,89,89,89,89,89,89,89,89,110,22.56066895,22.56066895,25.12438011,25.12438011,1,0,0,0
1782621511,43.94432449,1302,0,42,0,-0.738260865,0,0,1,4800,0,0,0,972,965,988,982,89,89,89,89,89,89,89,89,110,22.56066895,22.56066895,25.12438011,25.12438011,1,0,0,0
1782621511,43.99460602,1304,0,42,0,-0.802143693,0,0,1,4566,0,0,0,971,964,987,981,89,89,89,89,89,89,89,89,110,22.56066895,22.56066895,25.12438011,25.12438011,1,0,0,0
1782621511,44.0446434,1305,0,41,0,-0.862795711,0,0,1,4588,0,0,0,970,963,987,980,89,89,89,89,89,89,89,89,110,22.56066895,22.56066895,25.12438011,25.12438011,1,0,0,0
1782621511,44.09347153,1307,0,41,0,-0.920425832,0,0,1,4507,0,0,0,969,962,986,979,89,89,89,89,89,89,89,89,110,22.56066895,22.56066895,25.12438011,25.12438011,1,0,0,0
1782621511,44.15393829,1308,0,39,0,-0.992887855,0,0,1,4478,0,0,0,967,961,985,978,89,89,89,89,89,89,89,89,110,22.56066895,22.56066895,25.12438011,25.12438011,0,0,0,0
1782621511,44.20114517,1310,0,39,0,-0.99991858,0,0,1,4405,0,0,0,967,960,984,977,89,89,89,89,89,89,89,89,110,22.56066895,22.56066895,25.12438011,25.12438011,0,0,0,0
1782621511,44.24840164,1311,0,38,0,-0.99991858,0,0,1,4410,0,0,0,966,959,983,977,89,89,89,89,89,89,89,89,110,22.56066895,22.56066895,25.12438011,25.12438011,0,0,0,0
1782621511,44.29525757,1313,0,38,0,-0.99991858,0,0,1,4264,0,0,0,965,958,983,976,89,89,89,89,89,89,89,89,110,22.56066895,22.56066895,25.12438011,25.12438011,0,0,0,0
1782621512,44.35413361,1314,0,37,0,-0.99991858,0,0,1,4179,0,0,0,964,957,982,975,89,89,89,89,89,89,89,89,110,22.56066895,22.56066895,25.12438011,25.12438011,0,0,0,0
1782621512,44.40098953,1316,0,37,0,-0.99991858,0,0,1,4019,0,0,0,963,957,981,974,89,89,89,89,89,89,89,89,110,22.56066895,22.56066895,25.12438011,25.12438011,0,0,0,0
1782621512,44.44767761,1317,0,36,0,-0.99991858,0,0,1,4016,0,0,0,962,956,980,974,89,89,89,89,89,89,89,89,110,22.56066895,22.56066895,25.12438011,25.12438011,0,0,0,0
1782621512,44.49463654,1319,0,36,0,-0.99991858,0,0,1,4010,0,0,0,961,955,980,973,89,89,89,89,89,89,89,89,110,22.56066895,22.56066895,25.12438011,25.12438011,0,0,0,0
1782621512,44.55405045,1320,0,36,0,-0.99991858,0,0,1,3998,0,0,0,960,954,979,972,89,89,89,89,89,89,89,89,110,22.56066895,22.56066895,25.12438011,25.12438011,0,0,0,0
1782621512,44.602005,1322,0,36,0,-0.99991858,0,0,1,3992,0,0,0,960,953,978,971,89,89,89,89,89,89,89,89,110,22.56066895,22.56066895,25.12438011,25.12438011,0,0,0,0
1782621512,44.64985275,1323,0,35,0,-0.99991858,0,0,1,3984,0,0,0,959,952,977,971,89,89,89,89,89,89,89,89,110,22.56066895,22.56066895,25.12438011,25.12438011,0,0,0,0
1782621512,44.69752884,1325,0,35,0,-0.99991858,0,0,1,3981,0,0,0,958,952,977,970,89,89,89,89,89,89,89,89,110,22.56066895,22.56066895,25.12438011,25.12438011,0,0,0,0
1782621512,44.74752808,1326,0,35,0,-0.99991858,0,0,1,3982,0,0,0,957,951,976,969,89,89,89,89,89,89,89,89,110,22.56066895,22.56066895,25.12438011,25.12438011,0,0,0,0
1782621512,44.7963295,1328,0,34,0,-0.99991858,0,0,1,3987,0,0,0,956,950,975,968,89,89,89,89,89,89,89,89,110,22.56066895,22.56066895,25.12438011,25.12438011,0,0,0,0
1782621512,44.84413147,1329,0,34,0,-0.99991858,0,0,1,3996,0,0,0,955,949,974,968,89,89,89,89,89,89,89,89,110,22.56066895,22.56066895,25.12438011,25.12438011,0,0,0,0
1782621512,44.89530945,1331,0,34,0.168627456,-0.99991858,0,0,1,4005,0,0,0,954,948,974,967,89,89,89,89,89,89,89,89,110,22.56066895,22.56066895,25.12438011,25.12438011,0,0,0,0
1782621512,44.94803238,1332,0,34,0.34117648,-0.99991858,0,0,1,4063,0,0,0,954,947,973,966,89,89,89,89,89,89,89,89,110,22.56066895,22.56066895,25.12438011,25.12438011,0,0,0,0
1782621512,44.99940872,1334,0,33,0.352941185,-0.99991858,0,0,1,4136,0,0,0,953,947,972,966,89,89,89,89,89,89,89,89,110,22.56066895,22.56066895,25.12438011,25.12438011,0,0,0,0
1782621512,45.05079269,1335,0,33,0.376470596,-0.99991858,0,0,1,4233,0,0,0,952,946,972,965,89,89,89,89,89,89,89,89,110,22.56066895,22.56066895,25.12438011,25.12438011,0,0,0,0
1782621512,45.08941269,1337,0,33,0.403921574,-0.99991858,0,0,1,4357,0,0,0,951,945,971,964,89,89,89,89,89,89,89,89,110,22.56066895,22.56066895,25.12438011,25.12438011,0,0,0,0
1782621512,45.14203644,1338,0,33,0.41568628,-0.99991858,0,0,1,4508,0,0,0,950,944,970,964,89,89,89,89,89,89,89,89,110,22.56066895,22.56066895,25.12438011,25.12438011,0,0,0,0
1782621512,45.19391251,1340,0,33,0.435294122,-0.75538218,0,0,1,4721,0,0,0,950,943,970,963,89,89,89,89,89,89,89,89,110,22.56066895,22.56066895,25.12438011,25.12438011,0,0,0,0
1782621512,45.24586487,1341,0,33,0.43921569,-0.538354814,0,0,1,4904,0,0,0,949,943,969,962,89,89,89,89,89,89,89,89,110,22.56066895,22.56066895,25.12438011,25.12438011,0,0,0,0
1782621512,45.29968643,1343,0,34,0.443137258,-0.351741552,0,0,1,4953,0,0,0,948,942,968,962,89,89,89,89,89,89,89,89,110,22.56066895,22.56066895,25.12438011,25.12438011,0,0,0,0
1782621513,45.33984375,1344,0,35,0.458823532,-0.191257209,0,0,1,4963,0,0,0,947,941,968,961,89,89,89,89,89,89,89,89,110,22.56066895,22.56066895,25.12438011,25.12438011,0,0,0,0
1782621513,45.39296722,1346,0,36,0.494117647,-0.055499833,0,0,1,4972,0,0,0,946,940,967,960,89,89,89,89,89,89,89,89,110,22.56066895,22.56066895,25.12438011,25.12438011,0,0,0,0
1782621513,45.44739151,1347,0,37,0.517647088,-0.057090897,0,0,1,4984,0,0,0,945,939,966,959,89,89,89,89,89,89,89,89,110,22.56066895,22.56066895,25.12438011,25.12438011,0,0,0,0
1782621513,45.49001694,1349,0,38,0.53725493,-0.145586014,0,0,1,4999,0,0,0,944,938,965,959,89,89,89,89,89,89,89,89,110,22.56066895,22.56066895,25.12438011,25.12438011,0,0,0,0
1782621513,45.54474258,1350,0,40,0.56078434,-0.239936724,0,0,1,5017,0,0,0,944,937,964,958,89,89,89,89,89,89,89,89,110,22.56066895,22.56066895,25.12438011,25.12438011,0,0,0,0
1782621513,45.59441376,1352,0,41,0.572549045,-0.329310417,0,0,1,5035,0,0,0,943,936,964,957,89,89,89,89,89,89,89,89,110,22.56066895,22.56066895,25.12438011,25.12438011,0,0,0,0
1782621513,45.64479065,1353,0,42,0.58431375,-0.413972825,0,0,1,5093,0,0,0,942,935,963,956,89,89,89,89,89,89,89,89,110,22.56066895,22.56066895,25.12438011,25.12438011,0,0,0,0
1782621513,45.69471359,1355,0,43,0.588235319,-0.494196445,0,0,1,5248,0,0,0,941,934,962,955,89,89,89,89,89,89,89,89,110,22.56066895,22.56066895,25.12438011,25.12438011,0,0,0,0
1782621513,45.75575256,1356,0,45,0.588235319,-0.593778312,0,0,1,5506,0,0,0,939,933,961,954,89,89,89,89,89,89,89,89,110,22.56066895,22.56066895,25.12438011,25.12438011,0,0,0,0
1782621513,45.80364227,1358,0,46,0.588235319,-0.392447352,0,0,1,5620,0,0,0,938,932,960,953,89,89,89,89,89,89,89,89,110,22.56066895,22.56066895,25.12438011,25.12438011,0,0,0,0
1782621513,45.85211563,1359,0,47,0.588235319,-0.291937828,0,0,1,5690,0,0,0,937,931,959,952,89,89,89,89,89,89,89,89,110,22.56066895,22.56066895,25.12438011,25.12438011,0,0,0,0
1782621513,45.90272522,1361,0,49,0.58431375,-0.250954837,0,0,1,5856,0,0,0,936,930,958,951,89,89,89,89,89,89,89,89,110,22.56066895,22.56066895,25.12438011,25.12438011,0,0,0,0
1782621513,45.95194626,1362,0,50,0.58431375,-0.206175774,0,0,1,5959,0,0,0,935,929,957,951,89,89,89,89,89,89,89,89,110,22.56066895,22.56066895,25.12438011,25.12438011,0,0,0,0
1782621513,46.0004425,1364,0,51,0.58431375,-0.0889429,0,0,1,6128,0,0,0,934,928,956,950,89,89,89,89,89,89,89,89,110,22.56066895,22.56066895,25.12438011,25.12438011,0,0,0,0
1782621513,46.04945755,1365,0,52,0.588235319,-0.087051496,0,0,1,6304,0,0,0,933,927,955,949,89,89,89,89,89,89,89,89,110,22.56066895,22.56066895,25.12438011,25.12438011,0,0,0,0
1782621513,46.09838867,1367,0,54,0.592156887,-0.169657737,0,0,1,6489,0,0,0,932,926,954,948,89,89,89,89,89,89,89,89,110,22.56066895,22.56066895,25.12438011,25.12438011,0,0,0,0
1782621513,46.1475029,1368,0,55,0.588235319,-0.245189831,0,0,1,6676,0,0,0,930,924,953,947,89,89,89,89,89,89,89,89,110,22.56066895,22.56066895,25.12438011,25.12438011,0,0,0,0
1782621513,46.19553375,1370,0,56,0.588235319,-0.314092666,0,0,1,6873,0,0,0,929,923,952,946,89,89,89,89,89,89,89,89,110,22.56066895,22.56066895,25.12438011,25.12438011,0,0,0,0
1782621513,46.24450302,1371,0,58,0.588235319,-0.377071619,0,0,1,7084,0,0,0,928,922,951,945,89,89,89,89,89,89,89,89,110,22.56066895,22.56066895,25.12438011,25.12438011,0,0,0,0
1782621513,46.28527451,1373,0,59,0.588235319,-0.415295064,0,0,1,7222,0,0,0,927,921,950,944,89,89,89,89,89,89,89,89,110,22.56066895,22.56066895,25.12438011,25.12438011,0,0,0,0
1782621514,46.34450912,1374,0,60,0.588235319,-0.438094974,0,0,1,7555,0,0,0,925,919,949,942,89,89,89,89,89,89,89,89,110,22.56066895,22.56066895,25.12438011,25.12438011,0,0,0,0
1782621514,46.38779449,1376,0,62,0.588235319,-0.394951373,0,0,1,7753,0,0,0,924,918,948,941,89,89,89,89,89,89,89,89,110,22.56066895,22.56066895,25.12438011,25.12438011,0,0,0,0
1782621514,46.44217682,1377,0,64,0.588235319,-0.311976582,0,0,1,7905,0,0,0,923,917,947,940,89,89,89,89,89,89,89,89,110,22.56066895,22.56066895,25.12438011,25.12438011,0,0,0,0
1782621514,46.49372482,1379,0,65,0.588235319,-0.252237558,0,0,1,8087,0,0,0,921,915,945,939,89,89,89,89,89,89,89,89,110,22.56066895,22.56066895,25.12438011,25.12438011,0,0,0,0
1782621514,46.55545807,1380,0,68,0.588235319,-0.174079373,0,0,1,8297,0,0,0,919,913,944,937,89,89,89,89,89,89,89,89,110,22.56066895,22.56066895,25.12438011,25.12438011,0,0,0,0
1782621514,46.6039238,1382,0,69,0.58431375,-0.14013353,0,0,1,8466,0,0,0,918,912,943,936,89,89,89,89,89,89,89,89,110,22.56066895,22.56066895,25.12438011,25.12438011,0,0,0,0
1782621514,46.64136124,1383,0,71,0.580392182,-0.08715342,0,0,1,8579,0,0,0,917,911,942,935,89,89,89,89,89,89,89,89,110,22.56066895,22.56066895,25.12438011,25.12438011,0,0,0,0
1782621514,46.69264603,1385,0,72,0.580392182,-0.007221485,0,0,1,8763,0,0,0,915,909,940,934,89,89,89,89,89,89,89,89,110,22.56066895,22.56066895,25.12438011,25.12438011,0,0,0,0
1782621514,46.75444031,1386,0,75,0.58431375,0,0,0,1,9045,0,0,0,913,907,939,932,89,89,89,89,89,89,89,89,110,22.56066895,22.56066895,25.12438011,25.12438011,0,0,0,0
1782621514,46.80175018,1388,0,76,0.58431375,0,0,0,1,9195,0,0,0,912,906,938,931,89,89,89,89,89,89,89,89,110,22.56066895,22.56066895,25.12438011,25.12438011,0,0,0,0
1782621514,46.84947968,1389,0,77,0.58431375,0,0,0,1,9399,0,0,0,911,905,936,930,89,89,89,89,89,89,89,89,110,22.56066895,22.56066895,25.12438011,25.12438011,0,0,0,0
1782621514,46.89888763,1391,0,80,0.58431375,0,0,0,2,8369,0,0,0,909,903,935,929,89,89,89,89,89,89,89,89,110,22.56066895,22.56066895,25.12438011,25.12438011,0,0,0,0
1782621514,46.93851089,1392,0,82,0.588235319,0.053550415,0,0,2,7948,0,0,0,907,901,934,927,89,89,89,89,89,89,89,89,110,22.56066895,22.56066895,25.12438011,25.12438011,0,0,0,0
1782621514,46.98457718,1394,0,83,0.588235319,0.086155683,0,0,2,7701,0,0,0,906,900,933,926,89,89,89,89,89,89,89,89,110,22.56066895,22.56066895,25.12438011,25.12438011,0,0,0,0
1782621514,47.04506302,1395,0,85,0.588235319,-1.37E-09,0,0,2,7708,0,0,0,904,898,931,924,89,89,89,89,89,89,89,89,110,22.56066895,22.56066895,25.12438011,25.12438011,0,0,0,0
1782621514,47.0976944,1397,0,86,0.588235319,0,0,0,2,7828,0,0,0,902,896,929,923,89,89,89,89,89,89,89,89,110,22.56066895,22.56066895,25.12438011,25.12438011,0,0,0,0
1782621514,47.15072632,1398,0,88,0.588235319,0,0,0,2,7947,0,0,0,901,895,928,921,89,89,89,89,89,89,89,89,110,22.56066895,22.56066895,25.12438011,25.12438011,0,0,0,0
1782621514,47.20248032,1400,0,89,0.592156887,0,0,0,2,8091,0,0,0,898,892,926,919,89,89,89,89,89,89,89,89,110,22.56066895,22.56066895,25.12438011,25.12438011,0,0,0,0
1782621514,47.24116898,1401,0,90,0.592156887,0,0,0,2,8173,0,0,0,897,891,925,918,89,89,89,89,89,89,89,89,110,22.56066895,22.56066895,25.12438011,25.12438011,0,0,0,0
1782621514,47.29358673,1403,0,92,0.592156887,0,0,0,2,8294,0,0,0,895,889,923,917,89,89,89,89,89,89,89,89,110,22.56066895,22.56066895,25.12438011,25.12438011,0,0,0,0
1782621515,47.34922028,1404,0,93,0.592156887,0,0,0,2,8412,0,0,0,893,887,921,915,89,89,89,89,89,89,89,89,110,22.56066895,22.56066895,25.12438011,25.12438011,0,0,0,0
1782621515,47.3927536,1406,0,94,0.596078455,0,0,0,2,8532,0,0,0,892,886,920,914,89,89,89,89,89,89,89,89,110,22.56066895,22.56066895,25.12438011,25.12438011,0,0,0,0
1782621515,47.44957733,1407,0,96,0.600000024,0,0,0,2,8660,0,0,0,890,884,918,912,89,89,89,89,89,89,89,89,110,22.56066895,22.56066895,25.12438011,25.12438011,0,0,0,0
1782621515,47.49137497,1409,0,97,0.607843161,0,0,0,2,8787,0,0,0,888,882,917,910,89,89,89,89,89,89,89,89,110,22.56066895,22.56066895,25.12438011,25.12438011,0,0,0,0
1782621515,47.54631805,1410,0,98,0.615686297,0,0,0,2,8919,0,0,0,886,880,915,909,89,89,89,89,89,89,89,89,110,22.56066895,22.56066895,25.12438011,25.12438011,0,0,0,0
1782621515,47.60011673,1412,0,100,0.615686297,0,0,0,2,9060,0,0,0,884,878,913,907,89,89,89,89,89,89,89,89,110,22.56066895,22.56066895,25.12438011,25.12438011,0,0,0,0
1782621515,47.64185333,1413,0,101,0.615686297,0,0,0,2,9184,0,0,0,882,876,912,905,89,89,89,89,89,89,89,89,110,22.56066895,22.56066895,25.12438011,25.12438011,0,0,0,0
1782621515,47.69917679,1415,0,103,0.615686297,0,0,0,2,9307,0,0,0,880,874,910,904,89,89,89,89,89,89,89,89,110,22.56066895,22.56066895,25.12438011,25.12438011,0,0,0,0
1782621515,47.7415123,1416,0,104,0.619607866,0,0,0,2,9440,0,0,0,878,872,908,902,89,89,89,89,89,89,89,89,110,22.56066895,22.56066895,25.12438011,25.12438011,0,0,0,0
1782621515,47.79719543,1418,0,105,0.623529434,0,0,0,2,9568,0,0,0,876,870,907,900,89,89,89,89,89,89,89,89,110,22.56066895,22.56066895,25.12438011,25.12438011,0,0,0,0
1782621515,47.8384285,1419,0,107,0.631372571,0,0,0,2,9698,0,0,0,874,868,905,899,89,89,89,89,89,89,89,89,110,22.56066895,22.56066895,25.12438011,25.12438011,0,0,0,0
1782621515,47.89579391,1421,0,108,0.647058845,0,0,0,2,9843,0,2,0,872,866,903,897,89,89,89,89,89,89,89,89,110,22.56066895,22.56066895,25.12438011,25.12438011,0,0,0,0
1782621515,47.95180511,1422,0,110,0.654901981,0,0,0,2,9974,0,7,0,870,864,901,895,89,89,89,89,89,89,89,89,110,22.56066895,22.56066895,25.12438011,25.12438011,0,0,0,0
1782621515,48.002491,1424,0,112,0.674509823,0,0,0,2,10180,0,17,0,867,862,899,893,89,89,89,89,89,89,89,89,110,22.56066895,22.56066895,25.12438011,25.12438011,0,0,0,0
1782621515,48.05224991,1425,0,113,0.701960802,0,0,0,2,10329,0,24,0,865,860,897,891,89,89,89,89,89,89,89,89,110,22.56066895,22.56066895,25.12438011,25.12438011,0,0,0,0
1782621515,48.10196686,1427,0,114,0.717647076,0,0,0,2,10444,0,29,0,864,858,896,890,89,89,89,89,89,89,89,89,110,22.56066895,22.56066895,25.12438011,25.12438011,0,0,0,0
1782621515,48.1518631,1428,0,116,0.741176486,0,0,0,2,10620,0,37,0,862,856,894,888,89,89,89,89,89,89,89,89,110,22.56066895,22.56066895,25.12438011,25.12438011,0,0,0,1
1782621515,48.20269394,1430,0,118,0.749019623,0,0,0,2,10816,0,44,0,859,853,892,886,89,89,89,89,89,89,89,89,110,22.56066895,22.56066895,25.12438011,25.12438011,0,0,0,1
1782621515,48.25302887,1431,0,120,0.75686276,0,0,0,3,9683,0,0,0,857,851,890,884,89,89,89,89,89,89,89,89,110,22.56066895,22.56066895,25.12438011,25.12438011,0,0,0,1
1782621515,48.30252075,1433,0,123,0.772549033,0,0,0,3,9322,0,0,0,855,849,888,882,89,89,89,89,89,89,89,89,110,22.56066895,22.56066895,25.12438011,25.12438011,0,0,0,1
1782621516,48.35224533,1434,0,125,0.784313738,0,0,0,3,9284,0,0,0,852,847,886,880,89,89,89,89,89,89,89,89,110,22.56066895,22.56066895,25.12438011,25.12438011,0,0,0,1
1782621516,48.40320206,1436,0,127,0.796078444,0,0,0,3,9416,0,0,0,850,845,884,878,89,89,89,89,89,89,89,89,110,22.56066895,22.56066895,25.12438011,25.12438011,0,1,0,1
1782621516,48.44304276,1437,0,128,0.800000012,0,0,0,3,9502,0,0,0,849,843,883,877,89,89,89,89,89,89,89,89,110,22.56066895,22.56066895,25.12438011,25.12438011,0,1,0,1
1782621516,48.48659134,1439,0,130,0.800000012,0,0,0,3,9617,0,0,0,846,841,881,875,89,89,89,89,89,89,89,89,110,22.56066895,22.56066895,25.12438011,25.12438011,0,1,0,1
1782621516,48.54616928,1440,0,131,0.800000012,0,0,0,3,9752,0,0,0,844,839,879,873,89,89,89,89,89,89,89,89,110,22.56066895,22.56066895,25.12438011,25.12438011,0,1,0,1
1782621516,48.60105896,1442,0,133,0.80392158,0,0,0,3,9872,0,3,0,842,836,877,871,89,89,89,89,89,89,89,89,110,22.56066895,22.56066895,25.12438011,25.12438011,0,1,0,1
1782621516,48.65192032,1443,0,135,0.80392158,0,0,0,3,10001,0,9,0,840,834,875,869,89,89,89,89,89,89,89,89,110,22.56066895,22.56066895,25.12438011,25.12438011,0,1,0,1
1782621516,48.69117737,1445,0,136,0.80392158,0,0,0,3,10120,0,14,0,837,832,873,867,89,89,89,89,89,89,89,89,110,22.56066895,22.56066895,25.12438011,25.12438011,0,1,0,1
1782621516,48.7461853,1446,0,138,0.80392158,0,0,0,3,10239,0,20,0,835,829,871,865,89,89,89,89,89,89,89,89,110,22.56066895,22.56066895,25.12438011,25.12438011,0,1,0,1
1782621516,48.79950333,1448,0,140,0.80392158,0.000494054,0,0,3,10363,0,25,0,833,827,869,863,89,89,89,89,89,89,89,89,110,22.56066895,22.56066895,25.12438011,25.12438011,0,1,0,7
1782621516,48.85208893,1449,0,142,0.80392158,0.001343826,0,0,3,10553,0,34,0,829,824,866,860,89,89,89,89,89,89,89,89,110,22.56066895,22.56066895,25.12438011,25.12438011,0,1,0,7
1782621516,48.89275742,1451,0,143,0.80392158,0.001760154,0,0,3,10709,0,40,0,828,822,865,859,89,89,89,89,89,89,89,89,110,22.56066895,22.56066895,25.12438011,25.12438011,0,7,0,7
1782621516,48.94765854,1452,0,144,0.80392158,0.002046439,0,0,3,10987,0,50,0,825,820,863,857,89,89,89,89,89,89,89,89,110,22.56066895,22.56066895,25.12438011,25.12438011,0,7,0,7
1782621516,49.00062943,1454,0,145,0.80392158,0.002088606,0,0,3,10995,0,50,0,823,818,861,855,89,89,89,89,89,89,89,89,110,22.56066895,22.56066895,25.12438011,25.12438011,0,7,0,7
1782621516,49.03983688,1455,0,147,0.811764717,0.003534223,0,0,3,10953,0,49,0,821,815,858,853,89,89,89,89,89,89,89,89,110,22.56066895,22.56066895,25.12438011,25.12438011,0,0,0,0
1782621516,49.09227371,1457,0,149,0.819607854,0.01700538,0,0,3,11032,0,51,0,818,813,856,850,89,89,89,89,89,89,89,89,110,22.56066895,22.56066895,25.12438011,25.12438011,0,7,0,0
1782621516,49.15556717,1458,0,150,0.823529422,0.043594573,0,0,3,11335,0,62,0,815,810,854,848,89,89,89,89,89,89,89,89,110,22.56066895,22.56066895,25.12438011,25.12438011,0,7,0,0
1782621516,49.20433044,1460,0,152,0.823529422,0.062916212,0,0,3,11329,0,62,0,813,807,851,846,89,89,89,89,89,89,89,89,110,22.56066895,22.56066895,25.12438011,25.12438011,0,0,0,0
1782621516,49.25253677,1461,0,154,0.831372559,0.081484757,0,0,3,11400,0,66,0,810,805,849,843,89,89,89,89,89,89,89,89,110,22.56066895,22.56066895,25.12438011,25.12438011,0,0,0,0
1782621516,49.29053497,1463,0,155,0.831372559,0.085481822,0,0,3,11475,0,69,0,808,803,848,842,89,89,89,89,89,89,89,89,110,22.56066895,22.56066895,25.12438011,25.12438011,0,0,0,0
1782621517,49.3440361,1464,0,156,0.835294127,0.086877458,0,0,4,10790,0,43,0,806,801,846,840,89,89,89,89,89,89,89,89,110,22.56066895,22.56066895,25.12438011,25.12438011,0,0,0,0
1782621517,49.3962822,1466,0,158,0.831372559,0.090060733,0,0,4,10123,0,14,0,803,798,843,838,89,89,89,89,89,89,89,89,110,22.56066895,22.56066895,25.12438011,25.12438011,0,0,0,0
1782621517,49.44722748,1467,0,160,0.823529422,0.058685128,0,0,4,10060,0,11,0,801,796,842,836,89,89,89,89,89,89,89,89,110,22.56066895,22.56066895,25.12438011,25.12438011,0,0,0,0
1782621517,49.49861908,1469,0,161,0.811764717,0.015083001,0,0,4,10107,0,14,0,800,793,840,833,89,89,89,89,89,89,89,89,110,22.56066895,22.56066895,25.12438011,25.12438011,0,0,0,0
1782621517,49.55024719,1470,0,163,0.811764717,0,0,0,4,10180,0,17,0,797,791,838,831,89,89,89,89,89,89,89,89,110,22.56066895,22.56066895,25.12438011,25.12438011,0,0,0,0
1782621517,49.60197449,1472,0,164,0.811764717,0,0,0,4,10259,0,21,0,795,788,836,829,89,89,89,89,89,89,89,89,110,22.56066895,22.56066895,25.12438011,25.12438011,0,0,0,0
1782621517,49.64165878,1473,0,166,0.815686285,0,0,0,4,10346,0,24,0,792,786,833,827,89,89,89,89,89,89,89,89,110,22.56066895,22.56066895,25.12438011,25.12438011,0,0,0,0
1782621517,49.69333267,1475,0,167,0.815686285,0,0,0,4,10432,0,28,0,790,783,831,825,89,89,89,89,89,89,89,89,110,22.56066895,22.56066895,25.12438011,25.12438011,0,0,0,0
1782621517,49.74520874,1476,0,168,0.815686285,0,0,0,4,10520,0,33,0,787,781,829,822,89,89,89,89,89,89,89,89,110,22.56066895,22.56066895,25.12438011,25.12438011,0,0,0,0
1782621517,49.7976532,1478,0,170,0.827450991,0,0,0,4,10609,0,36,0,785,778,827,820,89,89,89,89,89,89,89,89,110,22.56066895,22.56066895,25.12438011,25.12438011,0,0,0,0
1782621517,49.84967804,1479,0,171,0.831372559,0,0,0,4,10697,0,40,0,782,776,824,818,89,89,89,89,89,89,89,89,110,22.56066895,22.56066895,25.12438011,25.12438011,0,0,0,0
1782621517,49.8897171,1481,0,173,0.839215696,0.025392298,0,0,4,10785,0,43,0,779,773,822,816,89,89,89,89,89,89,89,89,110,22.56066895,22.56066895,25.12438011,25.12438011,0,0,0,0
1782621517,49.94339752,1482,0,174,0.847058833,0.045117229,0,0,4,10877,0,46,0,777,770,820,813,89,89,89,89,89,89,89,89,110,22.56066895,22.56066895,25.12438011,25.12438011,0,0,0,0
1782621517,49.99489975,1484,0,176,0.858823538,0.065444849,0,0,4,10978,0,50,0,774,768,818,811,89,89,89,89,89,89,89,89,110,22.56066895,22.56066895,25.12438011,25.12438011,0,0,0,0
1782621517,50.04582214,1485,0,177,0.862745106,0.084359191,0,0,4,11075,0,53,0,772,765,815,809,89,89,89,89,89,89,89,89,110,22.56066895,22.56066895,25.12438011,25.12438011,0,0,0,0
1782621517,50.09455872,1487,0,179,0.866666675,0.040725298,0,0,4,11159,0,56,0,769,763,813,807,89,89,89,89,89,89,89,89,110,22.56066895,22.56066895,25.12438011,25.12438011,0,0,0,0
1782621517,50.14321518,1488,0,180,0.866666675,0.000472483,0,0,4,11229,0,58,0,767,760,811,804,89,89,89,89,89,89,89,89,110,22.56066895,22.56066895,25.12438011,25.12438011,0,0,0,0
1782621517,50.20514297,1490,0,182,0.866666675,0,0,0,4,11337,0,62,0,764,757,808,801,89,89,89,89,89,89,89,89,110,22.56066895,22.56066895,25.12438011,25.12438011,0,0,0,0
1782621517,50.25354767,1491,0,183,0.870588243,0,0,0,4,11419,0,66,0,761,754,806,799,89,89,89,89,89,89,89,89,110,22.56066895,22.56066895,25.12438011,25.12438011,0,0,0,0
1782621517,50.3020134,1493,0,185,0.870588243,0.011898401,0,0,4,11503,0,70,0,759,752,804,797,89,89,89,89,89,89,89,89,110,22.56066895,22.56066895,25.12438011,25.12438011,0,0,0,0
1782621518,50.35074615,1494,0,186,0.874509811,0.03138309,0,0,4,11560,0,72,0,757,750,802,795,89,89,89,89,89,89,89,89,110,22.56066895,22.56066895,25.12438011,25.12438011,0,0,0,0
1782621518,50.39994049,1496,0,187,0.87843138,0.062993489,0,0,4,11648,0,76,0,754,747,800,793,89,89,89,89,89,89,89,89,110,22.56066895,22.56066895,25.12438011,25.12438011,0,0,0,0
1782621518,50.44905472,1497,0,188,0.87843138,0.089145176,0,0,4,11735,0,80,0,752,745,797,791,89,89,89,89,89,89,89,89,110,22.56066895,22.56066895,25.12438011,25.12438011,0,0,0,0
1782621518,50.49686432,1499,0,190,0.87843138,0.049054258,0,0,4,11809,0,83,0,749,742,795,788,89,89,89,89,89,89,89,89,110,22.56066895,22.56066895,25.12438011,25.12438011,0,0,0,0
1782621518,50.54595947,1500,0,191,0.87843138,0.034820706,0,0,4,11884,0,85,0,747,739,793,786,89,89,89,89,89,89,89,89,110,22.56066895,22.56066895,25.12438011,25.12438011,0,0,0,0
1782621518,50.59838867,1502,0,192,0.87843138,0.026125047,0,0,4,11959,0,89,0,744,737,791,784,89,89,89,89,89,89,89,89,110,22.56066895,22.56066895,25.12438011,25.12438011,0,0,0,0
1782621518,50.65026474,1503,0,193,0.87843138,0.031643897,0,0,5,11249,0,59,0,742,734,788,781,89,89,89,89,89,89,89,89,110,22.56066895,22.56066895,25.12438011,25.12438011,0,0,0,0
1782621518,50.7016716,1505,0,195,0.87843138,0.056123309,0,0,5,10545,0,34,0,739,732,786,779,89,89,89,89,89,89,89,89,110,22.56066895,22.56066895,25.12438011,25.12438011,0,0,0,0
1782621518,50.75377655,1506,0,197,0.87843138,0.096069783,0,0,5,10621,0,37,0,735,728,783,776,89,89,89,89,89,89,89,89,110,22.56066895,22.56066895,25.12438011,25.12438011,0,0,0,0
1782621518,50.79195786,1508,0,198,0.87843138,0.114800692,0,0,5,10672,0,39,0,734,726,781,774,89,89,89,89,89,89,89,89,110,22.56066895,22.56066895,25.12438011,25.12438011,0,0,0,0
1782621518,50.84370804,1509,0,199,0.87843138,0.141208053,0,0,5,10744,0,41,0,731,724,779,772,89,89,89,89,89,89,89,89,110,22.56066895,22.56066895,25.12438011,25.12438011,0,0,0,0
1782621518,50.89723206,1511,0,200,0.870588243,0.091139033,0,0,5,10786,0,43,0,729,721,777,770,89,89,89,89,89,89,89,89,110,22.56066895,22.56066895,25.12438011,25.12438011,0,0,0,0
1782621518,50.93832397,1512,0,201,0.866666675,0.045482453,0,0,5,10822,0,43,0,728,718,776,767,89,89,89,89,89,89,89,89,110,22.56066895,22.56066895,25.12438011,25.12438011,0,0,0,0
1782621518,50.99401855,1514,0,202,0.862745106,0.004973366,0,0,5,10858,0,45,0,727,716,775,765,89,89,89,89,89,89,89,89,110,22.56066895,22.56066895,25.12438011,25.12438011,0,0,0,0
1782621518,51.04633331,1515,0,203,0.862745106,0,0,0,5,10913,0,47,0,724,713,772,763,89,89,89,89,89,89,89,89,110,22.56066895,22.56066895,25.12438011,25.12438011,0,0,0,0
1782621518,51.09511185,1517,0,204,0.866666675,0,0,0,5,10973,0,49,0,722,711,770,760,89,89,89,89,89,89,89,89,110,22.56066895,22.56066895,25.12438011,25.12438011,0,0,0,0
1782621518,51.14412308,1518,0,206,0.866666675,0,0,0,5,11034,0,52,0,719,708,768,758,89,89,89,89,89,89,89,89,110,22.56066895,22.56066895,25.12438011,25.12438011,0,0,0,0
1782621518,51.20412445,1520,0,207,0.870588243,0.018030921,0,0,5,11118,0,54,0,715,705,764,755,89,89,89,89,89,89,89,89,110,22.56066895,22.56066895,25.12438011,25.12438011,0,0,0,0
1782621518,51.25211334,1521,0,208,0.870588243,0.03533696,0,0,5,11181,0,57,0,713,702,762,752,89,89,89,89,89,89,89,89,110,22.56066895,22.56066895,25.12438011,25.12438011,0,0,0,0
1782621518,51.30078125,1523,0,209,0.870588243,0.032010764,0,0,5,11221,0,58,0,711,700,761,751,89,89,89,89,89,89,89,89,110,22.56066895,22.56066895,25.12438011,25.12438011,0,0,0,0
1782621519,51.35055161,1524,0,210,0.866666675,0.030220307,0,0,5,11279,0,60,0,708,698,758,749,89,89,89,89,89,89,89,89,110,22.56066895,22.56066895,25.12438011,25.12438011,0,0,0,0
1782621519,51.3987999,1526,0,211,0.866666675,0.026440788,0,0,5,11336,0,62,0,706,695,756,746,89,89,89,89,89,89,89,89,110,22.56066895,22.56066895,25.12438011,25.12438011,0,0,0,0
1782621519,51.44538498,1527,0,213,0.866666675,-8.55E-11,0,0,5,11392,0,64,0,703,692,753,744,89,89,89,89,89,89,89,89,110,22.56066895,22.56066895,25.12438011,25.12438011,0,0,0,0
1782621519,51.49362946,1529,0,214,0.866666675,0,0,0,5,11449,0,68,0,700,690,751,741,89,89,89,89,89,89,89,89,110,22.56066895,22.56066895,25.12438011,25.12438011,0,0,0,0
1782621519,51.54308701,1530,0,215,0.866666675,0,0,0,5,11506,0,70,0,698,687,749,739,89,89,89,89,89,89,89,89,110,22.56066895,22.56066895,25.12438011,25.12438011,0,0,0,0
1782621519,51.59342194,1532,0,216,0.862745106,0,0,0,5,11560,0,72,0,695,684,746,737,89,89,89,89,89,89,89,89,110,22.56066895,22.56066895,25.12438011,25.12438011,0,0,0,0
1782621519,51.64712524,1533,0,217,0.862745106,0,0,0,5,11614,0,75,0,692,682,744,734,89,89,89,89,89,89,89,89,110,22.56066895,22.56066895,25.12438011,25.12438011,0,0,0,0
1782621519,51.69991302,1535,0,218,0.862745106,0,0,0,5,11669,0,77,0,690,679,742,732,89,89,89,89,89,89,89,89,110,22.56066895,22.56066895,25.12438011,25.12438011,0,0,0,0
1782621519,51.74966049,1536,0,219,0.862745106,0,0,0,5,11724,0,79,0,687,677,739,730,89,89,89,89,89,89,89,89,110,22.56066895,22.56066895,25.12438011,25.12438011,0,0,0,0
1782621519,51.79821014,1538,0,220,0.866666675,0,0,0,5,11779,0,82,0,684,674,737,727,89,89,89,89,89,89,89,89,110,22.56066895,22.56066895,25.12438011,25.12438011,0,0,0,0
1782621519,51.84565353,1539,0,221,0.866666675,0,0,0,5,11830,0,84,0,682,671,734,725,89,89,89,89,89,89,89,89,110,22.56066895,22.56066895,25.12438011,25.12438011,0,0,0,0
1782621519,51.90431595,1541,0,222,0.862745106,0,0,0,5,11897,0,87,0,678,668,731,722,89,89,89,89,89,89,89,89,110,22.56066895,22.56066895,25.12438011,25.12438011,0,0,0,0
1782621519,51.95196152,1542,0,223,0.862745106,0,0,0,5,11932,0,88,0,677,666,730,720,89,89,89,89,89,89,89,89,110,22.56066895,22.56066895,25.12438011,25.12438011,0,0,0,0
1782621519,52.00130463,1544,0,224,0.862745106,0,0,0,6,10729,0,41,0,674,664,727,718,89,89,89,89,89,89,89,89,110,22.56066895,22.56066895,25.12438011,25.12438011,0,0,0,0
1782621519,52.05117416,1545,0,226,0.862745106,0,0,0,6,10444,0,29,0,671,661,725,716,89,89,89,89,89,89,89,89,110,22.56066895,22.56066895,25.12438011,25.12438011,0,0,0,0
1782621519,52.09862137,1547,0,227,0.862745106,0,0,0,6,10489,0,31,0,669,659,723,713,89,89,89,89,89,89,89,89,110,22.56066895,22.56066895,25.12438011,25.12438011,0,0,0,0
1782621519,52.14675522,1548,0,228,0.858823538,0,0,0,6,10533,0,34,0,666,656,720,711,89,89,89,89,89,89,89,89,110,22.56066895,22.56066895,25.12438011,25.12438011,0,0,0,0
1782621519,52.19561386,1550,0,229,0.858823538,0,0,0,6,10576,0,35,0,663,653,718,709,89,89,89,89,89,89,89,89,110,22.56066895,22.56066895,25.12438011,25.12438011,0,0,0,0
1782621519,52.24380112,1551,0,230,0.850980401,0,0,0,6,10617,0,37,0,661,651,715,706,89,89,89,89,89,89,89,89,110,22.56066895,22.56066895,25.12438011,25.12438011,0,0,0,0
1782621519,52.30419922,1553,0,231,0.850980401,0,0,0,6,10673,0,39,0,657,647,712,703,89,89,89,89,89,89,89,89,110,22.56066895,22.56066895,25.12438011,25.12438011,0,0,0,0
1782621520,52.35319901,1554,0,232,0.850980401,0,0,0,6,10714,0,40,0,655,645,710,701,89,89,89,89,89,89,89,89,110,22.56066895,22.56066895,25.12438011,25.12438011,0,0,0,0
1782621520,52.40254974,1556,0,233,0.847058833,0,0,0,6,10755,0,42,0,652,642,708,699,89,89,89,89,89,89,89,89,110,22.56066895,22.56066895,25.12438011,25.12438011,0,0,0,0
1782621520,52.44976807,1557,0,233,0.847058833,0,0,0,6,10783,0,43,0,650,641,706,697,89,89,89,89,89,89,89,89,110,22.56066895,22.56066895,25.12438011,25.12438011,0,0,0,0
1782621520,52.49711609,1559,0,234,0.847058833,0,0,0,6,10825,0,44,0,648,638,704,695,89,89,89,89,89,89,89,89,110,22.56066895,22.56066895,25.12438011,25.12438011,0,0,0,0
1782621520,52.54567719,1560,0,235,0.850980401,0,0,0,6,10866,0,46,0,645,636,701,692,89,89,89,89,89,89,89,89,110,22.56066895,22.56066895,25.12438011,25.12438011,0,0,0,0
1782621520,52.59468842,1562,0,236,0.858823538,0,0,0,6,10906,0,47,0,643,633,699,690,89,89,89,89,89,89,89,89,110,22.56066895,22.56066895,25.12438011,25.12438011,0,0,0,0
1782621520,52.65513992,1563,0,237,0.862745106,0,0,0,6,10955,0,49,0,639,630,696,687,89,89,89,89,89,89,89,89,110,22.56066895,22.56066895,25.12438011,25.12438011,0,0,0,0
1782621520,52.70190048,1565,0,238,0.862745106,0,0,0,6,10983,0,50,0,638,628,694,686,89,89,89,89,89,89,89,89,110,22.56066895,22.56066895,25.12438011,25.12438011,0,0,0,0
1782621520,52.74880219,1566,0,239,0.866666675,0,0,0,6,11026,0,51,0,635,625,692,683,89,89,89,89,89,89,89,89,110,22.56066895,22.56066895,25.12438011,25.12438011,0,0,0,0
1782621520,52.7963295,1568,0,239,0.870588243,0,0,0,6,11072,0,53,0,632,623,690,681,89,89,89,89,89,89,89,89,110,22.56066895,22.56066895,25.12438011,25.12438011,0,0,0,0
1782621520,52.84529877,1569,0,240,0.870588243,0.007729291,0,0,6,11115,0,54,0,630,620,687,679,89,89,89,89,89,89,89,89,110,22.56066895,22.56066895,25.12438011,25.12438011,0,0,0,0
1782621520,52.89459991,1571,0,241,0.870588243,0.025029944,0,0,6,11151,0,56,0,627,618,685,676,89,89,89,89,89,89,89,89,110,22.56066895,22.56066895,25.12438011,25.12438011,0,0,0,0
1782621520,52.9450798,1572,0,242,0.866666675,0.042811301,0,0,6,11185,0,57,0,625,615,683,674,89,89,89,89,89,89,89,89,110,22.56066895,22.56066895,25.12438011,25.12438011,0,0,0,0
1782621520,52.99824142,1574,0,243,0.866666675,0.060514487,0,0,6,11224,0,58,0,622,613,680,672,89,89,89,89,89,89,89,89,110,22.56066895,22.56066895,25.12438011,25.12438011,0,0,0,0
1782621520,53.05157471,1575,0,244,0.862745106,0.07793121,0,0,6,11261,0,60,0,620,610,678,670,89,89,89,89,89,89,89,89,110,22.56066895,22.56066895,25.12438011,25.12438011,0,0,0,0
1782621520,53.09121323,1577,0,244,0.862745106,0.094633982,0,0,6,11290,0,61,0,617,608,676,667,89,89,89,89,89,89,89,89,110,22.56066895,22.56066895,25.12438011,25.12438011,0,0,0,0
1782621520,53.14226532,1578,0,245,0.847058833,0.103564039,0,0,6,11295,0,61,0,616,605,674,665,89,89,89,89,89,89,89,89,110,22.56066895,22.56066895,25.12438011,25.12438011,0,0,0,0
1782621520,53.19312286,1580,0,245,0.843137264,0.108682156,0,0,6,11308,0,61,0,615,603,673,663,89,89,89,89,89,89,89,89,110,22.56066895,22.56066895,25.12438011,25.12438011,0,0,0,0
1782621520,53.24309921,1581,0,245,0.843137264,0.11401131,0,0,6,11337,0,62,0,614,601,672,660,89,89,89,89,89,89,89,89,110,22.56066895,22.56066895,25.12438011,25.12438011,0,0,0,0
1782621520,53.2935524,1583,0,246,0.839215696,0.118360907,0,0,6,11356,0,63,0,612,598,670,658,89,89,89,89,89,89,89,89,110,22.56066895,22.56066895,25.12438011,25.12438011,0,0,0,0
1782621521,53.34384537,1584,0,246,0.839215696,0.121837802,0,0,6,11359,0,63,0,611,596,669,656,89,89,89,89,89,89,89,89,110,22.56066895,22.56066895,25.12438011,25.12438011,0,0,0,0
1782621521,53.39612198,1586,0,246,0.843137264,0.092162631,0,0,6,11368,0,63,0,610,593,668,654,89,89,89,89,89,89,89,89,110,22.56066895,22.56066895,25.12438011,25.12438011,0,0,0,0
1782621521,53.44637299,1587,0,246,0.847058833,0.048360415,0,0,6,11377,0,64,0,610,591,667,651,89,89,89,89,89,89,89,89,110,22.56066895,22.56066895,25.12438011,25.12438011,0,0,0,0
1782621521,53.50461578,1589,0,247,0.850980401,0.002765462,0,0,6,11387,0,64,0,608,588,665,649,89,89,89,89,89,89,89,89,110,22.56066895,22.56066895,25.12438011,25.12438011,0,0,0,0
1782621521,53.55195618,1590,0,247,0.850980401,0,0,0,6,11406,0,66,0,607,586,664,647,89,89,89,89,89,89,89,89,110,22.56066895,22.56066895,25.12438011,25.12438011,0,0,0,0
1782621521,53.58998489,1592,0,248,0.862745106,0.020861952,0,0,6,11444,0,67,0,604,584,662,645,89,89,89,89,89,89,89,89,110,22.56066895,22.56066895,25.12438011,25.12438011,0,0,0,0
1782621521,53.64248276,1593,0,249,0.862745106,0.042208962,0,0,6,11474,0,69,0,602,581,659,643,89,89,89,89,89,89,89,89,110,22.56066895,22.56066895,25.12438011,25.12438011,0,0,0,0
1782621521,53.69371033,1595,0,249,0.862745106,0.022154119,0,0,6,11506,0,70,0,599,579,657,640,89,89,89,89,89,89,89,89,110,22.56066895,22.56066895,25.12438011,25.12438011,0,0,0,0
1782621521,53.74584198,1596,0,250,0.862745106,0,0,0,6,11536,0,71,0,597,576,655,638,89,89,89,89,89,89,89,89,110,22.56066895,22.56066895,25.12438011,25.12438011,0,0,0,0
1782621521,53.79857254,1598,0,251,0.862745106,0,0,0,6,11563,0,72,0,594,574,653,636,89,89,89,89,89,89,89,89,110,22.56066895,22.56066895,25.12438011,25.12438011,0,0,0,0
1782621521,53.85090637,1599,0,251,0.862745106,0,0,0,6,11598,0,74,0,592,572,650,634,89,89,89,89,89,89,89,89,110,22.56066895,22.56066895,25.12438011,25.12438011,0,0,0,0
1782621521,53.90391541,1601,0,252,0.850980401,0.029226542,0,0,6,11633,0,75,0,589,569,647,631,89,89,89,89,89,89,89,89,110,22.56066895,22.56066895,25.12438011,25.12438011,0,0,0,0
1782621521,53.94194412,1602,0,253,0.850980401,0.045735382,0,0,6,11651,0,76,0,587,567,646,629,89,89,89,89,89,89,89,89,110,22.56066895,22.56066895,25.12438011,25.12438011,0,0,0,0
1782621521,53.99252319,1604,0,253,0.850980401,0.071032509,0,0,6,11681,0,77,0,585,565,644,627,89,89,89,89,89,89,89,89,110,22.56066895,22.56066895,25.12438011,25.12438011,0,0,0,0
1782621521,54.0552063,1605,0,254,0.850980401,0.104575612,0,0,6,11719,0,79,0,581,562,641,624,89,89,89,89,89,89,89,89,110,22.56066895,22.56066895,25.12438011,25.12438011,0,0,0,0
1782621521,54.102211,1607,0,254,0.850980401,0.128607824,0,0,6,11739,0,80,0,579,559,639,622,89,89,89,89,89,89,89,89,110,22.56066895,22.56066895,25.12438011,25.12438011,0,0,0,0
1782621521,54.14844131,1608,0,254,0.850980401,0.144076556,0,0,6,11750,0,80,0,579,558,638,621,89,89,89,89,89,89,89,89,110,22.56066895,22.56066895,25.12438011,25.12438011,0,0,0,0
1782621521,54.19665146,1610,0,254,0.850980401,0.167093083,0,0,6,11764,0,81,0,578,555,637,619,89,89,89,89,89,89,89,89,110,22.56066895,22.56066895,25.12438011,25.12438011,0,0,0,0
1782621521,54.2462883,1611,0,254,0.858823538,0.189573571,0,0,6,11771,0,81,0,577,553,636,616,89,89,89,89,89,89,89,89,110,22.56066895,22.56066895,25.12438011,25.12438011,0,0,0,0
1782621521,54.3062706,1613,0,254,0.858823538,0.143893138,0,0,6,11763,0,81,0,577,550,636,614,89,89,89,89,89,89,89,89,110,22.56066895,22.56066895,25.12438011,25.12438011,0,0,0,0
1782621522,54.35353851,1614,0,254,0.858823538,0.094976619,0,0,6,11742,0,80,0,578,548,636,612,89,89,89,89,89,89,89,89,110,22.56066895,22.56066895,25.12438011,25.12438011,0,0,0,0
1782621522,54.40171814,1616,0,254,0.862745106,0.064805873,0,0,6,11722,0,79,0,578,546,635,610,89,89,89,89,89,89,89,89,110,22.56066895,22.56066895,25.12438011,25.12438011,0,0,0,0
1782621522,54.44834137,1617,0,254,0.862745106,0.022510832,0,0,6,11717,0,79,0,578,544,635,608,89,89,89,89,89,89,89,89,110,22.56066895,22.56066895,25.12438011,25.12438011,0,0,0,0
1782621522,54.50555801,1619,0,254,0.862745106,0,0,0,6,11735,0,80,0,575,541,632,605,89,89,89,89,89,89,89,89,110,22.56066895,22.56066895,25.12438011,25.12438011,0,0,0,0
1782621522,54.55173874,1620,0,255,0.862745106,0,0,0,6,11745,0,80,0,574,540,631,604,89,89,89,89,89,89,89,89,110,22.56066895,22.56066895,25.12438011,25.12438011,0,0,0,0
1782621522,54.59973145,1622,0,255,0.862745106,0,0,0,6,11768,0,81,0,571,537,628,602,89,89,89,89,89,89,89,89,110,22.56066895,22.56066895,25.12438011,25.12438011,0,0,0,0
1782621522,54.64753723,1623,0,256,0.862745106,0,0,0,6,11800,0,83,0,569,535,626,600,89,89,89,89,89,89,89,89,110,22.56066895,22.56066895,25.12438011,25.12438011,0,0,0,0
1782621522,54.69454193,1625,0,257,0.862745106,0,0,0,7,10324,0,23,0,566,533,624,598,89,89,89,89,89,89,89,89,110,22.56066895,22.56066895,25.12438011,25.12438011,0,0,0,0
1782621522,54.75401688,1626,0,258,0.862745106,0,0,0,7,10327,0,24,0,563,530,621,595,89,89,89,89,89,89,89,89,110,22.56066895,22.56066895,25.12438011,25.12438011,0,0,0,0
1782621522,54.80300522,1628,0,258,0.862745106,0.025914501,0,0,7,10348,0,25,0,561,528,619,593,89,89,89,89,89,89,89,89,110,22.56066895,22.56066895,25.12438011,25.12438011,0,0,0,0
1782621522,54.8510437,1629,0,259,0.862745106,0.038343083,0,0,7,10364,0,25,0,559,526,618,591,89,89,89,89,89,89,89,89,110,22.56066895,22.56066895,25.12438011,25.12438011,0,0,0,0
1782621522,54.89847946,1631,0,260,0.862745106,0.056794483,0,0,7,10393,0,27,0,557,524,615,589,89,89,89,89,89,89,89,89,110,22.56066895,22.56066895,25.12438011,25.12438011,0,0,0,0
1782621522,54.94563675,1632,0,260,0.862745106,0.074753694,0,0,7,10418,0,28,0,555,522,613,587,89,89,89,89,89,89,89,89,110,22.56066895,22.56066895,25.12438011,25.12438011,0,0,0,0
1782621522,54.993927,1634,0,261,0.858823538,0.092004031,0,0,7,10435,0,29,0,552,520,611,585,89,89,89,89,89,89,89,89,110,22.56066895,22.56066895,25.12438011,25.12438011,0,0,0,0
1782621522,55.04281235,1635,0,261,0.858823538,0.093301408,0,0,7,10451,0,29,0,551,517,610,583,89,89,89,89,89,89,89,89,110,22.56066895,22.56066895,25.12438011,25.12438011,0,0,0,0
1782621522,55.09243774,1637,0,261,0.858823538,0.097646631,0,0,7,10464,0,30,0,550,515,609,581,89,89,89,89,89,89,89,89,110,22.56066895,22.56066895,25.12438011,25.12438011,0,0,0,0
1782621522,55.1426506,1638,0,261,0.858823538,0.079715915,0,0,7,10464,0,30,0,549,513,608,579,89,89,89,89,89,89,89,89,110,22.56066895,22.56066895,25.12438011,25.12438011,0,0,0,0
1782621522,55.20425034,1640,0,261,0.858823538,0.023300735,0,0,7,10474,0,30,0,550,510,607,576,89,89,89,89,89,89,89,89,110,22.56066895,22.56066895,25.12438011,25.12438011,0,0,0,0
1782621522,55.25268936,1641,0,262,0.858823538,0,0,0,7,10491,0,31,0,548,508,606,574,89,89,89,89,89,89,89,89,110,22.56066895,22.56066895,25.12438011,25.12438011,0,0,0,0
1782621522,55.30244827,1643,0,262,0.858823538,0,0,0,7,10510,0,33,0,546,506,604,572,89,89,89,89,89,89,89,89,110,22.56066895,22.56066895,25.12438011,25.12438011,0,0,0,0
1782621523,55.34095764,1644,0,263,0.858823538,0,0,0,7,10524,0,33,0,544,505,602,571,89,89,89,89,89,89,89,89,110,22.56066895,22.56066895,25.12438011,25.12438011,0,0,0,0
1782621523,55.39403534,1646,0,263,0.858823538,0,0,0,7,10542,0,34,0,542,503,600,569,89,89,89,89,89,89,89,89,110,22.56066895,22.56066895,25.12438011,25.12438011,0,0,0,0
1782621523,55.44529724,1647,0,264,0.858823538,0,0,0,7,10565,0,35,0,540,500,598,567,89,89,89,89,89,89,89,89,110,22.56066895,22.56066895,25.12438011,25.12438011,0,0,0,0
1782621523,55.49479294,1649,0,265,0.858823538,0.006092227,0,0,7,10588,0,36,0,538,498,596,565,89,89,89,89,89,89,89,89,110,22.56066895,22.56066895,25.12438011,25.12438011,0,0,0,0
1782621523,55.54539871,1650,0,265,0.850980401,0.024317721,0,0,7,10604,0,36,0,535,496,594,563,89,89,89,89,89,89,89,89,110,22.56066895,22.56066895,25.12438011,25.12438011,0,0,0,0
1782621523,55.59810638,1652,0,266,0.850980401,0.042894132,0,0,7,10619,0,37,0,533,494,592,561,89,89,89,89,89,89,89,89,110,22.56066895,22.56066895,25.12438011,25.12438011,0,0,0,0
1782621523,55.64846802,1653,0,266,0.850980401,0.061627381,0,0,7,10643,0,38,0,531,492,590,559,89,89,89,89,89,89,89,89,110,22.56066895,22.56066895,25.12438011,25.12438011,0,0,0,0
1782621523,55.6993103,1655,0,267,0.850980401,0.079985313,0,0,7,10665,0,38,0,529,490,588,557,89,89,89,89,89,89,89,89,110,22.56066895,22.56066895,25.12438011,25.12438011,0,0,0,0
1782621523,55.74938965,1656,0,267,0.850980401,0.085864134,0,0,7,10682,0,39,0,527,488,586,555,89,89,89,89,89,89,89,89,110,22.56066895,22.56066895,25.12438011,25.12438011,0,0,0,0
1782621523,55.79691315,1658,0,267,0.850980401,0.077324226,0,0,7,10691,0,39,0,526,486,585,553,89,89,89,89,89,89,89,89,110,22.56066895,22.56066895,25.12438011,25.12438011,0,0,0,0
1782621523,55.84394836,1659,0,267,0.850980401,0.070508711,0,0,7,10697,0,40,0,525,484,584,551,89,89,89,89,89,89,89,89,110,22.56066895,22.56066895,25.12438011,25.12438011,0,0,0,0
1782621523,55.90413284,1661,0,267,0.847058833,0.068065003,0,0,7,10709,0,40,0,523,481,582,548,89,89,89,89,89,89,89,89,110,22.56066895,22.56066895,25.12438011,25.12438011,0,0,0,0
1782621523,55.95299911,1662,0,268,0.847058833,0.048299551,0,0,7,10713,0,40,0,522,479,580,547,89,89,89,89,89,89,89,89,110,22.56066895,22.56066895,25.12438011,25.12438011,0,0,0,0
1782621523,56.00206375,1664,0,268,0.850980401,0.041615613,0,0,7,10721,0,40,0,520,477,579,545,89,89,89,89,89,89,89,89,110,22.56066895,22.56066895,25.12438011,25.12438011,0,0,0,0
1782621523,56.03975296,1665,0,268,0.850980401,0.033213206,0,0,7,10730,0,41,0,519,476,577,543,89,89,89,89,89,89,89,89,110,22.56066895,22.56066895,25.12438011,25.12438011,0,0,0,0
1782621523,56.09287643,1667,0,269,0.850980401,0.03139063,0,0,7,10744,0,41,0,516,474,575,541,89,89,89,89,89,89,89,89,110,22.56066895,22.56066895,25.12438011,25.12438011,0,0,0,0
1782621523,56.14531708,1668,0,269,0.858823538,0.023950661,0,0,7,10759,0,42,0,514,472,573,539,89,89,89,89,89,89,89,89,110,22.56066895,22.56066895,25.12438011,25.12438011,0,0,0,0
1782621523,56.19616318,1670,0,269,0.858823538,0.013534427,0,0,7,10779,0,42,0,512,470,571,538,89,89,89,89,89,89,89,89,110,22.56066895,22.56066895,25.12438011,25.12438011,0,0,0,0
1782621523,56.24509048,1671,0,270,0.858823538,0.026151979,0,0,7,10800,0,43,0,510,468,569,536,89,89,89,89,89,89,89,89,110,22.56066895,22.56066895,25.12438011,25.12438011,0,0,0,0
1782621523,56.2952652,1673,0,270,0.858823538,0.057350226,0,0,7,10814,0,44,0,508,466,567,534,89,89,89,89,89,89,89,89,110,22.56066895,22.56066895,25.12438011,25.12438011,0,0,0,0
1782621524,56.34598541,1674,0,271,0.858823538,0.087991148,0,0,7,10829,0,44,0,506,464,565,532,89,89,89,89,89,89,89,89,110,22.56066895,22.56066895,25.12438011,25.12438011,0,0,0,0
1782621524,56.39920425,1676,0,271,0.858823538,0.116847627,0,0,7,10846,0,45,0,503,462,563,530,89,89,89,89,89,89,89,89,110,22.56066895,22.56066895,25.12438011,25.12438011,0,0,0,0
1782621524,56.45090485,1677,0,271,0.858823538,0.143872619,0,0,7,10862,0,45,0,502,460,562,528,89,89,89,89,89,89,89,89,110,22.56066895,22.56066895,25.12438011,25.12438011,0,0,0,0
1782621524,56.50201035,1679,0,271,0.858823538,0.124758445,0,0,7,10860,0,45,0,503,458,562,526,89,89,89,89,89,89,89,89,110,22.56066895,22.56066895,25.12438011,25.12438011,0,0,0,0
1782621524,56.55184174,1680,0,271,0.858823538,0.078436978,0,0,7,10846,0,45,0,505,456,563,524,89,89,89,89,89,89,89,89,110,22.56066895,22.56066895,25.12438011,25.12438011,0,0,0,0
1782621524,56.60065842,1682,0,270,0.858823538,0.036290199,0,0,7,10835,0,44,0,506,454,564,522,89,89,89,89,89,89,89,89,110,22.56066895,22.56066895,25.12438011,25.12438011,0,0,0,0
1782621524,56.64815521,1683,0,271,0.850980401,0.004144688,0,0,7,10826,0,44,0,506,452,563,521,89,89,89,89,89,89,89,89,110,22.56066895,22.56066895,25.12438011,25.12438011,0,0,0,0
1782621524,56.6949234,1685,0,271,0.850980401,0.024337605,0,0,7,10833,0,44,0,504,450,561,519,89,89,89,89,89,89,89,89,110,22.56066895,22.56066895,25.12438011,25.12438011,0,0,0,0
1782621524,56.75235748,1686,0,271,0.850980401,0.032926202,0,0,7,10855,0,45,0,501,448,558,516,89,89,89,89,89,89,89,89,110,22.56066895,22.56066895,25.12438011,25.12438011,0,0,0,0
1782621524,56.79862213,1688,0,272,0.850980401,0.006656772,0,0,7,10863,0,45,0,500,446,557,515,89,89,89,89,89,89,89,89,110,22.56066895,22.56066895,25.12438011,25.12438011,0,0,0,0
1782621524,56.84516907,1689,0,272,0.850980401,0,0,0,7,10879,0,46,0,498,445,555,513,89,89,89,89,89,89,89,89,110,22.56066895,22.56066895,25.12438011,25.12438011,0,0,0,0
1782621524,56.90379715,1691,0,273,0.850980401,0,0,0,7,10902,0,47,0,495,442,552,511,89,89,89,89,89,89,89,89,110,22.56066895,22.56066895,25.12438011,25.12438011,0,0,0,0
1782621524,56.95202255,1692,0,273,0.850980401,0,0,0,7,10917,0,47,0,493,440,551,509,89,89,89,89,89,89,89,89,110,22.56066895,22.56066895,25.12438011,25.12438011,0,0,0,0
1782621524,57.00010681,1694,0,273,0.850980401,0.012072346,0,0,7,10929,0,48,0,491,439,549,508,89,89,89,89,89,89,89,89,110,22.56066895,22.56066895,25.12438011,25.12438011,0,0,0,0
1782621524,57.04721069,1695,0,274,0.850980401,0.032075051,0,0,7,10946,0,48,0,489,437,547,506,89,89,89,89,89,89,89,89,110,22.56066895,22.56066895,25.12438011,25.12438011,0,0,0,0
1782621524,57.10468292,1697,0,274,0.847058833,0.059513271,0,0,7,10963,0,49,0,486,435,545,504,89,89,89,89,89,89,89,89,110,22.56066895,22.56066895,25.12438011,25.12438011,0,0,0,0
1782621524,57.15081406,1698,0,275,0.847058833,0.072751135,0,0,7,10975,0,49,0,485,433,543,502,89,89,89,89,89,89,89,89,110,22.56066895,22.56066895,25.12438011,25.12438011,0,0,0,0
1782621524,57.19852066,1700,0,275,0.847058833,0.091823481,0,0,7,10992,0,50,0,483,432,541,501,89,89,89,89,89,89,89,89,110,22.56066895,22.56066895,25.12438011,25.12438011,0,0,0,0
1782621524,57.24631119,1701,0,275,0.847058833,0.109963447,0,0,7,11004,0,50,0,482,430,540,499,89,89,89,89,89,89,89,89,110,22.56066895,22.56066895,25.12438011,25.12438011,0,0,0,0
1782621524,57.29490662,1703,0,275,0.847058833,0.127274349,0,0,7,11008,0,51,0,481,428,539,497,89,89,89,89,89,89,89,89,110,22.56066895,22.56066895,25.12438011,25.12438011,0,0,0,0
1782621525,57.34406281,1704,0,275,0.847058833,0.136171162,0,0,7,11001,0,50,0,481,426,539,495,89,89,89,89,89,89,89,89,110,22.56066895,22.56066895,25.12438011,25.12438011,0,0,0,0
1782621525,57.39519882,1706,0,274,0.850980401,0.147085741,0,0,7,10980,0,50,0,481,424,539,494,89,89,89,89,89,89,89,89,110,22.56066895,22.56066895,25.12438011,25.12438011,0,0,0,0
1782621525,57.44520187,1707,0,274,0.850980401,0.134916186,0,0,7,10968,0,49,0,482,422,539,492,89,89,89,89,89,89,89,89,110,22.56066895,22.56066895,25.12438011,25.12438011,0,0,0,0
1782621525,57.50397873,1709,0,273,0.850980401,0.076129422,0,0,7,10955,0,49,0,484,420,540,489,89,89,89,89,89,89,89,89,110,22.56066895,22.56066895,25.12438011,25.12438011,0,0,0,0
1782621525,57.55105209,1710,0,273,0.850980401,0.048202898,0,0,7,10937,0,48,0,485,419,541,488,89,89,89,89,89,89,89,89,110,22.56066895,22.56066895,25.12438011,25.12438011,0,0,0,0
1782621525,57.59787369,1712,0,273,0.850980401,0.008126641,0,0,7,10921,0,47,0,486,417,540,487,89,89,89,89,89,89,89,89,110,22.56066895,22.56066895,25.12438011,25.12438011,0,0,0,0
1782621525,57.64492035,1713,0,273,0.858823538,-1.34E-12,0,0,7,10931,0,48,0,484,415,539,485,89,89,89,89,89,89,89,89,110,22.56066895,22.56066895,25.12438011,25.12438011,0,0,0,0
1782621525,57.70353699,1715,0,274,0.858823538,0,0,0,7,10945,0,48,0,481,413,536,483,89,89,89,89,89,89,89,89,110,22.56066895,22.56066895,25.12438011,25.12438011,0,0,0,0
1782621525,57.75034332,1716,0,274,0.858823538,0,0,0,7,10964,0,49,0,480,412,535,481,89,89,89,89,89,89,89,89,110,22.56066895,22.56066895,25.12438011,25.12438011,0,0,0,0
1782621525,57.79828262,1718,0,274,0.858823538,0,0,0,7,10975,0,49,0,478,410,533,480,89,89,89,89,89,89,89,89,110,22.56066895,22.56066895,25.12438011,25.12438011,0,0,0,0
1782621525,57.84755325,1719,0,275,0.862745106,0,0,0,7,10983,0,50,0,476,408,531,478,89,89,89,89,89,89,89,89,110,22.56066895,22.56066895,25.12438011,25.12438011,0,0,0,0
1782621525,57.89676285,1721,0,275,0.862745106,0,0,0,7,10999,0,50,0,474,407,529,476,89,89,89,89,89,89,89,89,110,22.56066895,22.56066895,25.12438011,25.12438011,0,0,0,0
1782621525,57.94696808,1722,0,276,0.862745106,0,0,0,7,11018,0,51,0,472,405,527,475,89,89,89,89,89,89,89,89,110,22.56066895,22.56066895,25.12438011,25.12438011,0,0,0,0
1782621525,57.99596405,1724,0,276,0.862745106,0.006041539,0,0,7,11039,0,52,0,470,403,525,473,89,89,89,89,89,89,89,89,110,22.56066895,22.56066895,25.12438011,25.12438011,0,0,0,0
1782621525,58.04402924,1725,0,277,0.862745106,0.010768273,0,0,7,11058,0,52,0,468,402,523,471,89,89,89,89,89,89,89,89,110,22.56066895,22.56066895,25.12438011,25.12438011,0,0,0,0
1782621525,58.09382629,1727,0,277,0.862745106,0.015644003,0,0,7,11075,0,53,0,466,400,522,470,89,89,89,89,89,89,89,89,110,22.56066895,22.56066895,25.12438011,25.12438011,0,0,0,0
1782621525,58.14391708,1728,0,277,0.862745106,0.017666612,0,0,7,11088,0,53,0,464,398,520,468,89,89,89,89,89,89,89,89,110,22.56066895,22.56066895,25.12438011,25.12438011,0,0,0,0
1782621525,58.19542313,1730,0,278,0.862745106,0.018133447,0,0,7,11105,0,54,0,462,396,518,466,89,89,89,89,89,89,89,89,110,22.56066895,22.56066895,25.12438011,25.12438011,0,0,0,0
1782621525,58.24461746,1731,0,278,0.862745106,0.018579077,0,0,7,11126,0,55,0,460,395,516,465,89,89,89,89,89,89,89,89,110,22.56066895,22.56066895,25.12438011,25.12438011,0,0,0,0
1782621525,58.29260254,1733,0,279,0.862745106,0.019140135,0,0,7,11137,0,55,0,458,393,514,463,89,89,89,89,89,89,89,89,110,22.56066895,22.56066895,25.12438011,25.12438011,0,0,0,0
1782621526,58.3538208,1734,0,279,0.858823538,0.028213322,0,0,7,11151,0,56,0,455,391,512,461,89,89,89,89,89,89,89,89,110,22.56066895,22.56066895,25.12438011,25.12438011,0,0,0,0
1782621526,58.40158081,1736,0,279,0.858823538,0.033194497,0,0,7,11162,0,56,0,454,390,510,460,89,89,89,89,89,89,89,89,110,22.56066895,22.56066895,25.12438011,25.12438011,0,0,0,0
1782621526,58.44831848,1737,0,280,0.858823538,0.039807562,0,0,7,11178,0,57,0,452,388,509,458,89,89,89,89,89,89,89,89,110,22.56066895,22.56066895,25.12438011,25.12438011,0,0,0,0
1782621526,58.49546432,1739,0,280,0.858823538,0.042839795,0,0,7,11191,0,57,0,450,386,507,456,89,89,89,89,89,89,89,89,110,22.56066895,22.56066895,25.12438011,25.12438011,0,0,0,0
1782621526,58.54463577,1740,0,280,0.858823538,0.044083297,0,0,7,11203,0,57,0,448,385,505,455,89,89,89,89,89,89,89,89,110,22.56066895,22.56066895,25.12438011,25.12438011,0,0,0,0
1782621526,58.5934639,1742,0,280,0.858823538,0.044347871,0,0,7,11212,0,58,0,446,383,503,453,89,89,89,89,89,89,89,89,110,22.56066895,22.56066895,25.12438011,25.12438011,0,0,0,0
1782621526,58.65211487,1743,0,281,0.858823538,0.043681655,0,0,7,11224,0,58,0,444,381,501,451,89,89,89,89,89,89,89,89,110,22.56066895,22.56066895,25.12438011,25.12438011,0,0,0,0
1782621526,58.69939041,1745,0,281,0.858823538,0.04400089,0,0,7,11231,0,59,0,442,380,500,450,89,89,89,89,89,89,89,89,110,22.56066895,22.56066895,25.12438011,25.12438011,0,0,0,0
1782621526,58.74872971,1746,0,281,0.858823538,0.038461648,0,0,7,11242,0,59,0,440,378,498,448,89,89,89,89,89,89,89,89,110,22.56066895,22.56066895,25.12438011,25.12438011,0,0,0,0
1782621526,58.7972641,1748,0,282,0.850980401,0.025628239,0,0,7,11250,0,59,0,438,377,496,447,89,89,89,89,89,89,89,89,110,22.56066895,22.56066895,25.12438011,25.12438011,0,0,0,0
1782621526,58.84421158,1749,0,282,0.850980401,0.008168334,0,0,7,11259,0,59,0,437,375,494,445,89,89,89,89,89,89,89,89,110,22.56066895,22.56066895,25.12438011,25.12438011,0,0,0,0
1782621526,58.90455627,1751,0,282,0.850980401,0.000767205,0,0,7,11272,0,60,0,434,373,492,443,89,89,89,89,89,89,89,89,110,22.56066895,22.56066895,25.12438011,25.12438011,0,0,0,0
1782621526,58.95352554,1752,0,283,0.850980401,0,0,0,7,11284,0,60,0,432,371,490,441,89,89,89,89,89,89,89,89,110,22.56066895,22.56066895,25.12438011,25.12438011,0,0,0,0
1782621526,59.00267029,1754,0,283,0.850980401,0,0,0,7,11297,0,61,0,430,370,488,440,89,89,89,89,89,89,89,89,110,22.56066895,22.56066895,25.12438011,25.12438011,0,0,0,0
1782621526,59.05211639,1755,0,283,0.847058833,0,0,0,7,11307,0,61,0,429,368,486,438,89,89,89,89,89,89,89,89,110,22.56066895,22.56066895,25.12438011,25.12438011,0,0,0,0
1782621526,59.09948349,1757,0,283,0.847058833,0,0,0,7,11315,0,61,0,427,367,485,437,89,89,89,89,89,89,89,89,110,22.56066895,22.56066895,25.12438011,25.12438011,0,0,0,0
1782621526,59.14848709,1758,0,284,0.847058833,0,0,0,7,11326,0,62,0,425,366,484,435,89,89,89,89,89,89,89,89,110,22.56066895,22.56066895,25.12438011,25.12438011,0,0,0,0
1782621526,59.19789505,1760,0,284,0.847058833,0,0,0,7,11339,0,62,0,424,364,482,434,89,89,89,89,89,89,89,89,110,22.56066895,22.56066895,25.12438011,25.12438011,0,0,0,0
1782621526,59.24644089,1761,0,284,0.847058833,0.007783381,0,0,7,11351,0,63,0,422,363,480,432,89,89,89,89,89,89,89,89,110,22.56066895,22.56066895,25.12438011,25.12438011,0,0,0,0
1782621526,59.30540848,1763,0,285,0.843137264,0.026911009,0,0,7,11365,0,63,0,419,360,478,430,89,89,89,89,89,89,89,89,110,22.56066895,22.56066895,25.12438011,25.12438011,0,0,0,0
1782621527,59.34160614,1764,0,285,0.843137264,0.034658264,0,0,7,11371,0,63,0,418,359,477,429,89,89,89,89,89,89,89,89,110,22.56066895,22.56066895,25.12438011,25.12438011,0,0,0,0
1782621527,59.40274048,1766,0,285,0.847058833,0.037334867,0,0,7,11385,0,64,0,416,357,474,427,89,89,89,89,89,89,89,89,110,22.56066895,22.56066895,25.12438011,25.12438011,0,0,0,0
1782621527,59.45053482,1767,0,285,0.847058833,0.038424134,0,0,7,11392,0,64,0,415,356,473,426,89,89,89,89,89,89,89,89,110,22.56066895,22.56066895,25.12438011,25.12438011,0,0,0,0
1782621527,59.49832153,1769,0,285,0.847058833,0.039743587,0,0,7,11402,0,66,0,413,355,471,425,89,89,89,89,89,89,89,89,110,22.56066895,22.56066895,25.12438011,25.12438011,0,0,0,0
1782621527,59.54815292,1770,0,286,0.847058833,0.040919557,0,0,7,11412,0,66,0,411,353,470,423,89,89,89,89,89,89,89,89,110,22.56066895,22.56066895,25.12438011,25.12438011,0,0,0,0
1782621527,59.5974617,1772,0,286,0.847058833,0.042041723,0,0,7,11418,0,66,0,409,352,468,422,89,89,89,89,89,89,89,89,110,22.56066895,22.56066895,25.12438011,25.12438011,0,0,0,0
1782621527,59.64652252,1773,0,286,0.847058833,0.036658268,0,0,7,11424,0,67,0,408,350,466,420,89,89,89,89,89,89,89,89,110,22.56066895,22.56066895,25.12438011,25.12438011,0,0,0,0
1782621527,59.69607162,1775,0,286,0.847058833,3.45E-06,0,0,7,11427,0,67,0,407,349,465,419,89,89,89,89,89,89,89,89,110,22.56066895,22.56066895,25.12438011,25.12438011,0,0,0,0
1782621527,59.74531555,1776,0,286,0.843137264,0,0,0,7,11435,0,67,0,405,347,464,417,89,89,89,89,89,89,89,89,110,22.56066895,22.56066895,25.12438011,25.12438011,0,0,0,0
1782621527,59.79384232,1778,0,287,0.843137264,0,0,0,7,11442,0,67,0,403,346,462,416,89,89,89,89,89,89,89,89,110,22.56066895,22.56066895,25.12438011,25.12438011,0,0,0,0
1782621527,59.85421371,1779,0,287,0.843137264,0,0,0,7,11453,0,68,0,401,344,460,414,89,89,89,89,89,89,89,89,110,22.56066895,22.56066895,25.12438011,25.12438011,0,0,0,0
1782621527,59.90181732,1781,0,287,0.843137264,0,0,0,7,11462,0,68,0,400,343,459,413,89,89,89,89,89,89,89,89,110,22.56066895,22.56066895,25.12438011,25.12438011,0,0,0,0
1782621527,59.94979095,1782,0,287,0.843137264,0,0,0,7,11473,0,69,0,398,342,457,411,89,89,89,89,89,89,89,89,110,22.56066895,22.56066895,25.12438011,25.12438011,0,0,0,0
1782621527,59.99908829,1784,0,288,0.843137264,0,0,0,7,11483,0,69,0,396,340,455,410,89,89,89,89,89,89,89,89,110,22.56066895,22.56066895,25.12438011,25.12438011,0,0,0,0
1782621527,60.04817581,1785,0,288,0.843137264,0,0,0,7,11491,0,69,0,394,339,454,408,89,89,89,89,89,89,89,89,110,22.56066895,22.56066895,25.12438011,25.12438011,0,0,0,0
1782621527,60.09611511,1787,0,288,0.843137264,0,0,0,7,11499,0,70,0,393,337,452,407,89,89,89,89,89,89,89,89,110,22.56066895,22.56066895,25.12438011,25.12438011,0,0,0,0
1782621527,60.14391327,1788,0,288,0.843137264,0.008200577,0,0,7,11509,0,70,0,391,336,450,405,89,89,89,89,89,89,89,89,110,22.56066895,22.56066895,25.12438011,25.12438011,0,0,0,0
1782621527,60.20258713,1790,0,289,0.843137264,0.030587798,0,0,7,11521,0,71,0,389,334,448,403,89,89,89,89,89,89,89,89,110,22.56066895,22.56066895,25.12438011,25.12438011,0,0,0,0
1782621527,60.24967957,1791,0,289,0.843137264,0.023571724,0,0,7,11526,0,71,0,388,333,447,402,89,89,89,89,89,89,89,89,110,22.56066895,22.56066895,25.12438011,25.12438011,0,0,0,0
1782621527,60.29690933,1793,0,289,0.843137264,0,0,0,7,11534,0,71,0,386,331,446,401,89,89,89,89,89,89,89,89,110,22.56066895,22.56066895,25.12438011,25.12438011,0,0,0,0
1782621528,60.34502792,1794,0,289,0.843137264,0,0,0,7,11543,0,72,0,384,330,444,399,89,89,89,89,89,89,89,89,110,22.56066895,22.56066895,25.12438011,25.12438011,0,0,0,0
1782621528,60.39531708,1796,0,289,0.843137264,0,0,0,7,11552,0,72,0,383,329,442,398,89,89,89,89,89,89,89,89,110,22.56066895,22.56066895,25.12438011,25.12438011,0,0,0,0
1782621528,60.44558716,1797,0,290,0.843137264,0,0,0,7,11559,0,72,0,381,327,441,397,89,89,89,89,89,89,89,89,110,22.56066895,22.56066895,25.12438011,25.12438011,0,0,0,0
1782621528,60.49544525,1799,0,290,0.843137264,0.011749489,0,0,7,11568,0,73,0,380,326,439,395,89,89,89,89,89,89,89,89,110,22.56066895,22.56066895,25.12438011,25.12438011,0,0,0,0
1782621528,60.54412079,1800,0,290,0.843137264,0.030268794,0,0,7,11578,0,73,0,378,324,438,394,89,89,89,89,89,89,89,89,110,22.56066895,22.56066895,25.12438011,25.12438011,0,0,0,0
1782621528,60.59391022,1802,0,290,0.843137264,0.001210633,0,0,7,11586,0,73,0,376,323,436,392,89,89,89,89,89,89,89,89,110,22.56066895,22.56066895,25.12438011,25.12438011,0,0,0,0
1782621528,60.64364243,1803,0,290,0.843137264,0,0,0,7,11592,0,74,0,375,322,434,391,89,89,89,89,89,89,89,89,110,22.56066895,22.56066895,25.12438011,25.12438011,0,0,0,0
1782621528,60.70415115,1805,0,291,0.843137264,0,0,0,7,11601,0,74,0,373,320,432,389,89,89,89,89,89,89,89,89,110,22.56066895,22.56066895,25.12438011,25.12438011,0,0,0,0
1782621528,60.75196457,1806,0,291,0.843137264,0,0,0,7,11608,0,74,0,371,319,431,388,89,89,89,89,89,89,89,89,110,22.56066895,22.56066895,25.12438011,25.12438011,0,0,0,0
1782621528,60.79958344,1808,0,291,0.843137264,0,0,0,7,11617,0,75,0,370,318,430,387,89,89,89,89,89,89,89,89,110,22.56066895,22.56066895,25.12438011,25.12438011,0,0,0,0
1782621528,60.846241,1809,0,291,0.843137264,0,0,0,7,11625,0,75,0,368,316,428,385,89,89,89,89,89,89,89,89,110,22.56066895,22.56066895,25.12438011,25.12438011,0,0,0,0
1782621528,60.90458298,1811,0,292,0.843137264,0,0,0,7,11634,0,75,0,366,314,426,383,89,89,89,89,89,89,89,89,110,22.56066895,22.56066895,25.12438011,25.12438011,0,0,0,0
1782621528,60.95116806,1812,0,292,0.843137264,0,0,0,7,11640,0,76,0,365,314,425,382,89,89,89,89,89,89,89,89,110,22.56066895,22.56066895,25.12438011,25.12438011,0,0,0,0
1782621528,60.99900436,1814,0,292,0.843137264,0,0,0,7,11648,0,76,0,364,312,423,381,89,89,89,89,89,89,89,89,110,22.56066895,22.56066895,25.12438011,25.12438011,0,0,0,0
1782621528,61.0479126,1815,0,292,0.831372559,0.022550886,0,0,7,11651,0,76,0,362,311,422,380,89,89,89,89,89,89,89,89,110,22.56066895,22.56066895,25.12438011,25.12438011,0,0,0,0
1782621528,61.09584045,1817,0,292,0.827450991,0.034906,0,0,7,11654,0,76,0,360,310,420,378,89,89,89,89,89,89,89,89,110,22.56066895,22.56066895,25.12438011,25.12438011,0,0,0,0
1782621528,61.14345551,1818,0,292,0.827450991,0.021996029,0,0,7,11660,0,77,0,359,308,419,377,89,89,89,89,89,89,89,89,110,22.56066895,22.56066895,25.12438011,25.12438011,0,0,0,0
1782621528,61.2045517,1820,0,292,0.827450991,0,0,0,7,11666,0,77,0,357,307,417,375,89,89,89,89,89,89,89,89,110,22.56066895,22.56066895,25.12438011,25.12438011,0,0,0,0
1782621528,61.25237274,1821,0,293,0.827450991,0,0,0,7,11671,0,77,0,356,305,416,374,89,89,89,89,89,89,89,89,110,22.56066895,22.56066895,25.12438011,25.12438011,0,0,0,0
1782621528,61.29961014,1823,0,293,0.827450991,0,0,0,7,11674,0,77,0,355,304,415,373,89,89,89,89,89,89,89,89,110,22.56066895,22.56066895,25.12438011,25.12438011,0,0,0,0
1782621529,61.34818268,1824,0,293,0.823529422,0,0,0,7,11679,0,77,0,353,303,413,372,89,89,89,89,89,89,89,89,110,22.56066895,22.56066895,25.12438011,25.12438011,0,0,0,0
1782621529,61.39784241,1826,0,293,0.823529422,0,0,0,7,11684,0,78,0,352,302,412,370,89,89,89,89,89,89,89,89,110,22.56066895,22.56066895,25.12438011,25.12438011,0,0,0,0
1782621529,61.44530106,1827,0,293,0.819607854,0,0,0,8,10477,0,30,0,350,301,410,369,89,89,89,89,89,89,89,89,110,22.56066895,22.56066895,25.12438011,25.12438011,0,0,0,0
1782621529,61.50422287,1829,0,294,0.815686285,0,0,0,8,10420,0,28,0,348,299,408,367,89,89,89,89,89,89,89,89,110,22.56066895,22.56066895,25.12438011,25.12438011,0,0,0,0
1782621529,61.54166412,1830,0,294,0.815686285,0,0,0,8,10424,0,28,0,347,298,407,366,89,89,89,89,89,89,89,89,110,22.56066895,22.56066895,25.12438011,25.12438011,0,0,0,0
1782621529,61.59578705,1832,0,294,0.815686285,0,0,0,8,10428,0,28,0,346,297,406,365,89,89,89,89,89,89,89,89,110,22.56066895,22.56066895,25.12438011,25.12438011,0,0,0,0
1782621529,61.6502533,1833,0,294,0.815686285,0,0,0,8,10433,0,28,0,344,295,404,364,89,89,89,89,89,89,89,89,110,22.56066895,22.56066895,25.12438011,25.12438011,0,0,0,0
1782621529,61.69032669,1835,0,294,0.815686285,0,0,0,8,10438,0,29,0,343,294,403,362,89,89,89,89,89,89,89,89,110,22.56066895,22.56066895,25.12438011,25.12438011,0,0,0,0
1782621529,61.74681091,1836,0,294,0.815686285,0,0,0,8,10443,0,29,0,341,293,401,361,89,89,89,89,89,89,89,89,110,22.56066895,22.56066895,25.12438011,25.12438011,0,0,0,0
1782621529,61.79198074,1838,0,294,0.815686285,0,0,0,8,10448,0,29,0,340,292,400,360,89,89,89,89,89,89,89,89,110,22.56066895,22.56066895,25.12438011,25.12438011,0,0,0,0
1782621529,61.83668518,1839,0,294,0.815686285,0,0,0,8,10452,0,29,0,338,290,398,358,89,89,89,89,89,89,89,89,110,22.56066895,22.56066895,25.12438011,25.12438011,0,0,0,0
1782621529,61.89474106,1841,0,295,0.811764717,-0.016197043,0,0,8,10456,0,30,0,337,289,397,357,89,89,89,89,89,89,89,89,110,22.56066895,22.56066895,25.12438011,25.12438011,0,0,0,0
1782621529,61.9373436,1842,0,295,0.807843149,-0.015035322,0,0,8,10459,0,30,0,335,288,396,356,89,89,89,89,89,89,89,89,110,22.56066895,22.56066895,25.12438011,25.12438011,0,0,0,0
1782621529,61.99579239,1844,0,295,0.807843149,0,0,0,8,10463,0,30,0,334,287,394,355,89,89,89,89,89,89,89,89,110,22.56066895,22.56066895,25.12438011,25.12438011,0,0,0,0
1782621529,62.0394249,1845,0,295,0.807843149,0,0,0,8,10467,0,30,0,332,286,393,353,89,89,89,89,89,89,89,89,110,22.56066895,22.56066895,25.12438011,25.12438011,0,0,0,0
1782621529,62.09330368,1847,0,295,0.807843149,0,0,0,8,10471,0,30,0,331,284,391,352,89,89,89,89,89,89,89,89,110,22.56066895,22.56066895,25.12438011,25.12438011,0,0,0,0
1782621529,62.14694977,1848,0,295,0.807843149,0,0,0,8,10474,0,30,0,330,283,390,351,89,89,89,89,89,89,89,89,110,22.56066895,22.56066895,25.12438011,25.12438011,0,0,0,0
1782621529,62.20220566,1850,0,295,0.800000012,0,0,0,8,10477,0,30,0,328,282,388,349,89,89,89,89,89,89,89,89,110,22.56066895,22.56066895,25.12438011,25.12438011,0,0,0,0
1782621529,62.24337387,1851,0,295,0.796078444,0,0,0,8,10478,0,31,0,327,281,387,348,89,89,89,89,89,89,89,89,110,22.56066895,22.56066895,25.12438011,25.12438011,0,0,0,0
1782621529,62.29738998,1853,0,295,0.792156875,0,0,0,8,10480,0,31,0,325,280,386,347,89,89,89,89,89,89,89,89,110,22.56066895,22.56066895,25.12438011,25.12438011,0,0,0,0
1782621530,62.35032272,1854,0,295,0.776470602,0,0,0,8,10479,0,31,0,324,278,384,346,89,89,89,89,89,89,89,89,110,22.56066895,22.56066895,25.12438011,25.12438011,0,0,0,0
1782621530,62.39086533,1856,0,296,0.760784328,0,0,0,8,10475,0,30,0,323,277,383,344,89,89,89,89,89,89,89,89,110,22.56066895,22.56066895,25.12438011,25.12438011,0,0,0,0
1782621530,62.44314957,1857,0,295,0.698039234,0,0,0,8,10458,0,30,0,321,276,381,343,89,89,89,89,89,89,89,89,110,22.56066895,22.56066895,25.12438011,25.12438011,0,0,0,0
1782621530,62.5045166,1859,0,294,0.015686275,0,0,0,8,10318,0,23,0,319,274,380,342,89,89,89,89,89,89,89,89,110,22.56066895,22.56066895,25.12438011,25.12438011,0,0,0,0
1782621530,62.54175949,1860,0,294,0,0,0,0,8,10287,0,22,0,318,274,379,341,89,89,89,89,89,89,89,89,110,22.56066895,22.56066895,25.12438011,25.12438011,0,0,0,0
1782621530,62.59343338,1862,0,292,0,0,0,0,8,10243,0,20,0,317,273,377,340,89,89,89,89,89,89,89,89,110,22.56066895,22.56066895,25.12438011,25.12438011,0,0,0,0
1782621530,62.64445114,1863,0,291,0,0,0.011765672,0,8,10196,0,18,0,316,272,376,339,89,89,89,89,89,89,89,89,110,22.56066895,22.56066895,25.12438011,25.12438011,0,0,0,0
1782621530,62.69423294,1865,0,289,0,0,0.28565684,0,8,10046,0,11,0,328,284,385,348,89,89,89,89,89,89,89,89,110,22.56066895,22.56066895,25.12438011,25.12438011,0,0,0,0
1782621530,62.74355698,1866,0,286,0,0,0.430394858,0,8,9889,0,4,0,350,307,403,368,89,89,89,89,89,89,89,89,110,22.56066895,22.56066895,25.12438011,25.12438011,0,0,0,0
1782621530,62.79378128,1868,0,282,0,0,0.434154302,0,8,9759,0,0,0,373,333,423,389,89,89,89,89,89,89,89,89,110,22.56066895,22.56066895,25.12438011,25.12438011,0,0,0,0
1782621530,62.84625244,1869,0,276,0,0,1,0,8,9858,0,2,0,420,382,466,434,89,89,89,89,89,89,89,89,110,22.56066895,22.56066895,25.12438011,25.12438011,0,0,0,0
1782621530,62.89777374,1871,0,270,0,0,1,0,7,10486,0,31,0,466,430,509,479,89,89,89,89,89,89,89,89,110,22.56066895,22.56066895,25.12438011,25.12438011,0,0,0,0
1782621530,62.94810104,1872,0,263,0,0,1,0,7,10024,0,10,0,507,474,548,520,89,89,89,89,89,89,89,89,110,22.56066895,22.56066895,25.12438011,25.12438011,0,0,0,0
1782621530,62.99956894,1874,0,256,0,0,1,0,7,9734,0,0,0,545,514,584,557,89,89,89,89,89,89,89,89,110,22.56066895,22.56066895,25.12438011,25.12438011,0,0,0,0
1782621530,63.05040741,1875,0,250,0,0,1,0,7,9459,0,0,0,579,550,616,591,89,89,89,89,89,89,89,89,110,22.56066895,22.56066895,25.12438011,25.12438011,0,0,0,0
1782621530,63.10103989,1877,0,243,0,0,1,0,7,9186,0,0,0,610,583,645,622,89,89,89,89,89,89,89,89,110,22.56066895,22.56066895,25.12438011,25.12438011,0,0,0,0
1782621530,63.1526413,1878,0,234,0,0,1,0,6,10427,0,28,0,648,622,681,659,89,89,89,89,89,89,89,89,110,22.56066895,22.56066895,25.12438011,25.12438011,0,0,0,0
1782621530,63.19175339,1880,0,230,0,0,1,0,6,10109,0,14,0,665,641,697,676,89,89,89,89,89,89,89,89,110,22.56066895,22.56066895,25.12438011,25.12438011,0,0,0,0
1782621530,63.24390793,1881,0,224,0,0,1,0,6,9715,0,0,0,689,666,719,700,89,89,89,89,89,89,89,89,110,22.56066895,22.56066895,25.12438011,25.12438011,0,0,0,0
1782621530,63.29558945,1883,0,217,0,0,1,0,6,9379,0,0,0,710,689,739,721,89,89,89,89,89,89,89,89,110,22.56066895,22.56066895,25.12438011,25.12438011,0,0,0,0
1782621531,63.34571838,1884,0,211,0,0,1,0,6,9061,0,0,0,730,709,758,741,89,89,89,89,89,89,89,89,110,22.56066895,22.56066895,25.12438011,25.12438011,0,0,0,0
1782621531,63.3967514,1886,0,205,0,0,1,0,5,10082,0,12,0,748,728,775,759,89,89,89,89,89,89,89,89,110,22.56066895,22.56066895,25.12438011,25.12438011,0,0,0,0
1782621531,63.44745255,1887,0,199,0,0,1,0,5,10128,0,15,0,765,747,791,775,89,89,89,89,89,89,89,89,110,22.56066895,22.56066895,25.12438011,25.12438011,0,0,0,0
1782621531,63.49785233,1889,0,194,0,0,1,0,5,9604,0,0,0,781,763,805,791,89,89,89,89,89,89,89,89,110,22.56066895,22.56066895,25.12438011,25.12438011,0,0,0,0
1782621531,63.54924393,1890,0,188,0,-0.007968361,1,0,5,9116,0,0,0,794,778,818,804,89,89,89,89,89,89,89,89,110,22.56066895,22.56066895,25.12438011,25.12438011,0,0,0,0
1782621531,63.58955383,1892,0,182,0,-0.031875528,1,0,5,8911,0,0,0,807,791,831,817,89,89,89,89,89,89,89,89,110,22.56066895,22.56066895,25.12438011,25.12438011,0,0,0,0
1782621531,63.64390564,1893,0,176,0,-0.056704961,1,0,5,8678,0,0,0,819,804,842,830,89,89,89,89,89,89,89,89,110,22.56066895,22.56066895,25.12438011,25.12438011,0,0,0,0
1782621531,63.6973114,1895,0,172,0,-0.08818879,1,0,4,10455,0,29,0,830,816,853,841,89,89,89,89,89,89,89,89,110,22.56066895,22.56066895,25.12438011,25.12438011,0,0,0,0
1782621531,63.74911499,1896,0,169,0,-0.120046392,1,0,4,10056,0,11,0,841,827,863,852,89,89,89,89,89,89,89,89,110,22.56066895,22.56066895,25.12438011,25.12438011,0,0,0,0
1782621531,63.78917694,1898,0,165,0,-0.15821211,1,0,4,9624,0,0,0,851,838,872,862,89,89,89,89,89,89,89,89,110,22.56066895,22.56066895,25.12438011,25.12438011,0,0,0,0
1782621531,63.8418541,1899,0,161,0,-0.198149085,1,0,4,9426,0,0,0,860,848,881,872,89,89,89,89,89,89,89,89,110,22.56066895,22.56066895,25.12438011,25.12438011,0,0,0,0
1782621531,63.89335251,1901,0,157,0,-0.237102881,1,0,4,9205,0,0,0,869,857,889,880,89,89,89,89,89,89,89,89,110,22.56066895,22.56066895,25.12438011,25.12438011,0,0,0,0
1782621531,63.94623184,1902,0,154,0,-0.275239646,1,0,4,8943,0,0,0,877,866,896,889,89,89,89,89,89,89,89,89,110,22.56066895,22.56066895,25.12438011,25.12438011,0,0,0,0
1782621531,63.99947739,1904,0,150,0,-0.312419057,1,0,4,8711,0,0,0,884,874,903,896,89,89,89,89,89,89,89,89,110,22.56066895,22.56066895,25.12438011,25.12438011,0,0,0,0
1782621531,64.03965759,1905,0,146,0,-0.34869343,1,0,4,8470,0,0,0,891,882,909,904,89,89,89,89,89,89,89,89,110,22.56066895,22.56066895,25.12438011,25.12438011,0,0,0,0
1782621531,64.09214783,1907,0,143,0,-0.384098887,1,0,4,8232,0,0,0,897,889,915,910,89,89,89,89,89,89,89,89,110,22.56066895,22.56066895,25.12438011,25.12438011,0,0,0,0
1782621531,64.14292145,1908,0,139,0,-0.418735504,1,0,4,8016,0,0,0,903,895,920,916,89,89,89,89,89,89,89,89,110,22.56066895,22.56066895,25.12438011,25.12438011,0,0,0,0
1782621531,64.19396973,1910,0,136,0,-0.452623993,1,0,3,9724,0,0,0,909,902,926,922,89,89,89,89,89,89,89,89,110,22.56066895,22.56066895,25.12438011,25.12438011,0,0,0,0
1782621531,64.24472046,1911,0,133,0,-0.485688716,1,0,3,9376,0,0,0,914,908,930,927,89,89,89,89,89,89,89,89,110,22.56066895,22.56066895,25.12438011,25.12438011,0,0,0,0
1782621531,64.29608917,1913,0,130,0,-0.517664492,1,0,3,8992,0,0,0,919,913,935,932,89,89,89,89,89,89,89,89,110,22.56066895,22.56066895,25.12438011,25.12438011,0,0,0,0
1782621532,64.34951782,1914,0,127,0,-0.548980355,1,0,3,8627,0,0,0,924,918,939,937,89,89,89,89,89,89,89,89,110,22.56066895,22.56066895,25.12438011,25.12438011,0,0,0,0
1782621532,64.39011383,1916,0,123,0,-0.579727948,1,0,3,8345,0,0,0,928,923,943,941,89,89,89,89,89,89,89,89,110,22.56066895,22.56066895,25.12438011,25.12438011,0,0,0,0
1782621532,64.44186401,1917,0,120,0,-0.609906137,1,0,3,8184,0,0,0,932,927,946,945,89,89,89,89,89,89,89,89,110,22.56066895,22.56066895,25.12438011,25.12438011,0,0,0,0
1782621532,64.49208069,1919,0,116,0,-0.623498201,1,0,3,7922,0,0,0,935,931,949,948,89,89,89,89,89,89,89,89,110,22.56066895,22.56066895,25.12438011,25.12438011,0,0,0,0
1782621532,64.54253387,1920,0,113,0,-0.63338232,1,0,3,7684,0,0,0,939,935,952,951,89,89,89,89,89,89,89,89,110,22.56066895,22.56066895,25.12438011,25.12438011,0,0,0,0
1782621532,64.59281921,1922,0,109,0,-0.644189537,1,0,3,7438,0,0,0,942,938,955,954,89,89,89,89,89,89,89,89,110,22.56066895,22.56066895,25.12438011,25.12438011,0,0,0,0
1782621532,64.64286804,1923,0,106,0,-0.656421721,1,0,3,7284,0,0,0,945,942,958,957,89,89,89,89,89,89,89,89,110,22.56066895,22.56066895,25.12438011,25.12438011,0,0,0,0
1782621532,64.69218445,1925,0,103,0,-0.669108689,1,0,3,6999,0,0,0,948,945,960,960,89,89,89,89,89,89,89,89,110,22.56066895,22.56066895,25.12438011,25.12438011,0,0,0,0
1782621532,64.74227905,1926,0,100,0,-0.683726788,1,0,3,7098,0,0,0,950,948,963,962,89,89,89,89,89,89,89,89,110,22.56066895,22.56066895,25.12438011,25.12438011,0,0,0,0
1782621532,64.79428101,1928,0,97,0,-0.699706793,1,0,2,8871,0,0,0,953,951,965,965,89,89,89,89,89,89,89,89,110,22.56066895,22.56066895,25.12438011,25.12438011,0,0,0,0
1782621532,64.84700775,1929,0,95,0,-0.704606533,1,0,2,8203,0,0,0,955,953,967,967,89,89,89,89,89,89,89,89,110,22.56066895,22.56066895,25.12438011,25.12438011,0,0,0,0
1782621532,64.89901733,1931,0,92,0,-0.717460573,1,0,2,7823,0,0,0,958,956,969,969,89,89,89,89,89,89,89,89,110,22.56066895,22.56066895,25.12438011,25.12438011,0,0,0,0
1782621532,64.9495163,1932,0,89,0,-0.73720932,1,0,2,7493,0,0,0,960,958,971,971,89,89,89,89,89,89,89,89,110,22.56066895,22.56066895,25.12438011,25.12438011,0,0,0,0
1782621532,64.99897766,1934,0,86,0,-0.756370187,1,0,2,7191,0,0,0,962,960,973,973,89,89,89,89,89,89,89,89,110,22.56066895,22.56066895,25.12438011,25.12438011,0,0,0,0
1782621532,65.04885864,1935,0,83,0,-0.776453674,1,0,2,6935,0,0,0,963,963,975,975,89,89,89,89,89,89,89,89,110,22.56066895,22.56066895,25.12438011,25.12438011,0,0,0,0
1782621532,65.09873199,1937,0,80,0,-0.799777925,1,0,2,6659,0,0,0,965,964,976,977,89,89,89,89,89,89,89,89,110,22.56066895,22.56066895,25.12438011,25.12438011,0,0,0,0
1782621532,65.15026855,1938,0,77,0,-0.583006322,1,0,2,6384,0,0,0,967,966,978,979,89,89,89,89,89,89,89,89,110,22.56066895,22.56066895,25.12438011,25.12438011,0,0,0,0
1782621532,65.19012451,1940,0,74,0,-0.39839977,1,0,2,6130,0,0,0,968,968,980,981,89,89,89,89,89,89,89,89,110,22.56066895,22.56066895,25.12438011,25.12438011,0,0,0,0
1782621532,65.2427597,1941,0,71,0,-0.210276484,1,0,2,5999,0,0,0,970,970,981,983,89,89,89,89,89,89,89,89,110,22.56066895,22.56066895,25.12438011,25.12438011,0,0,0,0
1782621532,65.29416656,1943,0,69,0,-0.060761347,0.13676168,0,2,6097,0,0,0,970,970,981,983,89,89,89,89,89,89,89,89,110,22.56066895,22.56066895,25.12438011,25.12438011,0,0,0,0
1782621533,65.34700012,1944,0,69,0,0,0,0,2,6078,0,0,0,968,968,980,981,89,89,89,89,89,89,89,89,110,22.56066895,22.56066895,25.12438011,25.12438011,0,0,0,0
1782621533,65.38806152,1946,0,69,0,0,0,0,2,6054,0,0,0,967,967,978,980,89,89,89,89,89,89,89,89,110,22.56066895,22.56066895,25.12438011,25.12438011,0,0,0,0
1782621533,65.44238281,1947,0,69,0.149019614,0,0,0,2,6091,0,0,0,965,965,977,979,89,89,89,89,89,89,89,89,110,22.56066895,22.56066895,25.12438011,25.12438011,0,0,0,0
1782621533,65.4943924,1949,0,69,0.313725501,0,0,0,2,6158,0,0,0,963,964,976,977,89,89,89,89,89,89,89,89,110,22.56066895,22.56066895,25.12438011,25.12438011,0,0,0,0
1782621533,65.54632568,1950,0,70,0.470588237,0,0,0,2,6265,0,0,0,962,962,974,976,89,89,89,89,89,89,89,89,110,22.56066895,22.56066895,25.12438011,25.12438011,0,0,0,0
1782621533,65.58695984,1952,0,71,0.529411793,0,0,0,2,6371,0,0,0,960,960,973,975,89,89,89,89,89,89,89,89,110,22.56066895,22.56066895,25.12438011,25.12438011,0,0,0,0
1782621533,65.64147949,1953,0,72,0.674509823,0,0,0,2,6540,0,0,0,959,959,972,973,89,89,89,89,89,89,89,89,110,22.56066895,22.56066895,25.12438011,25.12438011,0,0,0,0
1782621533,65.69329071,1955,0,73,0.831372559,0,0,0,2,6758,0,0,0,957,957,970,972,89,89,89,89,89,89,89,89,110,22.56066895,22.56066895,25.12438011,25.12438011,0,0,0,0
1782621533,65.74373627,1956,0,75,0.882352948,0.02838669,0,0,2,6978,0,0,0,956,956,969,971,89,89,89,89,89,89,89,89,110,22.56066895,22.56066895,25.12438011,25.12438011,0,0,0,0
1782621533,65.79335785,1958,0,77,0.913725495,0.071210384,0,0,2,7194,0,0,0,954,954,968,969,89,89,89,89,89,89,89,89,110,22.56066895,22.56066895,25.12438011,25.12438011,0,0,0,0
1782621533,65.84310913,1959,0,79,0.933333337,0.110836692,0,0,2,7435,0,0,0,952,952,966,968,89,89,89,89,89,89,89,89,110,22.56066895,22.56066895,25.12438011,25.12438011,0,0,0,0
1782621533,65.89344025,1961,0,81,0.941176474,0.146776959,0,0,2,7696,0,0,0,950,951,965,966,89,89,89,89,89,89,89,89,110,22.56066895,22.56066895,25.12438011,25.12438011,0,0,0,0
1782621533,65.94341278,1962,0,83,0.941176474,0.146131501,0,0,2,7963,0,0,0,949,949,963,965,89,89,89,89,89,89,89,89,110,22.56066895,22.56066895,25.12438011,25.12438011,0,0,0,0
1782621533,65.99295807,1964,0,85,0.949019611,0.124609664,0,0,2,8248,0,0,0,947,947,962,963,89,89,89,89,89,89,89,89,110,22.56066895,22.56066895,25.12438011,25.12438011,0,0,0,0
1782621533,66.04389954,1965,0,88,0.956862748,0.129071057,0,0,2,8548,0,0,0,945,945,960,962,89,89,89,89,89,89,89,89,110,22.56066895,22.56066895,25.12438011,25.12438011,0,0,0,0
1782621533,66.0946579,1967,0,90,0.960784316,0.148694783,0,0,2,8888,0,0,0,943,943,959,960,89,89,89,89,89,89,89,89,110,22.56066895,22.56066895,25.12438011,25.12438011,0,0,0,0
1782621533,66.14379883,1968,0,92,0.949019611,0.185120314,0,0,2,9257,0,0,0,941,941,957,958,89,89,89,89,89,89,89,89,110,22.56066895,22.56066895,25.12438011,25.12438011,0,0,0,0
1782621533,66.19291687,1970,0,94,0.941176474,0.217958674,0,0,2,8767,0,0,0,939,939,955,957,89,89,89,89,89,89,89,89,110,22.56066895,22.56066895,25.12438011,25.12438011,0,0,0,0
1782621533,66.24279785,1971,0,95,0.937254906,0.202193573,0,0,2,9128,0,0,0,937,937,954,955,89,89,89,89,89,89,89,89,110,22.56066895,22.56066895,25.12438011,25.12438011,0,0,0,0
1782621533,66.29255676,1973,0,97,0.937254906,0.182798788,0,0,2,9626,0,0,0,935,936,952,954,89,89,89,89,89,89,89,89,110,22.56066895,22.56066895,25.12438011,25.12438011,0,0,0,0
1782621534,66.34299469,1974,0,99,0.952941179,0.195407018,0,0,2,9761,0,0,0,933,934,950,952,89,89,89,89,89,89,89,89,110,22.56066895,22.56066895,25.12438011,25.12438011,0,0,0,0
1782621534,66.3944397,1976,0,101,0.968627453,0.229922712,0,0,2,9446,0,0,0,931,931,949,950,89,89,89,89,89,89,89,89,110,22.56066895,22.56066895,25.12438011,25.12438011,0,0,0,0
1782621534,66.44562531,1977,0,103,0.968627453,0.262506515,0,0,2,9982,0,8,0,929,929,947,948,89,89,89,89,89,89,89,89,110,22.56066895,22.56066895,25.12438011,25.12438011,0,0,0,1
1782621534,66.49572754,1979,0,104,1,0.29322052,0,0,2,10059,0,11,0,927,927,945,947,89,89,89,89,89,89,89,89,110,22.56066895,22.56066895,25.12438011,25.12438011,0,0,0,1
1782621534,66.5459137,1980,0,106,1,0.322054863,0,0,2,9985,0,8,0,925,925,943,945,89,89,89,89,89,89,89,89,110,22.56066895,22.56066895,25.12438011,25.12438011,0,1,0,0
1782621534,66.59608459,1982,0,107,0.968627453,0.349549562,0,0,2,10034,0,10,0,923,923,942,943,89,89,89,89,89,89,89,89,110,22.56066895,22.56066895,25.12438011,25.12438011,0,1,0,0
1782621534,66.64583588,1983,0,108,0.968627453,0.351566255,0,0,2,10146,0,15,0,921,921,940,941,89,89,89,89,89,89,89,89,110,22.56066895,22.56066895,25.12438011,25.12438011,0,1,0,0
1782621534,66.69618988,1985,0,109,0.968627453,0.247555688,0,0,2,10222,0,19,0,919,919,938,939,89,89,89,89,89,89,89,89,110,22.56066895,22.56066895,25.12438011,25.12438011,0,0,0,0
1782621534,66.7485199,1986,0,110,1,0.247659773,0,0,2,10488,0,31,0,917,917,936,937,89,89,89,89,89,89,89,89,110,22.56066895,22.56066895,25.12438011,25.12438011,0,0,0,0
1782621534,66.80147552,1988,0,111,1,0.282283604,0,0,2,10424,0,28,0,915,915,934,936,89,89,89,89,89,89,89,89,110,22.56066895,22.56066895,25.12438011,25.12438011,0,0,0,0
1782621534,66.84072876,1989,0,112,1,0.314789444,0,0,2,10801,0,43,0,913,912,933,934,89,89,89,89,89,89,89,89,110,22.56066895,22.56066895,25.12438011,25.12438011,0,0,0,0
1782621534,66.89259338,1991,0,113,1,0.270486116,0,0,2,10571,0,35,0,911,910,931,932,89,89,89,89,89,89,89,89,110,22.56066895,22.56066895,25.12438011,25.12438011,0,0,0,0
1782621534,66.94417572,1992,0,114,1,0.191968784,0,0,2,11075,0,53,0,909,908,929,930,89,89,89,89,89,89,89,89,110,22.56066895,22.56066895,25.12438011,25.12438011,0,0,0,0
1782621534,66.99907684,1994,0,115,1,0.122061111,0,0,2,10710,0,40,0,907,906,928,928,89,89,89,89,89,89,89,89,110,22.56066895,22.56066895,25.12438011,25.12438011,0,0,0,0
1782621534,67.04174805,1995,0,116,1,0.059811644,0,0,2,11199,0,57,0,905,904,926,926,89,89,89,89,89,89,89,89,110,22.56066895,22.56066895,25.12438011,25.12438011,0,0,0,0
1782621534,67.09649658,1997,0,118,1,0.004599752,0,0,2,11119,0,55,0,904,901,925,924,89,89,89,89,89,89,89,89,110,22.56066895,22.56066895,25.12438011,25.12438011,0,0,0,0
1782621534,67.13777924,1998,0,120,1,0,0,0,3,10186,0,17,0,902,899,923,922,89,89,89,89,89,89,89,89,110,22.56066895,22.56066895,25.12438011,25.12438011,0,0,0,0
1782621534,67.193367,2000,0,122,1,0,0,0,3,9028,0,0,0,900,897,921,920,89,89,89,89,89,89,89,89,110,22.56066895,22.56066895,25.12438011,25.12438011,0,0,0,0
1782621534,67.2457428,2001,0,123,1,0,0,0,3,9168,0,0,0,897,894,919,919,89,89,89,89,89,89,89,89,110,22.56066895,22.56066895,25.12438011,25.12438011,0,0,0,0
1782621534,67.29669189,2003,0,125,1,0,0,0,3,9506,0,0,0,895,892,917,917,89,89,89,89,89,89,89,89,110,22.56066895,22.56066895,25.12438011,25.12438011,0,0,0,0
1782621535,67.34918213,2004,0,127,1,0,0,0,3,9714,0,0,0,893,890,915,915,89,89,89,89,89,89,89,89,110,22.56066895,22.56066895,25.12438011,25.12438011,0,0,0,0
1782621535,67.39115906,2006,0,130,1,0,0,0,3,9903,0,4,0,890,887,913,913,89,89,89,89,89,89,89,89,110,22.56066895,22.56066895,25.12438011,25.12438011,0,0,0,0
1782621535,67.44652557,2007,0,132,1,0,0,0,3,10081,0,12,0,888,885,911,910,89,89,89,89,89,89,89,89,110,22.56066895,22.56066895,25.12438011,25.12438011,0,0,0,0
1782621535,67.49812317,2009,0,135,1,0,0,0,3,10262,0,21,0,886,883,909,908,89,89,89,89,89,89,89,89,110,22.56066895,22.56066895,25.12438011,25.12438011,0,0,0,0
1782621535,67.54754639,2010,0,137,1,0,0,0,3,10432,0,28,0,883,880,907,906,89,89,89,89,89,89,89,89,110,22.56066895,22.56066895,25.12438011,25.12438011,0,0,0,0
1782621535,67.59681702,2012,0,139,1,0,0,0,3,10593,0,36,0,881,878,905,904,89,89,89,89,89,89,89,89,110,22.56066895,22.56066895,25.12438011,25.12438011,0,0,0,0
1782621535,67.64807892,2013,0,142,1,0,0,0,3,10749,0,41,0,878,875,903,902,89,89,89,89,89,89,89,89,110,22.56066895,22.56066895,25.12438011,25.12438011,0,0,0,0
1782621535,67.69989014,2015,0,144,1,0,0,0,3,10902,0,47,0,876,873,901,900,89,89,89,89,89,89,89,89,110,22.56066895,22.56066895,25.12438011,25.12438011,0,0,0,0
1782621535,67.7507019,2016,0,146,1,0.014924204,0,0,3,11052,0,52,0,873,870,898,898,89,89,89,89,89,89,89,89,110,22.56066895,22.56066895,25.12438011,25.12438011,0,0,0,0
1782621535,67.80086517,2018,0,149,1,0.034483533,0,0,3,11205,0,58,0,870,868,896,895,89,89,89,89,89,89,89,89,110,22.56066895,22.56066895,25.12438011,25.12438011,0,0,0,0
1782621535,67.85181427,2019,0,151,1,0.012353083,0,0,3,11353,0,63,0,868,865,894,893,89,89,89,89,89,89,89,89,110,22.56066895,22.56066895,25.12438011,25.12438011,0,0,0,0
1782621535,67.89020538,2021,0,153,1,0,0,0,3,11488,0,69,0,865,862,892,891,89,89,89,89,89,89,89,89,110,22.56066895,22.56066895,25.12438011,25.12438011,0,0,0,0
1782621535,67.94081116,2022,0,155,1,0,0,0,3,11625,0,75,0,863,860,889,889,89,89,89,89,89,89,89,89,110,22.56066895,22.56066895,25.12438011,25.12438011,0,0,0,0
1782621535,67.9927063,2024,0,157,1,0,0,0,4,10577,0,35,0,860,857,887,886,89,89,89,89,89,89,89,89,110,22.56066895,22.56066895,25.12438011,25.12438011,0,0,0,0
1782621535,68.0454483,2025,0,160,1,0,0,0,4,10252,0,20,0,857,854,885,884,89,89,89,89,89,89,89,89,110,22.56066895,22.56066895,25.12438011,25.12438011,0,0,0,0
1782621535,68.09591675,2027,0,162,1,0,0,0,4,10271,0,21,0,855,852,883,882,89,89,89,89,89,89,89,89,110,22.56066895,22.56066895,25.12438011,25.12438011,0,0,1,0
1782621535,68.14457703,2028,0,165,1,0.013793773,0,0,4,10405,0,27,0,852,849,880,879,89,89,89,89,89,89,89,89,110,22.56066895,22.56066895,25.12438011,25.12438011,0,0,1,0
1782621535,68.1950531,2030,0,167,1,0.040561784,0,0,4,10555,0,34,0,849,846,878,877,89,89,89,89,89,89,89,89,110,22.56066895,22.56066895,25.12438011,25.12438011,1,0,1,0
1782621535,68.24703217,2031,0,169,1,0.046609722,0,0,4,10662,0,38,0,846,844,875,875,89,89,89,89,89,89,89,89,110,22.56066895,22.56066895,25.12438011,25.12438011,1,0,1,0
1782621535,68.29756927,2033,0,171,1,0.005568012,0,0,4,10782,0,43,0,844,841,873,872,89,89,89,89,89,89,89,89,110,22.56066895,22.56066895,25.12438011,25.12438011,1,0,1,0
1782621536,68.34725189,2034,0,173,1,0,0,0,4,10894,0,47,0,841,838,871,870,89,89,89,89,89,89,89,89,110,22.56066895,22.56066895,25.12438011,25.12438011,1,0,1,0
1782621536,68.39852905,2036,0,175,1,0,0,0,4,11034,0,52,0,838,835,868,868,89,89,89,89,89,89,89,89,110,22.56066895,22.56066895,25.12438011,25.12438011,1,0,1,0
1782621536,68.43843842,2037,0,177,1,0,0,0,4,11142,0,55,0,835,832,866,865,89,89,89,89,89,89,89,89,110,22.56066895,22.56066895,25.12438011,25.12438011,1,0,1,0
1782621536,68.49140167,2039,0,179,1,0,0,0,4,11251,0,59,0,833,830,863,863,89,89,89,89,89,89,89,89,110,22.56066895,22.56066895,25.12438011,25.12438011,1,0,1,0
1782621536,68.54341125,2040,0,181,1,0,0,0,4,11375,0,64,0,830,827,861,860,89,89,89,89,89,89,89,89,110,22.56066895,22.56066895,25.12438011,25.12438011,1,0,1,0
1782621536,68.59664154,2042,0,183,1,0,0,0,4,11520,0,71,0,827,824,859,858,89,89,89,89,89,89,89,89,110,22.56066895,22.56066895,25.12438011,25.12438011,1,0,1,0
1782621536,68.6389389,2043,0,185,1,0,0,0,4,11626,0,75,0,824,821,856,855,89,89,89,89,89,89,89,89,110,22.56066895,22.56066895,25.12438011,25.12438011,1,0,1,0
1782621536,68.69486237,2045,0,186,1,0,0,0,4,11753,0,81,0,821,818,854,853,89,89,89,89,89,89,89,89,110,22.56066895,22.56066895,25.12438011,25.12438011,1,0,1,0
1782621536,68.7481308,2046,0,188,1,0,0,0,4,11853,0,85,0,818,815,851,850,89,89,89,89,89,89,89,89,110,22.56066895,22.56066895,25.12438011,25.12438011,1,0,0,0
1782621536,68.78863525,2048,0,190,1,0,0,0,4,11898,0,87,0,815,813,849,848,89,89,89,89,89,89,89,89,110,22.56066895,22.56066895,25.12438011,25.12438011,0,0,0,0
1782621536,68.84454346,2049,0,192,1,0,0,0,4,11984,0,90,0,813,810,846,845,89,89,89,89,89,89,89,89,110,22.56066895,22.56066895,25.12438011,25.12438011,0,0,0,0
1782621536,68.90032959,2051,0,194,1,0,0,0,5,11287,0,61,0,810,807,844,843,89,89,89,89,89,89,89,89,110,22.56066895,22.56066895,25.12438011,25.12438011,0,0,0,0
1782621536,68.95217896,2052,0,197,1,0,0,0,5,10622,0,37,0,806,803,840,839,89,89,89,89,89,89,89,89,110,22.56066895,22.56066895,25.12438011,25.12438011,0,0,0,0
1782621536,68.99137878,2054,0,198,1,0,0,0,5,10690,0,39,0,804,801,839,838,89,89,89,89,89,89,89,89,110,22.56066895,22.56066895,25.12438011,25.12438011,0,0,0,0
1782621536,69.044487,2055,0,200,1,0,0,0,5,10791,0,43,0,801,798,836,835,89,89,89,89,89,89,89,89,110,22.56066895,22.56066895,25.12438011,25.12438011,0,0,0,0
1782621536,69.09648895,2057,0,201,1,0,0,0,5,10881,0,46,0,798,795,833,833,89,89,89,89,89,89,89,89,110,22.56066895,22.56066895,25.12438011,25.12438011,0,0,0,0
1782621536,69.14684296,2058,0,203,1,0,0,0,5,10964,0,49,0,795,792,831,830,89,89,89,89,89,89,89,89,110,22.56066895,22.56066895,25.12438011,25.12438011,0,0,0,0
1782621536,69.19852448,2060,0,205,1,0,0,0,5,11050,0,52,0,792,789,828,828,89,89,89,89,89,89,89,89,110,22.56066895,22.56066895,25.12438011,25.12438011,0,0,0,0
1782621536,69.25126648,2061,0,206,1,0,0,0,5,11136,0,55,0,789,786,826,825,89,89,89,89,89,89,89,89,110,22.56066895,22.56066895,25.12438011,25.12438011,0,0,0,0
1782621536,69.30192566,2063,0,208,1,-0.011720704,0,0,5,11222,0,58,0,786,784,823,822,89,89,89,89,89,89,89,89,110,22.56066895,22.56066895,25.12438011,25.12438011,0,0,0,0
1782621537,69.34096527,2064,0,210,1,-0.029461611,0,0,5,11307,0,61,0,783,781,821,820,89,89,89,89,89,89,89,89,110,22.56066895,22.56066895,25.12438011,25.12438011,0,0,0,0
1782621537,69.395401,2066,0,211,1,-0.046768535,0,0,5,11391,0,64,0,780,778,818,817,89,89,89,89,89,89,89,89,110,22.56066895,22.56066895,25.12438011,25.12438011,0,0,0,0
1782621537,69.44612885,2067,0,213,1,-0.06340532,0,0,5,11474,0,69,0,777,775,816,815,89,89,89,89,89,89,89,89,110,22.56066895,22.56066895,25.12438011,25.12438011,0,0,0,0
1782621537,69.49359894,2069,0,214,1,-0.039064884,0,0,5,11551,0,72,0,774,772,813,812,89,89,89,89,89,89,89,89,110,22.56066895,22.56066895,25.12438011,25.12438011,0,0,0,0
1782621537,69.54231262,2070,0,216,1,-0.000350046,0,0,5,11618,0,75,0,772,770,810,810,89,89,89,89,89,89,89,89,110,22.56066895,22.56066895,25.12438011,25.12438011,0,0,0,0
1782621537,69.59358978,2072,0,217,1,0,0,0,5,11697,0,77,0,769,767,808,808,89,89,89,89,89,89,89,89,110,22.56066895,22.56066895,25.12438011,25.12438011,0,0,0,0
1782621537,69.64486694,2073,0,219,1,0,0,0,5,11774,0,81,0,766,764,805,805,89,89,89,89,89,89,89,89,110,22.56066895,22.56066895,25.12438011,25.12438011,0,0,0,0
1782621537,69.69390106,2075,0,220,1,0,0,0,5,11852,0,85,0,763,761,803,803,89,89,89,89,89,89,89,89,110,22.56066895,22.56066895,25.12438011,25.12438011,0,0,0,0
1782621537,69.75416565,2076,0,222,1,0,0,0,5,11950,0,89,0,759,757,799,799,89,89,89,89,89,89,89,89,110,22.56066895,22.56066895,25.12438011,25.12438011,0,0,0,0
1782621537,69.7911377,2078,0,223,1,0,0,0,5,12002,0,91,0,757,755,797,797,89,89,89,89,89,89,89,89,110,22.56066895,22.56066895,25.12438011,25.12438011,0,0,0,0
1782621537,69.84111786,2079,0,224,1,0,0,0,6,10995,0,50,0,754,752,795,795,89,89,89,89,89,89,89,89,110,22.56066895,22.56066895,25.12438011,25.12438011,0,0,0,0
1782621537,69.89105988,2081,0,226,1,-0.005708648,0,0,6,10546,0,34,0,751,749,792,792,89,89,89,89,89,89,89,89,110,22.56066895,22.56066895,25.12438011,25.12438011,0,0,0,0
1782621537,69.94217682,2082,0,228,1,-0.024972409,0,0,6,10601,0,36,0,748,746,790,790,89,89,89,89,89,89,89,89,110,22.56066895,22.56066895,25.12438011,25.12438011,0,0,0,0
1782621537,69.99277496,2084,0,229,1,-0.045461502,0,0,6,10657,0,38,0,745,743,787,787,89,89,89,89,89,89,89,89,110,22.56066895,22.56066895,25.12438011,25.12438011,0,0,0,0
1782621537,70.05335999,2085,0,231,1,-0.029329911,0,0,6,10733,0,41,0,741,740,784,784,89,89,89,89,89,89,89,89,110,22.56066895,22.56066895,25.12438011,25.12438011,0,0,0,0
1782621537,70.10088348,2087,0,232,1,-0.004624498,0,0,6,10770,0,42,0,739,738,782,782,89,89,89,89,89,89,89,89,110,22.56066895,22.56066895,25.12438011,25.12438011,0,0,0,0
1782621537,70.15016937,2088,0,233,1,0,0,0,6,10841,0,45,0,736,735,779,780,89,89,89,89,89,89,89,89,110,22.56066895,22.56066895,25.12438011,25.12438011,0,0,0,0
1782621537,70.19976807,2090,0,234,1,0,0,0,6,10901,0,47,0,733,732,777,777,89,89,89,89,89,89,89,89,110,22.56066895,22.56066895,25.12438011,25.12438011,0,0,0,0
1782621537,70.24980164,2091,0,236,1,0,0,0,6,10955,0,49,0,730,729,774,774,89,89,89,89,89,89,89,89,110,22.56066895,22.56066895,25.12438011,25.12438011,0,0,0,0
1782621537,70.29983521,2093,0,237,1,0,0,0,6,11017,0,51,0,727,726,771,772,89,89,89,89,89,89,89,89,110,22.56066895,22.56066895,25.12438011,25.12438011,0,0,0,0
1782621538,70.34799957,2094,0,238,1,0,0,0,6,11078,0,53,0,724,724,769,769,89,89,89,89,89,89,89,89,110,22.56066895,22.56066895,25.12438011,25.12438011,0,0,0,0
1782621538,70.39647675,2096,0,240,1,0,0,0,6,11134,0,55,0,721,721,766,767,89,89,89,89,89,89,89,89,110,22.56066895,22.56066895,25.12438011,25.12438011,0,0,0,0
1782621538,70.44589233,2097,0,241,1,0,0,0,6,11188,0,57,0,718,718,764,764,89,89,89,89,89,89,89,89,110,22.56066895,22.56066895,25.12438011,25.12438011,0,0,0,0
1782621538,70.49546814,2099,0,242,1,0,0,0,6,11243,0,59,0,716,715,761,761,89,89,89,89,89,89,89,89,110,22.56066895,22.56066895,25.12438011,25.12438011,0,0,0,0
1782621538,70.5442276,2100,0,243,1,0,0,0,6,11299,0,61,0,713,712,758,759,89,89,89,89,89,89,89,89,110,22.56066895,22.56066895,25.12438011,25.12438011,0,0,0,0
1782621538,70.59342194,2102,0,245,1,0,0,0,6,11353,0,63,0,710,709,756,756,89,89,89,89,89,89,89,89,110,22.56066895,22.56066895,25.12438011,25.12438011,0,0,0,0
1782621538,70.65377808,2103,0,246,1,0,0,0,6,11423,0,67,0,706,705,752,753,89,89,89,89,89,89,89,89,110,22.56066895,22.56066895,25.12438011,25.12438011,0,0,0,0
1782621538,70.70048523,2105,0,247,1,0,0,0,6,11460,0,68,0,704,703,751,751,89,89,89,89,89,89,89,89,110,22.56066895,22.56066895,25.12438011,25.12438011,0,0,0,0
1782621538,70.74633789,2106,0,248,1,0,0,0,6,11511,0,70,0,701,700,748,749,89,89,89,89,89,89,89,89,110,22.56066895,22.56066895,25.12438011,25.12438011,0,0,0,0
1782621538,70.79319763,2108,0,249,1,0,0,0,6,11563,0,72,0,698,697,745,746,89,89,89,89,89,89,89,89,110,22.56066895,22.56066895,25.12438011,25.12438011,0,0,0,0
1782621538,70.85379791,2109,0,251,1,0,0,0,6,11630,0,75,0,694,694,742,743,89,89,89,89,89,89,89,89,110,22.56066895,22.56066895,25.12438011,25.12438011,0,0,0,0
1782621538,70.90128326,2111,0,252,1,0,0,0,6,11661,0,77,0,692,692,740,741,89,89,89,89,89,89,89,89,110,22.56066895,22.56066895,25.12438011,25.12438011,0,0,0,0
1782621538,70.94796753,2112,0,253,1,0,0,0,6,11713,0,79,0,689,689,738,738,89,89,89,89,89,89,89,89,110,22.56066895,22.56066895,25.12438011,25.12438011,0,0,0,0
1782621538,70.99568176,2114,0,254,1,0,0,0,6,11764,0,81,0,687,686,735,736,89,89,89,89,89,89,89,89,110,22.56066895,22.56066895,25.12438011,25.12438011,0,0,0,0
1782621538,71.04502869,2115,0,254,0.270588249,0.008641322,0,0,6,11573,0,73,0,684,683,733,733,89,89,89,89,89,89,89,89,110,22.56066895,22.56066895,25.12438011,25.12438011,0,0,0,0
1782621538,71.10440063,2117,0,253,0,0.030575315,0,0,6,11471,0,69,0,680,679,729,730,89,89,89,89,89,89,89,89,110,22.56066895,22.56066895,25.12438011,25.12438011,0,0,0,0
1782621538,71.151474,2118,0,252,0,0.041304838,0,0,6,11440,0,67,0,678,677,728,728,89,89,89,89,89,89,89,89,110,22.56066895,22.56066895,25.12438011,25.12438011,0,0,0,0
1782621538,71.1993103,2120,0,251,0,0.060807325,0,0,6,11394,0,64,0,675,674,725,725,89,89,89,89,89,89,89,89,110,22.56066895,22.56066895,25.12438011,25.12438011,0,0,0,0
1782621538,71.24701691,2121,0,250,0,0.084245771,0,0,6,11346,0,63,0,672,672,722,723,89,89,89,89,89,89,89,89,110,22.56066895,22.56066895,25.12438011,25.12438011,0,0,0,0
1782621538,71.29366302,2123,0,249,0,0.086355202,0,0,6,11290,0,61,0,670,669,720,720,89,89,89,89,89,89,89,89,110,22.56066895,22.56066895,25.12438011,25.12438011,0,0,0,0
1782621539,71.35233307,2124,0,248,0,0.03134498,0,0,6,11207,0,58,0,669,665,719,717,89,89,89,89,89,89,89,89,110,22.56066895,22.56066895,25.12438011,25.12438011,0,0,0,0
1782621539,71.40022278,2126,0,247,0,0.005898468,0,0,6,11172,0,56,0,668,663,718,716,89,89,89,89,89,89,89,89,110,22.56066895,22.56066895,25.12438011,25.12438011,0,0,0,0
1782621539,71.45031738,2127,0,246,0,0,0,0,6,11131,0,55,0,665,661,715,713,89,89,89,89,89,89,89,89,110,22.56066895,22.56066895,25.12438011,25.12438011,0,0,0,0
1782621539,71.50010681,2129,0,245,0,0,0,0,6,11087,0,53,0,662,658,713,711,89,89,89,89,89,89,89,89,110,22.56066895,22.56066895,25.12438011,25.12438011,0,0,0,0
1782621539,71.54936981,2130,0,244,0,0,0,0,6,11044,0,52,0,660,655,710,708,89,89,89,89,89,89,89,89,110,22.56066895,22.56066895,25.12438011,25.12438011,0,0,0,0
1782621539,71.60025024,2132,0,243,0,0,0.014707768,0,6,10994,0,50,0,657,653,708,706,89,89,89,89,89,89,89,89,110,22.56066895,22.56066895,25.12438011,25.12438011,0,0,0,0
1782621539,71.65193939,2133,0,242,0,0,0.130696103,0,6,10901,0,47,0,657,652,707,705,89,89,89,89,89,89,89,89,110,22.56066895,22.56066895,25.12438011,25.12438011,0,0,0,0
1782621539,71.70010376,2135,0,240,0,0,0.252738565,0,6,10762,0,42,0,661,657,710,708,89,89,89,89,89,89,89,89,110,22.56066895,22.56066895,25.12438011,25.12438011,0,0,0,0
1782621539,71.74922943,2136,0,237,0,0,0.343597114,0,6,10602,0,36,0,669,665,717,714,89,89,89,89,89,89,89,89,110,22.56066895,22.56066895,25.12438011,25.12438011,0,0,0,0
1782621539,71.79907227,2138,0,234,0,0,0.336639941,0,6,10479,0,31,0,676,672,722,720,89,89,89,89,89,89,89,89,110,22.56066895,22.56066895,25.12438011,25.12438011,0,0,0,0
1782621539,71.84838104,2139,0,231,0,0,0.336639941,0,6,10352,0,25,0,684,680,728,726,89,89,89,89,89,89,89,89,110,22.56066895,22.56066895,25.12438011,25.12438011,0,0,0,0
1782621539,71.89736176,2141,0,228,0,0,0.354107738,0,6,10219,0,19,0,691,687,733,731,89,89,89,89,89,89,89,89,110,22.56066895,22.56066895,25.12438011,25.12438011,0,0,0,0
1782621539,71.94549561,2142,0,225,0,0.014196602,0.371831089,0,6,10090,0,13,0,698,694,739,737,89,89,89,89,89,89,89,89,110,22.56066895,22.56066895,25.12438011,25.12438011,0,0,0,0
1782621539,71.9937973,2144,0,222,0,0.034305289,0.411777765,0,6,9946,0,6,0,706,702,745,743,89,89,89,89,89,89,89,89,110,22.56066895,22.56066895,25.12438011,25.12438011,0,0,0,0
1782621539,72.04386139,2145,0,219,0,0.056297287,0.578330159,0,6,9747,0,0,0,715,712,753,751,89,89,89,89,89,89,89,89,110,22.56066895,22.56066895,25.12438011,25.12438011,0,0,0,0
1782621539,72.10214996,2147,0,213,0,0.085075282,0.599844396,0,6,9454,0,0,0,731,727,766,764,89,89,89,89,89,89,89,89,110,22.56066895,22.56066895,25.12438011,25.12438011,0,0,0,0
1782621539,72.14945984,2148,0,210,0,0.099792533,1,0,6,9136,0,0,0,741,737,775,773,89,89,89,89,89,89,89,89,110,22.56066895,22.56066895,25.12438011,25.12438011,0,0,0,0
1782621539,72.19711304,2150,0,206,0,0.129758775,1,0,5,10421,0,28,0,759,756,792,790,89,89,89,89,89,89,89,89,110,22.56066895,22.56066895,25.12438011,25.12438011,0,0,0,0
1782621539,72.2469101,2151,0,203,0,0.162562862,1,0,5,10446,0,29,0,776,773,808,805,89,89,89,89,89,89,89,89,110,22.56066895,22.56066895,25.12438011,25.12438011,0,0,0,0
1782621539,72.2988739,2153,0,200,0,0.194207087,1,0,5,10204,0,18,0,792,789,823,820,89,89,89,89,89,89,89,89,110,22.56066895,22.56066895,25.12438011,25.12438011,0,0,0,0
1782621540,72.34780884,2154,0,195,0,0.224863872,1,0,5,9914,0,5,0,807,803,837,833,89,89,89,89,89,89,89,89,110,22.56066895,22.56066895,25.12438011,25.12438011,0,0,0,0
1782621540,72.39549255,2156,0,190,0,0.25518924,1,0,5,9641,0,0,0,820,816,849,845,89,89,89,89,89,89,89,89,110,22.56066895,22.56066895,25.12438011,25.12438011,0,0,0,0
1782621540,72.4440918,2157,0,186,0,0.28592357,1,0,5,9477,0,0,0,833,829,861,856,89,89,89,89,89,89,89,89,110,22.56066895,22.56066895,25.12438011,25.12438011,0,0,0,0
1782621540,72.49391174,2159,0,182,0,0.316857755,1,0,5,9204,0,0,0,845,840,872,866,89,89,89,89,89,89,89,89,110,22.56066895,22.56066895,25.12438011,25.12438011,0,0,0,0
1782621540,72.54473877,2160,0,177,0,0.347392201,1,0,5,8975,0,0,0,855,851,882,876,89,89,89,89,89,89,89,89,110,22.56066895,22.56066895,25.12438011,25.12438011,0,0,0,0
1782621540,72.59579468,2162,0,173,0,0.377447873,1,0,4,10497,0,31,0,866,861,891,885,89,89,89,89,89,89,89,89,110,22.56066895,22.56066895,25.12438011,25.12438011,0,0,0,0
1782621540,72.64653015,2163,0,171,0,0.406861931,1,0,4,10110,0,14,0,875,870,900,893,89,89,89,89,89,89,89,89,110,22.56066895,22.56066895,25.12438011,25.12438011,0,0,0,0
1782621540,72.6965332,2165,0,167,0,0.435587168,1,0,4,9707,0,0,0,884,879,907,900,89,89,89,89,89,89,89,89,110,22.56066895,22.56066895,25.12438011,25.12438011,0,0,0,0
1782621540,72.74824524,2166,0,162,0,0.463886768,1,0,4,9508,0,0,0,892,887,915,907,89,89,89,89,89,89,89,89,110,22.56066895,22.56066895,25.12438011,25.12438011,0,0,0,0
1782621540,72.80099487,2168,0,159,0,0.491724283,1,0,4,9250,0,0,0,899,894,922,914,89,89,89,89,89,89,89,89,110,22.56066895,22.56066895,25.12438011,25.12438011,0,0,0,0
1782621540,72.84266663,2169,0,155,0,0.519031584,1,0,4,9003,0,0,0,906,901,928,920,89,89,89,89,89,89,89,89,110,22.56066895,22.56066895,25.12438011,25.12438011,0,0,0,0
1782621540,72.88677216,2171,0,151,0,0.545817375,1,0,4,8795,0,0,0,913,908,934,926,89,89,89,89,89,89,89,89,110,22.56066895,22.56066895,25.12438011,25.12438011,0,0,0,0
1782621540,72.94216156,2172,0,147,0,0.566685975,1,0,4,8554,0,0,0,919,914,939,931,89,89,89,89,89,89,89,89,110,22.56066895,22.56066895,25.12438011,25.12438011,0,0,0,0
1782621540,72.99337769,2174,0,143,0,0.572501898,1,0,4,8324,0,0,0,925,919,944,936,89,89,89,89,89,89,89,89,110,22.56066895,22.56066895,25.12438011,25.12438011,0,0,0,0
1782621540,73.04764557,2175,0,140,0,0.578485787,1,0,4,8122,0,0,0,930,924,948,941,89,89,89,89,89,89,89,89,110,22.56066895,22.56066895,25.12438011,25.12438011,0,0,0,0
1782621540,73.08992004,2177,0,136,0,0.584111452,0.708852589,0,3,9870,0,3,0,934,928,952,944,89,89,89,89,89,89,89,89,110,22.56066895,22.56066895,25.12438011,25.12438011,0,0,0,0
1782621540,73.14514923,2178,0,134,0,0.587030232,0.476333946,0,3,9584,0,0,0,936,930,953,945,89,89,89,89,89,89,89,89,110,22.56066895,22.56066895,25.12438011,25.12438011,0,0,0,0
1782621540,73.1870575,2180,0,132,0,0.587097108,0.076735586,0,3,9397,0,0,0,935,930,953,944,89,89,89,89,89,89,89,89,110,22.56066895,22.56066895,25.12438011,25.12438011,0,0,0,0
1782621540,73.24430084,2181,0,130,0,0.591140449,0,0,3,9335,0,0,0,932,927,950,942,89,89,89,89,89,89,89,89,110,22.56066895,22.56066895,25.12438011,25.12438011,0,0,0,0
1782621540,73.28664398,2183,0,129,0,0.590537846,0,0,3,9230,0,0,0,930,925,948,940,89,89,89,89,89,89,89,89,110,22.56066895,22.56066895,25.12438011,25.12438011,0,0,0,0
1782621541,73.34369659,2184,0,127,0,0.588545978,0,0,3,9128,0,0,0,927,922,946,938,89,89,89,89,89,89,89,89,110,22.56066895,22.56066895,25.12438011,25.12438011,0,0,0,0
1782621541,73.39621735,2186,0,126,0,0.590110362,0,0,3,9027,0,0,0,925,920,944,936,89,89,89,89,89,89,89,89,110,22.56066895,22.56066895,25.12438011,25.12438011,0,0,0,0
1782621541,73.44415283,2187,0,124,0,0.590140224,0,0,3,8921,0,0,0,923,917,942,934,89,89,89,89,89,89,89,89,110,22.56066895,22.56066895,25.12438011,25.12438011,0,0,0,0
1782621541,73.50326538,2189,0,122,0,0.591986716,0,0,3,8782,0,0,0,919,914,939,931,89,89,89,89,89,89,89,89,110,22.56066895,22.56066895,25.12438011,25.12438011,0,0,0,0
1782621541,73.55021667,2190,0,121,0,0.593434274,0,0,3,8709,0,0,0,918,913,938,930,89,89,89,89,89,89,89,89,110,22.56066895,22.56066895,25.12438011,25.12438011,0,0,0,0
1782621541,73.59694672,2192,0,120,0,0.594184279,0,0,3,8599,0,0,0,916,910,936,928,89,89,89,89,89,89,89,89,110,22.56066895,22.56066895,25.12438011,25.12438011,0,0,0,0
1782621541,73.64602661,2193,0,118,0,0.59694016,0,0,3,8493,0,0,0,913,908,934,926,89,89,89,89,89,89,89,89,110,22.56066895,22.56066895,25.12438011,25.12438011,0,0,0,0
1782621541,73.69435883,2195,0,117,0,0.60039109,0,0,3,8383,0,0,0,911,906,932,924,89,89,89,89,89,89,89,89,110,22.56066895,22.56066895,25.12438011,25.12438011,0,0,0,0
1782621541,73.75320435,2196,0,115,0,0.553692937,0,0,3,8240,0,0,0,908,903,930,922,89,89,89,89,89,89,89,89,110,22.56066895,22.56066895,25.12438011,25.12438011,0,0,0,0
1782621541,73.80185699,2198,0,114,0,0.514349341,0,0,3,8173,0,0,0,907,901,928,921,89,89,89,89,89,89,89,89,110,22.56066895,22.56066895,25.12438011,25.12438011,0,0,0,0
1782621541,73.85118866,2199,0,113,0.113725491,0.399213552,0,0,3,8145,0,0,0,904,899,927,919,89,89,89,89,89,89,89,89,110,22.56066895,22.56066895,25.12438011,25.12438011,0,0,0,0
1782621541,73.89849091,2201,0,112,0.254901975,0.295810461,0,0,3,8174,0,0,0,902,897,925,917,89,89,89,89,89,89,89,89,110,22.56066895,22.56066895,25.12438011,25.12438011,0,0,0,0
1782621541,73.94654083,2202,0,113,0.886274517,0.203488529,0,0,3,8651,0,0,0,900,895,923,915,89,89,89,89,89,89,89,89,110,22.56066895,22.56066895,25.12438011,25.12438011,0,0,0,0
1782621541,73.99449158,2204,0,114,0.913725495,0.121767893,0,0,3,8872,0,0,0,898,893,921,913,89,89,89,89,89,89,89,89,110,22.56066895,22.56066895,25.12438011,25.12438011,0,0,0,0
1782621541,74.04261017,2205,0,116,0.917647064,0.049829558,0,0,3,8967,0,0,0,896,891,919,911,89,89,89,89,89,89,89,89,110,22.56066895,22.56066895,25.12438011,25.12438011,0,0,0,0
1782621541,74.09224701,2207,0,118,0.925490201,0,0,0,3,9022,0,0,0,894,888,918,910,89,89,89,89,89,89,89,89,110,22.56066895,22.56066895,25.12438011,25.12438011,0,0,0,0
1782621541,74.1516571,2208,0,120,0.933333337,0,0,0,3,9082,0,0,0,892,886,916,908,89,89,89,89,89,89,89,89,110,22.56066895,22.56066895,25.12438011,25.12438011,0,0,0,0
1782621541,74.19687653,2210,0,122,0.941176474,0,0,0,3,9216,0,0,0,890,884,914,906,89,89,89,89,89,89,89,89,110,22.56066895,22.56066895,25.12438011,25.12438011,0,0,0,0
1782621541,74.24414825,2211,0,125,0.937254906,0,0,0,3,9360,0,0,0,888,882,912,904,89,89,89,89,89,89,89,89,110,22.56066895,22.56066895,25.12438011,25.12438011,0,0,0,0
1782621541,74.29290009,2213,0,127,0.937254906,0,0,0,3,9506,0,0,0,885,879,910,902,89,89,89,89,89,89,89,89,110,22.56066895,22.56066895,25.12438011,25.12438011,0,0,0,0
1782621542,74.3515625,2214,0,129,0.937254906,0,0,0,3,9676,0,0,0,883,877,908,900,89,89,89,89,89,89,89,89,110,22.56066895,22.56066895,25.12438011,25.12438011,0,0,0,0
1782621542,74.39871979,2216,0,131,1,0,0,0,3,9869,0,3,0,880,875,906,898,89,89,89,89,89,89,89,89,110,22.56066895,22.56066895,25.12438011,25.12438011,0,0,0,0
1782621542,74.4462204,2217,0,133,1,0,0,0,3,10056,0,11,0,878,872,904,896,89,89,89,89,89,89,89,89,110,22.56066895,22.56066895,25.12438011,25.12438011,0,0,0,0
1782621542,74.49394989,2219,0,136,1,0,0,0,3,10259,0,21,0,876,870,902,894,89,89,89,89,89,89,89,89,110,22.56066895,22.56066895,25.12438011,25.12438011,0,0,0,0
1782621542,74.54251862,2220,0,138,1,0,0,0,3,10454,0,29,0,873,867,900,892,89,89,89,89,89,89,89,89,110,22.56066895,22.56066895,25.12438011,25.12438011,0,0,0,0
1782621542,74.59111786,2222,0,141,1,0,0,0,3,10618,0,37,0,871,865,898,889,89,89,89,89,89,89,89,89,110,22.56066895,22.56066895,25.12438011,25.12438011,0,0,0,0
1782621542,74.64255524,2223,0,143,1,0.00038081,0,0,3,10763,0,42,0,868,863,895,887,89,89,89,89,89,89,89,89,110,22.56066895,22.56066895,25.12438011,25.12438011,0,0,0,0
1782621542,74.69329834,2225,0,145,1,0.033002585,0,0,3,10939,0,48,0,866,860,893,885,89,89,89,89,89,89,89,89,110,22.56066895,22.56066895,25.12438011,25.12438011,0,0,0,0
1782621542,74.74182129,2226,0,148,1,0.058214664,0,0,3,11081,0,53,0,863,858,891,883,89,89,89,89,89,89,89,89,110,22.56066895,22.56066895,25.12438011,25.12438011,0,0,0,0
1782621542,74.79195404,2228,0,150,1,0.083081827,0,0,3,11244,0,59,0,861,855,889,881,89,89,89,89,89,89,89,89,110,22.56066895,22.56066895,25.12438011,25.12438011,0,0,0,0
1782621542,74.84205627,2229,0,152,1,0.106770374,0,0,3,11406,0,66,0,858,852,887,879,89,89,89,89,89,89,89,89,110,22.56066895,22.56066895,25.12438011,25.12438011,0,0,0,0
1782621542,74.891922,2231,0,154,1,0.078301072,0,0,3,11572,0,73,0,855,850,884,876,89,89,89,89,89,89,89,89,110,22.56066895,22.56066895,25.12438011,25.12438011,0,0,0,0
1782621542,74.95246887,2232,0,157,1,0.013980427,0,0,4,10914,0,47,0,852,846,882,873,89,89,89,89,89,89,89,89,110,22.56066895,22.56066895,25.12438011,25.12438011,0,0,0,0
1782621542,75.00149536,2234,0,158,1,0.000765948,0,0,4,10353,0,25,0,851,845,880,872,89,89,89,89,89,89,89,89,110,22.56066895,22.56066895,25.12438011,25.12438011,0,0,0,0
1782621542,75.04021454,2235,0,161,1,0.025135238,0,0,4,10163,0,16,0,848,842,878,870,89,89,89,89,89,89,89,89,110,22.56066895,22.56066895,25.12438011,25.12438011,0,0,0,0
1782621542,75.10266876,2237,0,164,1,0.069709912,0,0,4,10319,0,23,0,844,838,875,867,89,89,89,89,89,89,89,89,110,22.56066895,22.56066895,25.12438011,25.12438011,0,0,0,0
1782621542,75.15216064,2238,0,166,1,0.102596886,0,0,4,10476,0,30,0,842,836,873,864,89,89,89,89,89,89,89,89,110,22.56066895,22.56066895,25.12438011,25.12438011,0,0,0,0
1782621542,75.2024231,2240,0,168,1,0.133121043,0,0,4,10606,0,36,0,839,833,870,862,89,89,89,89,89,89,89,89,110,22.56066895,22.56066895,25.12438011,25.12438011,0,0,0,0
1782621542,75.24098206,2241,0,169,1,0.15215309,0,0,4,10719,0,40,0,837,831,869,860,89,89,89,89,89,89,89,89,110,22.56066895,22.56066895,25.12438011,25.12438011,0,0,0,0
1782621542,75.29264069,2243,0,171,1,0.179035306,0,0,4,10855,0,45,0,835,829,866,858,89,89,89,89,89,89,89,89,110,22.56066895,22.56066895,25.12438011,25.12438011,0,0,0,0
1782621543,75.35338593,2244,0,173,1,0.213838041,0,0,4,11062,0,52,0,831,825,863,855,89,89,89,89,89,89,89,89,110,22.56066895,22.56066895,25.12438011,25.12438011,0,0,0,0
1782621543,75.40144348,2246,0,174,1,0.231071755,0,0,4,11153,0,56,0,830,823,862,853,89,89,89,89,89,89,89,89,110,22.56066895,22.56066895,25.12438011,25.12438011,0,0,0,0
1782621543,75.45082092,2247,0,175,1,0.256761849,0,0,4,11295,0,61,0,828,820,860,851,89,89,89,89,89,89,89,89,110,22.56066895,22.56066895,25.12438011,25.12438011,0,0,0,0
1782621543,75.50093842,2249,0,176,1,0.28167212,0,0,4,11351,0,63,0,826,818,859,849,89,89,89,89,89,89,89,89,110,22.56066895,22.56066895,25.12438011,25.12438011,0,0,0,0
1782621543,75.541008,2250,0,176,1,0.305663019,0,0,4,11046,0,52,0,825,815,857,846,89,89,89,89,89,89,89,89,110,22.56066895,22.56066895,25.12438011,25.12438011,0,0,1,0
1782621543,75.59831238,2252,0,176,1,0.328866065,0,0,4,11306,0,61,0,822,812,855,844,89,89,89,89,89,89,89,89,110,22.56066895,22.56066895,25.12438011,25.12438011,0,0,1,0
1782621543,75.6411972,2253,0,176,1,0.260888517,0,0,4,11158,0,56,0,820,809,853,842,89,89,89,89,89,89,89,89,110,22.56066895,22.56066895,25.12438011,25.12438011,1,0,1,0
1782621543,75.6987381,2255,0,176,1,0.195703924,0,0,4,11448,0,68,0,819,807,852,839,89,89,89,89,89,89,89,89,110,22.56066895,22.56066895,25.12438011,25.12438011,1,0,1,0
1782621543,75.73921204,2256,0,177,1,0.136623979,0,0,4,11441,0,67,0,817,804,850,837,89,89,89,89,89,89,89,89,110,22.56066895,22.56066895,25.12438011,25.12438011,1,0,1,0
1782621543,75.79094696,2258,0,179,1,0.083498545,0,0,4,11547,0,72,0,815,801,848,835,89,89,89,89,89,89,89,89,110,22.56066895,22.56066895,25.12438011,25.12438011,1,0,1,0
1782621543,75.84242249,2259,0,180,1,0.035487279,0,0,4,11458,0,68,0,814,799,847,832,89,89,89,89,89,89,89,89,110,22.56066895,22.56066895,25.12438011,25.12438011,1,0,1,0
1782621543,75.89372253,2261,0,180,1,0,0,0,4,11249,0,59,0,813,796,846,830,89,89,89,89,89,89,89,89,110,22.56066895,22.56066895,25.12438011,25.12438011,1,0,1,0
1782621543,75.9460907,2262,0,181,1,0,0,0,4,11529,0,71,0,811,793,844,827,89,89,89,89,89,89,89,89,110,22.56066895,22.56066895,25.12438011,25.12438011,1,0,1,0
1782621543,75.99834442,2264,0,183,1,0,0,0,4,11573,0,73,0,808,791,841,825,89,89,89,89,89,89,89,89,110,22.56066895,22.56066895,25.12438011,25.12438011,1,0,1,0
1782621543,76.0484314,2265,0,185,1,0,0,0,4,11601,0,74,0,805,788,839,823,89,89,89,89,89,89,89,89,110,22.56066895,22.56066895,25.12438011,25.12438011,1,0,1,0
1782621543,76.09620667,2267,0,187,1,0,0,0,4,11678,0,77,0,802,785,837,820,89,89,89,89,89,89,89,89,110,22.56066895,22.56066895,25.12438011,25.12438011,1,0,1,0
1782621543,76.15428925,2268,0,189,1,0,0,0,4,11863,0,85,0,798,781,833,817,89,89,89,89,89,89,89,89,110,22.56066895,22.56066895,25.12438011,25.12438011,1,0,1,0
1782621543,76.20199585,2270,0,191,1,-0.020336859,0,0,4,11918,0,88,0,797,780,832,816,89,89,89,89,89,89,89,89,110,22.56066895,22.56066895,25.12438011,25.12438011,1,0,1,0
1782621543,76.25100708,2271,0,192,1,-0.038826846,0,0,4,12035,0,93,0,794,777,829,813,89,89,89,89,89,89,89,89,110,22.56066895,22.56066895,25.12438011,25.12438011,1,0,0,0
1782621543,76.29855347,2273,0,194,1,0,0,0,5,10997,0,50,0,791,774,827,811,89,89,89,89,89,89,89,89,110,22.56066895,22.56066895,25.12438011,25.12438011,0,0,0,0
1782621544,76.34671021,2274,0,196,1,0,0,0,5,10624,0,37,0,788,771,824,808,89,89,89,89,89,89,89,89,110,22.56066895,22.56066895,25.12438011,25.12438011,0,0,0,0
1782621544,76.39652252,2276,0,198,1,0,0,0,5,10700,0,40,0,785,769,822,806,89,89,89,89,89,89,89,89,110,22.56066895,22.56066895,25.12438011,25.12438011,0,0,0,0
1782621544,76.44512939,2277,0,200,1,0,0,0,5,10797,0,43,0,782,766,819,803,89,89,89,89,89,89,89,89,110,22.56066895,22.56066895,25.12438011,25.12438011,0,0,0,0
1782621544,76.49341583,2279,0,201,1,0,0,0,5,10888,0,46,0,780,763,817,801,89,89,89,89,89,89,89,89,110,22.56066895,22.56066895,25.12438011,25.12438011,0,0,0,0
1782621544,76.55335236,2280,0,204,1,0,0,0,5,11006,0,51,0,776,759,813,798,89,89,89,89,89,89,89,89,110,22.56066895,22.56066895,25.12438011,25.12438011,0,0,0,0
1782621544,76.59996033,2282,0,205,1,0,0,0,5,11066,0,53,0,774,757,812,796,89,89,89,89,89,89,89,89,110,22.56066895,22.56066895,25.12438011,25.12438011,0,0,0,0
1782621544,76.64668274,2283,0,207,1,0,0,0,5,11146,0,55,0,771,755,809,794,89,89,89,89,89,89,89,89,110,22.56066895,22.56066895,25.12438011,25.12438011,0,0,0,0
1782621544,76.7039032,2285,0,209,1,0,0,0,5,11253,0,59,0,767,751,806,790,89,89,89,89,89,89,89,89,110,22.56066895,22.56066895,25.12438011,25.12438011,0,0,0,0
1782621544,76.7501297,2286,0,210,1,-0.006055713,0,0,5,11313,0,61,0,765,749,804,789,89,89,89,89,89,89,89,89,110,22.56066895,22.56066895,25.12438011,25.12438011,0,0,0,0
1782621544,76.79664612,2288,0,211,1,-0.025881281,0,0,5,11394,0,64,0,762,746,802,786,89,89,89,89,89,89,89,89,110,22.56066895,22.56066895,25.12438011,25.12438011,0,0,0,0
1782621544,76.84561157,2289,0,213,1,-0.026057934,0,0,5,11479,0,69,0,759,743,799,784,89,89,89,89,89,89,89,89,110,22.56066895,22.56066895,25.12438011,25.12438011,0,0,0,0
1782621544,76.89671326,2291,0,215,1,0,0,0,5,11562,0,72,0,757,741,797,781,89,89,89,89,89,89,89,89,110,22.56066895,22.56066895,25.12438011,25.12438011,0,0,0,0
1782621544,76.94690704,2292,0,216,1,0,0,0,5,11640,0,76,0,754,738,794,779,89,89,89,89,89,89,89,89,110,22.56066895,22.56066895,25.12438011,25.12438011,0,0,0,0
1782621544,76.99533844,2294,0,218,1,0,0,0,5,11716,0,79,0,751,735,792,776,89,89,89,89,89,89,89,89,110,22.56066895,22.56066895,25.12438011,25.12438011,0,0,0,0
1782621544,77.04394531,2295,0,219,1,0,0,0,5,11792,0,82,0,748,732,789,774,89,89,89,89,89,89,89,89,110,22.56066895,22.56066895,25.12438011,25.12438011,0,0,0,0
1782621544,77.10412598,2297,0,221,1,-0.024954841,0,0,5,11894,0,87,0,744,728,786,771,89,89,89,89,89,89,89,89,110,22.56066895,22.56066895,25.12438011,25.12438011,0,0,0,0
1782621544,77.15076447,2298,0,222,1,-0.038800813,0,0,5,11943,0,89,0,742,726,784,769,89,89,89,89,89,89,89,89,110,22.56066895,22.56066895,25.12438011,25.12438011,0,0,0,0
1782621544,77.19830322,2300,0,223,1,-0.059845418,0,0,5,12017,0,92,0,739,724,781,766,89,89,89,89,89,89,89,89,110,22.56066895,22.56066895,25.12438011,25.12438011,0,0,0,0
1782621544,77.24765015,2301,0,225,1,-0.079979412,0,0,6,11007,0,51,0,736,721,779,764,89,89,89,89,89,89,89,89,110,22.56066895,22.56066895,25.12438011,25.12438011,0,0,0,0
1782621544,77.29728699,2303,0,226,1,-0.037074216,0,0,6,10543,0,35,0,734,719,776,762,89,89,89,89,89,89,89,89,110,22.56066895,22.56066895,25.12438011,25.12438011,0,0,0,0
1782621545,77.34436035,2304,0,228,1,-6.84E-10,0,0,6,10591,0,36,0,731,717,774,760,89,89,89,89,89,89,89,89,110,22.56066895,22.56066895,25.12438011,25.12438011,0,0,0,0
1782621545,77.39241028,2306,0,229,1,0,0,0,6,10653,0,38,0,728,715,771,758,89,89,89,89,89,89,89,89,110,22.56066895,22.56066895,25.12438011,25.12438011,0,0,0,0
1782621545,77.45256805,2307,0,231,1,0,0,0,6,10735,0,41,0,724,711,768,755,89,89,89,89,89,89,89,89,110,22.56066895,22.56066895,25.12438011,25.12438011,0,0,0,0
1782621545,77.49996948,2309,0,232,1,0,0,0,6,10776,0,42,0,722,709,766,753,89,89,89,89,89,89,89,89,110,22.56066895,22.56066895,25.12438011,25.12438011,0,0,0,0
1782621545,77.54814148,2310,0,233,1,0,0,0,6,10836,0,44,0,719,706,764,750,89,89,89,89,89,89,89,89,110,22.56066895,22.56066895,25.12438011,25.12438011,0,0,0,0
1782621545,77.59726715,2312,0,234,1,0,0,0,6,10897,0,47,0,716,703,761,748,89,89,89,89,89,89,89,89,110,22.56066895,22.56066895,25.12438011,25.12438011,0,0,0,0
1782621545,77.64930725,2313,0,236,1,0,0,0,6,10957,0,49,0,713,700,758,745,89,89,89,89,89,89,89,89,110,22.56066895,22.56066895,25.12438011,25.12438011,0,0,0,0
1782621545,77.70133972,2315,0,237,1,0,0,0,6,11017,0,51,0,711,698,756,743,89,89,89,89,89,89,89,89,110,22.56066895,22.56066895,25.12438011,25.12438011,0,0,0,0
1782621545,77.75162506,2316,0,238,1,0,0,0,6,11073,0,53,0,708,695,753,740,89,89,89,89,89,89,89,89,110,22.56066895,22.56066895,25.12438011,25.12438011,0,0,0,0
1782621545,77.79043579,2318,0,240,1,0,0,0,6,11128,0,55,0,705,692,751,738,89,89,89,89,89,89,89,89,110,22.56066895,22.56066895,25.12438011,25.12438011,0,0,0,0
1782621545,77.84161377,2319,0,241,1,0,0,0,6,11183,0,57,0,702,689,748,735,89,89,89,89,89,89,89,89,110,22.56066895,22.56066895,25.12438011,25.12438011,0,0,0,0
1782621545,77.89152527,2321,0,242,1,0,0,0,6,11241,0,59,0,699,686,746,733,89,89,89,89,89,89,89,89,110,22.56066895,22.56066895,25.12438011,25.12438011,0,0,0,0
1782621545,77.94171143,2322,0,243,0,0,0,0,6,10991,0,50,0,696,684,743,730,89,89,89,89,89,89,89,89,110,22.56066895,22.56066895,25.12438011,25.12438011,0,0,0,0
1782621545,77.99398804,2324,0,242,0,0,0,0,6,10945,0,48,0,693,681,741,728,89,89,89,89,89,89,89,89,110,22.56066895,22.56066895,25.12438011,25.12438011,0,0,0,0
1782621545,78.04782104,2325,0,241,0,0,0,0,6,10902,0,47,0,691,678,738,726,89,89,89,89,89,89,89,89,110,22.56066895,22.56066895,25.12438011,25.12438011,0,0,0,0
1782621545,78.08827972,2327,0,240,0,0,0,0,6,10859,0,45,0,688,675,736,723,89,89,89,89,89,89,89,89,110,22.56066895,22.56066895,25.12438011,25.12438011,0,0,0,0
1782621545,78.14241028,2328,0,239,0,0,0,0,6,10817,0,44,0,685,673,733,721,89,89,89,89,89,89,89,89,110,22.56066895,22.56066895,25.12438011,25.12438011,0,0,0,0
1782621545,78.19611359,2330,0,238,0,0,0.008823937,0,6,10771,0,42,0,682,670,731,718,89,89,89,89,89,89,89,89,110,22.56066895,22.56066895,25.12438011,25.12438011,0,0,0,0
1782621545,78.2488327,2331,0,237,0,0,0.014707768,0,6,10724,0,40,0,680,668,729,716,89,89,89,89,89,89,89,89,110,22.56066895,22.56066895,25.12438011,25.12438011,0,0,0,0
1782621545,78.29875946,2333,0,236,0,0,0.020593407,0,6,10675,0,39,0,678,666,727,714,89,89,89,89,89,89,89,89,110,22.56066895,22.56066895,25.12438011,25.12438011,0,0,0,0
1782621546,78.34909058,2334,0,235,0,0,0.020593407,0,6,10628,0,37,0,676,664,725,712,89,89,89,89,89,89,89,89,110,22.56066895,22.56066895,25.12438011,25.12438011,0,0,0,0
1782621546,78.38806152,2336,0,234,0,0,0.020593407,0,6,10582,0,35,0,674,662,723,711,89,89,89,89,89,89,89,89,110,22.56066895,22.56066895,25.12438011,25.12438011,0,0,0,0
1782621546,78.44190216,2337,0,233,0,0,0.047120586,0,6,10522,0,33,0,672,660,721,709,89,89,89,89,89,89,89,89,110,22.56066895,22.56066895,25.12438011,25.12438011,0,0,0,0
1782621546,78.49168396,2339,0,231,0,0,0.158126995,0,6,10418,0,28,0,673,661,722,710,89,89,89,89,89,89,89,89,110,22.56066895,22.56066895,25.12438011,25.12438011,0,0,0,0
1782621546,78.55114746,2340,0,229,0,0,0.204740763,0,6,10312,0,23,0,677,665,724,712,89,89,89,89,89,89,89,89,110,22.56066895,22.56066895,25.12438011,25.12438011,0,0,0,0
1782621546,78.599823,2342,0,226,0,0,0.36826542,0,6,10131,0,15,0,684,673,730,718,89,89,89,89,89,89,89,89,110,22.56066895,22.56066895,25.12438011,25.12438011,0,0,0,0
1782621546,78.64931488,2343,0,223,0,0,0.389821291,0,6,9982,0,8,0,692,681,736,725,89,89,89,89,89,89,89,89,110,22.56066895,22.56066895,25.12438011,25.12438011,0,0,0,0
1782621546,78.69622803,2345,0,220,0,0,0.441709906,0,6,9815,0,0,0,701,690,743,732,89,89,89,89,89,89,89,89,110,22.56066895,22.56066895,25.12438011,25.12438011,0,0,0,0
1782621546,78.74298859,2346,0,215,0,0.003986675,0.881417453,0,6,9421,0,0,0,717,707,757,747,89,89,89,89,89,89,89,89,110,22.56066895,22.56066895,25.12438011,25.12438011,0,0,0,0
1782621546,78.80149841,2348,0,209,0,0.017951027,0.914309025,0,6,9084,0,0,0,735,725,773,763,89,89,89,89,89,89,89,89,110,22.56066895,22.56066895,25.12438011,25.12438011,0,0,0,0
1782621546,78.84922791,2349,0,203,0,0.040111627,0.942314744,0,5,10124,0,14,0,751,742,788,778,89,89,89,89,89,89,89,89,110,22.56066895,22.56066895,25.12438011,25.12438011,0,0,0,0
1782621546,78.8973465,2351,0,198,0,0.063552029,1,0,5,10119,0,14,0,768,759,803,793,89,89,89,89,89,89,89,89,110,22.56066895,22.56066895,25.12438011,25.12438011,0,0,0,0
1782621546,78.94548798,2352,0,193,0,0.093179382,1,0,5,9734,0,0,0,783,775,817,807,89,89,89,89,89,89,89,89,110,22.56066895,22.56066895,25.12438011,25.12438011,0,0,0,0
1782621546,78.99445343,2354,0,188,0,0.125277847,0.947982073,0,5,9406,0,0,0,797,789,830,820,89,89,89,89,89,89,89,89,110,22.56066895,22.56066895,25.12438011,25.12438011,0,0,0,0
1782621546,79.04493713,2355,0,183,0,0.157114506,0.671420336,0,5,9247,0,0,0,808,800,840,830,89,89,89,89,89,89,89,89,110,22.56066895,22.56066895,25.12438011,25.12438011,0,0,0,0
1782621546,79.09329224,2357,0,179,0,0.188908607,0.28565684,0,5,9228,0,0,0,813,804,844,833,89,89,89,89,89,89,89,89,110,22.56066895,22.56066895,25.12438011,25.12438011,0,0,0,0
1782621546,79.14164734,2358,0,176,0,0.220346108,0.265810698,0,4,10484,0,31,0,814,806,845,835,89,89,89,89,89,89,89,89,110,22.56066895,22.56066895,25.12438011,25.12438011,0,0,0,0
1782621546,79.20317078,2360,0,174,0,0.262016505,0.299054623,0,4,10440,0,29,0,817,809,847,836,89,89,89,89,89,89,89,89,110,22.56066895,22.56066895,25.12438011,25.12438011,0,0,0,0
1782621546,79.25157928,2361,0,172,0,0.282740533,0.302425802,0,4,10289,0,22,0,818,810,848,837,89,89,89,89,89,89,89,89,110,22.56066895,22.56066895,25.12438011,25.12438011,0,0,0,0
1782621546,79.29875946,2363,0,170,0,0.313375115,0,0,4,10313,0,23,0,817,809,847,836,89,89,89,89,89,89,89,89,110,22.56066895,22.56066895,25.12438011,25.12438011,0,0,0,0
1782621547,79.34542847,2364,0,169,0,0.343141109,0,0,4,10229,0,19,0,814,806,844,833,89,89,89,89,89,89,89,89,110,22.56066895,22.56066895,25.12438011,25.12438011,0,0,0,0
1782621547,79.39412689,2366,0,168,0,0.371744215,0,0,4,10142,0,15,0,811,804,842,831,89,89,89,89,89,89,89,89,110,22.56066895,22.56066895,25.12438011,25.12438011,0,0,0,0
1782621547,79.44264984,2367,0,166,0,0.399347663,0,0,4,10049,0,11,0,809,801,840,829,89,89,89,89,89,89,89,89,110,22.56066895,22.56066895,25.12438011,25.12438011,0,0,0,0
1782621547,79.50188446,2369,0,164,0,0.426026195,0,0,4,9954,0,7,0,806,798,838,827,89,89,89,89,89,89,89,89,110,22.56066895,22.56066895,25.12438011,25.12438011,0,0,0,0
1782621547,79.54845428,2370,0,163,0.196078435,0.451922506,0,0,4,9944,0,6,0,804,796,835,825,89,89,89,89,89,89,89,89,110,22.56066895,22.56066895,25.12438011,25.12438011,0,0,0,0
1782621547,79.59577179,2372,0,162,0.913725495,0.477106541,0,0,4,10219,0,19,0,801,793,833,822,89,89,89,89,89,89,89,89,110,22.56066895,22.56066895,25.12438011,25.12438011,0,0,0,0
1782621547,79.64657593,2373,0,162,1,0.501503408,0,0,4,10550,0,34,0,799,791,831,820,89,89,89,89,89,89,89,89,110,22.56066895,22.56066895,25.12438011,25.12438011,0,0,0,0
1782621547,79.69625092,2375,0,162,1,0.51083678,0,0,4,10123,0,14,0,796,788,829,818,89,89,89,89,89,89,89,89,110,22.56066895,22.56066895,25.12438011,25.12438011,0,0,0,0
1782621547,79.74514008,2376,0,162,1,0.512485921,0,0,4,10409,0,27,0,794,786,827,816,89,89,89,89,89,89,89,89,110,22.56066895,22.56066895,25.12438011,25.12438011,0,0,0,0
1782621547,79.79482269,2378,0,163,1,0.510729373,0,0,4,10176,0,17,0,791,783,824,814,89,89,89,89,89,89,89,89,110,22.56066895,22.56066895,25.12438011,25.12438011,0,0,0,0
1782621547,79.84509277,2379,0,162,1,0.510541558,0,0,4,10384,0,26,0,789,781,822,812,89,89,89,89,89,89,89,89,110,22.56066895,22.56066895,25.12438011,25.12438011,0,0,0,0
1782621547,79.89439392,2381,0,162,1,0.511510372,0,0,4,10153,0,16,0,786,778,820,809,89,89,89,89,89,89,89,89,110,22.56066895,22.56066895,25.12438011,25.12438011,0,0,0,0
1782621547,79.9535141,2382,0,162,1,0.513803065,0,0,4,10441,0,29,0,783,775,817,807,89,89,89,89,89,89,89,89,110,22.56066895,22.56066895,25.12438011,25.12438011,0,0,0,0
1782621547,80.00170135,2384,0,163,1,0.514048457,0,0,4,10565,0,35,0,781,774,816,805,89,89,89,89,89,89,89,89,110,22.56066895,22.56066895,25.12438011,25.12438011,0,0,0,0
1782621547,80.039505,2385,0,163,1,0.439719915,0,0,4,10153,0,16,0,779,771,814,803,89,89,89,89,89,89,89,89,110,22.56066895,22.56066895,25.12438011,25.12438011,0,0,0,0
1782621547,80.09078979,2387,0,163,1,0.354418188,0,0,4,10433,0,28,0,776,769,812,801,89,89,89,89,89,89,89,89,110,22.56066895,22.56066895,25.12438011,25.12438011,0,0,0,0
1782621547,80.14182281,2388,0,164,1,0.347853571,0,0,4,10610,0,36,0,774,766,809,799,89,89,89,89,89,89,89,89,110,22.56066895,22.56066895,25.12438011,25.12438011,0,0,0,0
1782621547,80.19403839,2390,0,165,1,0.377773404,0,0,4,10575,0,35,0,771,764,807,797,89,89,89,89,89,89,89,89,110,22.56066895,22.56066895,25.12438011,25.12438011,0,0,0,0
1782621547,80.2453537,2391,0,165,1,0.406188369,0,0,4,10353,0,25,0,769,761,805,795,89,89,89,89,89,89,89,89,110,22.56066895,22.56066895,25.12438011,25.12438011,0,0,0,0
1782621547,80.29657745,2393,0,165,1,0.4333978,0,0,4,10642,0,38,0,767,759,803,793,89,89,89,89,89,89,89,89,110,22.56066895,22.56066895,25.12438011,25.12438011,0,0,0,0
1782621548,80.33696747,2394,0,165,1,0.419748276,0,0,4,10361,0,25,0,764,757,801,790,89,89,89,89,89,89,89,89,110,22.56066895,22.56066895,25.12438011,25.12438011,0,0,0,0
1782621548,80.39304352,2396,0,165,1,0.332665145,0,0,4,10681,0,39,0,762,754,799,788,89,89,89,89,89,89,89,89,110,22.56066895,22.56066895,25.12438011,25.12438011,0,0,0,0
1782621548,80.4482193,2397,0,166,1,0.2536107,0,0,4,10429,0,28,0,759,752,797,786,89,89,89,89,89,89,89,89,110,22.56066895,22.56066895,25.12438011,25.12438011,0,0,0,0
1782621548,80.50063324,2399,0,166,1,0.181339085,0,0,4,10541,0,34,0,757,749,794,784,89,89,89,89,89,89,89,89,110,22.56066895,22.56066895,25.12438011,25.12438011,0,0,0,0
1782621548,80.53974152,2400,0,167,1,0.116204567,0,0,4,10892,0,46,0,755,747,792,782,89,89,89,89,89,89,89,89,110,22.56066895,22.56066895,25.12438011,25.12438011,0,0,0,0
1782621548,80.59276581,2402,0,169,1,0.061247017,0,0,4,11001,0,50,0,753,745,791,780,89,89,89,89,89,89,89,89,110,22.56066895,22.56066895,25.12438011,25.12438011,0,0,0,0
1782621548,80.64674377,2403,0,170,1,0.080581889,0,0,4,10736,0,41,0,751,742,789,778,89,89,89,89,89,89,89,89,110,22.56066895,22.56066895,25.12438011,25.12438011,0,0,0,0
1782621548,80.70029449,2405,0,171,1,0.119449988,0,0,4,10723,0,40,0,748,740,787,776,89,89,89,89,89,89,89,89,110,22.56066895,22.56066895,25.12438011,25.12438011,0,0,0,0
1782621548,80.75183105,2406,0,172,1,0.065105252,0,0,4,11003,0,50,0,746,737,785,774,89,89,89,89,89,89,89,89,110,22.56066895,22.56066895,25.12438011,25.12438011,0,0,0,0
1782621548,80.79148865,2408,0,174,1,0.013912856,0,0,4,11067,0,53,0,744,735,783,771,89,89,89,89,89,89,89,89,110,22.56066895,22.56066895,25.12438011,25.12438011,0,0,0,0
1782621548,80.84707642,2409,0,176,1,0,0,0,4,11137,0,55,0,742,732,781,769,89,89,89,89,89,89,89,89,110,22.56066895,22.56066895,25.12438011,25.12438011,0,0,0,0
1782621548,80.89942932,2411,0,178,1,0,0,0,4,11239,0,59,0,739,730,779,767,89,89,89,89,89,89,89,89,110,22.56066895,22.56066895,25.12438011,25.12438011,0,0,0,0
1782621548,80.95005798,2412,0,180,1,0,0,0,4,11329,0,62,0,737,728,776,765,89,89,89,89,89,89,89,89,110,22.56066895,22.56066895,25.12438011,25.12438011,0,0,0,0
1782621548,81.00119781,2414,0,182,1,0,0,0,4,11432,0,67,0,734,725,774,763,89,89,89,89,89,89,89,89,110,22.56066895,22.56066895,25.12438011,25.12438011,0,0,0,0
1782621548,81.05079651,2415,0,184,1,0,0,0,4,11527,0,71,0,732,723,772,761,89,89,89,89,89,89,89,89,110,22.56066895,22.56066895,25.12438011,25.12438011,0,0,0,0
1782621548,81.09880829,2417,0,186,1,0,0,0,4,11616,0,75,0,729,720,770,759,89,89,89,89,89,89,89,89,110,22.56066895,22.56066895,25.12438011,25.12438011,0,0,0,0
1782621548,81.1468277,2418,0,188,1,0,0,0,4,11722,0,79,0,727,718,768,756,89,89,89,89,89,89,89,89,110,22.56066895,22.56066895,25.12438011,25.12438011,0,0,0,0
1782621548,81.19638062,2420,0,189,1,0,0,0,4,11842,0,84,0,724,715,765,754,89,89,89,89,89,89,89,89,110,22.56066895,22.56066895,25.12438011,25.12438011,0,0,0,0
1782621548,81.24676514,2421,0,191,1,0,0,0,4,11956,0,89,0,721,713,763,752,89,89,89,89,89,89,89,89,110,22.56066895,22.56066895,25.12438011,25.12438011,0,0,0,0
1782621548,81.29564667,2423,0,193,1,0,0,0,4,12069,0,94,0,719,710,761,750,89,89,89,89,89,89,89,89,110,22.56066895,22.56066895,25.12438011,25.12438011,0,0,0,0
1782621549,81.34329987,2424,0,195,1,0,0,0,5,10759,0,42,0,716,708,759,747,89,89,89,89,89,89,89,89,110,22.56066895,22.56066895,25.12438011,25.12438011,0,0,0,0
1782621549,81.39414978,2426,0,197,1,0.013765179,0,0,5,10660,0,38,0,714,705,756,745,89,89,89,89,89,89,89,89,110,22.56066895,22.56066895,25.12438011,25.12438011,0,0,0,0
1782621549,81.44805145,2427,0,199,1,0.034214273,0,0,5,10743,0,41,0,711,702,754,743,89,89,89,89,89,89,89,89,110,22.56066895,22.56066895,25.12438011,25.12438011,0,0,0,0
1782621549,81.50079346,2429,0,200,1,0.056132555,0,0,5,10836,0,44,0,709,700,752,741,89,89,89,89,89,89,89,89,110,22.56066895,22.56066895,25.12438011,25.12438011,0,0,0,0
1782621549,81.55024719,2430,0,202,1,0.055606231,0,0,5,10932,0,48,0,706,697,749,738,89,89,89,89,89,89,89,89,110,22.56066895,22.56066895,25.12438011,25.12438011,0,0,0,0
1782621549,81.58846283,2432,0,204,1,0.014146003,0,0,5,11010,0,51,0,704,695,748,736,89,89,89,89,89,89,89,89,110,22.56066895,22.56066895,25.12438011,25.12438011,0,0,0,0
1782621549,81.64318848,2433,0,205,1,0,0,0,5,11091,0,54,0,702,692,745,734,89,89,89,89,89,89,89,89,110,22.56066895,22.56066895,25.12438011,25.12438011,0,0,0,0
1782621549,81.69525146,2435,0,207,1,0,0,0,5,11176,0,57,0,699,690,743,732,89,89,89,89,89,89,89,89,110,22.56066895,22.56066895,25.12438011,25.12438011,0,0,0,0
1782621549,81.74672699,2436,0,209,1,0,0,0,5,11256,0,59,0,697,687,741,729,89,89,89,89,89,89,89,89,110,22.56066895,22.56066895,25.12438011,25.12438011,0,0,0,0
1782621549,81.78623199,2438,0,210,1,0,0,0,5,11340,0,62,0,694,685,739,727,89,89,89,89,89,89,89,89,110,22.56066895,22.56066895,25.12438011,25.12438011,0,0,0,0
1782621549,81.84023285,2439,0,212,1,0,0,0,5,11422,0,66,0,691,682,736,725,89,89,89,89,89,89,89,89,110,22.56066895,22.56066895,25.12438011,25.12438011,0,0,0,0
1782621549,81.89368439,2441,0,213,1,0,0,0,5,11506,0,70,0,689,679,734,723,89,89,89,89,89,89,89,89,110,22.56066895,22.56066895,25.12438011,25.12438011,0,0,0,0
1782621549,81.94704437,2442,0,215,1,0,0,0,5,11580,0,73,0,686,677,732,720,89,89,89,89,89,89,89,89,110,22.56066895,22.56066895,25.12438011,25.12438011,0,0,0,0
1782621549,81.98806,2444,0,217,1,0,0,0,5,11661,0,77,0,684,674,729,718,89,89,89,89,89,89,89,89,110,22.56066895,22.56066895,25.12438011,25.12438011,0,0,0,0
1782621549,82.04371643,2445,0,218,1,-0.011719982,0,0,5,11740,0,80,0,681,672,727,716,89,89,89,89,89,89,89,89,110,22.56066895,22.56066895,25.12438011,25.12438011,0,0,0,0
1782621549,82.09768677,2447,0,220,1,-0.010484853,0,0,5,11820,0,83,0,678,669,725,713,89,89,89,89,89,89,89,89,110,22.56066895,22.56066895,25.12438011,25.12438011,0,0,0,0
1782621549,82.13713074,2448,0,221,1,0,0,0,5,11895,0,87,0,676,667,722,711,89,89,89,89,89,89,89,89,110,22.56066895,22.56066895,25.12438011,25.12438011,0,0,0,0
1782621549,82.19099426,2450,0,222,1,0,0,0,5,11968,0,90,0,673,664,720,709,89,89,89,89,89,89,89,89,110,22.56066895,22.56066895,25.12438011,25.12438011,0,0,0,0
1782621549,82.24390411,2451,0,224,1,0,0,0,6,11257,0,59,0,671,661,718,707,89,89,89,89,89,89,89,89,110,22.56066895,22.56066895,25.12438011,25.12438011,0,0,0,0
1782621549,82.29587555,2453,0,226,1,0,0,0,6,10542,0,34,0,668,659,715,704,89,89,89,89,89,89,89,89,110,22.56066895,22.56066895,25.12438011,25.12438011,0,0,0,0
1782621550,82.34816742,2454,0,227,1,0,0,0,6,10562,0,35,0,665,656,713,702,89,89,89,89,89,89,89,89,110,22.56066895,22.56066895,25.12438011,25.12438011,0,0,0,0
1782621550,82.40036011,2456,0,228,1,0,0,0,6,10631,0,37,0,663,654,711,700,89,89,89,89,89,89,89,89,110,22.56066895,22.56066895,25.12438011,25.12438011,0,0,0,0
1782621550,82.4510498,2457,0,230,1,0,0,0,6,10692,0,39,0,660,651,708,697,89,89,89,89,89,89,89,89,110,22.56066895,22.56066895,25.12438011,25.12438011,0,0,0,0
1782621550,82.50002289,2459,0,231,1,0,0,0,6,10753,0,41,0,657,649,706,695,89,89,89,89,89,89,89,89,110,22.56066895,22.56066895,25.12438011,25.12438011,0,0,0,0
1782621550,82.55002594,2460,0,233,1,0,0,0,6,10813,0,44,0,655,646,704,693,89,89,89,89,89,89,89,89,110,22.56066895,22.56066895,25.12438011,25.12438011,0,0,0,0
1782621550,82.60089874,2462,0,234,1,0,0,0,6,10877,0,46,0,652,643,701,690,89,89,89,89,89,89,89,89,110,22.56066895,22.56066895,25.12438011,25.12438011,0,0,0,0
1782621550,82.65093231,2463,0,235,1,0,0,0,6,10941,0,48,0,650,641,699,688,89,89,89,89,89,89,89,89,110,22.56066895,22.56066895,25.12438011,25.12438011,0,0,0,0
1782621550,82.69970703,2465,0,237,1,0,0,0,6,10999,0,50,0,647,638,697,686,89,89,89,89,89,89,89,89,110,22.56066895,22.56066895,25.12438011,25.12438011,0,0,0,0
1782621550,82.74655914,2466,0,238,1,0,0,0,6,11056,0,52,0,644,636,694,684,89,89,89,89,89,89,89,89,110,22.56066895,22.56066895,25.12438011,25.12438011,0,0,0,0
1782621550,82.79470825,2468,0,239,1,-0.008837835,0,0,6,11114,0,54,0,642,633,692,681,89,89,89,89,89,89,89,89,110,22.56066895,22.56066895,25.12438011,25.12438011,0,0,0,0
1782621550,82.84667206,2469,0,241,1,-0.003614735,0,0,6,11171,0,56,0,639,631,690,679,89,89,89,89,89,89,89,89,110,22.56066895,22.56066895,25.12438011,25.12438011,0,0,0,0
1782621550,82.89815521,2471,0,242,1,0,0,0,6,11228,0,58,0,637,628,687,677,89,89,89,89,89,89,89,89,110,22.56066895,22.56066895,25.12438011,25.12438011,0,0,0,0
1782621550,82.94727325,2472,0,243,1,0,0,0,6,11279,0,60,0,634,626,685,674,89,89,89,89,89,89,89,89,110,22.56066895,22.56066895,25.12438011,25.12438011,0,0,0,0
1782621550,82.99725342,2474,0,244,1,0,0,0,6,11325,0,62,0,632,623,683,672,89,89,89,89,89,89,89,89,110,22.56066895,22.56066895,25.12438011,25.12438011,0,0,0,0
1782621550,83.04830933,2475,0,245,1,0,0,0,6,11379,0,64,0,629,620,680,670,89,89,89,89,89,89,89,89,110,22.56066895,22.56066895,25.12438011,25.12438011,0,0,0,0
1782621550,83.09644318,2477,0,247,1,0,0,0,6,11436,1,67,0,626,618,678,667,89,89,89,89,89,89,89,89,110,22.56066895,22.56066895,25.12438011,25.12438011,0,0,0,0
1782621550,83.14376831,2478,0,248,1,0,0,0,6,11511,1,70,0,624,615,676,665,89,89,89,89,89,89,89,89,110,22.56066895,22.56066895,25.12438011,25.12438011,0,0,0,0
1782621550,83.19345856,2480,0,249,1,-0.010852423,0,0,6,11587,1,73,0,621,613,673,663,89,89,89,89,89,89,89,89,110,22.56066895,22.56066895,25.12438011,25.12438011,0,0,0,0
1782621550,83.24298096,2481,0,250,1,-0.027139746,0,0,6,11632,1,75,0,619,610,671,661,89,89,89,89,89,89,89,89,110,22.56066895,22.56066895,25.12438011,25.12438011,0,0,0,0
1782621550,83.29204559,2483,0,252,1,0,0,0,6,11681,1,77,0,616,608,669,658,89,89,89,89,89,89,89,89,110,22.56066895,22.56066895,25.12438011,25.12438011,0,0,0,0
1782621551,83.35242462,2484,0,253,1,0,0,0,6,11756,1,81,0,613,604,666,655,89,89,89,89,89,89,89,89,110,22.56066895,22.56066895,25.12438011,25.12438011,0,0,0,0
1782621551,83.40203094,2486,0,254,1,0,0,0,6,11809,1,83,0,610,602,663,653,89,89,89,89,89,89,89,89,110,22.56066895,22.56066895,25.12438011,25.12438011,0,0,0,0
1782621551,83.43981934,2487,0,255,1,0,0,0,6,11842,1,84,0,608,600,662,652,89,89,89,89,89,89,89,89,110,22.56066895,22.56066895,25.12438011,25.12438011,0,0,0,0
1782621551,83.49160004,2489,0,256,1,0,0,0,6,11890,1,86,0,606,598,659,649,89,89,89,89,89,89,89,89,110,22.56066895,22.56066895,25.12438011,25.12438011,0,0,0,0
1782621551,83.54262543,2490,0,257,1,0,0,0,7,10634,1,37,0,603,595,657,647,89,89,89,89,89,89,89,89,110,22.56066895,22.56066895,25.12438011,25.12438011,0,0,0,0
1782621551,83.59458923,2492,0,259,1,0,0,0,7,10421,1,28,0,601,593,655,645,89,89,89,89,89,89,89,89,110,22.56066895,22.56066895,25.12438011,25.12438011,0,0,0,0
1782621551,83.63568115,2493,0,260,1,0,0,0,7,10465,1,30,0,598,590,653,642,89,89,89,89,89,89,89,89,110,22.56066895,22.56066895,25.12438011,25.12438011,0,0,0,0
1782621551,83.69003296,2496,0,261,1,0,0,0,7,10507,1,33,0,596,588,650,640,89,89,89,89,89,89,89,89,110,22.56066895,22.56066895,25.12438011,25.12438011,0,0,0,0
1782621551,83.74117279,2497,0,262,1,0,0,0,7,10550,1,34,0,593,585,648,638,89,89,89,89,89,89,89,89,110,22.56066895,22.56066895,25.12438011,25.12438011,0,0,0,0
1782621551,83.79057312,2499,0,263,1,0,0,0,7,10592,1,36,0,591,583,646,636,89,89,89,89,89,89,89,89,110,22.56066895,22.56066895,25.12438011,25.12438011,0,0,0,0
1782621551,83.84102631,2500,0,264,1,0,0,0,7,10633,1,37,0,588,580,643,633,89,89,89,89,89,89,89,89,110,22.56066895,22.56066895,25.12438011,25.12438011,0,0,0,0
1782621551,83.89447784,2502,0,265,1,0,0,0,7,10673,1,39,0,586,578,641,631,89,89,89,89,89,89,89,89,110,22.56066895,22.56066895,25.12438011,25.12438011,0,0,0,0
1782621551,83.94593811,2503,0,266,1,0,0,0,7,10716,1,40,0,583,576,639,629,89,89,89,89,89,89,89,89,110,22.56066895,22.56066895,25.12438011,25.12438011,0,0,0,0
1782621551,83.99551392,2505,0,267,1,0,0,0,7,10758,1,42,0,581,573,637,627,89,89,89,89,89,89,89,89,110,22.56066895,22.56066895,25.12438011,25.12438011,0,0,0,0
1782621551,84.04566193,2506,0,268,1,0,0,0,7,10797,1,43,0,578,571,634,625,89,89,89,89,89,89,89,89,110,22.56066895,22.56066895,25.12438011,25.12438011,0,0,0,0
1782621551,84.0936203,2508,0,269,1,0,0,0,7,10836,1,44,0,576,568,632,622,89,89,89,89,89,89,89,89,110,22.56066895,22.56066895,25.12438011,25.12438011,0,0,0,0
1782621551,84.15253448,2509,0,271,1,0,0,0,7,10888,1,46,0,573,565,629,619,89,89,89,89,89,89,89,89,110,22.56066895,22.56066895,25.12438011,25.12438011,0,0,0,0
1782621551,84.2003479,2511,0,271,1,0,0,0,7,10914,1,47,0,571,563,627,618,89,89,89,89,89,89,89,89,110,22.56066895,22.56066895,25.12438011,25.12438011,0,0,0,0
1782621551,84.2494278,2512,0,272,1,0,0,0,7,10952,1,49,0,569,561,625,616,89,89,89,89,89,89,89,89,110,22.56066895,22.56066895,25.12438011,25.12438011,0,0,0,0
1782621551,84.29808807,2514,0,273,1,0,0,0,7,10988,1,50,0,566,559,623,613,89,89,89,89,89,89,89,89,110,22.56066895,22.56066895,25.12438011,25.12438011,0,0,0,0
1782621552,84.34604645,2515,0,274,1,0,0,0,7,11025,1,51,0,564,556,621,611,89,89,89,89,89,89,89,89,110,22.56066895,22.56066895,25.12438011,25.12438011,0,0,0,0
1782621552,84.39509583,2517,0,275,1,0,0,0,7,11064,1,53,0,561,554,619,609,89,89,89,89,89,89,89,89,110,22.56066895,22.56066895,25.12438011,25.12438011,0,0,0,0
1782621552,84.44415283,2518,0,276,1,0,0,0,7,11101,1,54,0,559,551,616,607,89,89,89,89,89,89,89,89,110,22.56066895,22.56066895,25.12438011,25.12438011,0,0,0,0
1782621552,84.49266052,2520,0,277,1,-0.010331542,0,0,7,11137,1,55,0,556,549,614,605,89,89,89,89,89,89,89,89,110,22.56066895,22.56066895,25.12438011,25.12438011,0,0,0,0
1782621552,84.55284882,2521,0,278,1,-0.030941723,0,0,7,11184,1,57,0,553,546,611,602,89,89,89,89,89,89,89,89,110,22.56066895,22.56066895,25.12438011,25.12438011,0,0,0,0
1782621552,84.60166931,2523,0,279,1,-0.008137504,0,0,7,11209,1,58,0,552,544,610,600,89,89,89,89,89,89,89,89,110,22.56066895,22.56066895,25.12438011,25.12438011,0,0,0,0
1782621552,84.64001465,2524,0,280,1,0,0,0,7,11244,1,59,0,549,542,607,598,89,89,89,89,89,89,89,89,110,22.56066895,22.56066895,25.12438011,25.12438011,0,0,0,0
1782621552,84.69020081,2526,0,281,1,0,0,0,7,11278,1,60,0,547,540,605,596,89,89,89,89,89,89,89,89,110,22.56066895,22.56066895,25.12438011,25.12438011,0,0,0,0
1782621552,84.75260162,2527,0,282,1,0,0,0,7,11323,1,62,0,544,536,602,593,89,89,89,89,89,89,89,89,110,22.56066895,22.56066895,25.12438011,25.12438011,0,0,0,0
1782621552,84.79182434,2529,0,282,1,0,0,0,7,11346,1,63,0,542,535,601,592,89,89,89,89,89,89,89,89,110,22.56066895,22.56066895,25.12438011,25.12438011,0,0,0,0
1782621552,84.84581757,2530,0,283,1,0,0,0,7,11379,1,64,0,540,533,599,589,89,89,89,89,89,89,89,89,110,22.56066895,22.56066895,25.12438011,25.12438011,0,0,0,0
1782621552,84.89823151,2532,0,284,1,0,0,0,7,11411,1,66,0,537,530,596,587,89,89,89,89,89,89,89,89,110,22.56066895,22.56066895,25.12438011,25.12438011,0,0,0,0
1782621552,84.94762421,2533,0,285,1,0,0,0,7,11444,1,67,0,535,528,594,585,89,89,89,89,89,89,89,89,110,22.56066895,22.56066895,25.12438011,25.12438011,0,0,0,0
1782621552,84.99663544,2535,0,286,1,0,0,0,7,11474,1,69,0,533,526,592,583,89,89,89,89,89,89,89,89,110,22.56066895,22.56066895,25.12438011,25.12438011,0,0,0,0
1782621552,85.04839325,2536,0,287,1,-0.010890745,0,0,7,11503,1,70,0,530,523,590,581,89,89,89,89,89,89,89,89,110,22.56066895,22.56066895,25.12438011,25.12438011,0,0,0,0
1782621552,85.09873962,2538,0,287,1,-0.01938316,0,0,7,11535,1,71,0,528,521,588,579,89,89,89,89,89,89,89,89,110,22.56066895,22.56066895,25.12438011,25.12438011,0,0,0,0
1782621552,85.14686584,2539,0,288,1,-0.024747992,0,0,7,11567,1,73,0,526,519,586,577,89,89,89,89,89,89,89,89,110,22.56066895,22.56066895,25.12438011,25.12438011,0,0,0,0
1782621552,85.18593597,2541,0,289,1,-0.013967022,0,0,7,11596,1,74,0,523,516,583,574,89,89,89,89,89,89,89,89,110,22.56066895,22.56066895,25.12438011,25.12438011,0,0,0,0
1782621552,85.25036621,2542,0,290,1,0,0,0,7,11624,1,75,0,521,514,581,572,89,89,89,89,89,89,89,89,110,22.56066895,22.56066895,25.12438011,25.12438011,0,0,0,0
1782621552,85.29838562,2544,0,291,1,0,0,0,7,11657,1,76,0,519,512,579,570,89,89,89,89,89,89,89,89,110,22.56066895,22.56066895,25.12438011,25.12438011,0,0,0,0
1782621553,85.34729004,2545,0,291,1,0,0,0,7,11691,1,78,0,517,510,577,568,89,89,89,89,89,89,89,89,110,22.56066895,22.56066895,25.12438011,25.12438011,0,0,0,0
1782621553,85.39629364,2547,0,292,1,0,0,0,7,11718,1,79,0,514,508,575,566,89,89,89,89,89,89,89,89,110,22.56066895,22.56066895,25.12438011,25.12438011,0,0,0,0
1782621553,85.44432831,2548,0,293,1,-0.005222879,0,0,7,11740,1,80,0,512,505,573,564,89,89,89,89,89,89,89,89,110,22.56066895,22.56066895,25.12438011,25.12438011,0,0,0,0
1782621553,85.49144745,2550,0,293,1,-0.021659343,0,0,8,10998,1,50,0,510,503,571,562,89,89,89,89,89,89,89,89,110,22.56066895,22.56066895,25.12438011,25.12438011,0,0,0,0
1782621553,85.5513916,2551,0,294,1,-0.039334975,0,0,8,10501,1,33,0,508,501,569,560,89,89,89,89,89,89,89,89,110,22.56066895,22.56066895,25.12438011,25.12438011,0,0,0,0
1782621553,85.59992981,2553,0,295,1,-0.056849431,0,0,8,10527,1,33,0,505,499,566,558,89,89,89,89,89,89,89,89,110,22.56066895,22.56066895,25.12438011,25.12438011,0,0,0,0
1782621553,85.65000153,2554,0,296,1,-0.073804423,0,0,8,10552,1,34,0,503,497,564,556,89,89,89,89,89,89,89,89,110,22.56066895,22.56066895,25.12438011,25.12438011,0,0,0,0
1782621553,85.698349,2556,0,296,1,-0.089708373,0,0,8,10569,1,35,0,501,496,562,555,89,89,89,89,89,89,89,89,110,22.56066895,22.56066895,25.12438011,25.12438011,0,0,0,0
1782621553,85.74623871,2557,0,296,1,-0.0457782,0,0,8,10578,1,35,0,499,497,560,556,89,89,89,89,89,89,89,89,110,22.56066895,22.56066895,25.12438011,25.12438011,0,0,0,0
1782621553,85.79452515,2559,0,297,1,-0.007819332,0,0,8,10588,1,36,0,496,499,558,557,89,89,89,89,89,89,89,89,110,22.56066895,22.56066895,25.12438011,25.12438011,0,0,0,0
1782621553,85.8432312,2560,0,297,1,0,0,0,8,10608,1,36,0,494,498,556,555,89,89,89,89,89,89,89,89,110,22.56066895,22.56066895,25.12438011,25.12438011,0,0,0,0
1782621553,85.90346527,2562,0,298,1,0,0,0,8,10632,1,37,0,491,495,553,552,89,89,89,89,89,89,89,89,110,22.56066895,22.56066895,25.12438011,25.12438011,0,0,0,0
1782621553,85.95103455,2563,0,298,1,0,0,0,8,10647,1,38,0,490,494,552,551,89,89,89,89,89,89,89,89,110,22.56066895,22.56066895,25.12438011,25.12438011,0,0,0,0
1782621553,85.9990387,2565,0,299,1,-0.0055225,0,0,8,10667,1,38,0,488,491,550,549,89,89,89,89,89,89,89,89,110,22.56066895,22.56066895,25.12438011,25.12438011,0,0,0,0
1782621553,86.04953003,2566,0,300,1,-0.024907643,0,0,8,10688,1,39,0,486,489,548,547,89,89,89,89,89,89,89,89,110,22.56066895,22.56066895,25.12438011,25.12438011,0,0,0,0
1782621553,86.09898376,2568,0,300,1,-0.044956155,0,0,8,10711,1,40,0,483,487,546,545,89,89,89,89,89,89,89,89,110,22.56066895,22.56066895,25.12438011,25.12438011,0,0,0,0
1782621553,86.1472168,2569,0,301,1,-0.0666513,0,0,8,10735,1,41,0,481,485,544,543,89,89,89,89,89,89,89,89,110,22.56066895,22.56066895,25.12438011,25.12438011,0,0,0,0
1782621553,86.19564819,2571,0,301,1,-0.066837028,0,0,8,10749,1,41,0,479,484,542,542,89,89,89,89,89,89,89,89,110,22.56066895,22.56066895,25.12438011,25.12438011,0,0,0,0
1782621553,86.2456131,2572,0,302,1,-0.027480032,0,0,8,10757,1,42,0,477,485,540,543,89,89,89,89,89,89,89,89,110,22.56066895,22.56066895,25.12438011,25.12438011,0,0,0,0
1782621553,86.29563141,2574,0,302,1,0,0,0,8,10778,1,42,0,475,486,538,543,89,89,89,89,89,89,89,89,110,22.56066895,22.56066895,25.12438011,25.12438011,0,0,0,0
1782621554,86.34455109,2575,0,303,1,0,0,0,8,10802,1,43,0,473,484,536,541,89,89,89,89,89,89,89,89,110,22.56066895,22.56066895,25.12438011,25.12438011,0,0,0,0
1782621554,86.39306641,2577,0,303,1,0,0,0,8,10816,1,44,0,471,482,534,539,89,89,89,89,89,89,89,89,110,22.56066895,22.56066895,25.12438011,25.12438011,0,0,0,0
1782621554,86.44274139,2578,0,304,1,0,0,0,8,10837,1,44,0,469,480,532,537,89,89,89,89,89,89,89,89,110,22.56066895,22.56066895,25.12438011,25.12438011,0,0,0,0
1782621554,86.50301361,2580,0,305,1,0,0,0,8,10870,1,46,0,466,477,529,534,89,89,89,89,89,89,89,89,110,22.56066895,22.56066895,25.12438011,25.12438011,0,0,0,0
1782621554,86.53988647,2581,0,305,1,0,0,0,8,10882,1,46,0,464,476,528,533,89,89,89,89,89,89,89,89,110,22.56066895,22.56066895,25.12438011,25.12438011,0,0,0,0
1782621554,86.58999634,2583,0,306,1,0,0,0,8,10901,1,47,0,462,473,526,531,89,89,89,89,89,89,89,89,110,22.56066895,22.56066895,25.12438011,25.12438011,0,0,0,0
1782621554,86.64215851,2584,0,306,1,0,0,0,8,10923,1,48,0,460,471,524,529,89,89,89,89,89,89,89,89,110,22.56066895,22.56066895,25.12438011,25.12438011,0,0,0,0
1782621554,86.69708252,2586,0,307,1,0,0,0,8,10950,1,49,0,458,469,522,527,89,89,89,89,89,89,89,89,110,22.56066895,22.56066895,25.12438011,25.12438011,0,0,0,0
1782621554,86.75124359,2587,0,307,1,0,0,0,8,10972,1,49,0,456,467,520,525,89,89,89,89,89,89,89,89,110,22.56066895,22.56066895,25.12438011,25.12438011,0,0,0,0
1782621554,86.80160522,2589,0,308,1,0,0,0,8,10990,1,50,0,454,465,518,523,89,89,89,89,89,89,89,89,110,22.56066895,22.56066895,25.12438011,25.12438011,0,0,0,0
1782621554,86.85125732,2590,0,309,1,0,0,0,8,11005,1,50,0,452,463,516,521,89,89,89,89,89,89,89,89,110,22.56066895,22.56066895,25.12438011,25.12438011,0,0,0,0
1782621554,86.87904358,2592,0,309,1,0,0,0,8,11019,1,51,0,451,462,515,520,89,89,89,89,89,89,89,89,110,22.56066895,22.56066895,25.12438011,25.12438011,0,0,0,0
1782621554,86.92589569,2593,0,310,1,0,0,0,8,11044,1,52,0,449,460,513,518,89,89,89,89,89,89,89,89,110,22.56066895,22.56066895,25.12438011,25.12438011,0,0,0,0
1782621554,86.97770691,2595,0,310,1,0,0,0,8,11065,1,53,0,447,457,511,516,89,89,89,89,89,89,89,89,110,22.56066895,22.56066895,25.12438011,25.12438011,0,0,0,0
1782621554,87.04229736,2596,0,311,1,0,0,0,8,11084,1,53,0,444,455,508,513,89,89,89,89,89,89,89,89,110,22.56066895,22.56066895,25.12438011,25.12438011,0,0,0,0
1782621554,87.0877533,2598,0,312,1,0,0,0,8,11104,1,54,0,442,453,506,511,89,89,89,89,89,89,89,89,110,22.56066895,22.56066895,25.12438011,25.12438011,0,0,0,0
1782621554,87.14403534,2599,0,312,1,0,0,0,8,11126,1,55,0,440,451,504,509,89,89,89,89,89,89,89,89,110,22.56066895,22.56066895,25.12438011,25.12438011,0,0,0,0
1782621554,87.1855545,2601,0,313,1,0,0,0,8,11144,1,55,0,438,449,502,507,89,89,89,89,89,89,89,89,110,22.56066895,22.56066895,25.12438011,25.12438011,0,0,0,0
1782621554,87.24080658,2602,0,313,1,0,0,0,8,11159,1,56,0,436,447,501,505,89,89,89,89,89,89,89,89,110,22.56066895,22.56066895,25.12438011,25.12438011,0,0,0,0
1782621554,87.29785156,2604,0,314,1,0,0,0,8,11178,1,57,0,434,445,499,504,89,89,89,89,89,89,89,89,110,22.56066895,22.56066895,25.12438011,25.12438011,0,0,0,0
1782621555,87.34239197,2605,0,314,1,0,0,0,8,11199,1,57,0,432,443,497,502,89,89,89,89,89,89,89,89,110,22.56066895,22.56066895,25.12438011,25.12438011,0,0,0,0
1782621555,87.38617706,2607,0,315,1,-0.00760057,0,0,8,11217,1,58,0,430,441,495,500,89,89,89,89,89,89,89,89,110,22.56066895,22.56066895,25.12438011,25.12438011,0,0,0,0
1782621555,87.44208527,2608,0,315,1,-0.021856433,0,0,8,11231,1,59,0,428,439,493,498,89,89,89,89,89,89,89,89,110,22.56066895,22.56066895,25.12438011,25.12438011,0,0,0,0
1782621555,87.49790192,2610,0,316,1,0,0,0,8,11243,1,59,0,426,437,491,496,89,89,89,89,89,89,89,89,110,22.56066895,22.56066895,25.12438011,25.12438011,0,0,0,0
1782621555,87.52827454,2611,0,316,1,0,0,0,8,11254,1,59,0,425,435,490,495,89,89,89,89,89,89,89,89,110,22.56066895,22.56066895,25.12438011,25.12438011,0,0,0,0
1782621555,87.59349823,2613,0,317,1,0,0,0,8,11284,1,60,0,423,433,488,492,89,89,89,89,89,89,89,89,110,22.56066895,22.56066895,25.12438011,25.12438011,0,0,0,0
1782621555,87.63805389,2614,0,317,1,0,0,0,8,11303,1,61,0,421,431,486,490,89,89,89,89,89,89,89,89,110,22.56066895,22.56066895,25.12438011,25.12438011,0,0,0,0
1782621555,87.68984985,2616,0,318,1,0,0,0,8,11316,1,62,0,419,429,484,488,89,89,89,89,89,89,89,89,110,22.56066895,22.56066895,25.12438011,25.12438011,0,0,0,0
1782621555,87.7520752,2617,0,318,1,-0.009867152,0,0,8,11332,1,62,0,416,426,481,486,89,89,89,89,89,89,89,89,110,22.56066895,22.56066895,25.12438011,25.12438011,0,0,0,0
1782621555,87.79976654,2619,0,319,1,-0.01973163,0,0,8,11344,1,63,0,415,425,480,485,89,89,89,89,89,89,89,89,110,22.56066895,22.56066895,25.12438011,25.12438011,0,0,0,0
1782621555,87.83798218,2620,0,319,1,-0.034461793,0,0,8,11361,1,63,0,413,423,478,483,89,89,89,89,89,89,89,89,110,22.56066895,22.56066895,25.12438011,25.12438011,0,0,0,0
1782621555,87.8903656,2622,0,320,1,-0.001876893,0,0,8,11375,1,64,0,411,422,477,481,89,89,89,89,89,89,89,89,110,22.56066895,22.56066895,25.12438011,25.12438011,0,0,0,0
1782621555,87.94278717,2623,0,320,1,0,0,0,8,11391,1,64,0,409,420,475,480,89,89,89,89,89,89,89,89,110,22.56066895,22.56066895,25.12438011,25.12438011,0,0,0,0
1782621555,87.9973526,2625,0,320,1,0,0,0,8,11405,1,66,0,408,418,473,478,89,89,89,89,89,89,89,89,110,22.56066895,22.56066895,25.12438011,25.12438011,0,0,0,0
1782621555,88.03847504,2626,0,321,1,0,0,0,8,11420,1,66,0,406,416,471,476,89,89,89,89,89,89,89,89,110,22.56066895,22.56066895,25.12438011,25.12438011,0,0,0,0
1782621555,88.1025238,2628,0,321,1,-0.005786781,0,0,8,11439,1,67,0,403,413,469,474,89,89,89,89,89,89,89,89,110,22.56066895,22.56066895,25.12438011,25.12438011,0,0,0,0
1782621555,88.15132904,2629,0,322,1,-0.01331391,0,0,8,11447,1,68,0,402,412,468,472,89,89,89,89,89,89,89,89,110,22.56066895,22.56066895,25.12438011,25.12438011,0,0,0,0
1782621555,88.19858551,2631,0,322,1,-0.000479118,0,0,8,11462,1,68,0,400,410,466,471,89,89,89,89,89,89,89,89,110,22.56066895,22.56066895,25.12438011,25.12438011,0,0,0,0
1782621555,88.24501038,2632,0,323,1,0,0,0,8,11476,1,69,0,399,408,464,469,89,89,89,89,89,89,89,89,110,22.56066895,22.56066895,25.12438011,25.12438011,0,0,0,0
1782621555,88.3034668,2634,0,323,1,0,0,0,8,11494,1,70,0,396,406,462,466,89,89,89,89,89,89,89,89,110,22.56066895,22.56066895,25.12438011,25.12438011,0,0,0,0
1782621556,88.35005951,2635,0,323,1,-0.005327444,0,0,8,11504,1,70,0,395,405,461,465,89,89,89,89,89,89,89,89,110,22.56066895,22.56066895,25.12438011,25.12438011,0,0,0,0
1782621556,88.3968811,2637,0,324,1,-0.021284033,0,0,8,11522,1,71,0,393,403,459,464,89,89,89,89,89,89,89,89,110,22.56066895,22.56066895,25.12438011,25.12438011,0,0,0,0
1782621556,88.44471741,2638,0,324,1,-0.020599231,0,0,8,11535,1,71,0,391,401,457,462,89,89,89,89,89,89,89,89,110,22.56066895,22.56066895,25.12438011,25.12438011,0,0,0,0
1782621556,88.49336243,2640,0,325,1,-0.000250127,0,0,8,11542,1,72,0,390,399,455,460,89,89,89,89,89,89,89,89,110,22.56066895,22.56066895,25.12438011,25.12438011,0,0,0,0
1782621556,88.54232025,2641,0,325,1,0,0,0,8,11550,1,72,0,388,398,454,458,89,89,89,89,89,89,89,89,110,22.56066895,22.56066895,25.12438011,25.12438011,0,0,0,0
1782621556,88.59157562,2643,0,325,1,0,0,0,8,11568,1,73,0,386,396,452,457,89,89,89,89,89,89,89,89,110,22.56066895,22.56066895,25.12438011,25.12438011,0,0,0,0
1782621556,88.64337921,2644,0,326,1,0,0,0,8,11584,1,73,0,384,394,450,455,89,89,89,89,89,89,89,89,110,22.56066895,22.56066895,25.12438011,25.12438011,0,0,0,0
1782621556,88.69407654,2646,0,326,1,0,0,0,8,11594,1,74,0,383,392,448,453,89,89,89,89,89,89,89,89,110,22.56066895,22.56066895,25.12438011,25.12438011,0,0,0,0
1782621556,88.74250793,2647,0,326,1,0,0,0,8,11602,1,74,0,381,390,447,451,89,89,89,89,89,89,89,89,110,22.56066895,22.56066895,25.12438011,25.12438011,0,0,0,0
1782621556,88.79337311,2649,0,327,1,0,0,0,8,11613,1,75,0,379,389,445,450,89,89,89,89,89,89,89,89,110,22.56066895,22.56066895,25.12438011,25.12438011,0,0,0,0
1782621556,88.8449173,2650,0,327,1,0,0,0,8,11626,1,75,0,378,387,443,448,89,89,89,89,89,89,89,89,110,22.56066895,22.56066895,25.12438011,25.12438011,0,0,0,0
1782621556,88.89651489,2652,0,327,1,0,0,0,8,11638,1,76,0,376,385,442,446,89,89,89,89,89,89,89,89,110,22.56066895,22.56066895,25.12438011,25.12438011,0,0,0,0
1782621556,88.94829559,2653,0,328,1,0,0,0,8,11648,1,76,0,374,383,440,445,89,89,89,89,89,89,89,89,110,22.56066895,22.56066895,25.12438011,25.12438011,0,0,0,0
1782621556,88.98839569,2655,0,328,1,0,0,0,8,11653,1,76,0,372,382,438,443,89,89,89,89,89,89,89,89,110,22.56066895,22.56066895,25.12438011,25.12438011,0,0,0,0
1782621556,89.04332733,2656,0,328,1,0,0,0,8,11660,1,77,0,371,380,437,441,89,89,89,89,89,89,89,89,110,22.56066895,22.56066895,25.12438011,25.12438011,0,0,0,0
1782621556,89.09843445,2658,0,328,1,0,0,0,8,11675,1,77,0,369,378,435,439,89,89,89,89,89,89,89,89,110,22.56066895,22.56066895,25.12438011,25.12438011,0,0,0,0
1782621556,89.13817596,2659,0,329,1,0,0,0,8,11687,1,78,0,367,377,433,438,89,89,89,89,89,89,89,89,110,22.56066895,22.56066895,25.12438011,25.12438011,0,0,0,0
1782621556,89.1918335,2661,0,329,1,0,0,0,8,11694,1,78,0,366,375,432,436,89,89,89,89,89,89,89,89,110,22.56066895,22.56066895,25.12438011,25.12438011,0,0,0,0
1782621556,89.24632263,2662,0,329,1,0,0,0,8,11701,1,78,0,364,373,430,434,89,89,89,89,89,89,89,89,110,22.56066895,22.56066895,25.12438011,25.12438011,0,0,0,0
1782621556,89.30021667,2664,0,330,1,0,0,0,8,11710,1,79,0,362,371,428,433,89,89,89,89,89,89,89,89,110,22.56066895,22.56066895,25.12438011,25.12438011,0,0,0,0
1782621557,89.33882141,2665,0,330,1,0,0,0,8,11723,1,79,0,361,370,427,431,89,89,89,89,89,89,89,89,110,22.56066895,22.56066895,25.12438011,25.12438011,0,0,0,0
1782621557,89.39094543,2667,0,330,1,0,0,0,8,11735,1,80,0,359,368,425,430,89,89,89,89,89,89,89,89,110,22.56066895,22.56066895,25.12438011,25.12438011,0,0,0,0
1782621557,89.44171143,2668,0,330,1,0,0,0,8,11742,1,80,0,358,366,424,428,89,89,89,89,89,89,89,89,110,22.56066895,22.56066895,25.12438011,25.12438011,0,0,0,0
1782621557,89.49195862,2670,0,331,1,0,0,0,8,11746,1,80,0,356,365,422,426,89,89,89,89,89,89,89,89,110,22.56066895,22.56066895,25.12438011,25.12438011,0,0,0,0
1782621557,89.54164124,2671,0,331,1,0,0,0,8,11755,1,81,0,354,363,420,425,89,89,89,89,89,89,89,89,110,22.56066895,22.56066895,25.12438011,25.12438011,0,0,0,0
1782621557,89.60172272,2673,0,331,1,0,0,0,8,11765,1,81,0,353,362,419,423,89,89,89,89,89,89,89,89,110,22.56066895,22.56066895,25.12438011,25.12438011,0,0,0,0
1782621557,89.63908386,2674,0,331,1,0,0,0,8,11773,1,81,0,351,360,417,421,89,89,89,89,89,89,89,89,110,22.56066895,22.56066895,25.12438011,25.12438011,0,0,0,0
1782621557,89.70040894,2676,0,332,1,0,0,0,8,11778,1,82,0,350,358,416,420,89,89,89,89,89,89,89,89,110,22.56066895,22.56066895,25.12438011,25.12438011,0,0,0,0
1782621557,89.74851227,2677,0,332,1,0,0,0,8,11788,1,82,0,348,357,414,418,89,89,89,89,89,89,89,89,110,22.56066895,22.56066895,25.12438011,25.12438011,0,0,0,0
1782621557,89.79735565,2679,0,332,1,0,0,0,8,11796,1,82,0,347,355,412,417,89,89,89,89,89,89,89,89,110,22.56066895,22.56066895,25.12438011,25.12438011,0,0,0,0
1782621557,89.84642029,2680,0,332,1,0,0,0,8,11801,1,83,0,345,353,411,415,89,89,89,89,89,89,89,89,110,22.56066895,22.56066895,25.12438011,25.12438011,0,0,0,0
1782621557,89.89562225,2682,0,332,1,0,0,0,8,11808,1,83,0,343,352,409,414,89,89,89,89,89,89,89,89,110,22.56066895,22.56066895,25.12438011,25.12438011,0,0,0,0
1782621557,89.94332886,2683,0,333,1,0,0,0,8,11816,1,83,0,342,350,408,412,89,89,89,89,89,89,89,89,110,22.56066895,22.56066895,25.12438011,25.12438011,0,0,0,0
1782621557,89.99275208,2685,0,333,1,0,0,0,8,11824,1,84,0,340,349,406,410,89,89,89,89,89,89,89,89,110,22.56066895,22.56066895,25.12438011,25.12438011,0,0,0,0
1782621557,90.0442276,2686,0,333,1,0,0,0,8,11830,1,84,0,339,347,405,409,89,89,89,89,89,89,89,89,110,22.56066895,22.56066895,25.12438011,25.12438011,0,0,0,0
1782621557,90.09552765,2688,0,333,1,0,0,0,8,11836,1,84,0,337,346,403,407,89,89,89,89,89,89,89,89,110,22.56066895,22.56066895,25.12438011,25.12438011,0,0,0,0
1782621557,90.14466858,2689,0,333,1,0,0,0,8,11842,1,84,0,336,344,402,406,89,89,89,89,89,89,89,89,110,22.56066895,22.56066895,25.12438011,25.12438011,0,0,0,0
1782621557,90.19448853,2691,0,334,1,0,0,0,8,11848,1,85,0,334,342,400,404,89,89,89,89,89,89,89,89,110,22.56066895,22.56066895,25.12438011,25.12438011,0,0,0,0
1782621557,90.24472809,2692,0,334,1,0,0,0,8,11854,1,85,0,333,341,399,403,89,89,89,89,89,89,89,89,110,22.56066895,22.56066895,25.12438011,25.12438011,0,0,0,0
1782621557,90.29579926,2694,0,334,1,0,0,0,8,11859,1,85,0,331,339,397,401,89,89,89,89,89,89,89,89,110,22.56066895,22.56066895,25.12438011,25.12438011,0,0,0,0
1782621558,90.34493256,2695,0,334,1,0,0,0,8,11869,1,85,0,330,338,396,400,89,89,89,89,89,89,89,89,110,22.56066895,22.56066895,25.12438011,25.12438011,0,0,0,0
1782621558,90.39309692,2697,0,334,1,0,0,0,8,11878,1,86,0,328,336,394,398,89,89,89,89,89,89,89,89,110,22.56066895,22.56066895,25.12438011,25.12438011,0,0,0,0
1782621558,90.44104767,2698,0,334,1,0,0,0,8,11882,1,86,0,327,335,393,397,89,89,89,89,89,89,89,89,110,22.56066895,22.56066895,25.12438011,25.12438011,0,0,0,0
1782621558,90.50158691,2700,0,335,1,0,0,0,8,11884,1,86,0,325,333,391,395,89,89,89,89,89,89,89,89,110,22.56066895,22.56066895,25.12438011,25.12438011,0,0,0,0
1782621558,90.54878235,2701,0,335,1,0,0,0,8,11888,1,86,0,324,332,390,394,89,89,89,89,89,89,89,89,110,22.56066895,22.56066895,25.12438011,25.12438011,0,0,0,0
1782621558,90.59583282,2703,0,335,1,0,0,0,8,11897,1,87,0,322,330,388,392,89,89,89,89,89,89,89,89,110,22.56066895,22.56066895,25.12438011,25.12438011,0,0,0,0
1782621558,90.64318848,2704,0,335,1,0.001410841,0,0,8,11905,1,87,0,321,329,387,391,89,89,89,89,89,89,89,89,110,22.56066895,22.56066895,25.12438011,25.12438011,0,0,0,0
1782621558,90.69216156,2706,0,335,1,0.00769957,0,0,8,11908,1,87,0,320,327,385,389,89,89,89,89,89,89,89,89,110,22.56066895,22.56066895,25.12438011,25.12438011,0,0,0,0
1782621558,90.75240326,2707,0,335,1,0.01466079,0,0,8,11913,1,87,0,318,325,383,387,89,89,89,89,89,89,89,89,110,22.56066895,22.56066895,25.12438011,25.12438011,0,0,0,0
1782621558,90.80125427,2709,0,335,1,0.016465427,0,0,8,11916,1,87,0,317,324,382,386,89,89,89,89,89,89,89,89,110,22.56066895,22.56066895,25.12438011,25.12438011,0,0,0,0
1782621558,90.8504715,2710,0,336,1,0.004561609,0,0,8,11921,1,88,0,315,323,381,385,89,89,89,89,89,89,89,89,110,22.56066895,22.56066895,25.12438011,25.12438011,0,0,0,0
1782621558,90.90009308,2712,0,336,1,0,0,0,8,11925,1,88,0,314,322,379,383,89,89,89,89,89,89,89,89,110,22.56066895,22.56066895,25.12438011,25.12438011,0,0,0,0
1782621558,90.94829559,2713,0,336,1,0,0,0,8,11930,1,88,0,312,320,378,382,89,89,89,89,89,89,89,89,110,22.56066895,22.56066895,25.12438011,25.12438011,0,0,0,0
1782621558,90.9953537,2715,0,336,1,0,0,0,8,11937,1,88,0,311,319,377,380,89,89,89,89,89,89,89,89,110,22.56066895,22.56066895,25.12438011,25.12438011,0,0,0,0
1782621558,91.04308319,2716,0,336,1,0,0,0,8,11942,1,89,0,310,317,375,379,89,89,89,89,89,89,89,89,110,22.56066895,22.56066895,25.12438011,25.12438011,0,0,0,0
1782621558,91.09175873,2718,0,336,1,0,0,0,8,11944,1,89,0,308,316,374,377,89,89,89,89,89,89,89,89,110,22.56066895,22.56066895,25.12438011,25.12438011,0,0,0,0
1782621558,91.1420517,2719,0,336,1,0,0,0,8,11948,1,89,0,307,314,372,376,89,89,89,89,89,89,89,89,110,22.56066895,22.56066895,25.12438011,25.12438011,0,0,0,0
1782621558,91.2036972,2721,0,337,1,0,0,0,8,11957,1,89,0,305,313,370,374,89,89,89,89,89,89,89,89,110,22.56066895,22.56066895,25.12438011,25.12438011,0,0,0,0
1782621558,91.25130463,2722,0,337,1,0,0,0,8,11962,1,89,0,304,312,369,373,89,89,89,89,89,89,89,89,110,22.56066895,22.56066895,25.12438011,25.12438011,0,0,0,0
1782621558,91.30004883,2724,0,337,1,0,0,0,8,11966,1,90,0,303,310,368,372,89,89,89,89,89,89,89,89,110,22.56066895,22.56066895,25.12438011,25.12438011,0,0,0,0
1782621559,91.3482132,2725,0,337,1,0,0,0,8,11970,1,90,0,301,309,367,370,89,89,89,89,89,89,89,89,110,22.56066895,22.56066895,25.12438011,25.12438011,0,0,0,0
1782621559,91.39613342,2727,0,337,1,0,0,0,8,11975,1,90,0,300,307,365,369,89,89,89,89,89,89,89,89,110,22.56066895,22.56066895,25.12438011,25.12438011,0,0,0,0
1782621559,91.44630432,2728,0,337,1,0,0,0,8,11979,1,90,0,299,306,364,368,89,89,89,89,89,89,89,89,110,22.56066895,22.56066895,25.12438011,25.12438011,0,0,0,0
1782621559,91.49915314,2730,0,337,1,0,0,0,8,11983,1,90,0,297,305,363,366,89,89,89,89,89,89,89,89,110,22.56066895,22.56066895,25.12438011,25.12438011,0,0,0,0
1782621559,91.53871155,2731,0,337,1,0,0,0,8,11987,1,90,0,296,303,361,365,89,89,89,89,89,89,89,89,110,22.56066895,22.56066895,25.12438011,25.12438011,0,0,0,0
1782621559,91.59101105,2733,0,338,1,0,0,0,8,11990,1,91,0,295,302,360,363,89,89,89,89,89,89,89,89,110,22.56066895,22.56066895,25.12438011,25.12438011,0,0,0,0
1782621559,91.64426422,2734,0,338,1,0,0,0,8,11993,1,91,0,293,301,358,362,89,89,89,89,89,89,89,89,110,22.56066895,22.56066895,25.12438011,25.12438011,0,0,0,0
1782621559,91.6989212,2736,0,338,1,0,0,0,8,11999,1,91,0,292,299,357,361,89,89,89,89,89,89,89,89,110,22.56066895,22.56066895,25.12438011,25.12438011,0,0,0,0
1782621559,91.75096893,2737,0,338,1,0,0,0,8,12007,1,91,0,291,298,356,359,89,89,89,89,89,89,89,89,110,22.56066895,22.56066895,25.12438011,25.12438011,0,0,0,0
1782621559,91.79213715,2739,0,338,1,0,0,0,8,12009,1,91,0,290,297,354,358,89,89,89,89,89,89,89,89,110,22.56066895,22.56066895,25.12438011,25.12438011,0,0,0,0
1782621559,91.83708954,2740,0,338,1,0,0,0,8,12010,1,91,0,288,295,353,357,89,89,89,89,89,89,89,89,110,22.56066895,22.56066895,25.12438011,25.12438011,0,0,0,0
1782621559,91.8966217,2742,0,338,0.917647064,0,0,0,8,11989,1,91,0,287,294,352,355,89,89,89,89,89,89,89,89,110,22.56066895,22.56066895,25.12438011,25.12438011,0,0,0,0
1782621559,91.93991852,2743,0,337,0,0,0,0,8,11806,1,83,0,286,293,350,354,89,89,89,89,89,89,89,89,110,22.56066895,22.56066895,25.12438011,25.12438011,0,0,0,0
1782621559,91.99762726,2745,0,336,0,0,0,0,8,11758,1,81,0,284,291,349,353,89,89,89,89,89,89,89,89,110,22.56066895,22.56066895,25.12438011,25.12438011,0,0,0,0
1782621559,92.0417099,2746,0,334,0,0,0,0,8,11711,1,79,0,283,290,348,351,89,89,89,89,89,89,89,89,110,22.56066895,22.56066895,25.12438011,25.12438011,0,0,0,0
1782621559,92.08553314,2748,0,333,0,0,0,0,8,11664,1,77,0,282,289,346,350,89,89,89,89,89,89,89,89,110,22.56066895,22.56066895,25.12438011,25.12438011,0,0,0,0
1782621559,92.14339447,2749,0,332,0,0,0.10358762,0,8,11583,0,73,0,283,290,347,351,89,89,89,89,89,89,89,89,110,22.56066895,22.56066895,25.12438011,25.12438011,0,0,0,0
1782621559,92.18613434,2751,0,329,0,0,0.275697142,0,8,11443,0,67,0,299,305,359,363,89,89,89,89,89,89,89,89,110,22.56066895,22.56066895,25.12438011,25.12438011,0,0,0,0
1782621559,92.24193573,2752,0,325,0,0,0.569833398,0,8,11212,0,58,0,333,340,389,392,89,89,89,89,89,89,89,89,110,22.56066895,22.56066895,25.12438011,25.12438011,0,0,0,0
1782621559,92.29786682,2754,0,319,0,0,1,0,8,10869,0,46,0,384,390,436,439,89,89,89,89,89,89,89,89,110,22.56066895,22.56066895,25.12438011,25.12438011,0,0,0,0
1782621560,92.33982849,2755,0,311,0,0,1,0,8,10604,0,36,0,440,445,488,490,89,89,89,89,89,89,89,89,110,22.56066895,22.56066895,25.12438011,25.12438011,0,0,0,0
1782621560,92.39381409,2757,0,304,0,0,1,0,8,10355,0,25,0,490,495,535,537,89,89,89,89,89,89,89,89,110,22.56066895,22.56066895,25.12438011,25.12438011,0,0,0,0
1782621560,92.44493866,2758,0,297,0,0,1,0,8,10106,0,14,0,535,539,577,579,89,89,89,89,89,89,89,89,110,22.56066895,22.56066895,25.12438011,25.12438011,0,0,0,0
1782621560,92.49530029,2760,0,290,0,0,1,0,8,9856,0,2,0,575,580,615,617,89,89,89,89,89,89,89,89,110,22.56066895,22.56066895,25.12438011,25.12438011,0,0,0,0
1782621560,92.54441833,2761,0,283,0,0,1,0,8,9607,0,0,0,612,616,650,652,89,89,89,89,89,89,89,89,110,22.56066895,22.56066895,25.12438011,25.12438011,0,0,0,0
1782621560,92.59366608,2763,0,276,0,0,1,0,8,9810,0,0,0,646,650,681,683,89,89,89,89,89,89,89,89,110,22.56066895,22.56066895,25.12438011,25.12438011,0,0,0,0
1782621560,92.64353943,2764,0,270,0,0,1,0,7,10487,0,31,0,676,680,710,711,89,89,89,89,89,89,89,89,110,22.56066895,22.56066895,25.12438011,25.12438011,0,0,0,0
1782621560,92.69322205,2766,0,263,0,0,1,0,7,10021,0,10,0,704,707,735,737,89,89,89,89,89,89,89,89,110,22.56066895,22.56066895,25.12438011,25.12438011,0,0,0,0
1782621560,92.74219513,2767,0,257,0,-0.003212549,1,0,7,9727,0,0,0,729,732,759,760,89,89,89,89,89,89,89,89,110,22.56066895,22.56066895,25.12438011,25.12438011,0,0,0,0
1782621560,92.79064178,2769,0,250,0,-0.01627161,1,0,7,9449,0,0,0,751,754,780,782,89,89,89,89,89,89,89,89,110,22.56066895,22.56066895,25.12438011,25.12438011,0,0,0,0
1782621560,92.84143829,2770,0,243,0,-0.03622786,1,0,7,9181,0,0,0,772,775,799,801,89,89,89,89,89,89,89,89,110,22.56066895,22.56066895,25.12438011,25.12438011,0,0,0,0
1782621560,92.89719391,2772,0,237,0,-0.058486026,1,0,6,10266,0,21,0,790,793,817,819,89,89,89,89,89,89,89,89,110,22.56066895,22.56066895,25.12438011,25.12438011,0,0,0,0
1782621560,92.93896484,2773,0,231,0,-0.084456988,1,0,6,10216,0,19,0,808,811,833,835,89,89,89,89,89,89,89,89,110,22.56066895,22.56066895,25.12438011,25.12438011,0,0,0,0
1782621560,92.99054718,2775,0,226,0,-0.115251824,1,0,6,9873,0,3,0,824,826,848,850,89,89,89,89,89,89,89,89,110,22.56066895,22.56066895,25.12438011,25.12438011,0,0,0,0
1782621560,93.04336548,2776,0,220,0,-0.1509763,1,0,6,9647,0,0,0,838,841,861,864,89,89,89,89,89,89,89,89,110,22.56066895,22.56066895,25.12438011,25.12438011,0,0,0,0
1782621560,93.09668732,2778,0,216,0,-0.185913771,1,0,6,9571,0,0,0,851,854,874,877,89,89,89,89,89,89,89,89,110,22.56066895,22.56066895,25.12438011,25.12438011,0,0,0,0
1782621560,93.14711761,2779,0,212,0,-0.220088109,1,0,6,9393,0,0,0,864,867,885,889,89,89,89,89,89,89,89,89,110,22.56066895,22.56066895,25.12438011,25.12438011,0,0,0,0
1782621560,93.19560242,2781,0,208,0,-0.253713071,1,0,6,9540,0,0,0,875,879,896,899,89,89,89,89,89,89,89,89,110,22.56066895,22.56066895,25.12438011,25.12438011,0,0,0,0
1782621560,93.24485016,2782,0,204,0,-0.286584973,1,0,5,10778,0,42,0,886,889,905,909,89,89,89,89,89,89,89,89,110,22.56066895,22.56066895,25.12438011,25.12438011,0,0,0,0
1782621560,93.29517365,2784,0,201,0,-0.318483084,1,0,5,10259,0,21,0,896,899,914,919,89,89,89,89,89,89,89,89,110,22.56066895,22.56066895,25.12438011,25.12438011,0,0,0,0
1782621561,93.34546661,2785,0,197,0,-0.34941563,1,0,5,10013,0,9,0,905,908,922,927,89,89,89,89,89,89,89,89,110,22.56066895,22.56066895,25.12438011,25.12438011,0,0,0,0
1782621561,93.39514923,2787,0,193,0,-0.343511701,1,0,5,9777,0,0,0,913,917,930,935,89,89,89,89,89,89,89,89,110,22.56066895,22.56066895,25.12438011,25.12438011,0,0,0,0
1782621561,93.44371033,2788,0,189,0,-0.252238274,1,0,5,9557,0,0,0,921,925,937,943,89,89,89,89,89,89,89,89,110,22.56066895,22.56066895,25.12438011,25.12438011,0,0,0,0
1782621561,93.49188232,2790,0,186,0.121568628,-0.151970103,0,0,5,9654,0,0,0,923,927,939,945,89,89,89,89,89,89,89,89,110,22.56066895,22.56066895,25.12438011,25.12438011,0,0,0,0
1782621561,93.5406189,2791,0,185,1,-0.06969557,0,0,5,10231,0,19,0,920,924,937,942,89,89,89,89,89,89,89,89,110,22.56066895,22.56066895,25.12438011,25.12438011,0,0,0,0
1782621561,93.59161377,2793,0,186,1,-0.006670857,0,0,5,10347,0,25,0,917,921,934,940,89,89,89,89,89,89,89,89,110,22.56066895,22.56066895,25.12438011,25.12438011,0,0,0,0
1782621561,93.64644623,2794,0,188,1,0,0,0,5,10315,0,23,0,914,918,931,937,89,89,89,89,89,89,89,89,110,22.56066895,22.56066895,25.12438011,25.12438011,0,0,0,0
1782621561,93.68743896,2796,0,189,1,-0.032147337,0,0,5,10302,0,22,0,910,915,928,935,89,89,89,89,89,89,89,89,110,22.56066895,22.56066895,25.12438011,25.12438011,0,0,1,0
1782621561,93.7405014,2797,0,191,1,-0.074241318,0,0,5,10361,0,25,0,907,912,926,932,89,89,89,89,89,89,89,89,110,22.56066895,22.56066895,25.12438011,25.12438011,1,0,0,0
1782621561,93.79150391,2799,0,193,1,-0.113977686,0,0,5,10421,0,28,0,904,909,923,929,89,89,89,89,89,89,89,89,110,22.56066895,22.56066895,25.12438011,25.12438011,1,0,0,1
1782621561,93.84210205,2800,0,194,1,-0.150886565,0,0,5,10603,0,36,0,901,905,920,926,89,89,89,89,89,89,89,89,110,22.56066895,22.56066895,25.12438011,25.12438011,0,1,0,1
1782621561,93.893013,2802,0,195,1,-0.184958681,0,0,5,10854,0,45,0,897,902,917,924,89,89,89,89,89,89,89,89,110,22.56066895,22.56066895,25.12438011,25.12438011,0,1,0,1
1782621561,93.94372559,2803,0,196,1,-0.216973305,0,0,5,10842,0,45,0,894,899,915,921,89,89,89,89,89,89,89,89,110,22.56066895,22.56066895,25.12438011,25.12438011,0,1,0,0
1782621561,93.99375153,2805,0,196,1,-0.247126222,0,0,5,10569,0,35,0,891,896,912,918,89,89,89,89,89,89,89,89,110,22.56066895,22.56066895,25.12438011,25.12438011,0,0,1,0
1782621561,94.04346466,2806,0,197,1,-0.276760846,0,0,5,10771,0,42,0,888,892,909,915,89,89,89,89,89,89,89,89,110,22.56066895,22.56066895,25.12438011,25.12438011,1,0,0,0
1782621561,94.09383392,2808,0,197,1,-0.305476844,0,0,5,10924,0,48,0,885,889,906,913,89,89,89,89,89,89,89,89,110,22.56066895,22.56066895,25.12438011,25.12438011,0,0,0,0
1782621561,94.14273071,2809,0,198,1,-0.333108574,0,0,5,10952,0,49,0,881,886,904,910,89,89,89,89,89,89,89,89,110,22.56066895,22.56066895,25.12438011,25.12438011,0,0,0,0
1782621561,94.20294952,2811,0,199,1,-0.368227005,0,0,5,10948,0,48,0,877,882,900,906,89,89,89,89,89,89,89,89,110,22.56066895,22.56066895,25.12438011,25.12438011,0,0,0,0
1782621561,94.24009705,2812,0,199,1,-0.310726166,0,0,5,11002,0,49,0,875,880,898,904,89,89,89,89,89,89,89,89,110,22.56066895,22.56066895,25.12438011,25.12438011,0,0,0,0
1782621561,94.29380035,2814,0,200,1,-0.236533239,0,0,5,11071,0,53,0,872,876,896,902,89,89,89,89,89,89,89,89,110,22.56066895,22.56066895,25.12438011,25.12438011,0,0,0,0
1782621562,94.34832001,2815,0,201,1,-0.253955185,0,0,5,11115,0,54,0,869,873,893,899,89,89,89,89,89,89,89,89,110,22.56066895,22.56066895,25.12438011,25.12438011,0,0,0,0
1782621562,94.38819885,2817,0,201,1,-0.282096893,0,0,5,11170,0,56,0,865,870,890,896,89,89,89,89,89,89,89,89,110,22.56066895,22.56066895,25.12438011,25.12438011,0,0,0,0
1782621562,94.4407959,2818,0,202,1,-0.227346465,0,0,5,11255,0,59,0,862,867,887,893,89,89,89,89,89,89,89,89,110,22.56066895,22.56066895,25.12438011,25.12438011,0,0,0,0
1782621562,94.49382019,2820,0,203,1,-0.175276965,0,0,5,11338,0,62,0,859,864,885,891,89,89,89,89,89,89,89,89,110,22.56066895,22.56066895,25.12438011,25.12438011,0,0,0,0
1782621562,94.54571533,2821,0,204,1,-0.12533994,0,0,5,11416,0,66,0,856,860,882,888,89,89,89,89,89,89,89,89,110,22.56066895,22.56066895,25.12438011,25.12438011,0,0,0,1
1782621562,94.59835052,2823,0,205,1,-0.056994759,0,0,5,11422,0,66,0,853,858,879,886,89,89,89,89,89,89,89,89,110,22.56066895,22.56066895,25.12438011,25.12438011,0,1,0,1
1782621562,94.63867188,2824,0,206,1,-0.004627733,0,0,5,11324,0,62,0,850,857,876,885,89,89,89,89,89,89,89,89,110,22.56066895,22.56066895,25.12438011,25.12438011,0,1,0,0
1782621562,94.69091797,2826,0,208,1,0,0,0,5,11264,0,60,0,846,854,874,882,89,89,89,89,89,89,89,89,110,22.56066895,22.56066895,25.12438011,25.12438011,0,0,1,0
1782621562,94.75174713,2827,0,209,0.235294119,0,0,0,5,11040,0,52,0,843,851,871,879,89,89,89,89,89,89,89,89,110,22.56066895,22.56066895,25.12438011,25.12438011,1,0,1,0
1782621562,94.8000946,2829,0,208,0,0,0,0,5,10909,0,47,0,840,848,868,877,89,89,89,89,89,89,89,89,110,22.56066895,22.56066895,25.12438011,25.12438011,1,0,1,0
1782621562,94.85009766,2830,0,208,0,0,0,0,5,10869,0,46,0,837,845,866,874,89,89,89,89,89,89,89,89,110,22.56066895,22.56066895,25.12438011,25.12438011,1,0,1,0
1782621562,94.88863373,2832,0,207,0,0.055522691,0,0,5,10828,0,44,0,834,842,863,871,89,89,89,89,89,89,89,89,110,22.56066895,22.56066895,25.12438011,25.12438011,1,0,1,0
1782621562,94.93972778,2834,0,206,0,0.090332456,0,0,5,10786,0,43,0,831,839,860,869,89,89,89,89,89,89,89,89,110,22.56066895,22.56066895,25.12438011,25.12438011,1,0,1,0
1782621562,94.99015045,2836,0,205,0,0.122939728,0,0,5,10741,0,41,0,828,835,858,866,89,89,89,89,89,89,89,89,110,22.56066895,22.56066895,25.12438011,25.12438011,1,0,1,0
1782621562,95.04045868,2837,0,204,0,0.153339028,0,0,5,10692,0,39,0,825,832,855,863,89,89,89,89,89,89,89,89,110,22.56066895,22.56066895,25.12438011,25.12438011,1,0,1,0
1782621562,95.0914917,2839,0,203,0,0.182175472,0,0,5,10634,0,37,0,822,829,852,861,89,89,89,89,89,89,89,89,110,22.56066895,22.56066895,25.12438011,25.12438011,1,0,1,0
1782621562,95.14269257,2840,0,202,0,0.210522488,0,0,5,10571,0,35,0,819,826,850,858,89,89,89,89,89,89,89,89,110,22.56066895,22.56066895,25.12438011,25.12438011,1,0,1,0
1782621562,95.19380188,2842,0,201,0,0.238255829,0,0,5,10504,0,33,0,816,823,847,855,89,89,89,89,89,89,89,89,110,22.56066895,22.56066895,25.12438011,25.12438011,1,0,0,0
1782621562,95.24419403,2843,0,199,0,0.265494555,0,0,5,10437,0,29,0,813,820,845,853,89,89,89,89,89,89,89,89,110,22.56066895,22.56066895,25.12438011,25.12438011,0,0,0,1
1782621562,95.2957077,2845,0,198,0,0.292549968,0,0,5,10368,0,25,0,810,817,842,850,89,89,89,89,89,89,89,89,110,22.56066895,22.56066895,25.12438011,25.12438011,0,1,0,0
1782621563,95.34677124,2846,0,196,0,0.319637388,0,0,5,10254,0,20,0,808,814,841,848,89,89,89,89,89,89,89,89,110,22.56066895,22.56066895,25.12438011,25.12438011,0,1,0,1
1782621563,95.39665985,2848,0,194,0,0.345691741,0,0,5,10167,0,16,0,806,811,838,845,89,89,89,89,89,89,89,89,110,22.56066895,22.56066895,25.12438011,25.12438011,0,1,0,1
1782621563,95.4462204,2849,0,193,0.149019614,0.370916367,0,0,5,10113,0,14,0,803,808,836,843,89,89,89,89,89,89,89,89,110,22.56066895,22.56066895,25.12438011,25.12438011,0,1,0,1
1782621563,95.4969101,2851,0,192,1,0.39524284,0,0,5,10584,0,35,0,801,806,834,840,89,89,89,89,89,89,89,89,110,22.56066895,22.56066895,25.12438011,25.12438011,0,0,0,0
1782621563,95.54804993,2852,0,192,1,0.418512881,0,0,5,10713,0,40,0,798,803,831,838,89,89,89,89,89,89,89,89,110,22.56066895,22.56066895,25.12438011,25.12438011,0,0,0,0
1782621563,95.59978485,2854,0,193,1,0.338731617,0,0,5,10773,0,42,0,795,800,829,835,89,89,89,89,89,89,89,89,110,22.56066895,22.56066895,25.12438011,25.12438011,0,0,0,0
1782621563,95.6394043,2855,0,193,1,0.264610082,0,0,5,10466,0,30,0,792,797,827,833,89,89,89,89,89,89,89,89,110,22.56066895,22.56066895,25.12438011,25.12438011,0,0,0,0
1782621563,95.69304657,2857,0,193,1,0.206444636,0,0,5,10661,0,38,0,790,794,824,830,89,89,89,89,89,89,89,89,110,22.56066895,22.56066895,25.12438011,25.12438011,0,0,0,0
1782621563,95.74377441,2858,0,194,1,0.211389512,0,0,5,10712,0,40,0,787,791,822,828,89,89,89,89,89,89,89,89,110,22.56066895,22.56066895,25.12438011,25.12438011,0,0,0,0
1782621563,95.80370331,2860,0,195,1,0.252554864,0,0,5,10775,0,42,0,783,788,818,824,89,89,89,89,89,89,89,89,110,22.56066895,22.56066895,25.12438011,25.12438011,0,0,0,0
1782621563,95.8409729,2861,0,196,1,0.272176713,0,0,5,10804,0,43,0,781,786,817,823,89,89,89,89,89,89,89,89,110,22.56066895,22.56066895,25.12438011,25.12438011,0,0,0,0
1782621563,95.89189911,2863,0,197,1,0.300087005,0,0,5,10839,0,45,0,778,783,814,820,89,89,89,89,89,89,89,89,110,22.56066895,22.56066895,25.12438011,25.12438011,0,0,0,0
1782621563,95.94217682,2864,0,198,1,0.325957268,0,0,5,10876,0,46,0,776,780,812,818,89,89,89,89,89,89,89,89,110,22.56066895,22.56066895,25.12438011,25.12438011,0,0,0,0
1782621563,95.99240112,2866,0,198,1,0.35058105,0,0,5,10953,0,49,0,773,777,809,815,89,89,89,89,89,89,89,89,110,22.56066895,22.56066895,25.12438011,25.12438011,0,0,0,0
1782621563,96.04275513,2867,0,199,1,0.374401033,0,0,5,11039,0,52,0,770,774,807,813,89,89,89,89,89,89,89,89,110,22.56066895,22.56066895,25.12438011,25.12438011,0,0,0,0
1782621563,96.09371185,2869,0,200,1,0.397778481,0,0,5,11122,0,55,0,767,772,805,810,89,89,89,89,89,89,89,89,110,22.56066895,22.56066895,25.12438011,25.12438011,0,0,0,0
1782621563,96.14234924,2870,0,200,1,0.387424856,0,0,5,11179,0,57,0,765,769,803,808,89,89,89,89,89,89,89,89,110,22.56066895,22.56066895,25.12438011,25.12438011,0,0,0,0
1782621563,96.19119263,2872,0,201,1,0.312179625,0,0,5,11197,0,57,0,764,766,801,806,89,89,89,89,89,89,89,89,110,22.56066895,22.56066895,25.12438011,25.12438011,0,0,0,0
1782621563,96.24047852,2873,0,201,1,0.241998598,0,0,5,11221,0,58,0,763,763,800,803,89,89,89,89,89,89,89,89,110,22.56066895,22.56066895,25.12438011,25.12438011,0,0,0,0
1782621563,96.29072571,2875,0,201,1,0.1781286,0,0,5,11234,0,59,0,761,761,799,801,89,89,89,89,89,89,89,89,110,22.56066895,22.56066895,25.12438011,25.12438011,0,0,0,0
1782621564,96.34008026,2876,0,202,1,0.120033093,0,0,5,11251,0,59,0,760,758,797,798,89,89,89,89,89,89,89,89,110,22.56066895,22.56066895,25.12438011,25.12438011,0,0,0,0
1782621564,96.40093231,2878,0,203,1,0.067186885,0,0,5,11243,0,59,0,760,755,797,796,89,89,89,89,89,89,89,89,110,22.56066895,22.56066895,25.12438011,25.12438011,0,0,0,0
1782621564,96.449646,2879,0,203,1,0.019148009,0,0,5,11195,0,57,0,759,752,796,793,89,89,89,89,89,89,89,89,110,22.56066895,22.56066895,25.12438011,25.12438011,0,0,0,0
1782621564,96.49929047,2881,0,203,0.243137255,-0.016293461,0,0,5,10681,0,39,0,758,749,794,791,89,89,89,89,89,89,89,89,110,22.56066895,22.56066895,25.12438011,25.12438011,0,0,0,0
1782621564,96.54805756,2882,0,202,0,-0.056127537,0,0,5,10581,0,35,0,755,747,792,788,89,89,89,89,89,89,89,89,110,22.56066895,22.56066895,25.12438011,25.12438011,0,0,0,0
1782621564,96.59718323,2884,0,201,0,-0.090621553,0,0,5,10543,0,34,0,752,744,789,786,89,89,89,89,89,89,89,89,110,22.56066895,22.56066895,25.12438011,25.12438011,0,0,0,0
1782621564,96.64769745,2885,0,201,0,-0.12348517,0,0,5,10502,0,33,0,749,741,787,784,89,89,89,89,89,89,89,89,110,22.56066895,22.56066895,25.12438011,25.12438011,0,0,0,0
1782621564,96.698349,2887,0,200,0,-0.154190838,0,0,5,10453,0,29,0,747,739,785,781,89,89,89,89,89,89,89,89,110,22.56066895,22.56066895,25.12438011,25.12438011,0,0,0,0
1782621564,96.74729156,2888,0,199,0,-0.183639318,0,0,5,10397,0,27,0,744,736,782,779,89,89,89,89,89,89,89,89,110,22.56066895,22.56066895,25.12438011,25.12438011,0,0,0,0
1782621564,96.79646301,2890,0,197,0,-0.212606996,0,0,5,10335,0,24,0,741,734,780,777,89,89,89,89,89,89,89,89,110,22.56066895,22.56066895,25.12438011,25.12438011,0,0,0,0
1782621564,96.84620667,2891,0,196,0,-0.241079569,0,0,5,10269,0,21,0,739,731,778,775,89,89,89,89,89,89,89,89,110,22.56066895,22.56066895,25.12438011,25.12438011,0,0,0,0
1782621564,96.89833832,2893,0,195,0,-0.269163579,0,0,5,10195,0,18,0,736,729,775,773,89,89,89,89,89,89,89,89,110,22.56066895,22.56066895,25.12438011,25.12438011,0,0,0,0
1782621564,96.94972229,2894,0,193,0.254901975,-0.29692331,0,0,5,10183,0,17,0,733,727,773,770,89,89,89,89,89,89,89,89,110,22.56066895,22.56066895,25.12438011,25.12438011,0,0,0,0
1782621564,96.99932098,2896,0,193,1,-0.32426703,0,0,5,10603,0,36,0,731,724,771,768,89,89,89,89,89,89,89,89,110,22.56066895,22.56066895,25.12438011,25.12438011,0,0,0,0
1782621564,97.04862976,2897,0,193,1,-0.351015061,0,0,5,10758,0,42,0,728,722,768,766,89,89,89,89,89,89,89,89,110,22.56066895,22.56066895,25.12438011,25.12438011,0,0,0,0
1782621564,97.09835052,2899,0,194,1,-0.376597404,0,0,5,10786,0,43,0,726,720,766,764,89,89,89,89,89,89,89,89,110,22.56066895,22.56066895,25.12438011,25.12438011,0,0,0,0
1782621564,97.14771271,2900,0,195,1,-0.401073724,0,0,5,10831,0,44,0,723,718,764,762,89,89,89,89,89,89,89,89,110,22.56066895,22.56066895,25.12438011,25.12438011,0,0,0,0
1782621564,97.19611359,2902,0,195,1,-0.42446357,0,0,5,10929,0,48,0,720,715,762,760,89,89,89,89,89,89,89,89,110,22.56066895,22.56066895,25.12438011,25.12438011,0,0,0,0
1782621564,97.24497986,2903,0,196,1,-0.446769923,0,0,5,10742,0,41,0,718,712,759,758,89,89,89,89,89,89,89,89,110,22.56066895,22.56066895,25.12438011,25.12438011,0,0,0,0
1782621564,97.29640961,2905,0,195,1,-0.468090773,0,0,5,10621,0,37,0,715,710,757,756,89,89,89,89,89,89,89,89,110,22.56066895,22.56066895,25.12438011,25.12438011,0,0,0,0
1782621565,97.34673309,2906,0,195,1,-0.43856582,0,0,5,10895,0,47,0,713,707,755,753,89,89,89,89,89,89,89,89,110,22.56066895,22.56066895,25.12438011,25.12438011,0,0,0,0
1782621565,97.39493561,2908,0,195,1,-0.353401005,0,0,5,10949,0,48,0,710,705,753,751,89,89,89,89,89,89,89,89,110,22.56066895,22.56066895,25.12438011,25.12438011,0,0,0,0
1782621565,97.44325256,2909,0,196,1,-0.264084101,0,0,5,10941,0,48,0,708,702,750,749,89,89,89,89,89,89,89,89,110,22.56066895,22.56066895,25.12438011,25.12438011,0,0,0,0
1782621565,97.492836,2911,0,197,1,-0.175028756,0,0,5,10950,0,49,0,705,700,748,747,89,89,89,89,89,89,89,89,110,22.56066895,22.56066895,25.12438011,25.12438011,0,0,0,0
1782621565,97.54219055,2912,0,198,1,-0.095305562,0,0,5,10974,0,49,0,703,699,746,745,89,89,89,89,89,89,89,89,110,22.56066895,22.56066895,25.12438011,25.12438011,0,0,0,0
1782621565,97.60260773,2914,0,199,1,-0.015469069,0,0,5,10936,0,48,0,699,698,743,744,89,89,89,89,89,89,89,89,110,22.56066895,22.56066895,25.12438011,25.12438011,0,0,0,0
1782621565,97.64064789,2915,0,200,1,0,0,0,5,10913,0,47,0,698,697,741,743,89,89,89,89,89,89,89,89,110,22.56066895,22.56066895,25.12438011,25.12438011,0,0,0,0
1782621565,97.69306946,2917,0,201,1,-0.00737655,0,0,5,10922,0,48,0,695,695,739,741,89,89,89,89,89,89,89,89,110,22.56066895,22.56066895,25.12438011,25.12438011,0,0,0,0
1782621565,97.74380493,2918,0,203,1,-0.029197251,0,0,5,10982,0,50,0,693,692,737,739,89,89,89,89,89,89,89,89,110,22.56066895,22.56066895,25.12438011,25.12438011,0,0,0,0
1782621565,97.79584503,2920,0,205,1,-0.050771132,0,0,5,11064,0,53,0,690,690,735,737,89,89,89,89,89,89,89,89,110,22.56066895,22.56066895,25.12438011,25.12438011,0,0,0,0
1782621565,97.84819031,2921,0,206,1,-0.07125394,0,0,5,11146,0,55,0,687,687,732,734,89,89,89,89,89,89,89,89,110,22.56066895,22.56066895,25.12438011,25.12438011,0,0,0,0
1782621565,97.90011597,2923,0,208,1,-0.041751601,0,0,5,11229,0,58,0,685,685,730,732,89,89,89,89,89,89,89,89,110,22.56066895,22.56066895,25.12438011,25.12438011,0,0,0,0
1782621565,97.93913269,2924,0,209,1,-0.000857292,0,0,5,11303,0,61,0,682,683,728,731,89,89,89,89,89,89,89,89,110,22.56066895,22.56066895,25.12438011,25.12438011,0,0,0,0
1782621565,97.98987579,2926,0,211,1,0,0,0,5,11389,0,64,0,680,681,726,728,89,89,89,89,89,89,89,89,110,22.56066895,22.56066895,25.12438011,25.12438011,0,0,0,0
1782621565,98.03948212,2927,0,213,1,-0.002816287,0,0,5,11465,0,68,0,677,678,723,726,89,89,89,89,89,89,89,89,110,22.56066895,22.56066895,25.12438011,25.12438011,0,0,0,0
1782621565,98.09165955,2929,0,214,1,-0.022884902,0,0,5,11543,0,72,0,675,675,721,724,89,89,89,89,89,89,89,89,110,22.56066895,22.56066895,25.12438011,25.12438011,0,0,0,0
1782621565,98.1457901,2930,0,216,1,-0.041904278,0,0,5,11618,0,75,0,672,673,719,721,89,89,89,89,89,89,89,89,110,22.56066895,22.56066895,25.12438011,25.12438011,0,0,0,0
1782621565,98.19959259,2932,0,217,1,-0.013969257,0,0,5,11692,0,78,0,670,670,716,719,89,89,89,89,89,89,89,89,110,22.56066895,22.56066895,25.12438011,25.12438011,0,0,0,0
1782621565,98.25049591,2933,0,219,1,0,0,0,5,11772,0,81,0,667,668,714,717,89,89,89,89,89,89,89,89,110,22.56066895,22.56066895,25.12438011,25.12438011,0,0,0,0
1782621565,98.30019379,2935,0,220,1,0,0,0,5,11861,0,85,0,664,665,712,715,89,89,89,89,89,89,89,89,110,22.56066895,22.56066895,25.12438011,25.12438011,0,0,0,0
1782621566,98.35057068,2936,0,222,1,0,0,0,5,11955,0,89,0,662,663,710,712,89,89,89,89,89,89,89,89,110,22.56066895,22.56066895,25.12438011,25.12438011,0,0,0,0
1782621566,98.38976288,2938,0,223,1,-0.006384875,0,0,5,12030,0,92,0,659,660,707,710,89,89,89,89,89,89,89,89,110,22.56066895,22.56066895,25.12438011,25.12438011,0,0,0,0
1782621566,98.44107056,2939,0,224,1,-0.027605709,0,0,6,11013,0,51,0,657,658,705,708,89,89,89,89,89,89,89,89,110,22.56066895,22.56066895,25.12438011,25.12438011,0,0,0,0
1782621566,98.49132538,2941,0,226,1,-0.056375049,0,0,6,10524,0,33,0,654,655,703,705,89,89,89,89,89,89,89,89,110,22.56066895,22.56066895,25.12438011,25.12438011,0,0,0,0
1782621566,98.54079437,2942,0,228,1,-0.086390987,0,0,6,10573,0,35,0,652,653,700,703,89,89,89,89,89,89,89,89,110,22.56066895,22.56066895,25.12438011,25.12438011,0,0,0,0
1782621566,98.59060669,2944,0,229,1,-0.114434302,0,0,6,10646,0,38,0,649,650,698,701,89,89,89,89,89,89,89,89,110,22.56066895,22.56066895,25.12438011,25.12438011,0,0,0,0
1782621566,98.6415329,2945,0,230,1,-0.140204549,0,0,6,10737,0,41,0,647,648,696,699,89,89,89,89,89,89,89,89,110,22.56066895,22.56066895,25.12438011,25.12438011,0,0,0,1
1782621566,98.69232941,2947,0,231,1,-0.086551249,0,0,6,10801,0,43,0,644,648,693,698,89,89,89,89,89,89,89,89,110,22.56066895,22.56066895,25.12438011,25.12438011,0,1,0,1
1782621566,98.74206543,2948,0,232,1,-0.031803034,0,0,6,10839,0,45,0,641,648,691,698,89,89,89,89,89,89,89,89,110,22.56066895,22.56066895,25.12438011,25.12438011,0,1,0,1
1782621566,98.80228424,2950,0,233,1,0,0,0,6,10840,0,45,0,638,647,688,697,89,89,89,89,89,89,89,89,110,22.56066895,22.56066895,25.12438011,25.12438011,0,1,0,1
1782621566,98.85028839,2951,0,234,1,0,0,0,6,10889,0,46,0,636,645,687,695,89,89,89,89,89,89,89,89,110,22.56066895,22.56066895,25.12438011,25.12438011,0,1,0,0
1782621566,98.89968872,2953,0,235,1,0,0,0,6,10964,0,49,0,634,643,684,693,89,89,89,89,89,89,89,89,110,22.56066895,22.56066895,25.12438011,25.12438011,0,0,0,0
1782621566,98.94895935,2954,0,237,1,0,0,0,6,11055,0,52,0,631,640,682,690,89,89,89,89,89,89,89,89,110,22.56066895,22.56066895,25.12438011,25.12438011,0,0,0,0
1782621566,98.99721527,2956,0,238,1,0,0,0,6,11076,0,53,0,629,637,680,688,89,89,89,89,89,89,89,89,110,22.56066895,22.56066895,25.12438011,25.12438011,0,0,0,0
1782621566,99.04537201,2957,0,239,1,0,0,0,6,11120,0,55,0,626,635,677,686,89,89,89,89,89,89,89,89,110,22.56066895,22.56066895,25.12438011,25.12438011,0,0,0,0
1782621566,99.09407043,2959,0,241,1,0,0,0,6,11182,0,57,0,624,632,675,684,89,89,89,89,89,89,89,89,110,22.56066895,22.56066895,25.12438011,25.12438011,0,0,0,0
1782621566,99.14427948,2960,0,242,1,0,0,0,6,11239,0,59,0,621,630,673,681,89,89,89,89,89,89,89,89,110,22.56066895,22.56066895,25.12438011,25.12438011,0,0,0,0
1782621566,99.19469452,2962,0,243,1,0,0,0,6,11297,0,61,0,619,627,671,679,89,89,89,89,89,89,89,89,110,22.56066895,22.56066895,25.12438011,25.12438011,0,0,0,0
1782621566,99.24494934,2963,0,244,1,0,0,0,6,11348,0,63,0,616,625,668,677,89,89,89,89,89,89,89,89,110,22.56066895,22.56066895,25.12438011,25.12438011,0,0,0,0
1782621566,99.29471588,2965,0,246,1,0.011330443,0,0,6,11397,0,64,0,614,622,666,674,89,89,89,89,89,89,89,89,110,22.56066895,22.56066895,25.12438011,25.12438011,0,0,0,0
1782621567,99.34447479,2966,0,247,1,0.031859521,0,0,6,11449,0,68,0,611,619,664,672,89,89,89,89,89,89,89,89,110,22.56066895,22.56066895,25.12438011,25.12438011,0,0,0,0
1782621567,99.39332581,2968,0,248,1,0.034116149,0,0,6,11502,0,70,0,609,617,662,670,89,89,89,89,89,89,89,89,110,22.56066895,22.56066895,25.12438011,25.12438011,0,0,0,0
1782621567,99.44147491,2969,0,249,1,0.003711891,0,0,6,11550,0,72,0,607,614,660,667,89,89,89,89,89,89,89,89,110,22.56066895,22.56066895,25.12438011,25.12438011,0,0,0,0
1782621567,99.4900589,2971,0,250,1,0,0,0,6,11604,0,74,0,604,612,657,665,89,89,89,89,89,89,89,89,110,22.56066895,22.56066895,25.12438011,25.12438011,0,0,0,0
1782621567,99.55076599,2972,0,251,1,0,0,0,6,11655,0,76,0,602,609,655,663,89,89,89,89,89,89,89,89,110,22.56066895,22.56066895,25.12438011,25.12438011,0,0,0,0
1782621567,99.6000061,2974,0,252,1,0,0,0,6,11702,0,78,0,599,607,653,660,89,89,89,89,89,89,89,89,110,22.56066895,22.56066895,25.12438011,25.12438011,0,0,0,0
1782621567,99.63887787,2975,0,254,1,0,0,0,6,11747,0,80,0,597,604,650,658,89,89,89,89,89,89,89,89,110,22.56066895,22.56066895,25.12438011,25.12438011,0,0,0,0
1782621567,99.69332886,2977,0,255,1,0,0,0,6,11791,0,82,0,594,602,648,656,89,89,89,89,89,89,89,89,110,22.56066895,22.56066895,25.12438011,25.12438011,0,0,0,0
1782621567,99.74677277,2978,0,256,1,0,0,0,6,11837,0,84,0,592,599,646,654,89,89,89,89,89,89,89,89,110,22.56066895,22.56066895,25.12438011,25.12438011,0,0,0,0
1782621567,99.79877472,2980,0,257,1,0,0,0,7,10841,0,45,0,589,597,644,651,89,89,89,89,89,89,89,89,110,22.56066895,22.56066895,25.12438011,25.12438011,0,0,0,0
1782621567,99.83822632,2981,0,258,1,0,0,0,7,10374,0,26,0,587,594,641,649,89,89,89,89,89,89,89,89,110,22.56066895,22.56066895,25.12438011,25.12438011,0,0,0,0
1782621567,99.89190674,2983,0,259,1,0,0,0,7,10413,0,28,0,584,592,639,647,89,89,89,89,89,89,89,89,110,22.56066895,22.56066895,25.12438011,25.12438011,0,0,0,0
1782621567,99.94513702,2984,0,260,1,0,0,0,7,10451,0,29,0,582,589,637,645,89,89,89,89,89,89,89,89,110,22.56066895,22.56066895,25.12438011,25.12438011,0,0,0,0
1782621567,99.99693298,2986,0,261,1,0,0,0,7,10491,0,31,0,579,587,635,642,89,89,89,89,89,89,89,89,110,22.56066895,22.56066895,25.12438011,25.12438011,0,0,0,0
1782621567,100.037468,2987,0,262,1,0,0,0,7,10530,0,34,0,577,584,632,640,89,89,89,89,89,89,89,89,110,22.56066895,22.56066895,25.12438011,25.12438011,0,0,0,0
1782621567,100.0938034,2989,0,263,1,0,0,0,7,10567,0,35,0,574,582,630,638,89,89,89,89,89,89,89,89,110,22.56066895,22.56066895,25.12438011,25.12438011,0,0,0,0
1782621567,100.1480179,2990,0,264,1,0,0,0,7,10605,0,36,0,572,579,628,635,89,89,89,89,89,89,89,89,110,22.56066895,22.56066895,25.12438011,25.12438011,0,0,0,0
1782621567,100.1874619,2992,0,265,1,0,0,0,7,10644,0,38,0,570,577,626,633,89,89,89,89,89,89,89,89,110,22.56066895,22.56066895,25.12438011,25.12438011,0,0,0,0
1782621567,100.240799,2993,0,266,1,0,0,0,7,10681,0,39,0,567,575,624,631,89,89,89,89,89,89,89,89,110,22.56066895,22.56066895,25.12438011,25.12438011,0,0,0,0
1782621567,100.2831879,2995,0,266,1,0,0,0,7,10703,0,40,0,566,573,622,629,89,89,89,89,89,89,89,89,110,22.56066895,22.56066895,25.12438011,25.12438011,0,0,0,0
1782621568,100.3411026,2996,0,268,1,0,0,0,7,10746,0,41,0,562,570,619,627,89,89,89,89,89,89,89,89,110,22.56066895,22.56066895,25.12438011,25.12438011,0,0,0,0
1782621568,100.3972855,2998,0,268,1,0,0,0,7,10782,0,43,0,560,567,617,624,89,89,89,89,89,89,89,89,110,22.56066895,22.56066895,25.12438011,25.12438011,0,0,0,0
1782621568,100.4389725,2999,0,269,1,0,0,0,7,10820,0,44,0,558,565,615,622,89,89,89,89,89,89,89,89,110,22.56066895,22.56066895,25.12438011,25.12438011,0,0,0,0
1782621568,100.4941177,3001,0,270,1,0,0,0,7,10856,0,45,0,555,562,613,620,89,89,89,89,89,89,89,89,110,22.56066895,22.56066895,25.12438011,25.12438011,0,0,0,0
1782621568,100.5459061,3002,0,271,1,0,0,0,7,10889,0,46,0,553,560,610,618,89,89,89,89,89,89,89,89,110,22.56066895,22.56066895,25.12438011,25.12438011,0,0,0,0
1782621568,100.5960846,3004,0,272,1,0,0,0,7,10923,0,48,0,551,558,608,615,89,89,89,89,89,89,89,89,110,22.56066895,22.56066895,25.12438011,25.12438011,0,0,0,0
1782621568,100.6468277,3005,0,273,1,0,0,0,7,10957,0,49,0,548,555,606,613,89,89,89,89,89,89,89,89,110,22.56066895,22.56066895,25.12438011,25.12438011,0,0,0,0
1782621568,100.6965561,3007,0,274,1,0,0,0,7,10990,0,50,0,546,553,604,611,89,89,89,89,89,89,89,89,110,22.56066895,22.56066895,25.12438011,25.12438011,0,0,0,0
1782621568,100.746048,3008,0,275,1,0,0,0,7,11022,0,51,0,543,551,602,609,89,89,89,89,89,89,89,89,110,22.56066895,22.56066895,25.12438011,25.12438011,0,0,0,0
1782621568,100.7946701,3010,0,275,1,0,0,0,7,11053,0,52,0,541,548,599,607,89,89,89,89,89,89,89,89,110,22.56066895,22.56066895,25.12438011,25.12438011,0,0,0,0
1782621568,100.8443451,3011,0,276,1,0,0,0,7,11086,0,53,0,539,546,597,604,89,89,89,89,89,89,89,89,110,22.56066895,22.56066895,25.12438011,25.12438011,0,0,0,0
1782621568,100.8938599,3013,0,277,1,0,0,0,7,11120,0,55,0,536,543,595,602,89,89,89,89,89,89,89,89,110,22.56066895,22.56066895,25.12438011,25.12438011,0,0,0,0
1782621568,100.9423828,3014,0,278,1,0,0,0,7,11153,0,56,0,534,541,593,600,89,89,89,89,89,89,89,89,110,22.56066895,22.56066895,25.12438011,25.12438011,0,0,0,0
1782621568,100.99086,3016,0,279,1,0,0,0,7,11181,0,57,0,532,539,591,598,89,89,89,89,89,89,89,89,110,22.56066895,22.56066895,25.12438011,25.12438011,0,0,0,0
1782621568,101.0515747,3017,0,279,1,-0.019150281,0,0,7,11204,0,58,0,530,536,589,596,89,89,89,89,89,89,89,89,110,22.56066895,22.56066895,25.12438011,25.12438011,0,0,0,0
1782621568,101.0993881,3019,0,280,1,-0.033806439,0,0,7,11234,0,59,0,527,534,587,594,89,89,89,89,89,89,89,89,110,22.56066895,22.56066895,25.12438011,25.12438011,0,0,0,0
1782621568,101.1476898,3020,0,281,1,0,0,0,7,11265,0,60,0,525,532,584,591,89,89,89,89,89,89,89,89,110,22.56066895,22.56066895,25.12438011,25.12438011,0,0,0,0
1782621568,101.1955719,3022,0,282,1,0,0,0,7,11302,0,61,0,523,530,582,589,89,89,89,89,89,89,89,89,110,22.56066895,22.56066895,25.12438011,25.12438011,0,0,0,0
1782621568,101.2455521,3023,0,282,1,0,0,0,7,11332,0,62,0,520,527,580,587,89,89,89,89,89,89,89,89,110,22.56066895,22.56066895,25.12438011,25.12438011,0,0,0,0
1782621568,101.2977066,3025,0,283,1,0,0,0,7,11357,0,63,0,518,525,578,585,89,89,89,89,89,89,89,89,110,22.56066895,22.56066895,25.12438011,25.12438011,0,0,0,0
1782621569,101.3486633,3026,0,284,1,0,0,0,7,11381,0,64,0,516,523,576,583,89,89,89,89,89,89,89,89,110,22.56066895,22.56066895,25.12438011,25.12438011,0,0,0,0
1782621569,101.3982162,3028,0,285,1,0,0,0,7,11408,0,66,0,514,520,574,581,89,89,89,89,89,89,89,89,110,22.56066895,22.56066895,25.12438011,25.12438011,0,0,0,0
1782621569,101.4482269,3029,0,285,1,0,0,0,7,11437,0,67,0,511,518,572,579,89,89,89,89,89,89,89,89,110,22.56066895,22.56066895,25.12438011,25.12438011,0,0,0,0
1782621569,101.4997864,3031,0,286,1,0,0,0,7,11463,0,68,0,509,516,570,577,89,89,89,89,89,89,89,89,110,22.56066895,22.56066895,25.12438011,25.12438011,0,0,0,0
1782621569,101.5501862,3032,0,287,1,0.005327592,0,0,7,11488,0,69,0,507,514,568,574,89,89,89,89,89,89,89,89,110,22.56066895,22.56066895,25.12438011,25.12438011,0,0,0,0
1782621569,101.5994415,3034,0,287,1,0,0,0,7,11515,0,70,0,505,511,566,572,89,89,89,89,89,89,89,89,110,22.56066895,22.56066895,25.12438011,25.12438011,0,0,0,0
1782621569,101.6499481,3035,0,288,1,0,0,0,7,11541,0,72,0,503,509,563,570,89,89,89,89,89,89,89,89,110,22.56066895,22.56066895,25.12438011,25.12438011,0,0,0,0
1782621569,101.6995468,3037,0,289,1,0,0,0,7,11566,0,73,0,500,507,561,568,89,89,89,89,89,89,89,89,110,22.56066895,22.56066895,25.12438011,25.12438011,0,0,0,0
1782621569,101.7492676,3038,0,289,1,0,0,0,7,11593,0,74,0,498,505,559,566,89,89,89,89,89,89,89,89,110,22.56066895,22.56066895,25.12438011,25.12438011,0,0,0,0
1782621569,101.7985687,3040,0,290,1,0,0,0,7,11620,0,75,0,496,502,557,564,89,89,89,89,89,89,89,89,110,22.56066895,22.56066895,25.12438011,25.12438011,0,0,0,0
1782621569,101.8481445,3041,0,291,1,0,0,0,7,11644,0,76,0,494,500,555,562,89,89,89,89,89,89,89,89,110,22.56066895,22.56066895,25.12438011,25.12438011,0,0,0,0
1782621569,101.8875885,3043,0,291,1,0,0,0,7,11662,0,77,0,492,498,553,560,89,89,89,89,89,89,89,89,110,22.56066895,22.56066895,25.12438011,25.12438011,0,0,0,0
1782621569,101.9514542,3044,0,292,1,0,0,0,7,11684,0,78,0,490,496,551,558,89,89,89,89,89,89,89,89,110,22.56066895,22.56066895,25.12438011,25.12438011,0,0,0,0
1782621569,102.0009537,3046,0,292,1,0,0,0,7,11709,0,79,0,487,494,549,556,89,89,89,89,89,89,89,89,110,22.56066895,22.56066895,25.12438011,25.12438011,0,0,0,0
1782621569,102.0509033,3047,0,293,1,0.010921692,0,0,7,11736,0,80,0,485,492,547,554,89,89,89,89,89,89,89,89,110,22.56066895,22.56066895,25.12438011,25.12438011,0,0,0,0
1782621569,102.100647,3049,0,293,1,0,0,0,8,10739,0,41,0,483,489,545,552,89,89,89,89,89,89,89,89,110,22.56066895,22.56066895,25.12438011,25.12438011,0,0,0,0
1782621569,102.1384201,3050,0,294,1,0,0,0,8,10486,0,31,0,481,487,543,550,89,89,89,89,89,89,89,89,110,22.56066895,22.56066895,25.12438011,25.12438011,0,0,0,0
1782621569,102.188942,3052,0,295,1,0,0,0,8,10505,0,33,0,479,485,541,548,89,89,89,89,89,89,89,89,110,22.56066895,22.56066895,25.12438011,25.12438011,0,0,0,0
1782621569,102.2392044,3054,0,295,1,0,0,0,8,10524,0,33,0,477,483,539,546,89,89,89,89,89,89,89,89,110,22.56066895,22.56066895,25.12438011,25.12438011,0,0,0,0
1782621569,102.2904434,3056,0,296,1,0,0,0,8,10544,0,34,0,475,481,537,543,89,89,89,89,89,89,89,89,110,22.56066895,22.56066895,25.12438011,25.12438011,0,0,0,0
1782621570,102.3426208,3057,0,296,1,0,0,0,8,10565,0,35,0,473,479,535,541,89,89,89,89,89,89,89,89,110,22.56066895,22.56066895,25.12438011,25.12438011,0,0,0,0
1782621570,102.3945923,3059,0,297,1,0,0,0,8,10585,0,36,0,470,477,533,539,89,89,89,89,89,89,89,89,110,22.56066895,22.56066895,25.12438011,25.12438011,0,0,0,0
1782621570,102.4459915,3060,0,298,1,0,0,0,8,10602,0,36,0,468,474,531,537,89,89,89,89,89,89,89,89,110,22.56066895,22.56066895,25.12438011,25.12438011,0,0,0,0
1782621570,102.4981918,3062,0,298,1,0,0,0,8,10619,0,37,0,466,472,529,535,89,89,89,89,89,89,89,89,110,22.56066895,22.56066895,25.12438011,25.12438011,0,0,0,0
1782621570,102.5380859,3063,0,299,1,0,0,0,8,10638,0,37,0,464,470,527,533,89,89,89,89,89,89,89,89,110,22.56066895,22.56066895,25.12438011,25.12438011,0,0,0,0
1782621570,102.5909653,3065,0,299,1,0.016409906,0,0,8,10656,0,38,0,462,468,525,532,89,89,89,89,89,89,89,89,110,22.56066895,22.56066895,25.12438011,25.12438011,0,0,0,0
1782621570,102.6421051,3066,0,300,1,0.016824722,0,0,8,10673,0,39,0,460,466,523,530,89,89,89,89,89,89,89,89,110,22.56066895,22.56066895,25.12438011,25.12438011,0,0,0,0
1782621570,102.6921616,3068,0,300,1,0,0,0,8,10690,0,39,0,458,464,521,528,89,89,89,89,89,89,89,89,110,22.56066895,22.56066895,25.12438011,25.12438011,0,0,0,0
1782621570,102.7397308,3069,0,301,1,0,0,0,8,10710,0,40,0,456,462,519,526,89,89,89,89,89,89,89,89,110,22.56066895,22.56066895,25.12438011,25.12438011,0,0,0,0
1782621570,102.7995911,3071,0,301,1,0,0,0,8,10727,0,41,0,454,460,518,524,89,89,89,89,89,89,89,89,110,22.56066895,22.56066895,25.12438011,25.12438011,0,0,0,0
1782621570,102.8487396,3072,0,302,1,0,0,0,8,10743,0,41,0,452,458,516,522,89,89,89,89,89,89,89,89,110,22.56066895,22.56066895,25.12438011,25.12438011,0,0,0,0
1782621570,102.8880157,3074,0,302,1,0,0,0,8,10759,0,42,0,450,456,514,520,89,89,89,89,89,89,89,89,110,22.56066895,22.56066895,25.12438011,25.12438011,0,0,0,0
1782621570,102.9507217,3075,0,303,1,0,0,0,8,10775,0,42,0,448,454,512,518,89,89,89,89,89,89,89,89,110,22.56066895,22.56066895,25.12438011,25.12438011,0,0,0,0
1782621570,103.0000687,3077,0,303,1,0,0,0,8,10794,0,43,0,446,452,510,516,89,89,89,89,89,89,89,89,110,22.56066895,22.56066895,25.12438011,25.12438011,0,0,0,0
1782621570,103.0481339,3078,0,304,1,0,0,0,8,10813,0,44,0,444,450,508,514,89,89,89,89,89,89,89,89,110,22.56066895,22.56066895,25.12438011,25.12438011,0,0,0,0
1782621570,103.0969849,3080,0,304,1,0,0,0,8,10829,0,44,0,442,448,506,512,89,89,89,89,89,89,89,89,110,22.56066895,22.56066895,25.12438011,25.12438011,0,0,0,0
1782621570,103.1464996,3081,0,304,1,0,0,0,8,10842,0,45,0,440,446,504,510,89,89,89,89,89,89,89,89,110,22.56066895,22.56066895,25.12438011,25.12438011,0,0,0,0
1782621570,103.1957397,3083,0,305,1,0.007408645,0,0,8,10856,0,45,0,438,444,502,508,89,89,89,89,89,89,89,89,110,22.56066895,22.56066895,25.12438011,25.12438011,0,0,0,0
1782621570,103.246254,3084,0,305,1,0.002435736,0,0,8,10873,0,46,0,436,442,500,506,89,89,89,89,89,89,89,89,110,22.56066895,22.56066895,25.12438011,25.12438011,0,0,0,0
1782621570,103.2971954,3086,0,306,1,0,0,0,8,10889,0,46,0,434,440,499,504,89,89,89,89,89,89,89,89,110,22.56066895,22.56066895,25.12438011,25.12438011,0,0,0,0
1782621571,103.3466873,3087,0,306,1,0,0,0,8,10903,0,47,0,432,438,497,503,89,89,89,89,89,89,89,89,110,22.56066895,22.56066895,25.12438011,25.12438011,0,0,0,0
1782621571,103.3956833,3089,0,307,1,0,0,0,8,10919,0,47,0,430,436,495,501,89,89,89,89,89,89,89,89,110,22.56066895,22.56066895,25.12438011,25.12438011,0,0,0,0
1782621571,103.4432602,3090,0,307,1,0,0,0,8,10936,0,48,0,429,434,493,499,89,89,89,89,89,89,89,89,110,22.56066895,22.56066895,25.12438011,25.12438011,0,0,0,0
1782621571,103.4920425,3092,0,308,1,0,0,0,8,10950,0,49,0,427,432,491,497,89,89,89,89,89,89,89,89,110,22.56066895,22.56066895,25.12438011,25.12438011,0,0,0,0
1782621571,103.5413437,3093,0,308,1,0,0,0,8,10962,0,49,0,425,430,489,495,89,89,89,89,89,89,89,89,110,22.56066895,22.56066895,25.12438011,25.12438011,0,0,0,0
1782621571,103.6009598,3095,0,308,1,0,0,0,8,10976,0,49,0,423,428,487,493,89,89,89,89,89,89,89,89,110,22.56066895,22.56066895,25.12438011,25.12438011,0,0,0,0
1782621571,103.6486206,3096,0,309,1,0,0,0,8,10991,0,50,0,421,426,486,491,89,89,89,89,89,89,89,89,110,22.56066895,22.56066895,25.12438011,25.12438011,0,0,0,0
1782621571,103.697403,3098,0,309,1,0,0,0,8,11005,0,50,0,419,425,484,490,89,89,89,89,89,89,89,89,110,22.56066895,22.56066895,25.12438011,25.12438011,0,0,0,0
1782621571,103.7450943,3099,0,310,1,0,0,0,8,11018,0,51,0,417,423,482,488,89,89,89,89,89,89,89,89,110,22.56066895,22.56066895,25.12438011,25.12438011,0,0,0,0
1782621571,103.7928238,3101,0,310,1,0,0,0,8,11031,0,51,0,415,421,480,486,89,89,89,89,89,89,89,89,110,22.56066895,22.56066895,25.12438011,25.12438011,0,0,0,0
1782621571,103.8415756,3102,0,310,1,0,0,0,8,11045,0,52,0,414,419,478,484,89,89,89,89,89,89,89,89,110,22.56066895,22.56066895,25.12438011,25.12438011,0,0,0,0
1782621571,103.8911896,3104,0,311,1,0,0,0,8,11058,0,52,0,412,417,477,482,89,89,89,89,89,89,89,89,110,22.56066895,22.56066895,25.12438011,25.12438011,0,0,0,0
1782621571,103.9518509,3105,0,311,1,0,0,0,8,11071,0,53,0,410,415,475,480,89,89,89,89,89,89,89,89,110,22.56066895,22.56066895,25.12438011,25.12438011,0,0,0,0
1782621571,104.0003052,3107,0,311,1,0,0,0,8,11083,0,53,0,408,413,473,479,89,89,89,89,89,89,89,89,110,22.56066895,22.56066895,25.12438011,25.12438011,0,0,0,0
1782621571,104.04879,3108,0,312,1,0,0,0,8,11096,0,54,0,406,411,471,477,89,89,89,89,89,89,89,89,110,22.56066895,22.56066895,25.12438011,25.12438011,0,0,0,0
1782621571,104.0971756,3110,0,312,1,0,0,0,8,11109,0,54,0,404,410,470,475,89,89,89,89,89,89,89,89,110,22.56066895,22.56066895,25.12438011,25.12438011,0,0,0,0
1782621571,104.1453171,3111,0,312,1,0,0,0,8,11120,0,55,0,403,408,468,473,89,89,89,89,89,89,89,89,110,22.56066895,22.56066895,25.12438011,25.12438011,0,0,0,0
1782621571,104.1936417,3113,0,313,1,0,0,0,8,11130,0,55,0,401,406,466,472,89,89,89,89,89,89,89,89,110,22.56066895,22.56066895,25.12438011,25.12438011,0,0,0,0
1782621571,104.2418365,3114,0,313,1,0,0,0,8,11141,0,55,0,399,404,464,470,89,89,89,89,89,89,89,89,110,22.56066895,22.56066895,25.12438011,25.12438011,0,0,0,0
1782621571,104.2915649,3116,0,314,1,0,0,0,8,11153,0,56,0,397,402,463,468,89,89,89,89,89,89,89,89,110,22.56066895,22.56066895,25.12438011,25.12438011,0,0,0,0
1782621572,104.3414688,3117,0,314,1,0,0,0,8,11169,0,56,0,395,401,461,466,89,89,89,89,89,89,89,89,110,22.56066895,22.56066895,25.12438011,25.12438011,0,0,0,0
1782621572,104.3914261,3119,0,314,1,0,0,0,8,11180,0,57,0,394,399,459,464,89,89,89,89,89,89,89,89,110,22.56066895,22.56066895,25.12438011,25.12438011,0,0,0,0
1782621572,104.4417725,3120,0,314,1,0,0,0,8,11187,0,57,0,392,397,457,463,89,89,89,89,89,89,89,89,110,22.56066895,22.56066895,25.12438011,25.12438011,0,0,0,0
1782621572,104.4917755,3122,0,315,1,0,0,0,8,11196,0,57,0,390,395,456,461,89,89,89,89,89,89,89,89,110,22.56066895,22.56066895,25.12438011,25.12438011,0,0,0,0
1782621572,104.5421066,3123,0,315,1,0,0,0,8,11208,0,58,0,388,393,454,459,89,89,89,89,89,89,89,89,110,22.56066895,22.56066895,25.12438011,25.12438011,0,0,0,0
1782621572,104.5911865,3125,0,315,1,0,0,0,8,11220,0,58,0,387,392,452,458,89,89,89,89,89,89,89,89,110,22.56066895,22.56066895,25.12438011,25.12438011,0,0,0,0
1782621572,104.6517258,3126,0,316,1,0,0,0,8,11229,0,58,0,385,390,450,456,89,89,89,89,89,89,89,89,110,22.56066895,22.56066895,25.12438011,25.12438011,0,0,0,0
1782621572,104.6894684,3128,0,316,1,0,0,0,8,11240,0,59,0,383,388,449,454,89,89,89,89,89,89,89,89,110,22.56066895,22.56066895,25.12438011,25.12438011,0,0,0,0
1782621572,104.7409973,3129,0,316,1,0,0,0,8,11251,0,59,0,382,386,447,452,89,89,89,89,89,89,89,89,110,22.56066895,22.56066895,25.12438011,25.12438011,0,0,0,0
1782621572,104.7908859,3131,0,317,1,0,0,0,8,11261,0,60,0,380,385,445,451,89,89,89,89,89,89,89,89,110,22.56066895,22.56066895,25.12438011,25.12438011,0,0,0,0
1782621572,104.8406372,3132,0,317,1,0,0,0,8,11270,0,60,0,378,383,444,449,89,89,89,89,89,89,89,89,110,22.56066895,22.56066895,25.12438011,25.12438011,0,0,0,0
1782621572,104.8915176,3134,0,317,1,0,0,0,8,11280,0,60,0,377,381,442,447,89,89,89,89,89,89,89,89,110,22.56066895,22.56066895,25.12438011,25.12438011,0,0,0,0
1782621572,104.942009,3135,0,317,1,0,0,0,8,11289,0,61,0,375,380,440,446,89,89,89,89,89,89,89,89,110,22.56066895,22.56066895,25.12438011,25.12438011,0,0,0,0
1782621572,104.9935303,3137,0,318,1,0,0,0,8,11297,0,61,0,373,378,439,444,89,89,89,89,89,89,89,89,110,22.56066895,22.56066895,25.12438011,25.12438011,0,0,0,0
1782621572,105.0470428,3138,0,318,1,0,0,0,8,11307,0,61,0,371,376,437,442,89,89,89,89,89,89,89,89,110,22.56066895,22.56066895,25.12438011,25.12438011,0,0,0,0
1782621572,105.0882263,3140,0,318,1,0,0,0,8,11316,0,62,0,370,375,435,441,89,89,89,89,89,89,89,89,110,22.56066895,22.56066895,25.12438011,25.12438011,0,0,0,0
1782621572,105.1432571,3141,0,318,1,0,0,0,8,11324,0,62,0,368,373,434,439,89,89,89,89,89,89,89,89,110,22.56066895,22.56066895,25.12438011,25.12438011,0,0,0,0
1782621572,105.1962967,3143,0,319,1,0,0,0,8,11334,0,62,0,367,371,432,437,89,89,89,89,89,89,89,89,110,22.56066895,22.56066895,25.12438011,25.12438011,0,0,0,0
1782621572,105.2474213,3144,0,319,1,0,0,0,8,11344,0,63,0,365,370,431,436,89,89,89,89,89,89,89,89,110,22.56066895,22.56066895,25.12438011,25.12438011,0,0,0,0
1782621572,105.2985764,3146,0,319,1,0,0,0,8,11352,0,63,0,363,368,429,434,89,89,89,89,89,89,89,89,110,22.56066895,22.56066895,25.12438011,25.12438011,0,0,0,0
1782621573,105.3479767,3147,0,319,1,0,0,0,8,11359,0,63,0,362,366,427,432,89,89,89,89,89,89,89,89,110,22.56066895,22.56066895,25.12438011,25.12438011,0,0,0,0
1782621573,105.3967819,3149,0,320,1,0,0,0,8,11366,0,63,0,360,365,426,431,89,89,89,89,89,89,89,89,110,22.56066895,22.56066895,25.12438011,25.12438011,0,0,0,0
1782621573,105.4458008,3150,0,320,1,0,0,0,8,11376,0,64,0,358,363,424,429,89,89,89,89,89,89,89,89,110,22.56066895,22.56066895,25.12438011,25.12438011,0,0,0,0
1782621573,105.495018,3152,0,320,1,0,0,0,8,11385,0,64,0,357,361,423,428,89,89,89,89,89,89,89,89,110,22.56066895,22.56066895,25.12438011,25.12438011,0,0,0,0
1782621573,105.5443268,3153,0,320,1,0,0,0,8,11392,0,64,0,355,360,421,426,89,89,89,89,89,89,89,89,110,22.56066895,22.56066895,25.12438011,25.12438011,0,0,0,0
1782621573,105.5931778,3155,0,321,1,0,0,0,8,11399,0,64,0,354,358,419,424,89,89,89,89,89,89,89,89,110,22.56066895,22.56066895,25.12438011,25.12438011,0,0,0,0
1782621573,105.6433792,3156,0,321,1,0,0,0,8,11407,0,66,0,352,357,418,423,89,89,89,89,89,89,89,89,110,22.56066895,22.56066895,25.12438011,25.12438011,0,0,0,0
1782621573,105.6938324,3158,0,321,1,0,0,0,8,11414,0,66,0,351,355,416,421,89,89,89,89,89,89,89,89,110,22.56066895,22.56066895,25.12438011,25.12438011,0,0,0,0
1782621573,105.7445984,3159,0,321,1,0,0,0,8,11422,0,66,0,349,353,415,420,89,89,89,89,89,89,89,89,110,22.56066895,22.56066895,25.12438011,25.12438011,0,0,0,0
1782621573,105.7944717,3161,0,321,1,0,0,0,8,11429,0,67,0,347,352,413,418,89,89,89,89,89,89,89,89,110,22.56066895,22.56066895,25.12438011,25.12438011,0,0,0,0
1782621573,105.8425446,3162,0,322,1,0,0,0,8,11436,0,67,0,346,350,412,416,89,89,89,89,89,89,89,89,110,22.56066895,22.56066895,25.12438011,25.12438011,0,0,0,0
1782621573,105.8916473,3164,0,322,1,0,0,0,8,11443,0,67,0,344,349,410,415,89,89,89,89,89,89,89,89,110,22.56066895,22.56066895,25.12438011,25.12438011,0,0,0,0
1782621573,105.9432526,3165,0,322,1,0,0,0,8,11450,0,68,0,343,347,408,413,89,89,89,89,89,89,89,89,110,22.56066895,22.56066895,25.12438011,25.12438011,0,0,0,0
1782621573,105.9945831,3167,0,322,1,0.010407601,0,0,8,11457,0,68,0,341,346,407,412,89,89,89,89,89,89,89,89,110,22.56066895,22.56066895,25.12438011,25.12438011,0,0,0,0
1782621573,106.0446472,3168,0,322,1,0.02530585,0,0,8,11463,0,68,0,340,344,405,410,89,89,89,89,89,89,89,89,110,22.56066895,22.56066895,25.12438011,25.12438011,0,0,0,0
1782621573,106.0933609,3170,0,323,1,0,0,0,8,11470,0,68,0,338,343,404,409,89,89,89,89,89,89,89,89,110,22.56066895,22.56066895,25.12438011,25.12438011,0,0,0,0
1782621573,106.1445313,3171,0,323,1,0,0,0,8,11476,0,69,0,337,341,402,407,89,89,89,89,89,89,89,89,110,22.56066895,22.56066895,25.12438011,25.12438011,0,0,0,0
1782621573,106.1955643,3173,0,323,1,0,0,0,8,11482,0,69,0,335,340,401,406,89,89,89,89,89,89,89,89,110,22.56066895,22.56066895,25.12438011,25.12438011,0,0,0,0
1782621573,106.2361069,3174,0,323,1,0,0,0,8,11486,0,69,0,334,338,399,404,89,89,89,89,89,89,89,89,110,22.56066895,22.56066895,25.12438011,25.12438011,0,0,0,0
1782621573,106.2930832,3176,0,323,1,0,0,0,8,11491,0,69,0,332,336,398,403,89,89,89,89,89,89,89,89,110,22.56066895,22.56066895,25.12438011,25.12438011,0,0,0,0
1782621574,106.336853,3177,0,324,1,0,0,0,8,11500,0,70,0,331,335,396,401,89,89,89,89,89,89,89,89,110,22.56066895,22.56066895,25.12438011,25.12438011,0,0,0,0
1782621574,106.390976,3179,0,324,1,0,0,0,8,11508,0,70,0,329,334,395,399,89,89,89,89,89,89,89,89,110,22.56066895,22.56066895,25.12438011,25.12438011,0,0,0,0
1782621574,106.4514313,3180,0,324,1,0,0,0,8,11512,0,70,0,328,332,393,398,89,89,89,89,89,89,89,89,110,22.56066895,22.56066895,25.12438011,25.12438011,0,0,0,0
1782621574,106.4881363,3182,0,324,1,0,0,0,8,11515,0,70,0,326,331,392,397,89,89,89,89,89,89,89,89,110,22.56066895,22.56066895,25.12438011,25.12438011,0,0,0,0
1782621574,106.5501099,3183,0,324,1,0,0,0,8,11521,0,71,0,325,329,390,395,89,89,89,89,89,89,89,89,110,22.56066895,22.56066895,25.12438011,25.12438011,0,0,0,0
1782621574,106.5992889,3185,0,324,1,0,0,0,8,11528,0,71,0,324,328,389,394,89,89,89,89,89,89,89,89,110,22.56066895,22.56066895,25.12438011,25.12438011,0,0,0,0
1782621574,106.6499023,3186,0,325,1,0,0,0,8,11533,0,71,0,322,326,388,392,89,89,89,89,89,89,89,89,110,22.56066895,22.56066895,25.12438011,25.12438011,0,0,0,0
1782621574,106.6996841,3188,0,325,1,0,0,0,8,11538,0,71,0,321,325,386,391,89,89,89,89,89,89,89,89,110,22.56066895,22.56066895,25.12438011,25.12438011,0,0,0,0
1782621574,106.7491531,3189,0,325,1,0,0,0,8,11544,0,72,0,319,323,385,389,89,89,89,89,89,89,89,89,110,22.56066895,22.56066895,25.12438011,25.12438011,0,0,0,0
1782621574,106.7987823,3191,0,325,1,0,0,0,8,11550,0,72,0,318,322,383,388,89,89,89,89,89,89,89,89,110,22.56066895,22.56066895,25.12438011,25.12438011,0,0,0,0
1782621574,106.847847,3192,0,325,1,0,0,0,8,11554,0,72,0,316,320,382,386,89,89,89,89,89,89,89,89,110,22.56066895,22.56066895,25.12438011,25.12438011,0,0,0,0
1782621574,106.8861618,3194,0,325,1,0,0,0,8,11559,0,72,0,315,319,380,385,89,89,89,89,89,89,89,89,110,22.56066895,22.56066895,25.12438011,25.12438011,0,0,0,0
1782621574,106.9389038,3195,0,325,1,0,0,0,8,11564,0,73,0,314,318,379,383,89,89,89,89,89,89,89,89,110,22.56066895,22.56066895,25.12438011,25.12438011,0,0,0,0
1782621574,106.9899063,3197,0,326,1,0,0,0,8,11570,0,73,0,312,316,377,382,89,89,89,89,89,89,89,89,110,22.56066895,22.56066895,25.12438011,25.12438011,0,0,0,0
1782621574,107.0435104,3198,0,326,1,0,0,0,8,11574,0,73,0,311,315,376,380,89,89,89,89,89,89,89,89,110,22.56066895,22.56066895,25.12438011,25.12438011,0,0,0,0
1782621574,107.0977554,3200,0,326,1,0,0,0,8,11578,0,73,0,309,313,375,379,89,89,89,89,89,89,89,89,110,22.56066895,22.56066895,25.12438011,25.12438011,0,0,0,0
1782621574,107.1385193,3201,0,326,1,0,0,0,8,11581,0,73,0,308,312,373,378,89,89,89,89,89,89,89,89,110,22.56066895,22.56066895,25.12438011,25.12438011,0,0,0,0
1782621574,107.1920319,3203,0,326,1,0,0,0,8,11586,0,73,0,307,311,372,376,89,89,89,89,89,89,89,89,110,22.56066895,22.56066895,25.12438011,25.12438011,0,0,0,0
1782621574,107.2418976,3204,0,326,1,0,0,0,8,11592,0,74,0,305,309,370,375,89,89,89,89,89,89,89,89,110,22.56066895,22.56066895,25.12438011,25.12438011,0,0,0,0
1782621574,107.2920151,3206,0,326,1,0,0,0,8,11597,0,74,0,304,308,369,373,89,89,89,89,89,89,89,89,110,22.56066895,22.56066895,25.12438011,25.12438011,0,0,0,0
1782621575,107.3449402,3207,0,326,1,0,0,0,8,11600,0,74,0,303,306,368,372,89,89,89,89,89,89,89,89,110,22.56066895,22.56066895,25.12438011,25.12438011,0,0,0,0
1782621575,107.3970642,3209,0,327,1,-0.000696057,0,0,8,11605,0,74,0,301,305,366,371,89,89,89,89,89,89,89,89,110,22.56066895,22.56066895,25.12438011,25.12438011,0,0,0,0
1782621575,107.4462204,3210,0,327,1,-0.00282373,0,0,8,11610,0,74,0,300,304,365,369,89,89,89,89,89,89,89,89,110,22.56066895,22.56066895,25.12438011,25.12438011,0,0,0,0
1782621575,107.4941559,3212,0,327,1,-0.005148197,0,0,8,11612,0,75,0,299,302,364,368,89,89,89,89,89,89,89,89,110,22.56066895,22.56066895,25.12438011,25.12438011,0,0,0,0
1782621575,107.5433731,3213,0,327,1,-0.005766223,0,0,8,11615,0,75,0,297,301,362,366,89,89,89,89,89,89,89,89,110,22.56066895,22.56066895,25.12438011,25.12438011,0,0,0,0
1782621575,107.59198,3215,0,327,1,-0.006261601,0,0,8,11620,0,75,0,296,300,361,365,89,89,89,89,89,89,89,89,110,22.56066895,22.56066895,25.12438011,25.12438011,0,0,0,0
1782621575,107.643364,3216,0,327,1,-0.000547387,0,0,8,11625,0,75,0,295,298,359,364,89,89,89,89,89,89,89,89,110,22.56066895,22.56066895,25.12438011,25.12438011,0,0,0,0
1782621575,107.695694,3218,0,327,1,0,0,0,8,11628,0,75,0,293,297,358,362,89,89,89,89,89,89,89,89,110,22.56066895,22.56066895,25.12438011,25.12438011,0,0,0,0
1782621575,107.7473068,3219,0,327,1,0,0,0,8,11631,0,75,0,292,296,357,361,89,89,89,89,89,89,89,89,110,22.56066895,22.56066895,25.12438011,25.12438011,0,0,0,0
1782621575,107.7977219,3221,0,328,1,0,0,0,8,11635,0,76,0,291,294,355,360,89,89,89,89,89,89,89,89,110,22.56066895,22.56066895,25.12438011,25.12438011,0,0,0,0
1782621575,107.8474808,3222,0,328,1,0,0,0,8,11639,0,76,0,290,293,354,358,89,89,89,89,89,89,89,89,110,22.56066895,22.56066895,25.12438011,25.12438011,0,0,0,0
1782621575,107.8982315,3224,0,328,1,0,0,0,8,11641,0,76,0,288,292,353,357,89,89,89,89,89,89,89,89,110,22.56066895,22.56066895,25.12438011,25.12438011,0,0,0,0
1782621575,107.9378891,3225,0,328,1,0,0,0,8,11644,0,76,0,287,291,351,356,89,89,89,89,89,89,89,89,110,22.56066895,22.56066895,25.12438011,25.12438011,0,0,0,0
1782621575,107.9898071,3227,0,328,1,0,0,0,8,11648,0,76,0,286,289,350,354,89,89,89,89,89,89,89,89,110,22.56066895,22.56066895,25.12438011,25.12438011,0,0,0,0
1782621575,108.0412369,3228,0,328,1,0,0,0,8,11651,0,76,0,284,288,349,353,89,89,89,89,89,89,89,89,110,22.56066895,22.56066895,25.12438011,25.12438011,0,0,0,0
1782621575,108.0945206,3230,0,328,1,0,0,0,8,11654,0,76,0,283,287,348,352,89,89,89,89,89,89,89,89,110,22.56066895,22.56066895,25.12438011,25.12438011,0,0,0,0
1782621575,108.1353607,3231,0,328,0.960784316,0,0,0,8,11647,0,76,0,282,286,346,350,89,89,89,89,89,89,89,89,110,22.56066895,22.56066895,25.12438011,25.12438011,0,0,0,0
1782621575,108.1903458,3233,0,327,0,0,0,0,8,11452,0,68,0,281,284,345,349,89,89,89,89,89,89,89,89,110,22.56066895,22.56066895,25.12438011,25.12438011,0,0,0,0
1782621575,108.2442474,3234,0,325,0,0,0,0,8,11400,0,66,0,280,283,344,348,89,89,89,89,89,89,89,89,110,22.56066895,22.56066895,25.12438011,25.12438011,0,0,0,0
1782621575,108.2989426,3236,0,324,0,0,0,0,8,11349,0,63,0,278,282,342,346,89,89,89,89,89,89,89,89,110,22.56066895,22.56066895,25.12438011,25.12438011,0,0,0,0
1782621576,108.3412628,3237,0,323,0,0,0,0,8,11298,0,61,0,277,281,341,345,89,89,89,89,89,89,89,89,110,22.56066895,22.56066895,25.12438011,25.12438011,0,0,0,0
1782621576,108.3968353,3239,0,321,0,0,0,0,8,11248,0,59,0,276,279,340,344,89,89,89,89,89,89,89,89,110,22.56066895,22.56066895,25.12438011,25.12438011,0,0,0,0
1782621576,108.4482651,3240,0,320,0,0,0,0,8,11198,0,57,0,275,278,339,343,89,89,89,89,89,89,89,89,110,22.56066895,22.56066895,25.12438011,25.12438011,0,0,0,0
1782621576,108.4981766,3242,0,318,0,0,0,0,8,11148,0,56,0,273,277,337,341,89,89,89,89,89,89,89,89,110,22.56066895,22.56066895,25.12438011,25.12438011,0,0,0,0
1782621576,108.5372086,3243,0,317,0,0,0,0,8,11099,0,54,0,272,276,336,340,89,89,89,89,89,89,89,89,110,22.56066895,22.56066895,25.12438011,25.12438011,0,0,0,0
1782621576,108.590271,3245,0,315,0,0,0,0,8,11050,0,52,0,271,274,335,339,89,89,89,89,89,89,89,89,110,22.56066895,22.56066895,25.12438011,25.12438011,0,0,0,0
1782621576,108.6413727,3246,0,314,0,0,0.085661836,0,8,10969,0,49,0,274,278,337,341,89,89,89,89,89,89,89,89,110,22.56066895,22.56066895,25.12438011,25.12438011,0,0,0,0
1782621576,108.6925507,3248,0,310,0,0,1,0,8,10605,0,36,0,306,309,365,369,89,89,89,89,89,89,89,89,110,22.56066895,22.56066895,25.12438011,25.12438011,0,0,0,0
1782621576,108.745285,3249,0,303,0,0,1,0,8,10322,0,23,0,365,368,421,424,89,89,89,89,89,89,89,89,110,22.56066895,22.56066895,25.12438011,25.12438011,0,0,0,0
1782621576,108.7978897,3251,0,296,0,0,1,0,8,10072,0,12,0,419,422,471,475,89,89,89,89,89,89,89,89,110,22.56066895,22.56066895,25.12438011,25.12438011,0,0,0,0
1782621576,108.8370819,3252,0,289,0,0,1,0,8,9825,0,1,0,468,471,517,520,89,89,89,89,89,89,89,89,110,22.56066895,22.56066895,25.12438011,25.12438011,0,0,0,0
1782621576,108.8912048,3254,0,282,0,0,1,0,8,9559,0,0,0,512,515,558,561,89,89,89,89,89,89,89,89,110,22.56066895,22.56066895,25.12438011,25.12438011,0,0,0,0
1782621576,108.9465637,3255,0,275,0,0.008838028,1,0,8,9761,0,0,0,552,555,596,598,89,89,89,89,89,89,89,89,110,22.56066895,22.56066895,25.12438011,25.12438011,0,0,0,0
1782621576,108.9872589,3257,0,269,0,0.028033862,1,0,7,10450,0,29,0,589,591,630,632,89,89,89,89,89,89,89,89,110,22.56066895,22.56066895,25.12438011,25.12438011,0,0,0,0
1782621576,109.0510864,3258,0,262,0,0.047482062,1,0,7,9996,0,8,0,623,624,661,663,89,89,89,89,89,89,89,89,110,22.56066895,22.56066895,25.12438011,25.12438011,0,0,0,0
1782621576,109.0879822,3260,0,255,0,0.067231283,1,0,7,9700,0,0,0,653,654,690,691,89,89,89,89,89,89,89,89,110,22.56066895,22.56066895,25.12438011,25.12438011,0,0,0,0
1782621576,109.1398621,3261,0,249,0,0.086926192,1,0,7,9446,0,0,0,680,681,715,716,89,89,89,89,89,89,89,89,110,22.56066895,22.56066895,25.12438011,25.12438011,0,0,0,0
1782621576,109.1915436,3263,0,243,0,0.099914134,1,0,7,9273,0,0,0,705,706,739,739,89,89,89,89,89,89,89,89,110,22.56066895,22.56066895,25.12438011,25.12438011,0,0,0,0
1782621576,109.2421722,3264,0,238,0,0.132278711,1,0,6,10549,0,34,0,729,729,761,760,89,89,89,89,89,89,89,89,110,22.56066895,22.56066895,25.12438011,25.12438011,0,0,0,0
1782621576,109.29319,3266,0,235,0,0.166780427,1,0,6,10506,0,33,0,751,751,781,780,89,89,89,89,89,89,89,89,110,22.56066895,22.56066895,25.12438011,25.12438011,0,0,0,0
1782621577,109.3437805,3267,0,230,0,0.200329944,1,0,6,10217,0,19,0,771,771,800,798,89,89,89,89,89,89,89,89,110,22.56066895,22.56066895,25.12438011,25.12438011,0,0,0,0
1782621577,109.3937836,3269,0,226,0,0.232986391,1,0,6,9986,0,8,0,789,788,817,815,89,89,89,89,89,89,89,89,110,22.56066895,22.56066895,25.12438011,25.12438011,0,0,0,0
1782621577,109.4421997,3270,0,223,0,0.264956981,0,0,6,10073,0,12,0,795,794,823,820,89,89,89,89,89,89,89,89,110,22.56066895,22.56066895,25.12438011,25.12438011,0,0,0,0
1782621577,109.4913025,3272,0,221,0,0.296206623,0,0,6,10008,0,9,0,792,791,820,817,89,89,89,89,89,89,89,89,110,22.56066895,22.56066895,25.12438011,25.12438011,0,0,0,0
1782621577,109.5409393,3273,0,219,0,0.326403677,0,0,6,9917,0,5,0,789,788,817,814,89,89,89,89,89,89,89,89,110,22.56066895,22.56066895,25.12438011,25.12438011,0,0,0,0
1782621577,109.59021,3275,0,217,0,0.355608463,0,0,6,9822,0,1,0,786,785,815,812,89,89,89,89,89,89,89,89,110,22.56066895,22.56066895,25.12438011,25.12438011,0,0,0,0
1782621577,109.6390381,3276,0,215,0.427450985,0.383864254,0,0,6,9852,0,2,0,783,782,812,809,89,89,89,89,89,89,89,89,110,22.56066895,22.56066895,25.12438011,25.12438011,0,0,0,0
1782621577,109.6991959,3278,0,214,0.843137264,0.411096483,0,0,6,10069,0,12,0,780,779,810,807,89,89,89,89,89,89,89,89,110,22.56066895,22.56066895,25.12438011,25.12438011,0,0,0,0
1782621577,109.7476273,3279,0,214,1,0.437081367,0,0,6,10173,0,17,0,777,776,807,804,89,89,89,89,89,89,89,89,110,22.56066895,22.56066895,25.12438011,25.12438011,0,0,0,0
1782621577,109.7968292,3281,0,214,1,0.461815029,0,0,6,10170,0,16,0,774,773,805,802,89,89,89,89,89,89,89,89,110,22.56066895,22.56066895,25.12438011,25.12438011,0,0,0,0
1782621577,109.8462143,3282,0,214,1,0.485401481,0,0,6,10159,0,16,0,771,770,802,799,89,89,89,89,89,89,89,89,110,22.56066895,22.56066895,25.12438011,25.12438011,0,0,0,0
1782621577,109.8949966,3284,0,214,1,0.507905304,0,0,6,10163,0,16,0,768,767,799,796,89,89,89,89,89,89,89,89,110,22.56066895,22.56066895,25.12438011,25.12438011,0,0,0,0
1782621577,109.9435959,3285,0,214,1,0.523511827,0,0,6,10171,0,16,0,765,764,797,794,89,89,89,89,89,89,89,89,110,22.56066895,22.56066895,25.12438011,25.12438011,0,0,0,0
1782621577,109.9945908,3287,0,214,1,0.522093415,0,0,6,10169,0,16,0,762,762,794,791,89,89,89,89,89,89,89,89,110,22.56066895,22.56066895,25.12438011,25.12438011,0,0,0,0
1782621577,110.0469131,3288,0,214,1,0.520885766,0,0,6,10164,0,16,0,759,759,792,789,89,89,89,89,89,89,89,89,110,22.56066895,22.56066895,25.12438011,25.12438011,0,0,0,0
1782621577,110.0986252,3290,0,214,1,0.519685209,0,0,6,10192,0,17,0,756,756,789,786,89,89,89,89,89,89,89,89,110,22.56066895,22.56066895,25.12438011,25.12438011,0,0,0,0
1782621577,110.1377182,3291,0,214,1,0.517720222,0,0,6,10201,0,18,0,753,753,787,784,89,89,89,89,89,89,89,89,110,22.56066895,22.56066895,25.12438011,25.12438011,0,0,0,0
1782621577,110.2010117,3293,0,214,1,0.515650511,0,0,6,10222,0,19,0,751,750,784,781,89,89,89,89,89,89,89,89,110,22.56066895,22.56066895,25.12438011,25.12438011,0,0,0,0
1782621577,110.2494202,3294,0,214,1,0.513875604,0,0,6,10216,0,19,0,748,747,782,779,89,89,89,89,89,89,89,89,110,22.56066895,22.56066895,25.12438011,25.12438011,0,0,0,0
1782621577,110.2982559,3296,0,214,1,0.5127033,0,0,6,10202,0,18,0,745,744,779,776,89,89,89,89,89,89,89,89,110,22.56066895,22.56066895,25.12438011,25.12438011,0,0,0,0
1782621578,110.3372116,3297,0,214,1,0.511513591,0,0,6,10194,0,18,0,742,742,777,774,89,89,89,89,89,89,89,89,110,22.56066895,22.56066895,25.12438011,25.12438011,0,0,0,0
1782621578,110.3902588,3299,0,215,1,0.510037541,0,0,6,10193,0,18,0,739,739,774,772,89,89,89,89,89,89,89,89,110,22.56066895,22.56066895,25.12438011,25.12438011,0,0,0,0
1782621578,110.4407501,3300,0,215,1,0.508586943,0,0,6,10202,0,18,0,736,736,772,769,89,89,89,89,89,89,89,89,110,22.56066895,22.56066895,25.12438011,25.12438011,0,0,0,0
1782621578,110.49189,3302,0,215,1,0.497108251,0,0,6,10201,0,18,0,734,733,770,767,89,89,89,89,89,89,89,89,110,22.56066895,22.56066895,25.12438011,25.12438011,0,0,0,0
1782621578,110.5440445,3303,0,215,1,0.501726389,0,0,6,10179,0,17,0,731,730,767,764,89,89,89,89,89,89,89,89,110,22.56066895,22.56066895,25.12438011,25.12438011,0,0,0,0
1782621578,110.594841,3305,0,215,1,0.50614965,0,0,6,10165,0,16,0,728,728,765,762,89,89,89,89,89,89,89,89,110,22.56066895,22.56066895,25.12438011,25.12438011,0,0,0,0
1782621578,110.6448059,3306,0,215,1,0.508154452,0,0,6,10185,0,17,0,725,725,762,759,89,89,89,89,89,89,89,89,110,22.56066895,22.56066895,25.12438011,25.12438011,0,0,0,0
1782621578,110.698349,3308,0,214,1,0.508080602,0,0,6,10195,0,18,0,723,722,760,757,89,89,89,89,89,89,89,89,110,22.56066895,22.56066895,25.12438011,25.12438011,0,0,0,0
1782621578,110.7389374,3309,0,213,0,0.508339345,0,0,6,9709,0,0,0,720,719,757,755,89,89,89,89,89,89,89,89,110,22.56066895,22.56066895,25.12438011,25.12438011,0,0,0,0
1782621578,110.7909012,3311,0,211,0,0.500872374,0,0,6,9572,0,0,0,717,717,755,752,89,89,89,89,89,89,89,89,110,22.56066895,22.56066895,25.12438011,25.12438011,0,0,0,0
1782621578,110.8410721,3312,0,209,0,0.501007676,0,0,5,10995,0,50,0,714,714,753,750,89,89,89,89,89,89,89,89,110,22.56066895,22.56066895,25.12438011,25.12438011,0,0,0,0
1782621578,110.8912201,3314,0,208,0,0.506274164,0,0,5,10993,0,50,0,712,711,750,748,89,89,89,89,89,89,89,89,110,22.56066895,22.56066895,25.12438011,25.12438011,0,0,0,0
1782621578,110.9522171,3315,0,205,0,0.509890914,0,0,5,10736,0,41,0,708,708,747,745,89,89,89,89,89,89,89,89,110,22.56066895,22.56066895,25.12438011,25.12438011,0,0,0,0
1782621578,111.0003586,3317,0,203,0,0.497124135,0.375407398,0,5,10433,0,28,0,713,712,751,748,89,89,89,89,89,89,89,89,110,22.56066895,22.56066895,25.12438011,25.12438011,0,0,0,0
1782621578,111.0489883,3318,0,198,0,0.50471139,1,0,5,10135,0,15,0,732,731,768,764,89,89,89,89,89,89,89,89,110,22.56066895,22.56066895,25.12438011,25.12438011,0,0,0,0
1782621578,111.0967941,3320,0,194,0,0.523998737,1,0,5,9902,0,4,0,749,748,783,779,89,89,89,89,89,89,89,89,110,22.56066895,22.56066895,25.12438011,25.12438011,0,0,0,0
1782621578,111.14608,3321,0,190,0,0.532201052,1,0,5,9621,0,0,0,766,764,798,793,89,89,89,89,89,89,89,89,110,22.56066895,22.56066895,25.12438011,25.12438011,0,0,0,0
1782621578,111.1943283,3323,0,185,0,0.536076367,1,0,5,9427,0,0,0,781,779,811,807,89,89,89,89,89,89,89,89,110,22.56066895,22.56066895,25.12438011,25.12438011,0,0,0,0
1782621578,111.2418213,3324,0,181,0,0.540284276,1,0,5,9200,0,0,0,795,792,824,819,89,89,89,89,89,89,89,89,110,22.56066895,22.56066895,25.12438011,25.12438011,0,0,0,0
1782621578,111.2938766,3326,0,177,0,0.543987095,0.476333946,0,5,9070,0,0,0,805,803,833,828,89,89,89,89,89,89,89,89,110,22.56066895,22.56066895,25.12438011,25.12438011,0,0,0,0
1782621579,111.336235,3327,0,175,0,0.546153545,0,0,4,10925,0,48,0,803,800,831,825,89,89,89,89,89,89,89,89,110,22.56066895,22.56066895,25.12438011,25.12438011,0,0,0,0
1782621579,111.3947906,3329,0,174,0,0.543112099,0,0,4,10598,0,36,0,800,797,829,823,89,89,89,89,89,89,89,89,110,22.56066895,22.56066895,25.12438011,25.12438011,0,0,0,0
1782621579,111.4373779,3330,0,172,0,0.541173816,0,0,4,10427,0,28,0,797,795,826,821,89,89,89,89,89,89,89,89,110,22.56066895,22.56066895,25.12438011,25.12438011,0,0,0,0
1782621579,111.4921265,3332,0,170,0,0.54111129,0,0,4,10316,0,23,0,795,792,824,819,89,89,89,89,89,89,89,89,110,22.56066895,22.56066895,25.12438011,25.12438011,0,0,0,0
1782621579,111.5466309,3333,0,169,0,0.540232062,0,0,4,10209,0,18,0,792,790,822,816,89,89,89,89,89,89,89,89,110,22.56066895,22.56066895,25.12438011,25.12438011,0,0,0,0
1782621579,111.587532,3335,0,167,0,0.530866921,0,0,4,10104,0,13,0,790,787,820,814,89,89,89,89,89,89,89,89,110,22.56066895,22.56066895,25.12438011,25.12438011,0,0,0,0
1782621579,111.6444473,3336,0,165,0,0.530496955,0,0,4,9997,0,9,0,787,784,817,812,89,89,89,89,89,89,89,89,110,22.56066895,22.56066895,25.12438011,25.12438011,0,0,0,0
1782621579,111.6874466,3338,0,163,0,0.53730917,0,0,4,9888,0,4,0,785,782,815,810,89,89,89,89,89,89,89,89,110,22.56066895,22.56066895,25.12438011,25.12438011,0,0,0,0
1782621579,111.7427063,3339,0,161,0.549019635,0.542263567,0,0,4,9987,0,8,0,782,780,813,808,89,89,89,89,89,89,89,89,110,22.56066895,22.56066895,25.12438011,25.12438011,0,0,0,0
1782621579,111.7964401,3341,0,161,1,0.542078555,0,0,4,10318,0,23,0,780,777,811,806,89,89,89,89,89,89,89,89,110,22.56066895,22.56066895,25.12438011,25.12438011,0,0,0,0
1782621579,111.8360519,3342,0,161,1,0.538900554,0,0,4,10069,0,12,0,777,775,809,804,89,89,89,89,89,89,89,89,110,22.56066895,22.56066895,25.12438011,25.12438011,0,0,0,0
1782621579,111.8885345,3344,0,160,1,0.536579669,0,0,4,10357,0,25,0,775,772,807,802,89,89,89,89,89,89,89,89,110,22.56066895,22.56066895,25.12438011,25.12438011,0,0,0,0
1782621579,111.9411926,3345,0,160,1,0.533489943,0,0,4,10068,0,12,0,772,770,805,799,89,89,89,89,89,89,89,89,110,22.56066895,22.56066895,25.12438011,25.12438011,0,0,0,0
1782621579,111.9939728,3347,0,160,1,0.530276775,0,0,4,10400,0,27,0,770,767,803,797,89,89,89,89,89,89,89,89,110,22.56066895,22.56066895,25.12438011,25.12438011,0,0,0,0
1782621579,112.0455551,3348,0,160,1,0.526625574,0,0,4,10088,0,13,0,768,765,800,795,89,89,89,89,89,89,89,89,110,22.56066895,22.56066895,25.12438011,25.12438011,0,0,0,0
1782621579,112.0939789,3350,0,160,1,0.494187534,0,0,4,10359,0,25,0,765,763,798,793,89,89,89,89,89,89,89,89,110,22.56066895,22.56066895,25.12438011,25.12438011,0,0,0,0
1782621579,112.1429062,3351,0,160,1,0.430935353,0,0,4,10095,0,13,0,763,760,796,791,89,89,89,89,89,89,89,89,110,22.56066895,22.56066895,25.12438011,25.12438011,0,0,0,0
1782621579,112.1917038,3353,0,161,1,0.342240006,0,0,4,10461,0,30,0,760,758,794,789,89,89,89,89,89,89,89,89,110,22.56066895,22.56066895,25.12438011,25.12438011,0,0,0,0
1782621579,112.2503052,3354,0,161,1,0.259878814,0,0,4,10110,0,14,0,758,756,792,787,89,89,89,89,89,89,89,89,110,22.56066895,22.56066895,25.12438011,25.12438011,0,0,0,0
1782621579,112.2969971,3356,0,162,1,0.185712159,0,0,4,10481,0,31,0,756,753,790,785,89,89,89,89,89,89,89,89,110,22.56066895,22.56066895,25.12438011,25.12438011,0,0,0,0
1782621580,112.3456421,3357,0,163,1,0.11916583,0,0,4,10379,0,26,0,754,751,788,783,89,89,89,89,89,89,89,89,110,22.56066895,22.56066895,25.12438011,25.12438011,0,0,0,0
1782621580,112.3947296,3359,0,164,1,0.059578948,0,0,4,10254,0,20,0,752,748,787,781,89,89,89,89,89,89,89,89,110,22.56066895,22.56066895,25.12438011,25.12438011,0,0,0,0
1782621580,112.4435425,3360,0,165,1,0.006023135,0,0,4,10535,0,34,0,750,746,785,779,89,89,89,89,89,89,89,89,110,22.56066895,22.56066895,25.12438011,25.12438011,0,0,0,0
1782621580,112.4921341,3362,0,167,1,0,0,0,4,10605,0,36,0,748,744,783,777,89,89,89,89,89,89,89,89,110,22.56066895,22.56066895,25.12438011,25.12438011,0,0,0,0
1782621580,112.5522842,3363,0,170,1,0,0,0,4,10702,0,40,0,745,740,780,774,89,89,89,89,89,89,89,89,110,22.56066895,22.56066895,25.12438011,25.12438011,0,0,0,0
1782621580,112.5999603,3365,0,171,1,0,0,0,4,10781,0,42,0,743,739,779,772,89,89,89,89,89,89,89,89,110,22.56066895,22.56066895,25.12438011,25.12438011,0,0,0,0
1782621580,112.6481705,3366,0,173,1,0,0,0,4,10911,0,47,0,741,736,777,770,89,89,89,89,89,89,89,89,110,22.56066895,22.56066895,25.12438011,25.12438011,0,0,0,0
1782621580,112.6983643,3368,0,175,1,0,0,0,4,11030,0,51,0,738,734,775,768,89,89,89,89,89,89,89,89,110,22.56066895,22.56066895,25.12438011,25.12438011,0,0,0,0
1782621580,112.7479858,3369,0,177,1,0,0,0,4,11136,0,55,0,736,731,773,766,89,89,89,89,89,89,89,89,110,22.56066895,22.56066895,25.12438011,25.12438011,0,0,0,0
1782621580,112.7959366,3371,0,179,1,0.016367802,0,0,4,11247,0,59,0,733,729,770,764,89,89,89,89,89,89,89,89,110,22.56066895,22.56066895,25.12438011,25.12438011,0,0,0,0
1782621580,112.8450089,3372,0,181,1,0.040944859,0,0,4,11376,0,64,0,731,727,768,762,89,89,89,89,89,89,89,89,110,22.56066895,22.56066895,25.12438011,25.12438011,0,0,0,0
1782621580,112.8945236,3374,0,183,1,0.076989979,0,0,4,11483,0,69,0,728,724,766,760,89,89,89,89,89,89,89,89,110,22.56066895,22.56066895,25.12438011,25.12438011,0,0,0,0
1782621580,112.9450455,3375,0,185,1,0.110511497,0,0,4,11595,0,74,0,726,722,764,757,89,89,89,89,89,89,89,89,110,22.56066895,22.56066895,25.12438011,25.12438011,0,0,0,0
1782621580,112.9950638,3377,0,187,1,0.141424939,0,0,4,11730,0,80,0,723,719,762,755,89,89,89,89,89,89,89,89,110,22.56066895,22.56066895,25.12438011,25.12438011,0,0,0,0
1782621580,113.0440292,3378,0,188,1,0.169846267,0,0,4,11863,0,85,0,721,717,759,753,89,89,89,89,89,89,89,89,110,22.56066895,22.56066895,25.12438011,25.12438011,0,0,0,0
1782621580,113.0916824,3380,0,190,1,0.168428659,0,0,4,11960,0,89,0,719,714,758,751,89,89,89,89,89,89,89,89,110,22.56066895,22.56066895,25.12438011,25.12438011,0,0,0,0
1782621580,113.1394577,3381,0,191,1,0.111769781,0,0,4,12022,0,92,0,718,712,756,749,89,89,89,89,89,89,89,89,110,22.56066895,22.56066895,25.12438011,25.12438011,0,0,0,0
1782621580,113.1999588,3383,0,192,1,0.060065493,0,0,4,12082,0,95,0,717,709,756,746,89,89,89,89,89,89,89,89,110,22.56066895,22.56066895,25.12438011,25.12438011,0,0,0,0
1782621580,113.2478104,3384,0,194,1,0.014491658,0,0,5,11357,0,63,0,716,707,754,744,89,89,89,89,89,89,89,89,110,22.56066895,22.56066895,25.12438011,25.12438011,0,0,0,0
1782621580,113.2956238,3386,0,196,1,0,0,0,5,10667,0,38,0,714,704,752,742,89,89,89,89,89,89,89,89,110,22.56066895,22.56066895,25.12438011,25.12438011,0,0,0,0
1782621581,113.3441315,3387,0,197,1,0,0,0,5,10676,0,39,0,711,702,750,740,89,89,89,89,89,89,89,89,110,22.56066895,22.56066895,25.12438011,25.12438011,0,0,0,0
1782621581,113.3928223,3389,0,199,1,0,0,0,5,10765,0,42,0,709,699,748,738,89,89,89,89,89,89,89,89,110,22.56066895,22.56066895,25.12438011,25.12438011,0,0,0,0
1782621581,113.4405365,3390,0,201,1,0.025912335,0,0,5,10854,0,45,0,706,696,746,735,89,89,89,89,89,89,89,89,110,22.56066895,22.56066895,25.12438011,25.12438011,0,0,0,0
1782621581,113.4998932,3392,0,203,1,0.057562884,0,0,5,10939,0,48,0,704,694,743,733,89,89,89,89,89,89,89,89,110,22.56066895,22.56066895,25.12438011,25.12438011,0,0,0,0
1782621581,113.5378876,3393,0,204,1,0.089849278,0,0,5,11024,0,51,0,701,691,741,731,89,89,89,89,89,89,89,89,110,22.56066895,22.56066895,25.12438011,25.12438011,0,0,0,0
1782621581,113.5920715,3395,0,206,1,0.11980734,0,0,5,11116,0,54,0,698,689,739,729,89,89,89,89,89,89,89,89,110,22.56066895,22.56066895,25.12438011,25.12438011,0,0,0,0
1782621581,113.645256,3396,0,207,1,0.147395387,0,0,5,11205,0,58,0,696,686,737,726,89,89,89,89,89,89,89,89,110,22.56066895,22.56066895,25.12438011,25.12438011,0,0,0,0
1782621581,113.6962051,3398,0,208,1,0.173796773,0,0,5,11302,0,61,0,694,684,735,724,89,89,89,89,89,89,89,89,110,22.56066895,22.56066895,25.12438011,25.12438011,0,0,0,0
1782621581,113.7466049,3399,0,209,1,0.199811071,0,0,5,11393,0,64,0,693,681,733,722,89,89,89,89,89,89,89,89,110,22.56066895,22.56066895,25.12438011,25.12438011,0,0,0,0
1782621581,113.7953949,3401,0,210,1,0.225500688,0,0,5,11474,0,69,0,691,679,732,720,89,89,89,89,89,89,89,89,110,22.56066895,22.56066895,25.12438011,25.12438011,0,0,0,0
1782621581,113.843483,3402,0,211,1,0.250965059,0,0,5,11540,0,71,0,690,676,731,717,89,89,89,89,89,89,89,89,110,22.56066895,22.56066895,25.12438011,25.12438011,0,0,0,0
1782621581,113.8922806,3404,0,211,1,0.276123762,0,0,5,11588,0,74,0,689,674,729,715,89,89,89,89,89,89,89,89,110,22.56066895,22.56066895,25.12438011,25.12438011,0,0,0,0
1782621581,113.9420166,3405,0,212,1,0.231882766,0,0,5,11626,0,75,0,688,671,728,713,89,89,89,89,89,89,89,89,110,22.56066895,22.56066895,25.12438011,25.12438011,0,0,0,0
1782621581,113.9921341,3407,0,212,1,0.180342913,0,0,5,11659,0,77,0,687,669,727,711,89,89,89,89,89,89,89,89,110,22.56066895,22.56066895,25.12438011,25.12438011,0,0,0,0
1782621581,114.041954,3408,0,213,1,0.13153249,0,0,5,11666,0,77,0,687,666,727,708,89,89,89,89,89,89,89,89,110,22.56066895,22.56066895,25.12438011,25.12438011,0,0,0,0
1782621581,114.091507,3410,0,214,1,0.085153334,0,0,5,11645,0,76,0,686,664,726,706,89,89,89,89,89,89,89,89,110,22.56066895,22.56066895,25.12438011,25.12438011,0,0,0,0
1782621581,114.1403351,3411,0,214,1,0.04210167,0,0,5,11658,0,76,0,685,661,725,704,89,89,89,89,89,89,89,89,110,22.56066895,22.56066895,25.12438011,25.12438011,0,0,0,0
1782621581,114.1904373,3413,0,216,1,0.038997576,0,0,5,11684,0,78,0,683,659,723,702,89,89,89,89,89,89,89,89,110,22.56066895,22.56066895,25.12438011,25.12438011,0,0,0,0
1782621581,114.2409592,3414,0,217,1,0.053570013,0,0,5,11713,0,79,0,680,656,721,700,89,89,89,89,89,89,89,89,110,22.56066895,22.56066895,25.12438011,25.12438011,0,0,0,0
1782621581,114.2899094,3416,0,218,1,0.052911021,0,0,5,11767,0,81,0,678,654,718,697,89,89,89,89,89,89,89,89,110,22.56066895,22.56066895,25.12438011,25.12438011,0,0,0,0
1782621582,114.3392563,3417,0,220,1,0.009595498,0,0,5,11834,0,84,0,675,651,716,695,89,89,89,89,89,89,89,89,110,22.56066895,22.56066895,25.12438011,25.12438011,0,0,0,0
1782621582,114.4011841,3419,0,221,1,0,0,0,5,11905,0,87,0,673,649,714,693,89,89,89,89,89,89,89,89,110,22.56066895,22.56066895,25.12438011,25.12438011,0,0,0,0
1782621582,114.4492035,3420,0,223,1,0,0,0,5,11975,0,90,0,670,646,712,691,89,89,89,89,89,89,89,89,110,22.56066895,22.56066895,25.12438011,25.12438011,0,0,0,0
1782621582,114.4971848,3422,0,224,1,0.024783196,0,0,6,11264,0,60,0,668,644,709,688,89,89,89,89,89,89,89,89,110,22.56066895,22.56066895,25.12438011,25.12438011,0,0,0,0
1782621582,114.5456924,3423,0,226,1,0.058325361,0,0,6,10544,0,34,0,665,641,707,686,89,89,89,89,89,89,89,89,110,22.56066895,22.56066895,25.12438011,25.12438011,0,0,0,0
1782621582,114.5944443,3425,0,227,1,0.090007864,0,0,6,10560,0,35,0,662,639,705,684,89,89,89,89,89,89,89,89,110,22.56066895,22.56066895,25.12438011,25.12438011,0,0,0,0
1782621582,114.643692,3426,0,228,1,0.119393885,0,0,6,10626,0,37,0,660,636,702,682,89,89,89,89,89,89,89,89,110,22.56066895,22.56066895,25.12438011,25.12438011,0,0,0,0
1782621582,114.6924362,3428,0,229,1,0.14651826,0,0,6,10696,0,39,0,658,634,700,679,89,89,89,89,89,89,89,89,110,22.56066895,22.56066895,25.12438011,25.12438011,0,0,0,0
1782621582,114.7428131,3429,0,230,1,0.121363707,0,0,6,10761,0,42,0,657,631,699,677,89,89,89,89,89,89,89,89,110,22.56066895,22.56066895,25.12438011,25.12438011,0,0,0,0
1782621582,114.7944107,3431,0,231,1,0.073111534,0,0,6,10796,0,43,0,657,629,699,675,89,89,89,89,89,89,89,89,110,22.56066895,22.56066895,25.12438011,25.12438011,0,0,0,0
1782621582,114.8454132,3432,0,232,1,0.029051322,0,0,6,10813,0,44,0,657,626,699,673,89,89,89,89,89,89,89,89,110,22.56066895,22.56066895,25.12438011,25.12438011,0,0,0,0
1782621582,114.8956146,3434,0,233,1,0.000566957,0,0,6,10844,0,45,0,656,624,698,670,89,89,89,89,89,89,89,89,110,22.56066895,22.56066895,25.12438011,25.12438011,0,0,0,0
1782621582,114.9472351,3435,0,234,1,0.008234315,0,0,6,10891,0,46,0,654,621,695,668,89,89,89,89,89,89,89,89,110,22.56066895,22.56066895,25.12438011,25.12438011,0,0,0,0
1782621582,114.9983902,3437,0,236,1,0.04217029,0,0,6,10949,0,48,0,651,619,693,666,89,89,89,89,89,89,89,89,110,22.56066895,22.56066895,25.12438011,25.12438011,0,0,0,0
1782621582,115.0365524,3438,0,237,1,0.074522436,0,0,6,11008,0,51,0,648,616,691,664,89,89,89,89,89,89,89,89,110,22.56066895,22.56066895,25.12438011,25.12438011,0,0,0,0
1782621582,115.1004486,3440,0,238,1,0.104667559,0,0,6,11069,0,53,0,646,614,688,662,89,89,89,89,89,89,89,89,110,22.56066895,22.56066895,25.12438011,25.12438011,0,0,0,0
1782621582,115.139946,3441,0,239,1,0.061689552,0,0,6,11113,0,54,0,645,611,687,659,89,89,89,89,89,89,89,89,110,22.56066895,22.56066895,25.12438011,25.12438011,0,0,0,0
1782621582,115.1937256,3443,0,240,1,0.034479305,0,0,6,11157,0,56,0,644,609,686,657,89,89,89,89,89,89,89,89,110,22.56066895,22.56066895,25.12438011,25.12438011,0,0,0,0
1782621582,115.2464294,3444,0,241,1,0.046537392,0,0,6,11207,0,58,0,641,606,684,655,89,89,89,89,89,89,89,89,110,22.56066895,22.56066895,25.12438011,25.12438011,0,0,0,0
1782621582,115.2984695,3446,0,242,1,0.0783429,0,0,6,11253,0,59,0,639,604,682,653,89,89,89,89,89,89,89,89,110,22.56066895,22.56066895,25.12438011,25.12438011,0,0,0,0
1782621583,115.33741,3447,0,243,1,0.108374201,0,0,6,11304,0,61,0,636,601,679,651,89,89,89,89,89,89,89,89,110,22.56066895,22.56066895,25.12438011,25.12438011,0,0,0,0
1782621583,115.3908157,3449,0,244,1,0.111633062,0,0,6,11353,0,63,0,634,599,677,648,89,89,89,89,89,89,89,89,110,22.56066895,22.56066895,25.12438011,25.12438011,0,0,0,0
1782621583,115.4428482,3450,0,245,1,0.065013774,0,0,6,11384,0,64,0,634,597,677,646,89,89,89,89,89,89,89,89,110,22.56066895,22.56066895,25.12438011,25.12438011,0,0,0,0
1782621583,115.4941711,3452,0,246,1,0.02260186,0,0,6,11409,0,66,0,634,594,677,644,89,89,89,89,89,89,89,89,110,22.56066895,22.56066895,25.12438011,25.12438011,0,0,0,0
1782621583,115.547287,3453,0,247,1,0.011220166,0,0,6,11451,0,68,0,632,592,675,642,89,89,89,89,89,89,89,89,110,22.56066895,22.56066895,25.12438011,25.12438011,0,0,0,0
1782621583,115.5879898,3455,0,248,1,0.040812023,0,0,6,11495,0,70,0,630,589,673,640,89,89,89,89,89,89,89,89,110,22.56066895,22.56066895,25.12438011,25.12438011,0,0,0,0
1782621583,115.6448135,3456,0,249,1,0.072775729,0,0,6,11545,0,72,0,627,587,670,637,89,89,89,89,89,89,89,89,110,22.56066895,22.56066895,25.12438011,25.12438011,0,0,0,0
1782621583,115.6885681,3458,0,250,1,0.047255546,0,0,6,11593,0,74,0,625,584,668,635,89,89,89,89,89,89,89,89,110,22.56066895,22.56066895,25.12438011,25.12438011,0,0,0,0
1782621583,115.7453766,3459,0,251,1,0.00705102,0,0,6,11627,0,75,0,624,582,667,633,89,89,89,89,89,89,89,89,110,22.56066895,22.56066895,25.12438011,25.12438011,0,0,0,0
1782621583,115.787468,3461,0,252,1,0,0,0,6,11669,0,77,0,621,580,665,631,89,89,89,89,89,89,89,89,110,22.56066895,22.56066895,25.12438011,25.12438011,0,0,0,0
1782621583,115.8444443,3462,0,253,1,0.028549561,0,0,6,11715,0,79,0,619,577,663,629,89,89,89,89,89,89,89,89,110,22.56066895,22.56066895,25.12438011,25.12438011,0,0,0,0
1782621583,115.8875885,3464,0,254,1,0.060422949,0,0,6,11765,0,81,0,616,575,660,626,89,89,89,89,89,89,89,89,110,22.56066895,22.56066895,25.12438011,25.12438011,0,0,0,0
1782621583,115.9436569,3465,0,255,1,0.090565085,0,0,6,11817,0,83,0,614,572,658,624,89,89,89,89,89,89,89,89,110,22.56066895,22.56066895,25.12438011,25.12438011,0,0,0,0
1782621583,115.9982605,3467,0,256,1,0.118640587,0,0,6,11868,0,85,0,611,570,656,622,89,89,89,89,89,89,89,89,110,22.56066895,22.56066895,25.12438011,25.12438011,0,0,0,0
1782621583,116.0378113,3468,0,256,1,0.144769341,0,0,7,10867,0,46,0,610,568,654,620,89,89,89,89,89,89,89,89,110,22.56066895,22.56066895,25.12438011,25.12438011,0,0,0,0
1782621583,116.089386,3470,0,257,1,0.170412108,0,0,7,10386,0,26,0,609,565,653,618,89,89,89,89,89,89,89,89,110,22.56066895,22.56066895,25.12438011,25.12438011,0,0,0,0
1782621583,116.1418152,3471,0,257,1,0.190290213,0,0,7,10405,0,27,0,609,563,653,616,89,89,89,89,89,89,89,89,110,22.56066895,22.56066895,25.12438011,25.12438011,0,0,0,0
1782621583,116.1945038,3473,0,257,1,0.137634099,0,0,7,10413,0,28,0,609,561,653,613,89,89,89,89,89,89,89,89,110,22.56066895,22.56066895,25.12438011,25.12438011,0,0,0,0
1782621583,116.2466125,3474,0,257,1,0.089806102,0,0,7,10407,0,27,0,610,558,653,611,89,89,89,89,89,89,89,89,110,22.56066895,22.56066895,25.12438011,25.12438011,0,0,0,0
1782621583,116.2982864,3476,0,257,1,0.046219107,0,0,7,10399,0,27,0,610,556,653,609,89,89,89,89,89,89,89,89,110,22.56066895,22.56066895,25.12438011,25.12438011,0,0,0,0
1782621584,116.3377991,3477,0,258,1,0.006063239,0,0,7,10387,0,26,0,610,554,652,607,89,89,89,89,89,89,89,89,110,22.56066895,22.56066895,25.12438011,25.12438011,0,0,0,0
1782621584,116.3936615,3479,0,259,1,0,0,0,7,10403,0,27,0,608,551,650,605,89,89,89,89,89,89,89,89,110,22.56066895,22.56066895,25.12438011,25.12438011,0,0,0,0
1782621584,116.4473877,3480,0,260,1,0,0,0,7,10431,0,28,0,605,549,648,603,89,89,89,89,89,89,89,89,110,22.56066895,22.56066895,25.12438011,25.12438011,0,0,0,0
1782621584,116.4987106,3482,0,261,1,0,0,0,7,10470,0,30,0,603,547,646,601,89,89,89,89,89,89,89,89,110,22.56066895,22.56066895,25.12438011,25.12438011,0,0,0,0
1782621584,116.5486526,3483,0,262,1,0,0,0,7,10528,0,34,0,600,544,643,599,89,89,89,89,89,89,89,89,110,22.56066895,22.56066895,25.12438011,25.12438011,0,0,0,0
1782621584,116.5989761,3485,0,263,1,0,0,0,7,10557,0,35,0,598,542,641,596,89,89,89,89,89,89,89,89,110,22.56066895,22.56066895,25.12438011,25.12438011,0,0,0,0
1782621584,116.6488647,3486,0,263,1,0,0,0,7,10582,0,35,0,595,540,639,594,89,89,89,89,89,89,89,89,110,22.56066895,22.56066895,25.12438011,25.12438011,0,0,0,0
1782621584,116.6985779,3488,0,264,1,-0.023469582,0,0,7,10622,0,37,0,593,538,637,592,89,89,89,89,89,89,89,89,110,22.56066895,22.56066895,25.12438011,25.12438011,0,0,0,0
1782621584,116.7481461,3489,0,265,1,-0.055151258,0,0,7,10666,0,38,0,590,535,634,590,89,89,89,89,89,89,89,89,110,22.56066895,22.56066895,25.12438011,25.12438011,0,0,0,0
1782621584,116.7988129,3491,0,266,1,-0.085170582,0,0,7,10704,0,40,0,588,533,632,588,89,89,89,89,89,89,89,89,110,22.56066895,22.56066895,25.12438011,25.12438011,0,0,0,0
1782621584,116.8488083,3492,0,267,1,-0.08273425,0,0,7,10728,0,41,0,585,531,630,586,89,89,89,89,89,89,89,89,110,22.56066895,22.56066895,25.12438011,25.12438011,0,0,0,0
1782621584,116.8865662,3494,0,267,1,-0.039757915,0,0,7,10746,0,41,0,583,532,628,587,89,89,89,89,89,89,89,89,110,22.56066895,22.56066895,25.12438011,25.12438011,0,0,0,0
1782621584,116.9388733,3495,0,268,1,0,0,0,7,10767,0,42,0,580,533,625,586,89,89,89,89,89,89,89,89,110,22.56066895,22.56066895,25.12438011,25.12438011,0,0,0,0
1782621584,116.9936676,3497,0,269,1,0,0,0,7,10798,0,43,0,578,531,623,585,89,89,89,89,89,89,89,89,110,22.56066895,22.56066895,25.12438011,25.12438011,0,0,0,0
1782621584,117.04776,3498,0,270,1,0,0,0,7,10830,0,44,0,575,528,621,582,89,89,89,89,89,89,89,89,110,22.56066895,22.56066895,25.12438011,25.12438011,0,0,0,0
1782621584,117.0988312,3500,0,271,1,0,0,0,7,10871,0,46,0,573,526,619,580,89,89,89,89,89,89,89,89,110,22.56066895,22.56066895,25.12438011,25.12438011,0,0,0,0
1782621584,117.1481857,3501,0,271,1,0,0,0,7,10900,0,47,0,570,524,616,578,89,89,89,89,89,89,89,89,110,22.56066895,22.56066895,25.12438011,25.12438011,0,0,0,0
1782621584,117.1983719,3503,0,272,1,0,0,0,7,10930,0,48,0,568,522,614,576,89,89,89,89,89,89,89,89,110,22.56066895,22.56066895,25.12438011,25.12438011,0,0,0,0
1782621584,117.2484131,3504,0,273,1,0,0,0,7,10964,0,49,0,565,519,612,574,89,89,89,89,89,89,89,89,110,22.56066895,22.56066895,25.12438011,25.12438011,0,0,0,0
1782621584,117.2983322,3506,0,274,1,0,0,0,7,11002,0,50,0,563,517,610,572,89,89,89,89,89,89,89,89,110,22.56066895,22.56066895,25.12438011,25.12438011,0,0,0,0
1782621585,117.3486862,3507,0,275,1,0,0,0,7,11032,0,51,0,560,515,608,570,89,89,89,89,89,89,89,89,110,22.56066895,22.56066895,25.12438011,25.12438011,0,0,0,0
1782621585,117.3873062,3509,0,275,1,0,0,0,7,11061,0,52,0,558,513,605,568,89,89,89,89,89,89,89,89,110,22.56066895,22.56066895,25.12438011,25.12438011,0,0,0,0
1782621585,117.4393463,3510,0,276,1,0.008163241,0,0,7,11076,0,53,0,556,510,603,566,89,89,89,89,89,89,89,89,110,22.56066895,22.56066895,25.12438011,25.12438011,0,0,0,0
1782621585,117.489296,3512,0,277,1,0.035696708,0,0,7,11111,0,54,0,553,508,601,564,89,89,89,89,89,89,89,89,110,22.56066895,22.56066895,25.12438011,25.12438011,0,0,0,0
1782621585,117.538147,3513,0,278,1,0.034281272,0,0,7,11155,0,56,0,551,506,599,562,89,89,89,89,89,89,89,89,110,22.56066895,22.56066895,25.12438011,25.12438011,0,0,0,0
1782621585,117.5885391,3515,0,278,1,0.004410582,0,0,7,11183,0,57,0,549,504,597,560,89,89,89,89,89,89,89,89,110,22.56066895,22.56066895,25.12438011,25.12438011,0,0,0,0
1782621585,117.6397858,3516,0,279,1,0,0,0,7,11202,0,57,0,547,502,595,558,89,89,89,89,89,89,89,89,110,22.56066895,22.56066895,25.12438011,25.12438011,0,0,0,0
1782621585,117.6915741,3518,0,280,1,0,0,0,7,11230,0,58,0,544,500,593,556,89,89,89,89,89,89,89,89,110,22.56066895,22.56066895,25.12438011,25.12438011,0,0,0,0
1782621585,117.7427597,3519,0,281,1,0,0,0,7,11262,0,60,0,542,497,591,554,89,89,89,89,89,89,89,89,110,22.56066895,22.56066895,25.12438011,25.12438011,0,0,0,0
1782621585,117.7953033,3521,0,281,1,0,0,0,7,11290,0,61,0,540,495,589,552,89,89,89,89,89,89,89,89,110,22.56066895,22.56066895,25.12438011,25.12438011,0,0,0,0
1782621585,117.8476181,3522,0,282,1,0,0,0,7,11321,0,62,0,537,493,586,550,89,89,89,89,89,89,89,89,110,22.56066895,22.56066895,25.12438011,25.12438011,0,0,0,0
1782621585,117.8990173,3524,0,283,1,0.006594331,0,0,7,11346,0,63,0,535,491,584,548,89,89,89,89,89,89,89,89,110,22.56066895,22.56066895,25.12438011,25.12438011,0,0,0,0
1782621585,117.9376221,3525,0,284,1,0.03282664,0,0,7,11375,0,64,0,533,489,582,546,89,89,89,89,89,89,89,89,110,22.56066895,22.56066895,25.12438011,25.12438011,0,0,0,0
1782621585,117.9900513,3527,0,284,1,0.014909228,0,0,7,11403,0,66,0,530,487,580,544,89,89,89,89,89,89,89,89,110,22.56066895,22.56066895,25.12438011,25.12438011,0,0,0,0
1782621585,118.0425568,3528,0,285,1,0,0,0,7,11428,0,67,0,528,485,578,542,89,89,89,89,89,89,89,89,110,22.56066895,22.56066895,25.12438011,25.12438011,0,0,0,0
1782621585,118.0937424,3530,0,286,1,0,0,0,7,11447,0,68,0,526,483,576,540,89,89,89,89,89,89,89,89,110,22.56066895,22.56066895,25.12438011,25.12438011,0,0,0,0
1782621585,118.1455841,3531,0,286,1,0,0,0,7,11467,0,68,0,524,480,574,538,89,89,89,89,89,89,89,89,110,22.56066895,22.56066895,25.12438011,25.12438011,0,0,0,0
1782621585,118.1865005,3533,0,286,1,0,0,0,7,11534,0,71,0,521,478,572,536,89,89,89,89,89,89,89,89,110,22.56066895,22.56066895,25.12438011,25.12438011,0,0,0,0
1782621585,118.2401352,3534,0,287,1,0,0,0,7,11518,0,71,0,519,476,570,534,89,89,89,89,89,89,89,89,110,22.56066895,22.56066895,25.12438011,25.12438011,0,0,0,0
1782621585,118.2908783,3536,0,288,1,0.013646862,0,0,7,11515,0,70,0,517,474,568,532,89,89,89,89,89,89,89,89,110,22.56066895,22.56066895,25.12438011,25.12438011,0,0,0,0
1782621586,118.3421249,3537,0,288,1,0.042961061,0,0,7,11559,0,72,0,514,472,565,530,89,89,89,89,89,89,89,89,110,22.56066895,22.56066895,25.12438011,25.12438011,0,0,0,0
1782621586,118.3952942,3539,0,289,1,0.048953805,0,0,7,11592,0,74,0,512,470,563,528,89,89,89,89,89,89,89,89,110,22.56066895,22.56066895,25.12438011,25.12438011,0,0,0,0
1782621586,118.4463806,3540,0,289,1,0.012553601,0,0,7,11597,0,74,0,511,468,562,526,89,89,89,89,89,89,89,89,110,22.56066895,22.56066895,25.12438011,25.12438011,0,0,0,0
1782621586,118.495369,3542,0,290,1,0,0,0,7,11620,0,75,0,510,466,561,524,89,89,89,89,89,89,89,89,110,22.56066895,22.56066895,25.12438011,25.12438011,0,0,0,0
1782621586,118.5454559,3543,0,291,1,0,0,0,7,11645,0,76,0,508,464,559,522,89,89,89,89,89,89,89,89,110,22.56066895,22.56066895,25.12438011,25.12438011,0,0,0,0
1782621586,118.5964355,3545,0,291,1,0,0,0,7,11668,0,77,0,505,462,557,521,89,89,89,89,89,89,89,89,110,22.56066895,22.56066895,25.12438011,25.12438011,0,0,0,0
1782621586,118.6469345,3546,0,292,1,0,0,0,7,11690,0,78,0,503,460,555,519,89,89,89,89,89,89,89,89,110,22.56066895,22.56066895,25.12438011,25.12438011,0,0,0,0
1782621586,118.6972885,3548,0,292,1,0,0,0,7,11713,0,79,0,501,458,553,517,89,89,89,89,89,89,89,89,110,22.56066895,22.56066895,25.12438011,25.12438011,0,0,0,0
1782621586,118.7465668,3549,0,293,1,0.013381648,0,0,7,11736,0,80,0,499,456,551,515,89,89,89,89,89,89,89,89,110,22.56066895,22.56066895,25.12438011,25.12438011,0,0,0,0
1782621586,118.7959824,3551,0,293,1,0.042677924,0,0,8,10991,0,50,0,497,454,549,513,89,89,89,89,89,89,89,89,110,22.56066895,22.56066895,25.12438011,25.12438011,0,0,0,0
1782621586,118.846756,3552,0,294,1,0.041955382,0,0,8,10487,0,31,0,494,452,547,511,89,89,89,89,89,89,89,89,110,22.56066895,22.56066895,25.12438011,25.12438011,0,0,0,0
1782621586,118.8983994,3554,0,295,1,0.006338113,0,0,8,10497,0,31,0,494,450,546,509,89,89,89,89,89,89,89,89,110,22.56066895,22.56066895,25.12438011,25.12438011,0,0,0,0
1782621586,118.9374619,3555,0,295,1,0,0,0,8,10518,0,33,0,492,448,544,507,89,89,89,89,89,89,89,89,110,22.56066895,22.56066895,25.12438011,25.12438011,0,0,0,0
1782621586,118.9891739,3557,0,296,1,0,0,0,8,10536,0,34,0,489,446,542,505,89,89,89,89,89,89,89,89,110,22.56066895,22.56066895,25.12438011,25.12438011,0,0,0,0
1782621586,119.0397644,3558,0,296,1,0.01050229,0,0,8,10553,0,34,0,487,444,540,504,89,89,89,89,89,89,89,89,110,22.56066895,22.56066895,25.12438011,25.12438011,0,0,0,0
1782621586,119.0893707,3560,0,297,1,0.029684993,0,0,8,10570,0,35,0,485,442,538,502,89,89,89,89,89,89,89,89,110,22.56066895,22.56066895,25.12438011,25.12438011,0,0,0,0
1782621586,119.1414413,3561,0,297,1,0.031770531,0,0,8,10588,0,36,0,483,440,536,500,89,89,89,89,89,89,89,89,110,22.56066895,22.56066895,25.12438011,25.12438011,0,0,0,0
1782621586,119.1949539,3563,0,298,1,0.003175927,0,0,8,10604,0,36,0,481,438,534,498,89,89,89,89,89,89,89,89,110,22.56066895,22.56066895,25.12438011,25.12438011,0,0,0,0
1782621586,119.2468796,3564,0,298,1,0,0,0,8,10623,0,37,0,479,436,532,496,89,89,89,89,89,89,89,89,110,22.56066895,22.56066895,25.12438011,25.12438011,0,0,0,0
1782621586,119.2984543,3566,0,299,1,0,0,0,8,10639,0,37,0,477,434,530,494,89,89,89,89,89,89,89,89,110,22.56066895,22.56066895,25.12438011,25.12438011,0,0,0,0
1782621587,119.3484344,3567,0,299,1,0,0,0,8,10657,0,38,0,475,432,528,492,89,89,89,89,89,89,89,89,110,22.56066895,22.56066895,25.12438011,25.12438011,0,0,0,0
1782621587,119.385994,3569,0,300,1,0,0,0,8,10676,0,39,0,473,430,526,491,89,89,89,89,89,89,89,89,110,22.56066895,22.56066895,25.12438011,25.12438011,0,0,0,0
1782621587,119.4502411,3570,0,300,1,0,0,0,8,10692,0,39,0,471,429,524,489,89,89,89,89,89,89,89,89,110,22.56066895,22.56066895,25.12438011,25.12438011,0,0,0,0
1782621587,119.488205,3572,0,301,1,0,0,0,8,10707,0,40,0,469,427,522,487,89,89,89,89,89,89,89,89,110,22.56066895,22.56066895,25.12438011,25.12438011,0,0,0,0
1782621587,119.539566,3573,0,301,1,0,0,0,8,10724,0,40,0,467,425,520,485,89,89,89,89,89,89,89,89,110,22.56066895,22.56066895,25.12438011,25.12438011,0,0,0,0
1782621587,119.5932922,3575,0,302,1,0,0,0,8,10741,0,41,0,464,423,518,483,89,89,89,89,89,89,89,89,110,22.56066895,22.56066895,25.12438011,25.12438011,0,0,0,0
1782621587,119.6371307,3576,0,302,1,-0.016435176,0,0,8,10755,0,42,0,462,421,516,482,89,89,89,89,89,89,89,89,110,22.56066895,22.56066895,25.12438011,25.12438011,0,0,0,0
1782621587,119.6970291,3579,0,302,1,-0.038071752,0,0,8,10771,0,42,0,460,419,515,480,89,89,89,89,89,89,89,89,110,22.56066895,22.56066895,25.12438011,25.12438011,0,0,0,0
1782621587,119.7399063,3580,0,303,1,-0.021586269,0,0,8,10789,0,43,0,458,417,513,478,89,89,89,89,89,89,89,89,110,22.56066895,22.56066895,25.12438011,25.12438011,0,0,0,0
1782621587,119.7956543,3582,0,303,1,0,0,0,8,10805,0,43,0,456,416,511,477,89,89,89,89,89,89,89,89,110,22.56066895,22.56066895,25.12438011,25.12438011,0,0,0,0
1782621587,119.8364563,3583,0,304,1,0,0,0,8,10819,0,44,0,454,414,509,475,89,89,89,89,89,89,89,89,110,22.56066895,22.56066895,25.12438011,25.12438011,0,0,0,0
1782621587,119.8897324,3585,0,304,1,0,0,0,8,10833,0,44,0,452,413,507,473,89,89,89,89,89,89,89,89,110,22.56066895,22.56066895,25.12438011,25.12438011,0,0,0,0
1782621587,119.9438095,3586,0,305,1,0,0,0,8,10848,0,45,0,450,411,505,472,89,89,89,89,89,89,89,89,110,22.56066895,22.56066895,25.12438011,25.12438011,0,0,0,0
1782621587,119.9858551,3588,0,305,1,0,0,0,8,10864,0,45,0,448,409,503,470,89,89,89,89,89,89,89,89,110,22.56066895,22.56066895,25.12438011,25.12438011,0,0,0,0
1782621587,120.0410995,3589,0,305,1,0,0,0,8,10877,0,46,0,446,407,501,468,89,89,89,89,89,89,89,89,110,22.56066895,22.56066895,25.12438011,25.12438011,0,0,0,0
1782621587,120.0916367,3591,0,306,1,0,0,0,8,10891,0,46,0,444,405,499,466,89,89,89,89,89,89,89,89,110,22.56066895,22.56066895,25.12438011,25.12438011,0,0,0,0
1782621587,120.1412125,3592,0,306,1,0,0,0,8,10915,1,47,0,442,404,498,465,89,89,89,89,89,89,89,89,110,22.56066895,22.56066895,25.12438011,25.12438011,0,0,0,0
1782621587,120.1939926,3594,0,307,1,0,0,0,8,10947,1,48,0,440,402,496,463,89,89,89,89,89,89,89,89,110,22.56066895,22.56066895,25.12438011,25.12438011,0,0,0,0
1782621587,120.2364349,3595,0,308,1,0,0,0,8,10966,1,49,0,438,400,494,461,89,89,89,89,89,89,89,89,110,22.56066895,22.56066895,25.12438011,25.12438011,0,0,0,0
1782621587,120.2922363,3597,0,308,1,0,0,0,8,10981,1,50,0,436,398,492,459,89,89,89,89,89,89,89,89,110,22.56066895,22.56066895,25.12438011,25.12438011,0,0,0,0
1782621588,120.3470535,3598,0,309,1,0,0,0,8,11000,1,50,0,434,396,490,458,89,89,89,89,89,89,89,89,110,22.56066895,22.56066895,25.12438011,25.12438011,0,0,0,0
1782621588,120.3877563,3600,0,309,1,0,0,0,8,11021,1,51,0,432,395,488,456,89,89,89,89,89,89,89,89,110,22.56066895,22.56066895,25.12438011,25.12438011,0,0,0,0
1782621588,120.4407578,3601,0,310,1,0,0,0,8,11040,1,52,0,431,393,486,454,89,89,89,89,89,89,89,89,110,22.56066895,22.56066895,25.12438011,25.12438011,0,0,0,0
1782621588,120.4924164,3603,0,310,1,0,0,0,8,11058,1,52,0,429,391,485,453,89,89,89,89,89,89,89,89,110,22.56066895,22.56066895,25.12438011,25.12438011,0,0,0,0
1782621588,120.5436096,3604,0,311,1,0,0,0,8,11076,1,53,0,427,389,483,451,89,89,89,89,89,89,89,89,110,22.56066895,22.56066895,25.12438011,25.12438011,0,0,0,0
1782621588,120.594986,3606,0,311,1,0,0,0,8,11094,1,54,0,425,388,481,449,89,89,89,89,89,89,89,89,110,22.56066895,22.56066895,25.12438011,25.12438011,0,0,0,0
1782621588,120.6462173,3607,0,312,1,0,0,0,8,11112,1,54,0,423,386,479,448,89,89,89,89,89,89,89,89,110,22.56066895,22.56066895,25.12438011,25.12438011,0,0,0,0
1782621588,120.6968536,3609,0,312,1,0,0,0,8,11129,1,55,0,421,384,477,446,89,89,89,89,89,89,89,89,110,22.56066895,22.56066895,25.12438011,25.12438011,0,0,0,0
1782621588,120.7475281,3610,0,313,1,0,0,0,8,11146,1,55,0,419,383,476,444,89,89,89,89,89,89,89,89,110,22.56066895,22.56066895,25.12438011,25.12438011,0,0,0,0
1782621588,120.7981186,3612,0,313,1,0,0,0,8,11163,1,56,0,417,381,474,443,89,89,89,89,89,89,89,89,110,22.56066895,22.56066895,25.12438011,25.12438011,0,0,0,0
1782621588,120.8368301,3613,0,314,1,0,0,0,8,11178,1,57,0,415,379,472,441,89,89,89,89,89,89,89,89,110,22.56066895,22.56066895,25.12438011,25.12438011,0,0,0,0
1782621588,120.8894043,3615,0,314,1,0,0,0,8,11195,1,57,0,414,378,470,439,89,89,89,89,89,89,89,89,110,22.56066895,22.56066895,25.12438011,25.12438011,0,0,0,0
1782621588,120.9409409,3616,0,315,1,0,0,0,8,11214,1,58,0,412,376,469,438,89,89,89,89,89,89,89,89,110,22.56066895,22.56066895,25.12438011,25.12438011,0,0,0,0
1782621588,120.9942093,3618,0,315,1,0,0,0,8,11231,1,59,0,410,374,467,436,89,89,89,89,89,89,89,89,110,22.56066895,22.56066895,25.12438011,25.12438011,0,0,0,0
1782621588,121.035675,3619,0,316,1,0.010138471,0,0,8,11246,1,59,0,408,372,465,434,89,89,89,89,89,89,89,89,110,22.56066895,22.56066895,25.12438011,25.12438011,0,0,0,0
1782621588,121.0894699,3621,0,316,1,0.026917122,0,0,8,11261,1,60,0,406,371,463,433,89,89,89,89,89,89,89,89,110,22.56066895,22.56066895,25.12438011,25.12438011,0,0,0,0
1782621588,121.1420593,3622,0,317,1,0.010482736,0,0,8,11277,1,60,0,404,369,462,431,89,89,89,89,89,89,89,89,110,22.56066895,22.56066895,25.12438011,25.12438011,0,0,0,0
1782621588,121.1958847,3624,0,317,1,0,0,0,8,11290,1,61,0,403,368,460,429,89,89,89,89,89,89,89,89,110,22.56066895,22.56066895,25.12438011,25.12438011,0,0,0,0
1782621588,121.2367783,3625,0,318,1,0,0,0,8,11303,1,61,0,401,366,458,428,89,89,89,89,89,89,89,89,110,22.56066895,22.56066895,25.12438011,25.12438011,0,0,0,0
1782621588,121.2897873,3627,0,318,1,0,0,0,8,11319,1,62,0,399,364,456,426,89,89,89,89,89,89,89,89,110,22.56066895,22.56066895,25.12438011,25.12438011,0,0,0,0
1782621589,121.340538,3628,0,318,1,0,0,0,8,11334,1,62,0,397,363,455,425,89,89,89,89,89,89,89,89,110,22.56066895,22.56066895,25.12438011,25.12438011,0,0,0,0
1782621589,121.3910599,3630,0,319,1,0,0,0,8,11348,1,63,0,396,361,453,423,89,89,89,89,89,89,89,89,110,22.56066895,22.56066895,25.12438011,25.12438011,0,0,0,0
1782621589,121.4429245,3631,0,319,1,0,0,0,8,11361,1,63,0,394,359,451,421,89,89,89,89,89,89,89,89,110,22.56066895,22.56066895,25.12438011,25.12438011,0,0,0,0
1782621589,121.4953537,3633,0,320,1,0,0,0,8,11374,1,64,0,392,358,450,420,89,89,89,89,89,89,89,89,110,22.56066895,22.56066895,25.12438011,25.12438011,0,0,0,0
1782621589,121.547226,3634,0,320,1,0,0,0,8,11390,1,64,0,390,356,448,418,89,89,89,89,89,89,89,89,110,22.56066895,22.56066895,25.12438011,25.12438011,0,0,0,0
1782621589,121.5977325,3636,0,320,1,0,0,0,8,11406,1,66,0,388,355,446,417,89,89,89,89,89,89,89,89,110,22.56066895,22.56066895,25.12438011,25.12438011,0,0,0,0
1782621589,121.638176,3637,0,321,1,0,0,0,8,11419,1,66,0,387,353,445,415,89,89,89,89,89,89,89,89,110,22.56066895,22.56066895,25.12438011,25.12438011,0,0,0,0
1782621589,121.6928482,3639,0,321,1,0,0,0,8,11432,1,67,0,385,351,443,414,89,89,89,89,89,89,89,89,110,22.56066895,22.56066895,25.12438011,25.12438011,0,0,0,0
1782621589,121.745903,3640,0,322,1,0,0,0,8,11448,1,68,0,383,350,441,412,89,89,89,89,89,89,89,89,110,22.56066895,22.56066895,25.12438011,25.12438011,0,0,0,0
1782621589,121.786026,3642,0,322,1,0,0,0,8,11460,1,68,0,382,348,440,410,89,89,89,89,89,89,89,89,110,22.56066895,22.56066895,25.12438011,25.12438011,0,0,0,0
1782621589,121.8394775,3643,0,322,1,0.015198424,0,0,8,11467,1,68,0,380,347,438,409,89,89,89,89,89,89,89,89,110,22.56066895,22.56066895,25.12438011,25.12438011,0,0,0,0
1782621589,121.8917007,3645,0,323,1,0,0,0,8,11479,1,69,0,378,345,436,407,89,89,89,89,89,89,89,89,110,22.56066895,22.56066895,25.12438011,25.12438011,0,0,0,0
1782621589,121.9443359,3646,0,323,1,0,0,0,8,11493,1,69,0,376,344,435,406,89,89,89,89,89,89,89,89,110,22.56066895,22.56066895,25.12438011,25.12438011,0,0,0,0
1782621589,121.9977722,3648,0,323,1,0,0,0,8,11506,1,70,0,375,342,433,404,89,89,89,89,89,89,89,89,110,22.56066895,22.56066895,25.12438011,25.12438011,0,0,0,0
1782621589,122.0379028,3649,0,324,1,0,0,0,8,11516,1,70,0,373,341,431,403,89,89,89,89,89,89,89,89,110,22.56066895,22.56066895,25.12438011,25.12438011,0,0,0,0
1782621589,122.0901413,3651,0,324,1,0,0,0,8,11519,1,71,0,371,339,430,401,89,89,89,89,89,89,89,89,110,22.56066895,22.56066895,25.12438011,25.12438011,0,0,0,0
1782621589,122.1427231,3652,0,324,1,0,0,0,8,11527,1,71,0,370,338,428,400,89,89,89,89,89,89,89,89,110,22.56066895,22.56066895,25.12438011,25.12438011,0,0,0,0
1782621589,122.1968155,3654,0,325,1,0,0,0,8,11548,1,72,0,368,336,426,398,89,89,89,89,89,89,89,89,110,22.56066895,22.56066895,25.12438011,25.12438011,0,0,0,0
1782621589,122.2414474,3655,0,325,1,0,0,0,8,11565,1,73,0,366,335,425,397,89,89,89,89,89,89,89,89,110,22.56066895,22.56066895,25.12438011,25.12438011,0,0,0,0
1782621589,122.2881165,3657,0,325,1,0,0,0,8,11575,1,73,0,365,333,423,395,89,89,89,89,89,89,89,89,110,22.56066895,22.56066895,25.12438011,25.12438011,0,0,0,0
1782621590,122.3465271,3658,0,326,1,0,0,0,8,11583,1,73,0,363,332,422,394,89,89,89,89,89,89,89,89,110,22.56066895,22.56066895,25.12438011,25.12438011,0,0,0,0
1782621590,122.3889236,3660,0,326,1,0,0,0,8,11590,1,74,0,362,330,420,392,89,89,89,89,89,89,89,89,110,22.56066895,22.56066895,25.12438011,25.12438011,0,0,0,0
1782621590,122.4455032,3661,0,326,1,0,0,0,8,11603,1,74,0,360,329,418,391,89,89,89,89,89,89,89,89,110,22.56066895,22.56066895,25.12438011,25.12438011,0,0,0,0
1782621590,122.4872208,3663,0,326,1,0,0,0,8,11612,1,75,0,358,327,417,389,89,89,89,89,89,89,89,89,110,22.56066895,22.56066895,25.12438011,25.12438011,0,0,0,0
1782621590,122.5422592,3664,0,327,1,0,0,0,8,11621,1,75,0,357,326,415,388,89,89,89,89,89,89,89,89,110,22.56066895,22.56066895,25.12438011,25.12438011,0,0,0,0
1782621590,122.5959167,3666,0,327,1,0,0,0,8,11632,1,75,0,355,324,414,386,89,89,89,89,89,89,89,89,110,22.56066895,22.56066895,25.12438011,25.12438011,0,0,0,0
1782621590,122.646637,3667,0,327,1,0,0,0,8,11643,1,76,0,353,323,412,385,89,89,89,89,89,89,89,89,110,22.56066895,22.56066895,25.12438011,25.12438011,0,0,0,0
1782621590,122.6964722,3669,0,328,1,0,0,0,8,11652,1,76,0,352,321,411,384,89,89,89,89,89,89,89,89,110,22.56066895,22.56066895,25.12438011,25.12438011,0,0,0,0
1782621590,122.7474213,3670,0,328,1,0,0,0,8,11660,1,77,0,350,320,409,382,89,89,89,89,89,89,89,89,110,22.56066895,22.56066895,25.12438011,25.12438011,0,0,0,0
1782621590,122.7991028,3672,0,328,1,0,0,0,8,11670,1,77,0,349,319,407,381,89,89,89,89,89,89,89,89,110,22.56066895,22.56066895,25.12438011,25.12438011,0,0,0,0
1782621590,122.8394852,3673,0,328,1,0,0,0,8,11680,1,77,0,347,317,406,379,89,89,89,89,89,89,89,89,110,22.56066895,22.56066895,25.12438011,25.12438011,0,0,0,0
1782621590,122.8935394,3675,0,329,1,0,0,0,8,11689,1,78,0,346,316,404,378,89,89,89,89,89,89,89,89,110,22.56066895,22.56066895,25.12438011,25.12438011,0,0,0,0
1782621590,122.9453354,3676,0,329,1,0,0,0,8,11698,1,78,0,344,314,403,376,89,89,89,89,89,89,89,89,110,22.56066895,22.56066895,25.12438011,25.12438011,0,0,0,0
1782621590,122.9966431,3678,0,329,1,0,0,0,8,11709,1,79,0,343,313,401,375,89,89,89,89,89,89,89,89,110,22.56066895,22.56066895,25.12438011,25.12438011,0,0,0,0
1782621590,123.047821,3679,0,330,1,0,0,0,8,11719,1,79,0,341,312,400,374,89,89,89,89,89,89,89,89,110,22.56066895,22.56066895,25.12438011,25.12438011,0,0,0,0
1782621590,123.0977707,3681,0,330,1,0,0,0,8,11724,1,79,0,339,310,398,372,89,89,89,89,89,89,89,89,110,22.56066895,22.56066895,25.12438011,25.12438011,0,0,0,0
1782621590,123.1468964,3682,0,330,1,0,0,0,8,11728,1,79,0,338,309,397,371,89,89,89,89,89,89,89,89,110,22.56066895,22.56066895,25.12438011,25.12438011,0,0,0,0
1782621590,123.1977386,3684,0,330,1,0,0,0,8,11737,1,80,0,336,307,395,369,89,89,89,89,89,89,89,89,110,22.56066895,22.56066895,25.12438011,25.12438011,0,0,0,0
1782621590,123.2492523,3685,0,330,1,0,0,0,8,11749,1,80,0,335,306,394,368,89,89,89,89,89,89,89,89,110,22.56066895,22.56066895,25.12438011,25.12438011,0,0,0,0
1782621590,123.2875137,3687,0,331,1,0,0,0,8,11758,1,81,0,333,305,392,367,89,89,89,89,89,89,89,89,110,22.56066895,22.56066895,25.12438011,25.12438011,0,0,0,0
1782621591,123.3387451,3689,0,331,1,0,0,0,8,11766,1,81,0,332,303,391,365,89,89,89,89,89,89,89,89,110,22.56066895,22.56066895,25.12438011,25.12438011,0,0,0,0
1782621591,123.3902588,3691,0,331,1,0,0,0,8,11778,1,82,0,330,302,389,364,89,89,89,89,89,89,89,89,110,22.56066895,22.56066895,25.12438011,25.12438011,0,0,0,0
1782621591,123.440773,3692,0,331,1,0,0,0,8,11783,1,82,0,329,301,388,362,89,89,89,89,89,89,89,89,110,22.56066895,22.56066895,25.12438011,25.12438011,0,0,0,0
1782621591,123.4898605,3694,0,332,1,0,0,0,8,11784,1,82,0,328,299,386,361,89,89,89,89,89,89,89,89,110,22.56066895,22.56066895,25.12438011,25.12438011,0,0,0,0
1782621591,123.5390854,3695,0,332,1,0,0,0,8,11790,1,82,0,326,298,385,360,89,89,89,89,89,89,89,89,110,22.56066895,22.56066895,25.12438011,25.12438011,0,0,0,0
1782621591,123.5908813,3697,0,332,1,0,0,0,8,11806,1,83,0,325,297,384,358,89,89,89,89,89,89,89,89,110,22.56066895,22.56066895,25.12438011,25.12438011,0,0,0,0
1782621591,123.643959,3698,0,332,1,0,0,0,8,11817,1,83,0,323,295,382,357,89,89,89,89,89,89,89,89,110,22.56066895,22.56066895,25.12438011,25.12438011,0,0,0,0
1782621591,123.696312,3700,0,332,1,0,0,0,8,11820,1,83,0,322,294,381,356,89,89,89,89,89,89,89,89,110,22.56066895,22.56066895,25.12438011,25.12438011,0,0,0,0
1782621591,123.7469025,3701,0,333,1,0,0,0,8,11823,1,83,0,320,293,379,354,89,89,89,89,89,89,89,89,110,22.56066895,22.56066895,25.12438011,25.12438011,0,0,0,0
1782621591,123.7958221,3703,0,333,1,0,0,0,8,11829,1,84,0,319,291,378,353,89,89,89,89,89,89,89,89,110,22.56066895,22.56066895,25.12438011,25.12438011,0,0,0,0
1782621591,123.8461914,3704,0,333,1,0,0,0,8,11837,1,84,0,317,290,376,352,89,89,89,89,89,89,89,89,110,22.56066895,22.56066895,25.12438011,25.12438011,0,0,0,0
1782621591,123.8975601,3706,0,333,1,0.005867652,0,0,8,11842,1,84,0,316,289,375,350,89,89,89,89,89,89,89,89,110,22.56066895,22.56066895,25.12438011,25.12438011,0,0,0,0
1782621591,123.9468079,3707,0,334,1,0.020517061,0,0,8,11849,1,85,0,315,288,373,349,89,89,89,89,89,89,89,89,110,22.56066895,22.56066895,25.12438011,25.12438011,0,0,0,0
1782621591,123.9969254,3709,0,334,1,0.017336302,0,0,8,11858,1,85,0,313,286,372,348,89,89,89,89,89,89,89,89,110,22.56066895,22.56066895,25.12438011,25.12438011,0,0,0,0
1782621591,124.0361481,3710,0,334,1,0,0,0,8,11865,1,85,0,312,285,371,346,89,89,89,89,89,89,89,89,110,22.56066895,22.56066895,25.12438011,25.12438011,0,0,0,0
1782621591,124.0887222,3712,0,334,1,0,0,0,8,11875,1,86,0,310,284,369,345,89,89,89,89,89,89,89,89,110,22.56066895,22.56066895,25.12438011,25.12438011,0,0,0,0
1782621591,124.1394653,3713,0,334,1,0,0,0,8,11885,1,86,0,309,283,368,344,89,89,89,89,89,89,89,89,110,22.56066895,22.56066895,25.12438011,25.12438011,0,0,0,0
1782621591,124.1907578,3715,0,334,1,0,0,0,8,11882,1,86,0,308,281,366,343,89,89,89,89,89,89,89,89,110,22.56066895,22.56066895,25.12438011,25.12438011,0,0,0,0
1782621591,124.2427368,3716,0,334,1,0,0,0,8,11877,1,86,0,306,280,365,341,89,89,89,89,89,89,89,89,110,22.56066895,22.56066895,25.12438011,25.12438011,0,0,0,0
1782621591,124.294075,3718,0,335,1,0,0,0,8,11887,1,86,0,305,279,364,340,89,89,89,89,89,89,89,89,110,22.56066895,22.56066895,25.12438011,25.12438011,0,0,0,0
1782621592,124.3446655,3719,0,335,1,0,0,0,8,11903,1,87,0,304,278,362,339,89,89,89,89,89,89,89,89,110,22.56066895,22.56066895,25.12438011,25.12438011,0,0,0,0
1782621592,124.3960114,3721,0,335,1,0,0,0,8,11907,1,87,0,302,276,361,337,89,89,89,89,89,89,89,89,110,22.56066895,22.56066895,25.12438011,25.12438011,0,0,0,0
1782621592,124.4477081,3722,0,335,1,0,0,0,8,11912,1,87,0,301,275,360,336,89,89,89,89,89,89,89,89,110,22.56066895,22.56066895,25.12438011,25.12438011,0,0,0,0
1782621592,124.4986725,3724,0,335,1,0,0,0,8,11906,1,87,0,299,274,358,335,89,89,89,89,89,89,89,89,110,22.56066895,22.56066895,25.12438011,25.12438011,0,0,0,0
1782621592,124.5372467,3725,0,335,1,0,0,0,8,11913,1,87,0,298,273,357,334,89,89,89,89,89,89,89,89,110,22.56066895,22.56066895,25.12438011,25.12438011,0,0,0,0
1782621592,124.5887527,3727,0,336,1,0,0,0,8,11924,1,88,0,297,272,356,332,89,89,89,89,89,89,89,89,110,22.56066895,22.56066895,25.12438011,25.12438011,0,0,0,0
1782621592,124.6416855,3728,0,336,1,0,0,0,8,11929,1,88,0,295,270,354,331,89,89,89,89,89,89,89,89,110,22.56066895,22.56066895,25.12438011,25.12438011,0,0,0,0
1782621592,124.6961823,3730,0,336,1,0,0,0,8,11935,1,88,0,294,269,353,330,89,89,89,89,89,89,89,89,110,22.56066895,22.56066895,25.12438011,25.12438011,0,0,0,0
1782621592,124.7356415,3731,0,336,1,0,0,0,8,11945,1,89,0,293,268,352,329,89,89,89,89,89,89,89,89,110,22.56066895,22.56066895,25.12438011,25.12438011,0,0,0,0
1782621592,124.7884598,3733,0,336,1,0,0,0,8,11949,1,89,0,292,267,350,327,89,89,89,89,89,89,89,89,110,22.56066895,22.56066895,25.12438011,25.12438011,0,0,0,0
1782621592,124.8418579,3734,0,336,1,-0.010829225,0,0,8,11947,1,89,0,290,266,349,326,89,89,89,89,89,89,89,89,110,22.56066895,22.56066895,25.12438011,25.12438011,0,0,0,0
1782621592,124.8940964,3736,0,337,1,-0.025218545,0,0,8,11952,1,89,0,289,264,348,325,89,89,89,89,89,89,89,89,110,22.56066895,22.56066895,25.12438011,25.12438011,0,0,0,0
1782621592,124.9465714,3737,0,337,1,0,0,0,8,11959,1,89,0,288,263,346,324,89,89,89,89,89,89,89,89,110,22.56066895,22.56066895,25.12438011,25.12438011,0,0,0,0
1782621592,124.9858475,3739,0,337,1,0,0,0,8,11964,1,89,0,286,262,345,323,89,89,89,89,89,89,89,89,110,22.56066895,22.56066895,25.12438011,25.12438011,0,0,0,0
1782621592,125.0389099,3740,0,337,1,0,0,0,8,11969,1,90,0,285,261,344,321,89,89,89,89,89,89,89,89,110,22.56066895,22.56066895,25.12438011,25.12438011,0,0,0,0
1782621592,125.091362,3742,0,337,1,0,0,0,8,11974,1,90,0,284,260,342,320,89,89,89,89,89,89,89,89,110,22.56066895,22.56066895,25.12438011,25.12438011,0,0,0,0
1782621592,125.14328,3743,0,337,1,0,0,0,8,11981,1,90,0,283,259,341,319,89,89,89,89,89,89,89,89,110,22.56066895,22.56066895,25.12438011,25.12438011,0,0,0,0
1782621592,125.1970825,3745,0,337,1,0,0,0,8,11991,1,91,0,281,258,340,318,89,89,89,89,89,89,89,89,110,22.56066895,22.56066895,25.12438011,25.12438011,0,0,0,0
1782621592,125.2381439,3746,0,337,1,0,0,0,8,11990,1,91,0,280,256,339,317,89,89,89,89,89,89,89,89,110,22.56066895,22.56066895,25.12438011,25.12438011,0,0,0,0
1782621592,125.2932892,3748,0,338,1,0,0,0,8,11991,1,91,0,279,255,337,315,89,89,89,89,89,89,89,89,110,22.56066895,22.56066895,25.12438011,25.12438011,0,0,0,0
1782621593,125.3470154,3749,0,338,1,0,0,0,8,11989,1,91,0,278,254,336,314,89,89,89,89,89,89,89,89,110,22.56066895,22.56066895,25.12438011,25.12438011,0,0,0,0
1782621593,125.3971329,3751,0,338,1,0,0,0,8,11999,1,91,0,276,253,335,313,89,89,89,89,89,89,89,89,110,22.56066895,22.56066895,25.12438011,25.12438011,0,0,0,0
1782621593,125.4478607,3752,0,338,1,0,0,0,8,12013,1,92,0,275,252,334,312,89,89,89,89,89,89,89,89,110,22.56066895,22.56066895,25.12438011,25.12438011,0,0,0,0
1782621593,125.4981537,3754,0,338,1,0,0,0,8,12016,1,92,0,274,251,332,311,89,89,89,89,89,89,89,89,110,22.56066895,22.56066895,25.12438011,25.12438011,0,0,0,0
1782621593,125.5474396,3755,0,338,1,0,0,0,8,12007,1,91,0,273,250,331,310,89,89,89,89,89,89,89,89,110,22.56066895,22.56066895,25.12438011,25.12438011,0,0,0,0
1782621593,125.5985184,3757,0,338,1,0,0,0,8,12010,1,91,0,272,249,330,308,89,89,89,89,89,89,89,89,110,22.56066895,22.56066895,25.12438011,25.12438011,0,0,0,0
1782621593,125.6374741,3758,0,338,1,0,0,0,8,12018,1,92,0,270,248,329,307,89,89,89,89,89,89,89,89,110,22.56066895,22.56066895,25.12438011,25.12438011,0,0,0,0
1782621593,125.6893387,3760,0,339,1,0,0,0,8,12025,1,92,0,269,246,327,306,89,89,89,89,89,89,89,89,110,22.56066895,22.56066895,25.12438011,25.12438011,0,0,0,0
1782621593,125.739006,3761,0,339,1,0,0,0,8,12027,1,92,0,268,245,326,305,89,89,89,89,89,89,89,89,110,22.56066895,22.56066895,25.12438011,25.12438011,0,0,0,0
1782621593,125.7894211,3763,0,339,1,0,0,0,8,12028,1,92,0,267,244,325,304,89,89,89,89,89,89,89,89,110,22.56066895,22.56066895,25.12438011,25.12438011,0,0,0,0
1782621593,125.8418274,3764,0,339,1,0,0,0,8,12030,1,92,0,266,243,324,303,89,89,89,89,89,89,89,89,110,22.56066895,22.56066895,25.12438011,25.12438011,0,0,0,0
1782621593,125.893364,3766,0,339,1,0,0,0,8,12037,1,93,0,264,242,322,302,89,89,89,89,89,89,89,89,110,22.56066895,22.56066895,25.12438011,25.12438011,0,0,0,0
1782621593,125.9437027,3767,0,339,1,0,0,0,8,12047,1,93,0,263,241,321,300,89,89,89,89,89,89,89,89,110,22.56066895,22.56066895,25.12438011,25.12438011,0,0,0,0
1782621593,125.994812,3769,0,339,1,0,0,0,8,12053,1,93,0,262,240,320,299,89,89,89,89,89,89,89,89,110,22.56066895,22.56066895,25.12438011,25.12438011,0,0,0,0
1782621593,126.0467377,3770,0,339,1,0,0,0,8,12051,1,93,0,261,239,319,298,89,89,89,89,89,89,89,89,110,22.56066895,22.56066895,25.12438011,25.12438011,0,0,0,0
1782621593,126.0986176,3772,0,339,1,0,0,0,8,12053,1,93,0,260,238,318,297,89,89,89,89,89,89,89,89,110,22.56066895,22.56066895,25.12438011,25.12438011,0,0,0,0
1782621593,126.1366119,3773,0,339,1,0,0,0,8,12056,1,93,0,259,237,316,296,89,89,89,89,89,89,89,89,110,22.56066895,22.56066895,25.12438011,25.12438011,0,0,0,0
1782621593,126.2000122,3775,0,340,1,0,0,0,8,12057,1,93,0,258,236,315,295,89,89,89,89,89,89,89,89,110,22.56066895,22.56066895,25.12438011,25.12438011,0,0,0,0
1782621593,126.2381134,3776,0,340,1,0,0,0,8,12062,1,94,0,256,235,314,294,89,89,89,89,89,89,89,89,110,22.56066895,22.56066895,25.12438011,25.12438011,0,0,0,0
1782621593,126.2903137,3778,0,340,1,0,0,0,8,12069,1,94,0,255,234,313,293,89,89,89,89,89,89,89,89,110,22.56066895,22.56066895,25.12438011,25.12438011,0,0,0,0
1782621594,126.3435822,3779,0,340,1,0,0,0,8,12072,1,94,0,254,233,312,292,89,89,89,89,89,89,89,89,110,22.56066895,22.56066895,25.12438011,25.12438011,0,0,0,0
1782621594,126.3975601,3781,0,340,1,0,0,0,8,12069,1,94,0,253,232,311,291,89,89,89,89,89,89,89,89,110,22.56066895,22.56066895,25.12438011,25.12438011,0,0,0,0
1782621594,126.4382858,3782,0,340,1,0,0,0,8,12071,1,94,0,252,231,309,289,89,89,89,89,89,89,89,89,110,22.56066895,22.56066895,25.12438011,25.12438011,0,0,0,0
1782621594,126.4919968,3784,0,340,1,0,0,0,8,12079,1,94,0,251,230,308,288,89,89,89,89,89,89,89,89,110,22.56066895,22.56066895,25.12438011,25.12438011,0,0,0,0
1782621594,126.545372,3785,0,340,1,0,0,0,8,12083,1,0,0,250,229,307,287,89,89,89,89,89,89,89,89,110,22.56066895,22.56066895,25.12438011,25.12438011,0,0,0,0
1782621594,126.5856247,3787,0,340,1,0,0,0,8,12084,1,95,0,249,228,306,286,89,89,89,89,89,89,89,89,110,22.56066895,22.56066895,25.12438011,25.12438011,0,0,0,0
1782621594,126.6401901,3788,0,340,1,0,0,0,8,12089,1,95,0,248,227,305,285,89,89,89,89,89,89,89,89,110,22.56066895,22.56066895,25.12438011,25.12438011,0,0,0,0
1782621594,126.6930161,3790,0,340,1,0,0,0,8,12091,1,95,0,246,226,304,284,89,89,89,89,89,89,89,89,110,22.56066895,22.56066895,25.12438011,25.12438011,0,0,0,0
1782621594,126.7427292,3791,0,341,1,0,0,0,8,12093,1,95,0,245,225,303,283,89,89,89,89,89,89,89,89,110,22.56066895,22.56066895,25.12438011,25.12438011,0,0,0,0
1782621594,126.7926788,3793,0,341,1,-0.01181916,0,0,8,12096,1,95,0,244,224,301,282,89,89,89,89,89,89,89,89,110,22.56066895,22.56066895,25.12438011,25.12438011,0,0,0,0
1782621594,126.8447418,3794,0,341,1,0,0,0,8,12099,1,95,0,243,223,300,281,89,89,89,89,89,89,89,89,110,22.56066895,22.56066895,25.12438011,25.12438011,0,0,0,0
1782621594,126.8978424,3796,0,341,1,0,0,0,8,12102,1,0,0,242,222,299,280,89,89,89,89,89,89,89,89,110,22.56066895,22.56066895,25.12438011,25.12438011,0,0,0,0
1782621594,126.9360428,3797,0,341,1,0,0,0,8,12103,1,95,0,241,221,298,279,89,89,89,89,89,89,89,89,110,22.56066895,22.56066895,25.12438011,25.12438011,0,0,0,0
1782621594,126.9883194,3799,0,341,1,0,0,0,8,12105,1,95,0,240,220,297,278,89,89,89,89,89,89,89,89,110,22.56066895,22.56066895,25.12438011,25.12438011,0,0,0,0
1782621594,127.0423965,3800,0,341,1,0,0,0,8,12108,1,96,0,239,219,296,277,89,89,89,89,89,89,89,89,110,22.56066895,22.56066895,25.12438011,25.12438011,0,0,0,0
1782621594,127.0956192,3802,0,341,1,0,0,0,8,12112,1,96,0,238,218,295,276,89,89,89,89,89,89,89,89,110,22.56066895,22.56066895,25.12438011,25.12438011,0,0,0,0
1782621594,127.1485138,3803,0,341,1,0,0,0,8,12117,1,96,0,237,217,294,275,89,89,89,89,89,89,89,89,110,22.56066895,22.56066895,25.12438011,25.12438011,0,0,0,0
1782621594,127.187706,3805,0,341,1,0,0,0,8,12120,1,96,0,236,216,293,274,89,89,89,89,89,89,89,89,110,22.56066895,22.56066895,25.12438011,25.12438011,0,0,0,0
1782621594,127.2391891,3806,0,341,1,0,0,0,8,12120,1,96,0,235,215,291,273,89,89,89,89,89,89,89,89,110,22.56066895,22.56066895,25.12438011,25.12438011,0,0,0,0
1782621594,127.2902069,3808,0,341,1,0,0,0,8,12121,1,96,0,234,214,290,272,89,89,89,89,89,89,89,89,110,22.56066895,22.56066895,25.12438011,25.12438011,0,0,0,0
1782621595,127.3391953,3809,0,342,1,-0.011992436,0,0,8,12125,1,0,0,233,213,289,271,89,89,89,89,89,89,89,89,110,22.56066895,22.56066895,25.12438011,25.12438011,0,0,0,0
1782621595,127.3997726,3811,0,342,1,-0.028722396,0,0,8,12128,1,96,0,232,213,288,270,89,89,89,89,89,89,89,89,110,22.56066895,22.56066895,25.12438011,25.12438011,0,0,0,0
1782621595,127.4495926,3812,0,342,1,-0.008880397,0,0,8,12131,1,97,0,231,212,287,269,89,89,89,89,89,89,89,89,110,22.56066895,22.56066895,25.12438011,25.12438011,0,0,0,0
1782621595,127.486969,3814,0,342,1,0,0,0,8,12132,1,97,0,230,211,286,268,89,89,89,89,89,89,89,89,110,22.56066895,22.56066895,25.12438011,25.12438011,0,0,0,0
1782621595,127.5479584,3815,0,342,1,0,0,0,8,12135,1,97,0,229,210,285,267,89,89,89,89,89,89,89,89,110,22.56066895,22.56066895,25.12438011,25.12438011,0,0,0,0
1782621595,127.5969467,3817,0,342,1,0,0,0,8,12135,1,97,0,228,209,284,266,89,89,89,89,89,89,89,89,110,22.56066895,22.56066895,25.12438011,25.12438011,0,0,0,0
1782621595,127.635994,3818,0,342,1,0,0,0,8,12135,1,97,0,227,208,283,265,89,89,89,89,89,89,89,89,110,22.56066895,22.56066895,25.12438011,25.12438011,0,0,0,0
1782621595,127.6878891,3820,0,342,1,0,0,0,8,12138,1,97,0,226,207,282,264,89,89,89,89,89,89,89,89,110,22.56066895,22.56066895,25.12438011,25.12438011,0,0,0,0
1782621595,127.7383118,3821,0,342,1,0,0,0,8,12142,1,97,0,225,206,281,263,89,89,89,89,89,89,89,89,110,22.56066895,22.56066895,25.12438011,25.12438011,0,0,0,0
1782621595,127.7883224,3823,0,342,1,0,0,0,8,12144,1,97,0,224,205,280,262,89,89,89,89,89,89,89,89,110,22.56066895,22.56066895,25.12438011,25.12438011,0,0,0,0
1782621595,127.8396149,3824,0,342,1,0,0,0,8,12143,1,97,0,223,204,279,261,89,89,89,89,89,89,89,89,110,22.56066895,22.56066895,25.12438011,25.12438011,0,0,0,0
1782621595,127.8921204,3826,0,342,1,0,0,0,8,12145,1,97,0,222,204,278,260,89,89,89,89,89,89,89,89,110,22.56066895,22.56066895,25.12438011,25.12438011,0,0,0,0
1782621595,127.9450531,3827,0,342,1,0,0,0,8,12150,1,97,0,221,203,277,259,89,89,89,89,89,89,89,89,110,22.56066895,22.56066895,25.12438011,25.12438011,0,0,0,0
1782621595,127.9850082,3829,0,342,1,0,0,0,8,12158,1,98,0,220,202,276,258,89,89,89,89,89,89,89,89,110,22.56066895,22.56066895,25.12438011,25.12438011,0,0,0,0
1782621595,128.0387726,3830,0,342,1,0,0,0,8,12155,1,98,0,219,201,275,257,89,89,89,89,89,89,89,89,110,22.56066895,22.56066895,25.12438011,25.12438011,0,0,0,0
1782621595,128.0910187,3832,0,342,1,0,0,0,8,12152,1,97,0,218,200,274,256,89,89,89,89,89,89,89,89,110,22.56066895,22.56066895,25.12438011,25.12438011,0,0,0,0
1782621595,128.1449585,3833,0,342,1,0,0,0,8,12152,1,97,0,217,199,273,255,89,89,89,89,89,89,89,89,110,22.56066895,22.56066895,25.12438011,25.12438011,0,0,0,0
1782621595,128.1859741,3835,0,342,1,0,0,0,8,12155,1,98,0,216,198,272,254,89,89,89,89,89,89,89,89,110,22.56066895,22.56066895,25.12438011,25.12438011,0,0,0,0
1782621595,128.2389069,3836,0,342,1,0,0,0,8,12155,1,98,0,215,198,271,253,89,89,89,89,89,89,89,89,110,22.56066895,22.56066895,25.12438011,25.12438011,0,0,0,0
1782621595,128.2910461,3838,0,343,1,0,0,0,8,12158,1,98,0,214,197,270,252,89,89,89,89,89,89,89,89,110,22.56066895,22.56066895,25.12438011,25.12438011,0,0,0,0
1782621596,128.3445892,3839,0,343,1,0,0,0,8,12165,1,98,0,213,196,269,252,89,89,89,89,89,89,89,89,110,22.56066895,22.56066895,25.12438011,25.12438011,0,0,0,0
1782621596,128.3852692,3841,0,343,1,0,0,0,8,12165,1,98,0,213,195,268,251,89,89,89,89,89,89,89,89,110,22.56066895,22.56066895,25.12438011,25.12438011,0,0,0,0
1782621596,128.4398651,3842,0,343,1,0,0,0,8,12164,1,0,0,212,194,267,250,89,89,89,89,89,89,89,89,110,22.56066895,22.56066895,25.12438011,25.12438011,0,0,0,0
1782621596,128.4927063,3844,0,343,1,0,0,0,8,12164,1,98,0,211,193,266,249,89,89,89,89,89,89,89,89,110,22.56066895,22.56066895,25.12438011,25.12438011,0,0,0,0
1782621596,128.544281,3845,0,342,0.388235301,0,0.035320174,0,8,12011,1,91,0,212,195,266,250,89,89,89,89,89,89,89,89,110,22.56066895,22.56066895,25.12438011,25.12438011,0,0,0,0
1782621596,128.596817,3847,0,338,0,0,1,0,8,11516,0,70,0,262,246,314,298,89,89,89,89,89,89,89,89,110,22.56066895,22.56066895,25.12438011,25.12438011,0,0,0,0
1782621596,128.6368866,3848,0,330,0,0,1,0,8,11266,0,60,0,331,316,378,364,89,89,89,89,89,89,89,89,110,22.56066895,22.56066895,25.12438011,25.12438011,0,0,0,0
1782621596,128.6905518,3850,0,323,0,0,1,0,8,11026,0,51,0,392,378,437,423,89,89,89,89,89,89,89,89,110,22.56066895,22.56066895,25.12438011,25.12438011,0,0,0,0
1782621596,128.7435913,3851,0,316,0,0,1,0,8,10760,0,42,0,448,435,489,477,89,89,89,89,89,89,89,89,110,22.56066895,22.56066895,25.12438011,25.12438011,0,0,0,0
1782621596,128.7966766,3853,0,308,0,0,1,0,8,10498,0,31,0,498,486,537,525,89,89,89,89,89,89,89,89,110,22.56066895,22.56066895,25.12438011,25.12438011,0,0,0,0
1782621596,128.838089,3854,0,301,0,0,1,0,8,10241,0,20,0,543,532,580,569,89,89,89,89,89,89,89,89,110,22.56066895,22.56066895,25.12438011,25.12438011,0,0,0,0
1782621596,128.8932343,3856,0,294,0,0,1,0,8,9996,0,8,0,583,573,618,608,89,89,89,89,89,89,89,89,110,22.56066895,22.56066895,25.12438011,25.12438011,0,0,0,0
1782621596,128.9472809,3857,0,287,0,0,1,0,8,9763,0,0,0,620,611,653,644,89,89,89,89,89,89,89,89,110,22.56066895,22.56066895,25.12438011,25.12438011,0,0,0,0
1782621596,128.9886475,3859,0,280,0,0,1,0,8,9522,0,0,0,654,645,685,676,89,89,89,89,89,89,89,89,110,22.56066895,22.56066895,25.12438011,25.12438011,0,0,0,0
1782621596,129.0452728,3860,0,273,0,0.007027689,1,0,7,10491,0,31,0,684,676,713,706,89,89,89,89,89,89,89,89,110,22.56066895,22.56066895,25.12438011,25.12438011,0,0,0,0
1782621596,129.0861206,3862,0,267,0,0.037633419,1,0,7,10212,0,18,0,712,704,739,732,89,89,89,89,89,89,89,89,110,22.56066895,22.56066895,25.12438011,25.12438011,0,0,0,0
1782621596,129.1384735,3863,0,261,0,0.045719683,1,0,7,9857,0,2,0,737,729,763,756,89,89,89,89,89,89,89,89,110,22.56066895,22.56066895,25.12438011,25.12438011,0,0,0,0
1782621596,129.1923981,3865,0,254,0,0.002014028,1,0,7,9600,0,0,0,759,752,784,777,89,89,89,89,89,89,89,89,110,22.56066895,22.56066895,25.12438011,25.12438011,0,0,0,0
1782621596,129.2463989,3866,0,247,0,0,1,0,7,9355,0,0,0,779,773,804,797,89,89,89,89,89,89,89,89,110,22.56066895,22.56066895,25.12438011,25.12438011,0,0,0,0
1782621596,129.2969971,3868,0,240,0,0,1,0,7,9550,0,0,0,798,792,822,815,89,89,89,89,89,89,89,89,110,22.56066895,22.56066895,25.12438011,25.12438011,0,0,0,0
1782621597,129.3466492,3869,0,234,0,0,1,0,6,10492,0,33,0,815,809,838,832,89,89,89,89,89,89,89,89,110,22.56066895,22.56066895,25.12438011,25.12438011,0,0,0,0
1782621597,129.3961639,3871,0,228,0,0,1,0,6,9948,0,6,0,831,825,853,847,89,89,89,89,89,89,89,89,110,22.56066895,22.56066895,25.12438011,25.12438011,0,0,0,0
1782621597,129.447937,3872,0,221,0,0,1,0,6,9649,0,0,0,845,840,866,861,89,89,89,89,89,89,89,89,110,22.56066895,22.56066895,25.12438011,25.12438011,0,0,0,0
1782621597,129.4982452,3874,0,215,0,0,1,0,6,9363,0,0,0,858,853,879,873,89,89,89,89,89,89,89,89,110,22.56066895,22.56066895,25.12438011,25.12438011,0,0,0,0
1782621597,129.5473328,3875,0,209,0,0,1,0,6,9024,0,0,0,870,865,890,885,89,89,89,89,89,89,89,89,110,22.56066895,22.56066895,25.12438011,25.12438011,0,0,0,0
1782621597,129.5856934,3877,0,203,0,0,1,0,5,10374,0,26,0,881,876,900,895,89,89,89,89,89,89,89,89,110,22.56066895,22.56066895,25.12438011,25.12438011,0,0,0,0
1782621597,129.6398773,3878,0,198,0,0,1,0,5,9981,0,8,0,891,886,909,905,89,89,89,89,89,89,89,89,110,22.56066895,22.56066895,25.12438011,25.12438011,0,0,0,0
1782621597,129.6924591,3880,0,192,0,0,1,0,5,9499,0,0,0,900,896,918,913,89,89,89,89,89,89,89,89,110,22.56066895,22.56066895,25.12438011,25.12438011,0,0,0,0
1782621597,129.7455444,3881,0,186,0,0,1,0,5,9048,0,0,0,908,904,926,921,89,89,89,89,89,89,89,89,110,22.56066895,22.56066895,25.12438011,25.12438011,0,0,0,0
1782621597,129.7991791,3883,0,180,0,0,1,0,5,8872,0,0,0,915,911,933,929,89,89,89,89,89,89,89,89,110,22.56066895,22.56066895,25.12438011,25.12438011,0,0,0,0
1782621597,129.8387146,3884,0,175,0,0,1,0,5,9028,0,0,0,922,918,939,936,89,89,89,89,89,89,89,89,110,22.56066895,22.56066895,25.12438011,25.12438011,0,0,0,0
1782621597,129.8921814,3886,0,169,0,0.02847334,1,0,4,10151,0,16,0,928,925,946,942,89,89,89,89,89,89,89,89,110,22.56066895,22.56066895,25.12438011,25.12438011,0,0,0,0
1782621597,129.9449615,3887,0,164,0,0.063082278,1,0,4,9547,0,0,0,934,931,951,948,89,89,89,89,89,89,89,89,110,22.56066895,22.56066895,25.12438011,25.12438011,0,0,0,0
1782621597,129.98526,3889,0,161,0,0.094203576,1,0,4,9220,0,0,0,938,935,955,951,89,89,89,89,89,89,89,89,110,22.56066895,22.56066895,25.12438011,25.12438011,0,0,0,0
1782621597,130.0388489,3890,0,155,0,0.154923648,1,0,4,9011,0,0,0,945,942,962,958,89,89,89,89,89,89,89,89,110,22.56066895,22.56066895,25.12438011,25.12438011,0,0,0,0
1782621597,130.0887451,3892,0,151,0,0.198854893,1,0,4,8799,0,0,0,950,947,967,962,89,89,89,89,89,89,89,89,110,22.56066895,22.56066895,25.12438011,25.12438011,0,0,0,0
1782621597,130.1384277,3893,0,147,0,0.241556928,1,0,4,8519,0,0,0,954,951,971,967,89,89,89,89,89,89,89,89,110,22.56066895,22.56066895,25.12438011,25.12438011,0,0,0,0
1782621597,130.1892853,3895,0,144,0,0.283059686,1,0,4,8358,0,0,0,959,955,975,971,89,89,89,89,89,89,89,89,110,22.56066895,22.56066895,25.12438011,25.12438011,0,0,0,0
1782621597,130.2406464,3896,0,140,0,0.323347509,1,0,4,8144,0,0,0,963,959,979,974,89,89,89,89,89,89,89,89,110,22.56066895,22.56066895,25.12438011,25.12438011,0,0,0,0
1782621597,130.2913055,3898,0,137,0,0.362435609,1,0,3,9295,0,0,0,966,963,983,978,89,89,89,89,89,89,89,89,110,22.56066895,22.56066895,25.12438011,25.12438011,0,0,0,0
1782621598,130.3405914,3899,0,135,0,0.270722449,1,0,3,9638,0,0,0,970,967,986,981,89,89,89,89,89,89,89,89,110,22.56066895,22.56066895,25.12438011,25.12438011,0,0,0,0
1782621598,130.3857422,3901,0,132,0,0.18641375,1,0,3,9077,0,0,0,974,970,990,984,89,89,89,89,89,89,89,89,110,22.56066895,22.56066895,25.12438011,25.12438011,0,0,0,0
1782621598,130.4338989,3902,0,130,0,0.133579537,1,0,3,8853,0,0,0,976,972,992,986,89,89,89,89,89,89,89,89,110,22.56066895,22.56066895,25.12438011,25.12438011,0,0,0,0
1782621598,130.492218,3904,0,126,0,0.049073957,1,0,3,8563,0,0,0,980,976,996,990,89,89,89,89,89,89,89,89,110,22.56066895,22.56066895,25.12438011,25.12438011,0,0,0,0
1782621598,130.5466309,3905,0,123,0,0.100163862,1,0,3,8341,0,0,0,982,978,998,993,89,89,89,89,89,89,89,89,110,22.56066895,22.56066895,25.12438011,25.12438011,0,0,0,0
1782621598,130.5870209,3907,0,119,0,0.153187066,1,0,3,8194,0,0,0,985,981,1001,995,89,89,89,89,89,89,89,89,110,22.56066895,22.56066895,25.12438011,25.12438011,0,0,0,0
1782621598,130.6405182,3908,0,116,0,0.204795837,1,0,3,7944,0,0,0,987,983,1003,997,89,89,89,89,89,89,89,89,110,22.56066895,22.56066895,25.12438011,25.12438011,0,0,0,0
1782621598,130.6828003,3910,0,114,0,0.238551125,1,0,3,7746,0,0,0,989,985,1005,999,89,89,89,89,89,89,89,89,110,22.56066895,22.56066895,25.12438011,25.12438011,0,0,0,0
1782621598,130.739563,3911,0,109,0,0.305039942,1,0,3,7434,0,0,0,992,987,1008,1001,89,89,89,89,89,89,89,89,110,22.56066895,22.56066895,25.12438011,25.12438011,0,0,0,0
1782621598,130.7931061,3913,0,106,0,0.353736997,1,0,3,7274,0,0,0,994,989,1010,1003,89,89,89,89,89,89,89,89,110,22.56066895,22.56066895,25.12438011,25.12438011,0,0,0,0
1782621598,130.8466187,3914,0,102,0,0.401583403,1,0,3,7083,0,0,0,995,991,1012,1005,89,89,89,89,89,89,89,89,110,22.56066895,22.56066895,25.12438011,25.12438011,0,0,0,0
1782621598,130.8981934,3916,0,100,0,0.448641241,1,0,3,7252,0,0,0,997,993,1013,1007,89,89,89,89,89,89,89,89,110,22.56066895,22.56066895,25.12438011,25.12438011,0,0,0,0
1782621598,130.9468536,3917,0,97,0,0.494552851,1,0,2,8898,0,0,0,999,995,1015,1008,89,89,89,89,89,89,89,89,110,22.56066895,22.56066895,25.12438011,25.12438011,0,0,0,0
1782621598,130.9968109,3919,0,95,0,0.539077044,1,0,2,8197,0,0,0,1001,996,1016,1009,89,89,89,89,89,89,89,89,110,22.56066895,22.56066895,25.12438011,25.12438011,0,0,0,0
1782621598,131.0359955,3920,0,92,0,0.58242625,1,0,2,7825,0,0,0,1002,998,1018,1011,89,89,89,89,89,89,89,89,110,22.56066895,22.56066895,25.12438011,25.12438011,0,0,0,0
1782621598,131.0875397,3922,0,89,0,0.625328302,1,0,2,7443,0,0,0,1004,999,1019,1012,89,89,89,89,89,89,89,89,110,22.56066895,22.56066895,25.12438011,25.12438011,0,0,0,0
1782621598,131.1375732,3923,0,86,0,0.668122828,1,0,2,7218,0,0,0,1005,1000,1020,1013,89,89,89,89,89,89,89,89,110,22.56066895,22.56066895,25.12438011,25.12438011,0,0,0,0
1782621598,131.1885529,3925,0,83,0,0.711014211,1,0,2,6979,0,0,0,1006,1001,1021,1014,89,89,89,89,89,89,89,89,110,22.56066895,22.56066895,25.12438011,25.12438011,0,0,0,0
1782621598,131.239212,3926,0,80,0,0.754194558,1,0,2,6713,0,0,0,1007,1002,1022,1015,89,89,89,89,89,89,89,89,110,22.56066895,22.56066895,25.12438011,25.12438011,0,0,0,0
1782621598,131.2900848,3928,0,77,0,0.797885537,1,0,2,6499,0,0,0,1008,1003,1023,1016,89,89,89,89,89,89,89,89,110,22.56066895,22.56066895,25.12438011,25.12438011,0,0,0,0
1782621599,131.3405914,3929,0,74,0,0.842486501,1,0,2,6239,0,0,0,1009,1004,1024,1017,89,89,89,89,89,89,89,89,110,22.56066895,22.56066895,25.12438011,25.12438011,0,0,0,0
1782621599,131.391449,3931,0,71,0,0.888038635,1,0,2,6054,0,0,0,1010,1005,1024,1017,89,89,89,89,89,89,89,89,110,22.56066895,22.56066895,25.12438011,25.12438011,0,0,0,0
1782621599,131.4417877,3932,0,69,0,0.933051348,1,0,2,5846,0,0,0,1011,1005,1025,1018,89,89,89,89,89,89,89,89,110,22.56066895,22.56066895,25.12438011,25.12438011,0,0,0,0
1782621599,131.4911957,3934,0,66,0,0.973689318,0,0,2,5751,0,0,0,1011,1005,1025,1018,89,89,89,89,89,89,89,89,110,22.56066895,22.56066895,25.12438011,25.12438011,0,0,0,0
1782621599,131.5401459,3935,0,64,0,1,0,0,2,5770,0,0,0,1009,1004,1024,1017,89,89,89,89,89,89,89,89,110,22.56066895,22.56066895,25.12438011,25.12438011,0,0,0,0
1782621599,131.5904541,3937,0,63,0,1,0,0,2,5695,0,0,0,1008,1002,1023,1015,89,89,89,89,89,89,89,89,110,22.56066895,22.56066895,25.12438011,25.12438011,0,0,0,0
1782621599,131.6425476,3938,0,62,0.015686275,1,0,0,2,5626,0,0,0,1006,1001,1021,1014,89,89,89,89,89,89,89,89,110,22.56066895,22.56066895,25.12438011,25.12438011,0,0,0,0
1782621599,131.6836548,3940,0,62,0.305882365,1,0,0,2,5686,0,0,0,1005,1000,1020,1013,89,89,89,89,89,89,89,89,110,22.56066895,22.56066895,25.12438011,25.12438011,0,0,0,0
1782621599,131.7388,3941,0,61,0.301960796,1,0,0,2,5792,0,0,0,1003,998,1019,1012,89,89,89,89,89,89,89,89,110,22.56066895,22.56066895,25.12438011,25.12438011,0,0,0,0
1782621599,131.7924042,3943,0,61,0.270588249,0.848194599,0,0,2,5764,0,0,0,1002,997,1018,1011,89,89,89,89,89,89,89,89,110,22.56066895,22.56066895,25.12438011,25.12438011,0,0,0,0
1782621599,131.833252,3944,0,61,0.250980407,0.715297639,0,0,2,5723,0,0,0,1001,996,1017,1010,89,89,89,89,89,89,89,89,110,22.56066895,22.56066895,25.12438011,25.12438011,0,0,0,0
1782621599,131.8876801,3946,0,61,0.239215687,0.478026599,0,0,2,5594,0,0,0,999,994,1015,1008,89,89,89,89,89,89,89,89,110,22.56066895,22.56066895,25.12438011,25.12438011,0,0,0,0
1782621599,131.9394073,3947,0,61,0.243137255,0.324151129,0,0,2,5488,0,0,0,998,992,1014,1007,89,89,89,89,89,89,89,89,110,22.56066895,22.56066895,25.12438011,25.12438011,0,0,0,0
1782621599,131.9922028,3949,0,61,0.043137256,0.188459694,0,0,2,5408,0,0,0,996,991,1013,1006,89,89,89,89,89,89,89,89,110,22.56066895,22.56066895,25.12438011,25.12438011,0,0,0,0
1782621599,132.0429382,3950,0,61,0.019607844,0.06180729,0,0,2,5384,0,0,0,995,989,1011,1004,89,89,89,89,89,89,89,89,110,22.56066895,22.56066895,25.12438011,25.12438011,0,0,0,0
1782621599,132.0918427,3952,0,61,0.015686275,-0.049320243,0,0,2,5362,0,0,0,993,988,1010,1003,89,89,89,89,89,89,89,89,110,22.56066895,22.56066895,25.12438011,25.12438011,0,0,0,0
1782621599,132.1403351,3953,0,61,0,-0.129778847,0,0,2,5335,0,0,0,992,987,1009,1002,89,89,89,89,89,89,89,89,110,22.56066895,22.56066895,25.12438011,25.12438011,0,0,0,0
1782621599,132.2000275,3955,0,60,0,-0.215300351,0,0,2,5309,0,0,0,990,985,1008,1001,89,89,89,89,89,89,89,89,110,22.56066895,22.56066895,25.12438011,25.12438011,0,0,0,0
1782621599,132.2478943,3956,0,60,0,-0.296490431,0,0,1,6349,0,0,0,989,984,1007,1000,89,89,89,89,89,89,89,89,110,22.56066895,22.56066895,25.12438011,25.12438011,0,0,0,0
1782621599,132.2970734,3958,0,60,0,-0.374620467,0,0,1,7148,0,0,0,988,982,1005,999,89,89,89,89,89,89,89,89,110,22.56066895,22.56066895,25.12438011,25.12438011,0,0,0,0
1782621600,132.3449554,3959,0,60,0,-0.447392702,0,0,1,6940,0,0,0,986,981,1004,997,89,89,89,89,89,89,89,89,110,22.56066895,22.56066895,25.12438011,25.12438011,0,0,0,0
1782621600,132.39151,3961,0,59,0,-0.515951693,0,0,1,6907,0,0,0,985,980,1003,996,89,89,89,89,89,89,89,89,110,22.56066895,22.56066895,25.12438011,25.12438011,0,0,0,0
1782621600,132.4503021,3962,0,59,0,-0.581551731,0,0,1,6863,0,0,0,983,978,1002,995,89,89,89,89,89,89,89,89,110,22.56066895,22.56066895,25.12438011,25.12438011,0,0,0,0
1782621600,132.4979858,3964,0,58,0,-0.644290507,0,0,1,6820,0,0,0,982,977,1001,994,89,89,89,89,89,89,89,89,110,22.56066895,22.56066895,25.12438011,25.12438011,0,0,0,0
1782621600,132.5440521,3965,0,59,1,-0.43223992,0,0,1,7437,0,0,0,981,975,1000,993,89,89,89,89,89,89,89,89,110,22.56066895,22.56066895,25.12438011,25.12438011,0,0,0,0
1782621600,132.6013184,3967,0,61,1,-0.333809853,0,0,1,8177,0,0,0,979,974,998,992,89,89,89,89,89,89,89,89,110,22.56066895,22.56066895,25.12438011,25.12438011,0,0,0,0
1782621600,132.648468,3968,0,63,1,-0.401188046,0,0,1,8073,0,0,0,978,973,997,990,89,89,89,89,89,89,89,89,110,22.56066895,22.56066895,25.12438011,25.12438011,0,0,0,0
1782621600,132.6971893,3970,0,65,1,-0.461475581,0,0,1,8340,0,0,0,976,971,996,989,89,89,89,89,89,89,89,89,110,22.56066895,22.56066895,25.12438011,25.12438011,0,0,0,0
1782621600,132.7476196,3971,0,66,1,-0.516023457,0,0,1,8466,0,0,0,975,970,995,988,89,89,89,89,89,89,89,89,110,22.56066895,22.56066895,25.12438011,25.12438011,0,0,0,0
1782621600,132.7881775,3973,0,67,1,-0.565581143,0,0,1,8783,0,0,0,973,968,993,987,89,89,89,89,89,89,89,89,110,22.56066895,22.56066895,25.12438011,25.12438011,0,0,0,0
1782621600,132.8310242,3974,0,68,1,-0.596265256,0,0,1,8626,0,0,0,972,967,993,986,89,89,89,89,89,89,89,89,110,22.56066895,22.56066895,25.12438011,25.12438011,0,0,0,0
1782621600,132.8773499,3976,0,68,1,-0.639290214,0,0,1,8802,0,0,0,971,966,991,984,89,89,89,89,89,89,89,89,110,22.56066895,22.56066895,25.12438011,25.12438011,0,0,0,0
1782621600,132.9390717,3977,0,69,1,-0.692178845,0,0,1,8818,0,0,0,969,964,989,983,89,89,89,89,89,89,89,89,110,22.56066895,22.56066895,25.12438011,25.12438011,0,0,0,0
1782621600,132.9947205,3979,0,69,0.384313732,-0.708581984,0,0,1,8679,0,0,0,967,962,988,981,89,89,89,89,89,89,89,89,110,22.56066895,22.56066895,25.12438011,25.12438011,0,0,0,0
1782621600,133.0474701,3980,0,69,0.168627456,-0.711103857,0,0,1,8528,0,0,0,966,961,987,980,89,89,89,89,89,89,89,89,110,22.56066895,22.56066895,25.12438011,25.12438011,0,0,0,0
1782621600,133.0875397,3982,0,69,0.937254906,-0.71589613,0,0,1,9017,0,0,0,964,959,986,979,89,89,89,89,89,89,89,89,110,22.56066895,22.56066895,25.12438011,25.12438011,0,0,0,0
1782621600,133.1399689,3983,0,69,1,-0.710335314,0,0,1,8834,0,0,0,963,958,984,977,89,89,89,89,89,89,89,89,110,22.56066895,22.56066895,25.12438011,25.12438011,0,0,0,0
1782621600,133.1898041,3985,0,69,1,-0.709676147,0,0,1,8789,0,0,0,961,956,983,976,89,89,89,89,89,89,89,89,110,22.56066895,22.56066895,25.12438011,25.12438011,0,0,0,0
1782621600,133.2404633,3986,0,68,1,-0.711260498,0,0,1,8762,0,0,0,960,954,982,975,89,89,89,89,89,89,89,89,110,22.56066895,22.56066895,25.12438011,25.12438011,0,0,0,0
1782621600,133.2920074,3988,0,68,1,-0.712917507,0,0,1,8742,0,0,0,958,953,980,974,89,89,89,89,89,89,89,89,110,22.56066895,22.56066895,25.12438011,25.12438011,0,0,0,0
1782621601,133.3412933,3989,0,68,1,-0.715284288,0,0,1,8740,0,0,0,957,951,979,972,89,89,89,89,89,89,89,89,110,22.56066895,22.56066895,25.12438011,25.12438011,0,0,0,0
1782621601,133.3900452,3991,0,68,1,-0.718192935,0,0,1,8718,0,0,0,955,950,978,971,89,89,89,89,89,89,89,89,110,22.56066895,22.56066895,25.12438011,25.12438011,0,0,0,0
1782621601,133.4402466,3992,0,67,1,-0.721299529,0,0,1,8653,0,0,0,954,948,976,970,89,89,89,89,89,89,89,89,110,22.56066895,22.56066895,25.12438011,25.12438011,0,0,0,0
1782621601,133.4944763,3994,0,67,1,-0.725170076,0,0,1,8613,0,0,0,952,947,975,968,89,89,89,89,89,89,89,89,110,22.56066895,22.56066895,25.12438011,25.12438011,0,0,0,0
1782621601,133.5366669,3995,0,67,1,-0.729616404,0,0,1,8578,0,0,0,951,946,974,967,89,89,89,89,89,89,89,89,110,22.56066895,22.56066895,25.12438011,25.12438011,0,0,0,0
1782621601,133.5907135,3997,0,66,1,-0.73522079,0,0,1,8524,0,0,0,949,944,973,966,89,89,89,89,89,89,89,89,110,22.56066895,22.56066895,25.12438011,25.12438011,0,0,0,0
1782621601,133.6441498,3998,0,66,1,-0.740917861,0,0,1,8464,0,0,0,948,943,971,965,89,89,89,89,89,89,89,89,110,22.56066895,22.56066895,25.12438011,25.12438011,0,0,0,0
1782621601,133.6968842,4000,0,65,1,-0.748828769,0,0,1,8398,0,0,0,946,941,970,963,89,89,89,89,89,89,89,89,110,22.56066895,22.56066895,25.12438011,25.12438011,0,0,0,0
1782621601,133.7460175,4001,0,65,1,-0.64105612,0,0,1,8358,0,0,0,945,940,969,962,89,89,89,89,89,89,89,89,110,22.56066895,22.56066895,25.12438011,25.12438011,0,0,0,0
1782621601,133.7930756,4003,0,65,1,-0.489996821,0,0,1,8392,0,0,0,943,938,968,961,89,89,89,89,89,89,89,89,110,22.56066895,22.56066895,25.12438011,25.12438011,0,0,0,0
1782621601,133.8425446,4004,0,65,1,-0.319202304,0,0,1,8483,0,0,0,942,937,967,960,89,89,89,89,89,89,89,89,110,22.56066895,22.56066895,25.12438011,25.12438011,0,0,0,0
1782621601,133.894455,4006,0,66,1,-0.167162821,0,0,1,8454,0,0,0,940,936,965,959,89,89,89,89,89,89,89,89,110,22.56066895,22.56066895,25.12438011,25.12438011,0,0,0,0
1782621601,133.9447327,4007,0,67,1,-0.048786305,0,0,1,9073,0,0,0,939,935,964,958,89,89,89,89,89,89,89,89,110,22.56066895,22.56066895,25.12438011,25.12438011,0,0,0,0
1782621601,133.9945831,4009,0,69,1,0,0,0,1,8836,0,0,0,938,934,963,957,89,89,89,89,89,89,89,89,110,22.56066895,22.56066895,25.12438011,25.12438011,0,0,0,0
1782621601,134.0439301,4010,0,71,1,0,0,0,1,9388,0,0,0,936,932,962,956,89,89,89,89,89,89,89,89,110,22.56066895,22.56066895,25.12438011,25.12438011,0,0,0,0
1782621601,134.0918427,4012,0,73,1,0,0,0,1,10295,0,22,0,934,931,960,954,89,89,89,89,89,89,89,89,110,22.56066895,22.56066895,25.12438011,25.12438011,0,0,0,0
1782621601,134.1501007,4013,0,75,1,0,0,0,1,9901,0,4,0,933,929,959,953,89,89,89,89,89,89,89,89,110,22.56066895,22.56066895,25.12438011,25.12438011,0,0,0,0
1782621601,134.1864624,4015,0,78,1,0,0,0,1,10529,0,34,0,931,927,957,952,89,89,89,89,89,89,89,89,110,22.56066895,22.56066895,25.12438011,25.12438011,0,0,0,0
1782621601,134.2371368,4016,0,80,1,0,0,0,2,9421,0,0,0,930,926,956,950,89,89,89,89,89,89,89,89,110,22.56066895,22.56066895,25.12438011,25.12438011,0,0,0,0
1782621601,134.2917023,4018,0,82,1,0,0,0,2,8353,0,0,0,928,924,955,949,89,89,89,89,89,89,89,89,110,22.56066895,22.56066895,25.12438011,25.12438011,0,0,0,0
1782621602,134.3374176,4019,0,85,1,0,0,0,2,7813,0,0,0,926,922,953,947,89,89,89,89,89,89,89,89,110,22.56066895,22.56066895,25.12438011,25.12438011,0,0,0,0
1782621602,134.3926697,4021,0,86,1,0,0,0,2,8106,0,0,0,924,921,951,946,89,89,89,89,89,89,89,89,110,22.56066895,22.56066895,25.12438011,25.12438011,0,0,0,0
1782621602,134.4405212,4022,0,89,1,-0.037498143,0,0,2,8457,0,0,0,923,919,950,944,89,89,89,89,89,89,89,89,110,22.56066895,22.56066895,25.12438011,25.12438011,0,0,0,0
1782621602,134.490799,4024,0,91,1,-0.08232636,0,0,2,8826,0,0,0,921,917,948,943,89,89,89,89,89,89,89,89,110,22.56066895,22.56066895,25.12438011,25.12438011,0,0,0,0
1782621602,134.5410309,4025,0,93,1,-0.119627386,0,0,2,9224,0,0,0,919,915,947,941,89,89,89,89,89,89,89,89,110,22.56066895,22.56066895,25.12438011,25.12438011,0,0,0,0
1782621602,134.5900574,4027,0,95,1,-0.049429324,0,0,2,9694,0,0,0,917,913,945,939,89,89,89,89,89,89,89,89,110,22.56066895,22.56066895,25.12438011,25.12438011,0,0,0,0
1782621602,134.6392365,4028,0,98,1,0,0,0,2,9463,0,0,0,915,911,943,938,89,89,89,89,89,89,89,89,110,22.56066895,22.56066895,25.12438011,25.12438011,0,0,0,0
1782621602,134.6913605,4030,0,100,1,0,0,0,2,9368,0,0,0,913,909,942,936,89,89,89,89,89,89,89,89,110,22.56066895,22.56066895,25.12438011,25.12438011,0,0,0,0
1782621602,134.7432251,4031,0,102,1,0,0,0,2,9878,0,3,0,911,907,940,934,89,89,89,89,89,89,89,89,110,22.56066895,22.56066895,25.12438011,25.12438011,0,0,0,0
1782621602,134.7922974,4033,0,104,1,-0.01708727,0,0,2,10396,0,27,0,909,905,938,933,89,89,89,89,89,89,89,89,110,22.56066895,22.56066895,25.12438011,25.12438011,0,0,0,0
1782621602,134.8444519,4034,0,107,1,-0.043729149,0,0,2,10846,0,45,0,907,903,936,931,89,89,89,89,89,89,89,89,110,22.56066895,22.56066895,25.12438011,25.12438011,0,0,0,0
1782621602,134.8866119,4036,0,109,1,-0.069111988,0,0,2,10278,0,21,0,905,901,935,929,89,89,89,89,89,89,89,89,110,22.56066895,22.56066895,25.12438011,25.12438011,0,0,0,0
1782621602,134.9397736,4037,0,111,1,-0.017739892,0,0,2,10514,0,33,0,903,899,933,927,89,89,89,89,89,89,89,89,110,22.56066895,22.56066895,25.12438011,25.12438011,0,0,0,0
1782621602,134.9903412,4039,0,114,1,0,0,0,2,10979,0,50,0,900,897,931,925,89,89,89,89,89,89,89,89,110,22.56066895,22.56066895,25.12438011,25.12438011,0,0,0,0
1782621602,135.0425415,4040,0,116,1,0,0,0,2,11368,0,63,0,898,895,929,924,89,89,89,89,89,89,89,89,110,22.56066895,22.56066895,25.12438011,25.12438011,0,0,0,0
1782621602,135.0836334,4042,0,118,1,0,0,0,2,11573,0,73,0,897,893,928,922,89,89,89,89,89,89,89,89,110,22.56066895,22.56066895,25.12438011,25.12438011,0,0,0,0
1782621602,135.1434174,4043,0,121,1,0,0,0,3,10578,0,35,0,894,890,925,920,89,89,89,89,89,89,89,89,110,22.56066895,22.56066895,25.12438011,25.12438011,0,0,0,0
1782621602,135.1885071,4045,0,124,1,0,0,0,3,9238,0,0,0,892,888,923,918,89,89,89,89,89,89,89,89,110,22.56066895,22.56066895,25.12438011,25.12438011,0,0,0,0
1782621602,135.232666,4046,0,125,1,0,0,0,3,9202,0,0,0,890,886,922,916,89,89,89,89,89,89,89,89,110,22.56066895,22.56066895,25.12438011,25.12438011,0,0,0,0
1782621602,135.2896729,4048,0,127,1,0,0,0,3,9669,0,0,0,887,883,919,914,89,89,89,89,89,89,89,89,110,22.56066895,22.56066895,25.12438011,25.12438011,0,0,0,0
1782621603,135.3415222,4049,0,130,1,0,0,0,3,9869,0,3,0,885,881,917,912,89,89,89,89,89,89,89,89,110,22.56066895,22.56066895,25.12438011,25.12438011,0,0,0,0
1782621603,135.3918762,4051,0,132,1,-0.024857711,0,0,3,10032,0,10,0,882,879,915,910,89,89,89,89,89,89,89,89,110,22.56066895,22.56066895,25.12438011,25.12438011,0,0,0,0
1782621603,135.4449615,4052,0,134,1,-0.05359919,0,0,3,10249,0,20,0,880,876,913,908,89,89,89,89,89,89,89,89,110,22.56066895,22.56066895,25.12438011,25.12438011,0,0,0,0
1782621603,135.4892883,4054,0,137,1,-0.029176679,0,0,3,10432,0,28,0,877,874,911,905,89,89,89,89,89,89,89,89,110,22.56066895,22.56066895,25.12438011,25.12438011,0,0,0,0
1782621603,135.5350494,4055,0,138,1,-0.000665451,0,0,3,10548,0,34,0,876,872,909,904,89,89,89,89,89,89,89,89,110,22.56066895,22.56066895,25.12438011,25.12438011,0,0,0,0
1782621603,135.5911865,4057,0,141,1,0,0,0,3,10744,0,41,0,872,869,907,901,89,89,89,89,89,89,89,89,110,22.56066895,22.56066895,25.12438011,25.12438011,0,0,0,0
1782621603,135.6455078,4058,0,144,1,0,0,0,3,10896,0,47,0,870,866,904,899,89,89,89,89,89,89,89,89,110,22.56066895,22.56066895,25.12438011,25.12438011,0,0,0,0
1782621603,135.6876678,4060,0,146,1,0,0,0,3,11048,0,52,0,867,864,902,897,89,89,89,89,89,89,89,89,110,22.56066895,22.56066895,25.12438011,25.12438011,0,0,0,0
1782621603,135.7417297,4061,0,148,1,0,0,0,3,11184,0,57,0,865,861,900,895,89,89,89,89,89,89,89,89,110,22.56066895,22.56066895,25.12438011,25.12438011,0,0,0,0
1782621603,135.7937317,4063,0,151,1,0,0,0,3,11335,0,62,0,862,859,898,892,89,89,89,89,89,89,89,89,110,22.56066895,22.56066895,25.12438011,25.12438011,0,0,0,0
1782621603,135.8451843,4064,0,153,1,0,0,0,3,11467,0,68,0,860,856,896,890,89,89,89,89,89,89,89,89,110,22.56066895,22.56066895,25.12438011,25.12438011,0,0,0,0
1782621603,135.8965149,4066,0,155,1,0,0,0,3,11622,0,75,0,857,854,893,888,89,89,89,89,89,89,89,89,110,22.56066895,22.56066895,25.12438011,25.12438011,0,0,0,0
1782621603,135.9473267,4067,0,157,1,0,0,0,4,10569,0,35,0,854,851,891,886,89,89,89,89,89,89,89,89,110,22.56066895,22.56066895,25.12438011,25.12438011,0,0,0,0
1782621603,135.9856567,4069,0,160,1,0,0,0,4,10242,0,20,0,852,848,889,883,89,89,89,89,89,89,89,89,110,22.56066895,22.56066895,25.12438011,25.12438011,0,0,0,0
1782621603,136.0495148,4070,0,162,1,0,0,0,4,10236,0,19,0,849,846,886,881,89,89,89,89,89,89,89,89,110,22.56066895,22.56066895,25.12438011,25.12438011,0,0,0,0
1782621603,136.0874023,4072,0,164,1,0,0,0,4,10368,0,25,0,846,843,884,879,89,89,89,89,89,89,89,89,110,22.56066895,22.56066895,25.12438011,25.12438011,0,0,0,0
1782621603,136.1425934,4073,0,166,1,0,0,0,4,10489,0,31,0,844,840,882,876,89,89,89,89,89,89,89,89,110,22.56066895,22.56066895,25.12438011,25.12438011,0,0,0,0
1782621603,136.1869049,4075,0,168,1,0.001467419,0,0,4,10613,0,37,0,841,838,879,874,89,89,89,89,89,89,89,89,110,22.56066895,22.56066895,25.12438011,25.12438011,0,0,0,0
1782621603,136.2442627,4076,0,170,1,0.018888913,0,0,4,10747,0,41,0,838,835,877,872,89,89,89,89,89,89,89,89,110,22.56066895,22.56066895,25.12438011,25.12438011,0,0,0,0
1782621603,136.2859344,4078,0,172,1,0.035768688,0,0,4,10861,0,45,0,835,832,874,869,89,89,89,89,89,89,89,89,110,22.56066895,22.56066895,25.12438011,25.12438011,0,0,0,0
1782621604,136.3425446,4079,0,174,1,0.053137567,0,0,4,10987,0,50,0,833,829,872,867,89,89,89,89,89,89,89,89,110,22.56066895,22.56066895,25.12438011,25.12438011,0,0,0,0
1782621604,136.3851929,4081,0,176,1,0.064786635,0,0,4,11063,0,53,0,831,828,870,865,89,89,89,89,89,89,89,89,110,22.56066895,22.56066895,25.12438011,25.12438011,0,0,0,0
1782621604,136.441864,4082,0,178,1,0.087893553,0,0,4,11235,0,59,0,827,824,867,862,89,89,89,89,89,89,89,89,110,22.56066895,22.56066895,25.12438011,25.12438011,0,0,0,0
1782621604,136.4834137,4084,0,180,1,0.097714782,0,0,4,11321,0,62,0,825,822,866,860,89,89,89,89,89,89,89,89,110,22.56066895,22.56066895,25.12438011,25.12438011,0,0,0,0
1782621604,136.540329,4085,0,182,1,0.052838687,0,0,4,11455,0,68,0,822,818,863,857,89,89,89,89,89,89,89,89,110,22.56066895,22.56066895,25.12438011,25.12438011,0,0,0,0
1782621604,136.5956268,4087,0,184,1,0.013202467,0,0,4,11537,0,71,0,820,815,861,855,89,89,89,89,89,89,89,89,110,22.56066895,22.56066895,25.12438011,25.12438011,0,0,0,0
1782621604,136.6453705,4088,0,185,1,0,0,0,4,11630,0,75,0,818,813,859,852,89,89,89,89,89,89,89,89,110,22.56066895,22.56066895,25.12438011,25.12438011,0,0,0,0
1782621604,136.696579,4090,0,187,1,0,0,0,4,11731,0,78,0,815,810,856,850,89,89,89,89,89,89,89,89,110,22.56066895,22.56066895,25.12438011,25.12438011,0,0,0,0
1782621604,136.7362518,4091,0,189,1,0,0,0,4,11834,0,84,0,812,807,854,847,89,89,89,89,89,89,89,89,110,22.56066895,22.56066895,25.12438011,25.12438011,0,0,0,0
1782621604,136.7877045,4093,0,191,1,0,0,0,4,11935,0,88,0,809,804,851,845,89,89,89,89,89,89,89,89,110,22.56066895,22.56066895,25.12438011,25.12438011,0,0,0,0
1782621604,136.8494415,4094,0,193,1,0,0,0,4,12043,0,93,0,806,801,848,842,89,89,89,89,89,89,89,89,110,22.56066895,22.56066895,25.12438011,25.12438011,0,0,0,0
1782621604,136.8878326,4096,0,194,1,0,0,0,5,11004,0,50,0,803,798,846,840,89,89,89,89,89,89,89,89,110,22.56066895,22.56066895,25.12438011,25.12438011,0,0,0,0
1782621604,136.9409637,4097,0,196,1,0,0,0,5,10874,0,46,0,800,796,843,837,89,89,89,89,89,89,89,89,110,22.56066895,22.56066895,25.12438011,25.12438011,0,7,0,0
1782621604,136.9945374,4099,0,198,1,0.017885584,0,0,5,10700,0,40,0,797,793,841,835,89,89,89,89,89,89,89,89,110,22.56066895,22.56066895,25.12438011,25.12438011,0,0,0,0
1782621604,137.0483093,4100,0,200,1,0.040057875,0,0,5,10823,0,44,0,795,790,838,832,89,89,89,89,89,89,89,89,110,22.56066895,22.56066895,25.12438011,25.12438011,0,0,0,0
1782621604,137.0888367,4102,0,202,1,0.066576779,0,0,5,10924,0,48,0,792,787,836,830,89,89,89,89,89,89,89,89,110,22.56066895,22.56066895,25.12438011,25.12438011,0,0,0,0
1782621604,137.1424103,4103,0,203,1,0.07057292,0,0,5,11002,0,50,0,789,784,833,827,89,89,89,89,89,89,89,89,110,22.56066895,22.56066895,25.12438011,25.12438011,0,0,0,0
1782621604,137.1961212,4105,0,205,1,0.031327818,0,0,5,11060,0,52,0,787,781,831,825,89,89,89,89,89,89,89,89,110,22.56066895,22.56066895,25.12438011,25.12438011,0,0,0,0
1782621604,137.2374268,4106,0,206,1,0.002884191,0,0,5,11136,0,55,0,784,778,829,822,89,89,89,89,89,89,89,89,110,22.56066895,22.56066895,25.12438011,25.12438011,0,0,0,0
1782621604,137.2926941,4108,0,208,1,0.002186606,0,0,5,11221,0,58,0,782,775,827,819,89,89,89,89,89,89,89,89,110,22.56066895,22.56066895,25.12438011,25.12438011,0,0,0,0
1782621605,137.3467865,4109,0,209,1,0.017775048,0,0,5,11304,0,61,0,779,772,824,817,89,89,89,89,89,89,89,89,110,22.56066895,22.56066895,25.12438011,25.12438011,0,0,0,0
1782621605,137.385498,4111,0,211,1,0.046472225,0,0,5,11386,0,64,0,776,770,821,814,89,89,89,89,89,89,89,89,110,22.56066895,22.56066895,25.12438011,25.12438011,0,0,0,0
1782621605,137.4359741,4112,0,213,1,0.075604096,0,0,5,11468,0,68,0,773,767,819,812,89,89,89,89,89,89,89,89,110,22.56066895,22.56066895,25.12438011,25.12438011,0,0,0,0
1782621605,137.4872742,4114,0,214,1,0.053680088,0,0,5,11542,0,72,0,770,764,816,809,89,89,89,89,89,89,89,89,110,22.56066895,22.56066895,25.12438011,25.12438011,0,0,0,0
1782621605,137.5497284,4115,0,215,1,0.014841616,0,0,5,11608,0,74,0,768,761,815,807,89,89,89,89,89,89,89,89,110,22.56066895,22.56066895,25.12438011,25.12438011,0,0,0,0
1782621605,137.5987854,4117,0,217,1,0.031679478,0,0,5,11687,0,78,0,765,758,812,804,89,89,89,89,89,89,89,89,110,22.56066895,22.56066895,25.12438011,25.12438011,0,0,0,0
1782621605,137.6364288,4118,0,218,1,0.058878165,0,0,5,11760,0,81,0,762,755,809,801,89,89,89,89,89,89,89,89,110,22.56066895,22.56066895,25.12438011,25.12438011,0,0,0,0
1782621605,137.6881561,4120,0,220,1,0.087747097,0,0,5,11837,0,84,0,759,752,807,799,89,89,89,89,89,89,89,89,110,22.56066895,22.56066895,25.12438011,25.12438011,0,0,0,0
1782621605,137.7397919,4121,0,221,1,0.111557044,0,0,5,11918,0,86,0,756,749,804,796,89,89,89,89,89,89,89,89,110,22.56066895,22.56066895,25.12438011,25.12438011,0,0,0,0
1782621605,137.789093,4123,0,222,1,0.083772488,0,0,5,11983,0,90,0,754,746,802,794,89,89,89,89,89,89,89,89,110,22.56066895,22.56066895,25.12438011,25.12438011,0,0,0,0
1782621605,137.8380432,4124,0,223,1,0.040636204,0,0,5,12030,0,92,0,753,743,801,791,89,89,89,89,89,89,89,89,110,22.56066895,22.56066895,25.12438011,25.12438011,0,0,0,0
1782621605,137.891571,4126,0,224,1,0.002416999,0,0,6,11010,0,51,0,752,740,799,789,89,89,89,89,89,89,89,89,110,22.56066895,22.56066895,25.12438011,25.12438011,0,0,0,0
1782621605,137.9469757,4127,0,226,1,0.015812429,0,0,6,10532,0,34,0,749,738,797,786,89,89,89,89,89,89,89,89,110,22.56066895,22.56066895,25.12438011,25.12438011,0,0,0,0
1782621605,137.98703,4129,0,227,1,0.038313188,0,0,6,10584,0,36,0,746,735,794,783,89,89,89,89,89,89,89,89,110,22.56066895,22.56066895,25.12438011,25.12438011,0,0,0,0
1782621605,138.0405426,4130,0,229,1,0.039409999,0,0,6,10649,0,38,0,743,732,792,781,89,89,89,89,89,89,89,89,110,22.56066895,22.56066895,25.12438011,25.12438011,0,0,0,0
1782621605,138.0922852,4132,0,230,1,0.001294527,0,0,6,10705,0,40,0,740,729,789,778,89,89,89,89,89,89,89,89,110,22.56066895,22.56066895,25.12438011,25.12438011,0,0,0,0
1782621605,138.1429138,4133,0,231,1,0,0,0,6,10768,0,42,0,737,726,786,776,89,89,89,89,89,89,89,89,110,22.56066895,22.56066895,25.12438011,25.12438011,0,0,0,0
1782621605,138.1956787,4135,0,233,1,0,0,0,6,10827,0,44,0,734,723,784,773,89,89,89,89,89,89,89,89,110,22.56066895,22.56066895,25.12438011,25.12438011,0,0,0,0
1782621605,138.2485809,4136,0,234,1,0,0,0,6,10886,0,46,0,732,720,781,771,89,89,89,89,89,89,89,89,110,22.56066895,22.56066895,25.12438011,25.12438011,0,0,0,0
1782621605,138.2866058,4138,0,235,1,0,0,0,6,10945,0,48,0,729,717,779,768,89,89,89,89,89,89,89,89,110,22.56066895,22.56066895,25.12438011,25.12438011,0,0,0,0
1782621606,138.3382874,4139,0,237,1,0,0,0,6,11004,0,50,0,726,714,776,765,89,89,89,89,89,89,89,89,110,22.56066895,22.56066895,25.12438011,25.12438011,0,0,0,0
1782621606,138.3908997,4141,0,238,1,0,0,0,6,11062,0,52,0,723,712,773,763,89,89,89,89,89,89,89,89,110,22.56066895,22.56066895,25.12438011,25.12438011,0,0,0,0
1782621606,138.4420471,4142,0,239,1,0.020719305,0,0,6,11118,0,54,0,720,709,771,760,89,89,89,89,89,89,89,89,110,22.56066895,22.56066895,25.12438011,25.12438011,0,0,0,0
1782621606,138.4929047,4144,0,241,1,0.047047675,0,0,6,11174,0,56,0,717,706,768,758,89,89,89,89,89,89,89,89,110,22.56066895,22.56066895,25.12438011,25.12438011,0,0,0,0
1782621606,138.5447845,4145,0,242,1,0.075889282,0,0,6,11232,0,59,0,714,703,766,755,89,89,89,89,89,89,89,89,110,22.56066895,22.56066895,25.12438011,25.12438011,0,0,0,0
1782621606,138.5964813,4147,0,243,1,0.102991022,0,0,6,11291,0,61,0,711,700,763,753,89,89,89,89,89,89,89,89,110,22.56066895,22.56066895,25.12438011,25.12438011,0,0,0,0
1782621606,138.6464691,4148,0,244,1,0.081471816,0,0,6,11333,0,62,0,709,697,761,750,89,89,89,89,89,89,89,89,110,22.56066895,22.56066895,25.12438011,25.12438011,0,0,0,0
1782621606,138.6967926,4150,0,245,1,0.039314754,0,0,6,11365,0,63,0,709,694,760,747,89,89,89,89,89,89,89,89,110,22.56066895,22.56066895,25.12438011,25.12438011,0,0,0,0
1782621606,138.7462769,4151,0,246,1,0.0019086,0,0,6,11402,0,66,0,708,692,759,745,89,89,89,89,89,89,89,89,110,22.56066895,22.56066895,25.12438011,25.12438011,0,0,0,0
1782621606,138.794342,4153,0,247,1,0,0,0,6,11451,0,68,0,705,689,757,742,89,89,89,89,89,89,89,89,110,22.56066895,22.56066895,25.12438011,25.12438011,0,0,0,0
1782621606,138.8422699,4154,0,248,1,0,0,0,6,11497,0,70,0,702,686,754,740,89,89,89,89,89,89,89,89,110,22.56066895,22.56066895,25.12438011,25.12438011,0,0,0,0
1782621606,138.891861,4156,0,249,1,0,0,0,6,11546,0,72,0,699,683,751,737,89,89,89,89,89,89,89,89,110,22.56066895,22.56066895,25.12438011,25.12438011,0,0,0,0
1782621606,138.9416504,4157,0,250,1,0,0,0,6,11597,0,74,0,696,680,749,735,89,89,89,89,89,89,89,89,110,22.56066895,22.56066895,25.12438011,25.12438011,0,0,0,0
1782621606,138.9904327,4159,0,251,1,0,0,0,6,11647,0,76,0,693,677,746,732,89,89,89,89,89,89,89,89,110,22.56066895,22.56066895,25.12438011,25.12438011,0,0,0,0
1782621606,139.039032,4160,0,252,1,0,0,0,6,11695,0,78,0,691,675,744,730,89,89,89,89,89,89,89,89,110,22.56066895,22.56066895,25.12438011,25.12438011,0,0,0,0
1782621606,139.0886536,4162,0,253,1,0,0,0,6,11741,0,80,0,688,672,741,727,89,89,89,89,89,89,89,89,110,22.56066895,22.56066895,25.12438011,25.12438011,0,0,0,0
1782621606,139.1396027,4163,0,254,1,0,0,0,6,11787,0,82,0,685,669,738,724,89,89,89,89,89,89,89,89,110,22.56066895,22.56066895,25.12438011,25.12438011,0,0,0,0
1782621606,139.1882629,4165,0,255,1,0,0,0,6,11834,0,84,0,682,666,736,722,89,89,89,89,89,89,89,89,110,22.56066895,22.56066895,25.12438011,25.12438011,0,0,0,0
1782621606,139.2376556,4166,0,256,1,0,0,0,7,11106,0,54,0,679,663,733,719,89,89,89,89,89,89,89,89,110,22.56066895,22.56066895,25.12438011,25.12438011,0,0,0,0
1782621606,139.2903748,4168,0,258,1,0,0,0,7,10406,0,27,0,676,661,731,717,89,89,89,89,89,89,89,89,110,22.56066895,22.56066895,25.12438011,25.12438011,0,0,0,0
1782621607,139.3316345,4169,0,258,1,0,0,0,7,10389,0,26,0,674,659,729,715,89,89,89,89,89,89,89,89,110,22.56066895,22.56066895,25.12438011,25.12438011,0,0,0,0
1782621607,139.3870239,4171,0,260,1,0,0,0,7,10444,0,29,0,671,655,726,712,89,89,89,89,89,89,89,89,110,22.56066895,22.56066895,25.12438011,25.12438011,0,0,0,0
1782621607,139.4375458,4172,0,261,1,0,0,0,7,10484,0,31,0,668,652,723,709,89,89,89,89,89,89,89,89,110,22.56066895,22.56066895,25.12438011,25.12438011,0,0,0,0
1782621607,139.4886932,4174,0,262,1,0,0,0,7,10522,0,33,0,665,650,720,707,89,89,89,89,89,89,89,89,110,22.56066895,22.56066895,25.12438011,25.12438011,0,0,0,0
1782621607,139.5408325,4175,0,263,1,0,0,0,7,10557,0,35,0,662,647,718,704,89,89,89,89,89,89,89,89,110,22.56066895,22.56066895,25.12438011,25.12438011,0,0,0,0
1782621607,139.5911255,4177,0,264,1,0,0,0,7,10591,0,36,0,659,644,715,702,89,89,89,89,89,89,89,89,110,22.56066895,22.56066895,25.12438011,25.12438011,0,0,0,0
1782621607,139.6451111,4178,0,265,1,0,0,0,7,10627,0,37,0,656,641,713,699,89,89,89,89,89,89,89,89,110,22.56066895,22.56066895,25.12438011,25.12438011,0,0,0,0
1782621607,139.6877899,4180,0,265,1,0,0,0,7,10667,0,38,0,654,639,710,697,89,89,89,89,89,89,89,89,110,22.56066895,22.56066895,25.12438011,25.12438011,0,0,0,0
1782621607,139.741272,4181,0,266,1,0,0,0,7,10709,0,40,0,651,636,708,694,89,89,89,89,89,89,89,89,110,22.56066895,22.56066895,25.12438011,25.12438011,0,0,0,0
1782621607,139.7924957,4183,0,267,1,0,0,0,7,10744,0,41,0,648,633,705,692,89,89,89,89,89,89,89,89,110,22.56066895,22.56066895,25.12438011,25.12438011,0,0,0,0
1782621607,139.84552,4184,0,268,1,0,0,0,7,10775,0,42,0,645,630,703,689,89,89,89,89,89,89,89,89,110,22.56066895,22.56066895,25.12438011,25.12438011,0,0,0,0
1782621607,139.8890076,4186,0,269,1,0,0,0,7,10810,0,44,0,643,628,700,687,89,89,89,89,89,89,89,89,110,22.56066895,22.56066895,25.12438011,25.12438011,0,0,0,0
1782621607,139.9331055,4187,0,270,1,0.019346939,0,0,7,10835,0,44,0,641,626,698,685,89,89,89,89,89,89,89,89,110,22.56066895,22.56066895,25.12438011,25.12438011,0,0,0,0
1782621607,139.9901276,4189,0,271,1,0.04964748,0,0,7,10876,0,46,0,637,622,695,682,89,89,89,89,89,89,89,89,110,22.56066895,22.56066895,25.12438011,25.12438011,0,0,0,0
1782621607,140.033371,4190,0,271,1,0.068334632,0,0,7,10889,0,46,0,635,621,693,680,89,89,89,89,89,89,89,89,110,22.56066895,22.56066895,25.12438011,25.12438011,0,0,0,0
1782621607,140.0909271,4192,0,272,1,0.103656456,0,0,7,10924,0,48,0,632,617,690,677,89,89,89,89,89,89,89,89,110,22.56066895,22.56066895,25.12438011,25.12438011,0,0,0,0
1782621607,140.1334076,4193,0,273,1,0.096368611,0,0,7,10942,0,48,0,631,615,690,675,89,89,89,89,89,89,89,89,110,22.56066895,22.56066895,25.12438011,25.12438011,0,0,0,0
1782621607,140.1888733,4195,0,273,1,0.040494084,0,0,7,10968,0,49,0,632,612,690,672,89,89,89,89,89,89,89,89,110,22.56066895,22.56066895,25.12438011,25.12438011,0,0,0,0
1782621607,140.2442169,4196,0,274,1,0.00380908,0,0,7,10977,0,49,0,632,609,689,670,89,89,89,89,89,89,89,89,110,22.56066895,22.56066895,25.12438011,25.12438011,0,0,0,0
1782621607,140.2852631,4198,0,274,1,0.024536662,0,0,7,10995,0,50,0,630,607,687,668,89,89,89,89,89,89,89,89,110,22.56066895,22.56066895,25.12438011,25.12438011,0,0,0,0
1782621608,140.3387604,4199,0,275,1,0.064662188,0,0,7,11041,0,52,0,627,604,684,665,89,89,89,89,89,89,89,89,110,22.56066895,22.56066895,25.12438011,25.12438011,0,0,0,0
1782621608,140.3897705,4201,0,276,1,0.093295887,0,0,7,11071,0,53,0,624,601,681,663,89,89,89,89,89,89,89,89,110,22.56066895,22.56066895,25.12438011,25.12438011,0,0,0,0
1782621608,140.4411621,4202,0,276,1,0.12020614,0,0,7,11094,0,54,0,621,599,679,660,89,89,89,89,89,89,89,89,110,22.56066895,22.56066895,25.12438011,25.12438011,0,0,0,0
1782621608,140.4823303,4204,0,276,1,0.137106299,0,0,7,11108,0,54,0,620,597,678,659,89,89,89,89,89,89,89,89,110,22.56066895,22.56066895,25.12438011,25.12438011,0,0,0,0
1782621608,140.5375977,4205,0,277,1,0.08045058,0,0,7,11120,0,55,0,621,594,678,655,89,89,89,89,89,89,89,89,110,22.56066895,22.56066895,25.12438011,25.12438011,0,0,0,0
1782621608,140.5894775,4207,0,277,1,0.058949601,0,0,7,11122,0,55,0,622,591,678,653,89,89,89,89,89,89,89,89,110,22.56066895,22.56066895,25.12438011,25.12438011,0,0,0,0
1782621608,140.641098,4208,0,277,1,0.081499249,0,0,7,11137,0,55,0,619,588,676,651,89,89,89,89,89,89,89,89,110,22.56066895,22.56066895,25.12438011,25.12438011,0,0,0,0
1782621608,140.6936493,4210,0,277,1,0.110638984,0,0,7,11161,0,56,0,617,586,673,648,89,89,89,89,89,89,89,89,110,22.56066895,22.56066895,25.12438011,25.12438011,0,0,0,0
1782621608,140.7457428,4211,0,278,1,0.114712663,0,0,7,11172,0,56,0,614,583,671,646,89,89,89,89,89,89,89,89,110,22.56066895,22.56066895,25.12438011,25.12438011,0,0,0,0
1782621608,140.7948761,4213,0,278,1,0.070779406,0,0,7,11165,0,56,0,614,581,670,644,89,89,89,89,89,89,89,89,110,22.56066895,22.56066895,25.12438011,25.12438011,0,0,0,0
1782621608,140.843338,4214,0,278,1,0.029935043,0,0,7,11172,0,56,0,614,578,670,641,89,89,89,89,89,89,89,89,110,22.56066895,22.56066895,25.12438011,25.12438011,0,0,0,0
1782621608,140.8919678,4216,0,279,1,0.010667639,0,0,7,11194,0,57,0,613,576,669,639,89,89,89,89,89,89,89,89,110,22.56066895,22.56066895,25.12438011,25.12438011,0,0,0,0
1782621608,140.9409485,4217,0,279,1,0.038111225,0,0,7,11210,0,58,0,610,573,666,637,89,89,89,89,89,89,89,89,110,22.56066895,22.56066895,25.12438011,25.12438011,0,0,0,0
1782621608,140.9914398,4219,0,280,1,0.06928578,0,0,7,11235,0,59,0,608,571,664,634,89,89,89,89,89,89,89,89,110,22.56066895,22.56066895,25.12438011,25.12438011,0,0,0,0
1782621608,141.0441437,4220,0,281,1,0.098960645,0,0,7,11263,0,60,0,605,568,661,632,89,89,89,89,89,89,89,89,110,22.56066895,22.56066895,25.12438011,25.12438011,0,0,0,0
1782621608,141.0970917,4222,0,281,1,0.126681775,0,0,7,11281,0,60,0,603,566,659,630,89,89,89,89,89,89,89,89,110,22.56066895,22.56066895,25.12438011,25.12438011,0,0,0,0
1782621608,141.1481171,4223,0,281,1,0.152871788,0,0,7,11294,0,61,0,602,563,658,627,89,89,89,89,89,89,89,89,110,22.56066895,22.56066895,25.12438011,25.12438011,0,0,0,0
1782621608,141.1976013,4225,0,281,1,0.17883952,0,0,7,11307,0,61,0,602,561,658,625,89,89,89,89,89,89,89,89,110,22.56066895,22.56066895,25.12438011,25.12438011,0,0,0,0
1782621608,141.2472687,4226,0,281,1,0.169155762,0,0,7,11315,0,62,0,603,558,658,623,89,89,89,89,89,89,89,89,110,22.56066895,22.56066895,25.12438011,25.12438011,0,0,0,0
1782621608,141.2972412,4228,0,280,1,0.119780295,0,0,7,11305,0,61,0,604,556,658,621,89,89,89,89,89,89,89,89,110,22.56066895,22.56066895,25.12438011,25.12438011,0,0,0,0
1782621609,141.3475647,4229,0,280,1,0.074429281,0,0,7,11282,0,60,0,605,554,659,618,89,89,89,89,89,89,89,89,110,22.56066895,22.56066895,25.12438011,25.12438011,0,0,0,0
1782621609,141.3977051,4231,0,280,1,0.032547727,0,0,7,11270,0,60,0,605,551,658,616,89,89,89,89,89,89,89,89,110,22.56066895,22.56066895,25.12438011,25.12438011,0,0,0,0
1782621609,141.4477081,4232,0,280,1,0.00060639,0,0,7,11256,0,59,0,604,549,657,614,89,89,89,89,89,89,89,89,110,22.56066895,22.56066895,25.12438011,25.12438011,0,0,0,0
1782621609,141.4855194,4234,0,281,1,0,0,0,7,11261,0,60,0,601,546,654,612,89,89,89,89,89,89,89,89,110,22.56066895,22.56066895,25.12438011,25.12438011,0,0,0,0
1782621609,141.5366058,4235,0,281,1,0,0,0,7,11284,0,60,0,599,544,652,609,89,89,89,89,89,89,89,89,110,22.56066895,22.56066895,25.12438011,25.12438011,0,0,0,0
1782621609,141.5996246,4237,0,282,1,0,0,0,7,11312,0,61,0,596,542,650,607,89,89,89,89,89,89,89,89,110,22.56066895,22.56066895,25.12438011,25.12438011,0,0,0,0
1782621609,141.6369019,4238,0,283,1,0,0,0,7,11340,0,62,0,593,539,647,605,89,89,89,89,89,89,89,89,110,22.56066895,22.56066895,25.12438011,25.12438011,0,0,0,0
1782621609,141.6904602,4240,0,284,1,0,0,0,7,11369,0,63,0,591,537,645,603,89,89,89,89,89,89,89,89,110,22.56066895,22.56066895,25.12438011,25.12438011,0,0,0,0
1782621609,141.7338257,4241,0,284,1,0,0,0,7,11385,0,64,0,589,535,643,601,89,89,89,89,89,89,89,89,110,22.56066895,22.56066895,25.12438011,25.12438011,0,0,0,0
1782621609,141.7911987,4243,0,285,1,0.018530922,0,0,7,11417,0,66,0,586,532,640,598,89,89,89,89,89,89,89,89,110,22.56066895,22.56066895,25.12438011,25.12438011,0,0,0,0
1782621609,141.8330383,4244,0,285,1,0.031886097,0,0,7,11439,0,67,0,584,531,639,597,89,89,89,89,89,89,89,89,110,22.56066895,22.56066895,25.12438011,25.12438011,0,0,0,0
1782621609,141.8882446,4246,0,286,1,0.058857113,0,0,7,11471,0,69,0,581,528,635,594,89,89,89,89,89,89,89,89,110,22.56066895,22.56066895,25.12438011,25.12438011,0,0,0,0
1782621609,141.9411774,4247,0,287,1,0.079250351,0,0,7,11499,0,70,0,578,525,633,592,89,89,89,89,89,89,89,89,110,22.56066895,22.56066895,25.12438011,25.12438011,0,0,0,0
1782621609,141.9917145,4249,0,287,1,0.104881331,0,0,7,11538,0,71,0,576,523,631,590,89,89,89,89,89,89,89,89,110,22.56066895,22.56066895,25.12438011,25.12438011,0,0,0,0
1782621609,142.0426483,4250,0,288,1,0.125521466,0,0,7,11562,0,72,0,574,521,629,587,89,89,89,89,89,89,89,89,110,22.56066895,22.56066895,25.12438011,25.12438011,0,0,0,0
1782621609,142.0927887,4252,0,288,1,0.078454897,0,0,7,11542,0,72,0,575,519,629,585,89,89,89,89,89,89,89,89,110,22.56066895,22.56066895,25.12438011,25.12438011,0,0,0,0
1782621609,142.1452637,4253,0,288,1,0.03704118,0,0,7,11544,0,72,0,576,516,630,583,89,89,89,89,89,89,89,89,110,22.56066895,22.56066895,25.12438011,25.12438011,0,0,0,1
1782621609,142.1981049,4255,0,288,1,0,0,0,7,11552,0,72,0,575,514,629,581,89,89,89,89,89,89,89,89,110,22.56066895,22.56066895,25.12438011,25.12438011,0,0,0,1
1782621609,142.236908,4256,0,288,1,0,0,0,7,11545,0,72,0,573,512,626,579,89,89,89,89,89,89,89,89,110,22.56066895,22.56066895,25.12438011,25.12438011,0,1,0,1
1782621609,142.2910614,4258,0,289,1,0,0,0,7,11577,0,73,0,570,509,624,577,89,89,89,89,89,89,89,89,110,22.56066895,22.56066895,25.12438011,25.12438011,0,1,0,1
1782621610,142.3350067,4259,0,289,1,0,0,0,7,11578,0,73,0,568,508,623,575,89,89,89,89,89,89,89,89,110,22.56066895,22.56066895,25.12438011,25.12438011,0,1,0,1
1782621610,142.3939514,4261,0,290,1,0,0,0,7,11625,0,75,0,565,505,620,573,89,89,89,89,89,89,89,89,110,22.56066895,22.56066895,25.12438011,25.12438011,0,1,0,1
1782621610,142.4380035,4262,0,291,1,0,0,0,7,11652,0,76,0,563,503,617,570,89,89,89,89,89,89,89,89,110,22.56066895,22.56066895,25.12438011,25.12438011,0,1,0,1
1782621610,142.4818573,4264,0,291,1,0,0,0,7,11661,0,77,0,561,501,616,569,89,89,89,89,89,89,89,89,110,22.56066895,22.56066895,25.12438011,25.12438011,0,1,0,1
1782621610,142.539093,4265,0,291,1,0.027064715,0,0,7,11646,0,76,0,558,498,613,566,89,89,89,89,89,89,89,89,110,22.56066895,22.56066895,25.12438011,25.12438011,0,0,0,0
1782621610,142.5954895,4267,0,292,1,0.055736348,0,0,7,11709,0,79,0,555,496,610,564,89,89,89,89,89,89,89,89,110,22.56066895,22.56066895,25.12438011,25.12438011,0,0,0,0
1782621610,142.6367645,4268,0,292,1,0.085211068,0,0,7,11701,0,78,0,553,494,608,562,89,89,89,89,89,89,89,89,110,22.56066895,22.56066895,25.12438011,25.12438011,0,0,0,0
1782621610,142.69104,4270,0,293,1,0.113003336,0,0,7,11723,0,79,0,551,492,606,560,89,89,89,89,89,89,89,89,110,22.56066895,22.56066895,25.12438011,25.12438011,0,0,0,0
1782621610,142.7424011,4271,0,293,1,0.139198363,0,0,7,11739,0,80,0,550,490,606,558,89,89,89,89,89,89,89,89,110,22.56066895,22.56066895,25.12438011,25.12438011,0,0,0,0
1782621610,142.7908783,4273,0,292,1,0.164995626,0,0,7,11742,0,80,0,551,488,606,556,89,89,89,89,89,89,89,89,110,22.56066895,22.56066895,25.12438011,25.12438011,0,0,0,0
1782621610,142.8395691,4274,0,292,1,0.190706119,0,0,7,11749,0,80,0,551,485,606,554,89,89,89,89,89,89,89,89,110,22.56066895,22.56066895,25.12438011,25.12438011,0,0,0,0
1782621610,142.8909607,4276,0,291,1,0.216217637,0,0,7,11729,0,80,0,552,483,606,552,89,89,89,89,89,89,89,89,110,22.56066895,22.56066895,25.12438011,25.12438011,0,0,0,0
1782621610,142.9441528,4277,0,290,1,0.191092119,0,0,7,11698,0,78,0,554,481,606,550,89,89,89,89,89,89,89,89,110,22.56066895,22.56066895,25.12438011,25.12438011,0,0,0,0
1782621610,142.9964294,4279,0,289,1,0.14122808,0,0,7,11674,0,77,0,555,479,607,548,89,89,89,89,89,89,89,89,110,22.56066895,22.56066895,25.12438011,25.12438011,0,0,0,0
1782621610,143.0470734,4280,0,288,1,0.094686247,0,0,7,11633,0,75,0,557,477,608,546,89,89,89,89,89,89,89,89,110,22.56066895,22.56066895,25.12438011,25.12438011,0,0,0,0
1782621610,143.0958252,4282,0,288,1,0.05129471,0,0,7,11591,0,74,0,558,475,608,544,89,89,89,89,89,89,89,89,110,22.56066895,22.56066895,25.12438011,25.12438011,0,0,0,0
1782621610,143.1468506,4283,0,288,1,0.010953195,0,0,7,11579,0,73,0,557,473,607,542,89,89,89,89,89,89,89,89,110,22.56066895,22.56066895,25.12438011,25.12438011,0,0,0,0
1782621610,143.1981201,4285,0,288,1,0,0,0,7,11562,0,72,0,555,471,605,540,89,89,89,89,89,89,89,89,110,22.56066895,22.56066895,25.12438011,25.12438011,0,0,0,0
1782621610,143.2476349,4286,0,289,1,0,0,0,7,11558,0,72,0,552,469,603,538,89,89,89,89,89,89,89,89,110,22.56066895,22.56066895,25.12438011,25.12438011,0,0,0,0
1782621610,143.2971039,4288,0,289,1,0,0,0,7,11584,0,73,0,550,467,601,536,89,89,89,89,89,89,89,89,110,22.56066895,22.56066895,25.12438011,25.12438011,0,0,0,0
1782621611,143.3453979,4289,0,290,1,0,0,0,7,11614,0,75,0,547,465,598,534,89,89,89,89,89,89,89,89,110,22.56066895,22.56066895,25.12438011,25.12438011,0,0,0,0
1782621611,143.3928833,4291,0,290,1,0,0,0,7,11637,0,76,0,545,463,596,532,89,89,89,89,89,89,89,89,110,22.56066895,22.56066895,25.12438011,25.12438011,0,0,0,0
1782621611,143.4407806,4292,0,291,1,0,0,0,7,11656,0,76,0,543,461,594,530,89,89,89,89,89,89,89,89,110,22.56066895,22.56066895,25.12438011,25.12438011,0,0,0,0
1782621611,143.4900665,4294,0,292,1,0,0,0,7,11673,0,77,0,540,459,592,528,89,89,89,89,89,89,89,89,110,22.56066895,22.56066895,25.12438011,25.12438011,0,0,0,0
1782621611,143.5400848,4295,0,292,1,0,0,0,7,11696,0,78,0,538,457,590,526,89,89,89,89,89,89,89,89,110,22.56066895,22.56066895,25.12438011,25.12438011,0,0,0,0
1782621611,143.5894623,4297,0,293,1,0,0,0,7,11727,0,79,0,535,455,587,524,89,89,89,89,89,89,89,89,110,22.56066895,22.56066895,25.12438011,25.12438011,0,0,0,0
1782621611,143.6372375,4298,0,293,1,0,0,0,7,11744,0,80,0,533,453,585,522,89,89,89,89,89,89,89,89,110,22.56066895,22.56066895,25.12438011,25.12438011,0,0,0,0
1782621611,143.697876,4300,0,294,1,0,0,0,8,10508,0,33,0,531,451,583,520,89,89,89,89,89,89,89,89,110,22.56066895,22.56066895,25.12438011,25.12438011,0,0,0,0
1782621611,143.7457275,4301,0,295,1,0,0,0,8,10494,0,31,0,528,449,581,518,89,89,89,89,89,89,89,89,110,22.56066895,22.56066895,25.12438011,25.12438011,0,0,0,0
1782621611,143.7931519,4303,0,295,1,0,0,0,8,10517,0,33,0,526,447,579,516,89,89,89,89,89,89,89,89,110,22.56066895,22.56066895,25.12438011,25.12438011,0,0,0,0
1782621611,143.8404999,4304,0,296,1,0,0,0,8,10529,0,34,0,524,445,577,515,89,89,89,89,89,89,89,89,110,22.56066895,22.56066895,25.12438011,25.12438011,0,0,0,0
1782621611,143.8890228,4306,0,296,1,0,0,0,8,10542,0,34,0,521,443,575,513,89,89,89,89,89,89,89,89,110,22.56066895,22.56066895,25.12438011,25.12438011,0,0,0,0
1782621611,143.9407959,4307,0,297,1,0,0,0,8,10557,0,35,0,519,441,572,511,89,89,89,89,89,89,89,89,110,22.56066895,22.56066895,25.12438011,25.12438011,0,0,0,0
1782621611,143.9918518,4309,0,297,1,0.013249991,0,0,8,10575,0,35,0,517,439,570,509,89,89,89,89,89,89,89,89,110,22.56066895,22.56066895,25.12438011,25.12438011,0,0,0,0
1782621611,144.0400848,4310,0,297,1,0.036913455,0,0,8,10600,0,36,0,514,437,568,507,89,89,89,89,89,89,89,89,110,22.56066895,22.56066895,25.12438011,25.12438011,0,0,0,0
1782621611,144.0886841,4312,0,298,1,0.066831157,0,0,8,10620,0,37,0,512,435,566,505,89,89,89,89,89,89,89,89,110,22.56066895,22.56066895,25.12438011,25.12438011,0,0,0,0
1782621611,144.13797,4313,0,298,1,0.095168605,0,0,8,10643,0,38,0,510,433,564,503,89,89,89,89,89,89,89,89,110,22.56066895,22.56066895,25.12438011,25.12438011,0,0,0,0
1782621611,144.1870575,4315,0,298,1,0.11409428,0,0,8,10656,0,38,0,508,431,562,501,89,89,89,89,89,89,89,89,110,22.56066895,22.56066895,25.12438011,25.12438011,0,0,0,0
1782621611,144.2481689,4316,0,298,1,0.069785029,0,0,8,10661,0,38,0,509,429,563,500,89,89,89,89,89,89,89,89,110,22.56066895,22.56066895,25.12438011,25.12438011,0,0,0,0
1782621611,144.2966461,4318,0,298,1,0.030552441,0,0,8,10649,0,38,0,511,427,563,498,89,89,89,89,89,89,89,89,110,22.56066895,22.56066895,25.12438011,25.12438011,0,0,0,0
1782621612,144.3458252,4319,0,298,1,0.052149057,0,0,8,10635,0,37,0,509,426,562,496,89,89,89,89,89,89,89,89,110,22.56066895,22.56066895,25.12438011,25.12438011,0,0,0,0
1782621612,144.3936462,4321,0,299,1,0.081834115,0,0,8,10643,0,38,0,507,424,560,494,89,89,89,89,89,89,89,89,110,22.56066895,22.56066895,25.12438011,25.12438011,0,0,0,0
1782621612,144.4403076,4322,0,299,1,0.110353589,0,0,8,10658,0,38,0,505,422,558,492,89,89,89,89,89,89,89,89,110,22.56066895,22.56066895,25.12438011,25.12438011,0,0,0,0
1782621612,144.4872589,4324,0,299,1,0.137309179,0,0,8,10661,0,38,0,504,420,556,490,89,89,89,89,89,89,89,89,110,22.56066895,22.56066895,25.12438011,25.12438011,0,0,0,0
1782621612,144.5372162,4325,0,298,1,0.163123161,0,0,8,10666,0,38,0,503,418,556,489,89,89,89,89,89,89,89,89,110,22.56066895,22.56066895,25.12438011,25.12438011,0,0,0,0
1782621612,144.5885468,4327,0,298,1,0.186271772,0,0,8,10665,0,38,0,504,416,556,487,89,89,89,89,89,89,89,89,110,22.56066895,22.56066895,25.12438011,25.12438011,0,0,0,0
1782621612,144.6402283,4328,0,297,1,0.136963889,0,0,8,10638,0,37,0,506,414,557,485,89,89,89,89,89,89,89,89,110,22.56066895,22.56066895,25.12438011,25.12438011,0,0,0,0
1782621612,144.6934204,4330,0,296,1,0.091659725,0,0,8,10617,0,37,0,508,413,559,483,89,89,89,89,89,89,89,89,110,22.56066895,22.56066895,25.12438011,25.12438011,0,0,0,0
1782621612,144.7463379,4331,0,296,1,0.04970504,0,0,8,10589,0,36,0,510,411,560,481,89,89,89,89,89,89,89,89,110,22.56066895,22.56066895,25.12438011,25.12438011,0,0,0,0
1782621612,144.7959595,4333,0,296,1,0.010593867,0,0,8,10556,0,35,0,511,409,560,480,89,89,89,89,89,89,89,89,110,22.56066895,22.56066895,25.12438011,25.12438011,0,0,0,0
1782621612,144.8447723,4334,0,296,1,0,0,0,8,10547,0,34,0,509,407,558,478,89,89,89,89,89,89,89,89,110,22.56066895,22.56066895,25.12438011,25.12438011,0,0,0,0
1782621612,144.8954926,4336,0,296,1,0,0,0,8,10563,0,35,0,507,405,556,476,89,89,89,89,89,89,89,89,110,22.56066895,22.56066895,25.12438011,25.12438011,0,0,0,0
1782621612,144.945694,4337,0,297,1,0,0,0,8,10578,0,35,0,505,404,554,474,89,89,89,89,89,89,89,89,110,22.56066895,22.56066895,25.12438011,25.12438011,0,0,0,0
1782621612,144.994751,4339,0,297,1,0,0,0,8,10593,0,36,0,502,402,552,473,89,89,89,89,89,89,89,89,110,22.56066895,22.56066895,25.12438011,25.12438011,0,0,0,0
1782621612,145.0429077,4340,0,298,1,0,0,0,8,10608,0,36,0,500,400,550,471,89,89,89,89,89,89,89,89,110,22.56066895,22.56066895,25.12438011,25.12438011,0,0,0,0
1782621612,145.0911713,4342,0,298,1,0,0,0,8,10625,0,37,0,498,398,548,469,89,89,89,89,89,89,89,89,110,22.56066895,22.56066895,25.12438011,25.12438011,0,0,0,0
1782621612,145.1399841,4343,0,299,1,0,0,0,8,10645,0,38,0,496,397,546,467,89,89,89,89,89,89,89,89,110,22.56066895,22.56066895,25.12438011,25.12438011,0,0,0,0
1782621612,145.1895752,4345,0,299,1,0,0,0,8,10663,0,38,0,493,395,544,466,89,89,89,89,89,89,89,89,110,22.56066895,22.56066895,25.12438011,25.12438011,0,0,0,0
1782621612,145.2492218,4346,0,300,1,0,0,0,8,10677,0,39,0,491,393,542,464,89,89,89,89,89,89,89,89,110,22.56066895,22.56066895,25.12438011,25.12438011,0,0,0,0
1782621612,145.2962494,4348,0,300,1,0,0,0,8,10694,0,39,0,489,392,540,462,89,89,89,89,89,89,89,89,110,22.56066895,22.56066895,25.12438011,25.12438011,0,0,0,0
1782621613,145.3454895,4349,0,301,1,0,0,0,8,10715,0,40,0,487,390,538,461,89,89,89,89,89,89,89,89,110,22.56066895,22.56066895,25.12438011,25.12438011,0,0,0,0
1782621613,145.3964233,4351,0,301,1,0,0,0,8,10729,0,41,0,485,388,536,459,89,89,89,89,89,89,89,89,110,22.56066895,22.56066895,25.12438011,25.12438011,0,0,0,0
1782621613,145.4456635,4352,0,302,1,0,0,0,8,10743,0,41,0,483,386,534,457,89,89,89,89,89,89,89,89,110,22.56066895,22.56066895,25.12438011,25.12438011,0,0,0,0
1782621613,145.4954224,4354,0,302,1,0.01234845,0,0,8,10762,0,42,0,480,385,532,455,89,89,89,89,89,89,89,89,110,22.56066895,22.56066895,25.12438011,25.12438011,0,0,0,0
1782621613,145.5454865,4355,0,303,1,0.031531971,0,0,8,10778,0,42,0,478,383,530,454,89,89,89,89,89,89,89,89,110,22.56066895,22.56066895,25.12438011,25.12438011,0,0,0,0
1782621613,145.5954437,4357,0,303,1,0.055888798,0,0,8,10793,0,43,0,476,381,528,452,89,89,89,89,89,89,89,89,110,22.56066895,22.56066895,25.12438011,25.12438011,0,0,0,0
1782621613,145.6459961,4358,0,303,1,0.060085896,0,0,8,10810,0,44,0,474,380,526,450,89,89,89,89,89,89,89,89,110,22.56066895,22.56066895,25.12438011,25.12438011,0,0,0,0
1782621613,145.6970062,4360,0,304,1,0.021863554,0,0,8,10816,0,44,0,474,378,526,449,89,89,89,89,89,89,89,89,110,22.56066895,22.56066895,25.12438011,25.12438011,0,0,0,0
1782621613,145.7466888,4361,0,304,1,0,0,0,8,10824,0,44,0,474,376,525,447,89,89,89,89,89,89,89,89,110,22.56066895,22.56066895,25.12438011,25.12438011,0,0,0,0
1782621613,145.7949066,4363,0,304,1,0,0,0,8,10837,0,44,0,472,375,523,445,89,89,89,89,89,89,89,89,110,22.56066895,22.56066895,25.12438011,25.12438011,0,0,0,0
1782621613,145.843811,4364,0,305,1,0.019837117,0,0,8,10852,0,45,0,470,373,521,444,89,89,89,89,89,89,89,89,110,22.56066895,22.56066895,25.12438011,25.12438011,0,0,0,0
1782621613,145.8935547,4366,0,305,1,0.02181701,0,0,8,10868,0,46,0,468,371,519,442,89,89,89,89,89,89,89,89,110,22.56066895,22.56066895,25.12438011,25.12438011,0,0,0,0
1782621613,145.9420624,4367,0,306,1,0,0,0,8,10883,0,46,0,466,370,517,441,89,89,89,89,89,89,89,89,110,22.56066895,22.56066895,25.12438011,25.12438011,0,0,0,0
1782621613,145.9919434,4369,0,306,1,0,0,0,8,10895,0,47,0,463,368,515,439,89,89,89,89,89,89,89,89,110,22.56066895,22.56066895,25.12438011,25.12438011,0,0,0,0
1782621613,146.0415497,4370,0,306,1,0,0,0,8,10909,0,47,0,461,367,513,437,89,89,89,89,89,89,89,89,110,22.56066895,22.56066895,25.12438011,25.12438011,0,0,0,0
1782621613,146.0903473,4372,0,307,1,0,0,0,8,10924,0,47,0,459,365,511,436,89,89,89,89,89,89,89,89,110,22.56066895,22.56066895,25.12438011,25.12438011,0,0,0,0
1782621613,146.140274,4373,0,307,1,0,0,0,8,10937,0,48,0,457,363,509,434,89,89,89,89,89,89,89,89,110,22.56066895,22.56066895,25.12438011,25.12438011,0,0,0,0
1782621613,146.1897278,4375,0,308,1,0,0,0,8,10948,0,48,0,455,362,508,432,89,89,89,89,89,89,89,89,110,22.56066895,22.56066895,25.12438011,25.12438011,0,0,0,0
1782621613,146.238739,4376,0,308,1,0,0,0,8,10962,0,49,0,453,360,506,431,89,89,89,89,89,89,89,89,110,22.56066895,22.56066895,25.12438011,25.12438011,0,0,0,0
1782621613,146.2888184,4378,0,308,1,0,0,0,8,10979,0,50,0,451,359,504,429,89,89,89,89,89,89,89,89,110,22.56066895,22.56066895,25.12438011,25.12438011,0,0,0,0
1782621614,146.3404541,4379,0,309,1,0,0,0,8,10993,0,50,0,449,357,502,428,89,89,89,89,89,89,89,89,110,22.56066895,22.56066895,25.12438011,25.12438011,0,0,0,0
1782621614,146.3913574,4381,0,309,1,0.017142123,0,0,8,11005,0,50,0,447,355,500,426,89,89,89,89,89,89,89,89,110,22.56066895,22.56066895,25.12438011,25.12438011,0,0,0,0
1782621614,146.4409027,4382,0,309,1,0.032860432,0,0,8,11017,0,51,0,445,354,498,424,89,89,89,89,89,89,89,89,110,22.56066895,22.56066895,25.12438011,25.12438011,0,0,0,0
1782621614,146.489563,4384,0,310,1,0.048381869,0,0,8,11030,0,51,0,443,352,496,423,89,89,89,89,89,89,89,89,110,22.56066895,22.56066895,25.12438011,25.12438011,0,0,0,0
1782621614,146.5382843,4385,0,310,1,0.063970484,0,0,8,11043,0,52,0,441,351,494,421,89,89,89,89,89,89,89,89,110,22.56066895,22.56066895,25.12438011,25.12438011,0,0,0,0
1782621614,146.5984344,4387,0,310,1,0.026521318,0,0,8,11043,0,52,0,441,349,494,420,89,89,89,89,89,89,89,89,110,22.56066895,22.56066895,25.12438011,25.12438011,0,0,0,0
1782621614,146.6465912,4388,0,310,1,0,0,0,8,11051,0,52,0,441,348,494,418,89,89,89,89,89,89,89,89,110,22.56066895,22.56066895,25.12438011,25.12438011,0,0,0,0
1782621614,146.6963348,4390,0,311,1,0,0,0,8,11063,0,53,0,439,346,492,417,89,89,89,89,89,89,89,89,110,22.56066895,22.56066895,25.12438011,25.12438011,0,0,0,0
1782621614,146.736084,4391,0,311,1,0,0,0,8,11074,0,53,0,437,345,490,415,89,89,89,89,89,89,89,89,110,22.56066895,22.56066895,25.12438011,25.12438011,0,0,0,0
1782621614,146.7876587,4393,0,311,1,0,0,0,8,11083,0,53,0,435,343,488,414,89,89,89,89,89,89,89,89,110,22.56066895,22.56066895,25.12438011,25.12438011,0,0,0,0
1782621614,146.8370972,4395,0,312,1,0,0,0,8,11096,0,54,0,433,342,486,412,89,89,89,89,89,89,89,89,110,22.56066895,22.56066895,25.12438011,25.12438011,0,0,0,0
1782621614,146.8881226,4397,0,312,1,0,0,0,8,11109,0,54,0,431,340,484,410,89,89,89,89,89,89,89,89,110,22.56066895,22.56066895,25.12438011,25.12438011,0,0,0,0
1782621614,146.9391937,4398,0,312,1,0,0,0,8,11120,0,55,0,430,339,483,409,89,89,89,89,89,89,89,89,110,22.56066895,22.56066895,25.12438011,25.12438011,0,0,0,0
1782621614,146.9880219,4400,0,313,1,0,0,0,8,11129,0,55,0,428,337,481,407,89,89,89,89,89,89,89,89,110,22.56066895,22.56066895,25.12438011,25.12438011,0,0,0,0
1782621614,147.0478668,4401,0,313,1,0,0,0,8,11141,0,55,0,426,336,479,406,89,89,89,89,89,89,89,89,110,22.56066895,22.56066895,25.12438011,25.12438011,0,0,0,0
1782621614,147.0957642,4403,0,313,1,0,0,0,8,11154,0,56,0,424,334,477,404,89,89,89,89,89,89,89,89,110,22.56066895,22.56066895,25.12438011,25.12438011,0,0,0,0
1782621614,147.1465759,4404,0,314,1,0,0,0,8,11166,0,56,0,422,333,475,403,89,89,89,89,89,89,89,89,110,22.56066895,22.56066895,25.12438011,25.12438011,0,0,0,0
1782621614,147.1968384,4406,0,314,1,0,0,0,8,11175,0,57,0,420,331,474,401,89,89,89,89,89,89,89,89,110,22.56066895,22.56066895,25.12438011,25.12438011,0,0,0,0
1782621614,147.2455902,4407,0,314,1,0,0,0,8,11186,0,57,0,418,330,472,400,89,89,89,89,89,89,89,89,110,22.56066895,22.56066895,25.12438011,25.12438011,0,0,0,0
1782621614,147.2946777,4409,0,315,1,0,0,0,8,11197,0,57,0,416,328,470,398,89,89,89,89,89,89,89,89,110,22.56066895,22.56066895,25.12438011,25.12438011,0,0,0,0
1782621615,147.345993,4410,0,315,1,0,0,0,8,11206,0,58,0,414,327,468,397,89,89,89,89,89,89,89,89,110,22.56066895,22.56066895,25.12438011,25.12438011,0,0,0,0
1782621615,147.3974609,4412,0,315,1,0,0,0,8,11214,0,58,0,413,325,467,395,89,89,89,89,89,89,89,89,110,22.56066895,22.56066895,25.12438011,25.12438011,0,0,0,0
1782621615,147.4455109,4413,0,316,1,0,0,0,8,11224,0,58,0,411,324,465,394,89,89,89,89,89,89,89,89,110,22.56066895,22.56066895,25.12438011,25.12438011,0,0,0,0
1782621615,147.494873,4415,0,316,1,0,0,0,8,11236,0,59,0,409,323,463,393,89,89,89,89,89,89,89,89,110,22.56066895,22.56066895,25.12438011,25.12438011,0,0,0,0
1782621615,147.5467377,4416,0,316,1,0,0,0,8,11245,0,59,0,407,321,461,391,89,89,89,89,89,89,89,89,110,22.56066895,22.56066895,25.12438011,25.12438011,0,0,0,0
1782621615,147.5962372,4418,0,316,1,0,0,0,8,11254,0,59,0,405,320,460,390,89,89,89,89,89,89,89,89,110,22.56066895,22.56066895,25.12438011,25.12438011,0,0,0,0
1782621615,147.6444855,4419,0,317,1,0,0,0,8,11264,0,60,0,403,318,458,388,89,89,89,89,89,89,89,89,110,22.56066895,22.56066895,25.12438011,25.12438011,0,0,0,0
1782621615,147.6944427,4421,0,317,1,0,0,0,8,11273,0,60,0,402,317,456,387,89,89,89,89,89,89,89,89,110,22.56066895,22.56066895,25.12438011,25.12438011,0,0,0,0
1782621615,147.7461853,4422,0,317,1,0,0,0,8,11282,0,60,0,400,315,454,385,89,89,89,89,89,89,89,89,110,22.56066895,22.56066895,25.12438011,25.12438011,0,0,0,0
1782621615,147.7855682,4424,0,317,1,0,0,0,8,11291,0,61,0,398,314,453,384,89,89,89,89,89,89,89,89,110,22.56066895,22.56066895,25.12438011,25.12438011,0,0,0,0
1782621615,147.8381805,4425,0,318,1,0,0,0,8,11300,0,61,0,396,313,451,382,89,89,89,89,89,89,89,89,110,22.56066895,22.56066895,25.12438011,25.12438011,0,0,0,0
1782621615,147.8904877,4427,0,318,1,0,0,0,8,11309,0,61,0,394,311,449,381,89,89,89,89,89,89,89,89,110,22.56066895,22.56066895,25.12438011,25.12438011,0,0,0,0
1782621615,147.9319916,4428,0,318,1,0,0,0,8,11315,0,61,0,393,310,448,380,89,89,89,89,89,89,89,89,110,22.56066895,22.56066895,25.12438011,25.12438011,0,0,0,0
1782621615,147.9878387,4431,0,318,1,0,0,0,8,11326,0,62,0,391,309,446,378,89,89,89,89,89,89,89,89,110,22.56066895,22.56066895,25.12438011,25.12438011,0,0,0,0
1782621615,148.0404205,4432,0,319,1,0,0,0,8,11334,0,62,0,389,307,444,377,89,89,89,89,89,89,89,89,110,22.56066895,22.56066895,25.12438011,25.12438011,0,0,0,0
1782621615,148.0899048,4434,0,319,1,0,0,0,8,11342,0,62,0,387,306,443,375,89,89,89,89,89,89,89,89,110,22.56066895,22.56066895,25.12438011,25.12438011,0,0,0,0
1782621615,148.13974,4435,0,319,1,0,0,0,8,11351,0,63,0,386,305,441,374,89,89,89,89,89,89,89,89,110,22.56066895,22.56066895,25.12438011,25.12438011,0,0,0,0
1782621615,148.1898804,4437,0,319,1,0,0,0,8,11359,0,63,0,384,303,439,373,89,89,89,89,89,89,89,89,110,22.56066895,22.56066895,25.12438011,25.12438011,0,0,0,0
1782621615,148.2397614,4438,0,320,1,0,0,0,8,11367,0,63,0,382,302,438,371,89,89,89,89,89,89,89,89,110,22.56066895,22.56066895,25.12438011,25.12438011,0,0,0,0
1782621615,148.2912445,4440,0,320,1,0,0,0,8,11374,0,64,0,380,301,436,370,89,89,89,89,89,89,89,89,110,22.56066895,22.56066895,25.12438011,25.12438011,0,0,0,0
1782621616,148.3450928,4441,0,320,1,0,0,0,8,11382,0,64,0,379,299,434,368,89,89,89,89,89,89,89,89,110,22.56066895,22.56066895,25.12438011,25.12438011,0,0,0,0
1782621616,148.3863068,4443,0,320,1,0,0,0,8,11389,0,64,0,377,298,433,367,89,89,89,89,89,89,89,89,110,22.56066895,22.56066895,25.12438011,25.12438011,0,0,0,0
1782621616,148.441391,4444,0,321,1,0,0,0,8,11396,0,64,0,375,297,431,366,89,89,89,89,89,89,89,89,110,22.56066895,22.56066895,25.12438011,25.12438011,0,0,0,0
1782621616,148.4953156,4446,0,321,0.839215696,0,0,0,8,11359,0,63,0,374,295,429,364,89,89,89,89,89,89,89,89,110,22.56066895,22.56066895,25.12438011,25.12438011,0,0,0,0
1782621616,148.5361328,4447,0,319,0,0,0.207894161,0,8,11110,0,54,0,381,304,435,371,89,89,89,89,89,89,89,89,110,22.56066895,22.56066895,25.12438011,25.12438011,0,0,0,0
1782621616,148.5907898,4449,0,312,0,0,1,0,8,10635,0,37,0,437,366,487,428,89,89,89,89,89,89,89,89,110,22.56066895,22.56066895,25.12438011,25.12438011,0,0,0,0
1782621616,148.6432037,4450,0,305,0,0,1,0,8,10379,0,26,0,487,421,534,479,89,89,89,89,89,89,89,89,110,22.56066895,22.56066895,25.12438011,25.12438011,0,0,0,0
1782621616,148.695694,4452,0,298,0,0,1,0,8,10135,0,15,0,533,471,577,526,89,89,89,89,89,89,89,89,110,22.56066895,22.56066895,25.12438011,25.12438011,0,0,0,0
1782621616,148.7355347,4453,0,291,0,0,1,0,8,9886,0,3,0,574,517,615,568,89,89,89,89,89,89,89,89,110,22.56066895,22.56066895,25.12438011,25.12438011,0,0,0,0
1782621616,148.7987518,4455,0,284,0,0,1,0,8,9635,0,0,0,611,558,650,606,89,89,89,89,89,89,89,89,110,22.56066895,22.56066895,25.12438011,25.12438011,0,0,0,0
1782621616,148.8354187,4456,0,277,0,0,1,0,8,9841,0,1,0,644,595,681,641,89,89,89,89,89,89,89,89,110,22.56066895,22.56066895,25.12438011,25.12438011,0,0,0,0
1782621616,148.8861694,4458,0,271,0,0,1,0,7,10519,0,33,0,675,629,710,672,89,89,89,89,89,89,89,89,110,22.56066895,22.56066895,25.12438011,25.12438011,0,0,0,0
1782621616,148.9379425,4459,0,264,0,0,1,0,7,10056,0,11,0,703,660,736,700,89,89,89,89,89,89,89,89,110,22.56066895,22.56066895,25.12438011,25.12438011,0,0,0,0
1782621616,148.9915009,4461,0,257,0,0,1,0,7,9767,0,0,0,728,688,759,726,89,89,89,89,89,89,89,89,110,22.56066895,22.56066895,25.12438011,25.12438011,0,0,0,0
1782621616,149.044632,4462,0,251,0,0,1,0,7,9498,0,0,0,751,713,781,750,89,89,89,89,89,89,89,89,110,22.56066895,22.56066895,25.12438011,25.12438011,0,0,0,0
1782621616,149.0857391,4464,0,244,0,0,1,0,7,9235,0,0,0,771,736,800,771,89,89,89,89,89,89,89,89,110,22.56066895,22.56066895,25.12438011,25.12438011,0,0,0,0
1782621616,149.1408691,4465,0,237,0,0,1,0,6,10330,0,24,0,790,757,818,790,89,89,89,89,89,89,89,89,110,22.56066895,22.56066895,25.12438011,25.12438011,0,0,0,0
1782621616,149.1910553,4467,0,232,0,0,1,0,6,10167,0,16,0,808,777,834,808,89,89,89,89,89,89,89,89,110,22.56066895,22.56066895,25.12438011,25.12438011,0,0,0,0
1782621616,149.2409363,4468,0,225,0,0,1,0,6,9777,0,0,0,823,794,849,824,89,89,89,89,89,89,89,89,110,22.56066895,22.56066895,25.12438011,25.12438011,0,0,0,0
1782621616,149.2909546,4470,0,219,0,0,1,0,6,9444,0,0,0,838,810,862,839,89,89,89,89,89,89,89,89,110,22.56066895,22.56066895,25.12438011,25.12438011,0,0,0,0
1782621617,149.3400269,4471,0,212,0,0,1,0,6,9118,0,0,0,851,824,874,853,89,89,89,89,89,89,89,89,110,22.56066895,22.56066895,25.12438011,25.12438011,0,0,0,0
1782621617,149.3888702,4473,0,206,0,0,1,0,6,9255,0,0,0,863,838,886,865,89,89,89,89,89,89,89,89,110,22.56066895,22.56066895,25.12438011,25.12438011,0,0,0,0
1782621617,149.4376373,4474,0,200,0,0,1,0,5,10352,0,25,0,874,850,896,877,89,89,89,89,89,89,89,89,110,22.56066895,22.56066895,25.12438011,25.12438011,0,0,0,0
1782621617,149.4864197,4476,0,194,0,0,1,0,5,9689,0,0,0,884,861,905,887,89,89,89,89,89,89,89,89,110,22.56066895,22.56066895,25.12438011,25.12438011,0,0,0,0
1782621617,149.5363617,4477,0,188,0,0,1,0,5,9272,0,0,0,893,872,914,896,89,89,89,89,89,89,89,89,110,22.56066895,22.56066895,25.12438011,25.12438011,0,0,0,0
1782621617,149.5982361,4479,0,182,0,0,1,0,5,8873,0,0,0,901,881,921,905,89,89,89,89,89,89,89,89,110,22.56066895,22.56066895,25.12438011,25.12438011,0,0,0,0
1782621617,149.6473999,4480,0,176,0,0,1,0,5,8690,0,0,0,908,889,929,913,89,89,89,89,89,89,89,89,110,22.56066895,22.56066895,25.12438011,25.12438011,0,0,0,0
1782621617,149.696991,4482,0,172,0,0,1,0,4,10506,0,33,0,916,897,935,921,89,89,89,89,89,89,89,89,110,22.56066895,22.56066895,25.12438011,25.12438011,0,0,0,0
1782621617,149.7469788,4483,0,169,0,0,1,0,4,9929,0,5,0,923,905,942,927,89,89,89,89,89,89,89,89,110,22.56066895,22.56066895,25.12438011,25.12438011,0,0,0,0
1782621617,149.7955627,4485,0,165,0,0,1,0,4,9759,0,0,0,929,912,948,934,89,89,89,89,89,89,89,89,110,22.56066895,22.56066895,25.12438011,25.12438011,0,0,0,0
1782621617,149.8441467,4486,0,161,0,0,1,0,4,9228,0,0,0,935,919,953,940,89,89,89,89,89,89,89,89,110,22.56066895,22.56066895,25.12438011,25.12438011,0,0,0,0
1782621617,149.8944092,4488,0,156,0,0,1,0,4,8823,0,0,0,940,925,958,946,89,89,89,89,89,89,89,89,110,22.56066895,22.56066895,25.12438011,25.12438011,0,0,0,0
1782621617,149.9446716,4489,0,151,0,0,1,0,4,8498,0,0,0,945,930,963,951,89,89,89,89,89,89,89,89,110,22.56066895,22.56066895,25.12438011,25.12438011,0,0,0,0
1782621617,149.9967346,4491,0,147,0,0,1,0,4,8600,0,0,0,949,935,967,956,89,89,89,89,89,89,89,89,110,22.56066895,22.56066895,25.12438011,25.12438011,0,0,0,0
1782621617,150.0372925,4492,0,142,0,0,1,0,4,8155,0,0,0,954,940,971,960,89,89,89,89,89,89,89,89,110,22.56066895,22.56066895,25.12438011,25.12438011,0,0,0,0
1782621617,150.0891876,4494,0,139,0,-0.034190644,1,0,4,8517,0,0,0,958,944,975,964,89,89,89,89,89,89,89,89,110,22.56066895,22.56066895,25.12438011,25.12438011,0,0,0,0
1782621617,150.138855,4495,0,135,0,-0.071718276,1,0,3,9742,0,0,0,962,949,979,968,89,89,89,89,89,89,89,89,110,22.56066895,22.56066895,25.12438011,25.12438011,0,0,0,0
1782621617,150.188858,4497,0,132,0,-0.12148843,1,0,3,9164,0,0,0,965,953,982,972,89,89,89,89,89,89,89,89,110,22.56066895,22.56066895,25.12438011,25.12438011,0,0,0,0
1782621617,150.2492828,4498,0,128,0,-0.169658005,1,0,3,8875,0,0,0,968,957,985,976,89,89,89,89,89,89,89,89,110,22.56066895,22.56066895,25.12438011,25.12438011,0,0,0,0
1782621617,150.2979736,4500,0,125,0,-0.216571823,1,0,3,8454,0,0,0,971,960,988,979,89,89,89,89,89,89,89,89,110,22.56066895,22.56066895,25.12438011,25.12438011,0,0,0,0
1782621618,150.3464813,4501,0,122,0,-0.262402385,1,0,3,8309,0,0,0,974,963,991,982,89,89,89,89,89,89,89,89,110,22.56066895,22.56066895,25.12438011,25.12438011,0,0,0,0
1782621618,150.3951263,4503,0,118,0,-0.307124943,1,0,3,8087,0,0,0,977,967,993,985,89,89,89,89,89,89,89,89,110,22.56066895,22.56066895,25.12438011,25.12438011,0,0,0,0
1782621618,150.4435883,4504,0,115,0,-0.35089305,0.635099709,0,3,7867,0,0,0,978,968,994,987,89,89,89,89,89,89,89,89,110,22.56066895,22.56066895,25.12438011,25.12438011,0,0,0,0
1782621618,150.4924927,4506,0,113,0,-0.393652141,0,0,3,8096,0,0,0,976,966,992,985,89,89,89,89,89,89,89,89,110,22.56066895,22.56066895,25.12438011,25.12438011,0,0,0,0
1782621618,150.5419617,4507,0,112,0,-0.434578717,0,0,3,8038,0,0,0,973,964,990,983,89,89,89,89,89,89,89,89,110,22.56066895,22.56066895,25.12438011,25.12438011,0,0,0,0
1782621618,150.5908966,4509,0,111,0,-0.473413408,0,0,3,7965,0,0,0,971,961,988,981,89,89,89,89,89,89,89,89,110,22.56066895,22.56066895,25.12438011,25.12438011,0,0,0,0
1782621618,150.6389465,4510,0,110,0.196078435,-0.51006037,0,0,3,7996,0,0,0,969,959,986,979,89,89,89,89,89,89,89,89,110,22.56066895,22.56066895,25.12438011,25.12438011,0,0,0,0
1782621618,150.688797,4512,0,110,1,-0.545243859,0,0,3,8647,0,0,0,966,957,984,977,89,89,89,89,89,89,89,89,110,22.56066895,22.56066895,25.12438011,25.12438011,0,0,0,0
1782621618,150.7406616,4513,0,110,1,-0.577769697,0,0,3,8353,0,0,0,964,955,982,975,89,89,89,89,89,89,89,89,110,22.56066895,22.56066895,25.12438011,25.12438011,0,0,0,0
1782621618,150.7908783,4515,0,111,1,-0.579429924,0,0,3,8633,0,0,0,962,952,980,973,89,89,89,89,89,89,89,89,110,22.56066895,22.56066895,25.12438011,25.12438011,0,0,0,0
1782621618,150.84021,4516,0,111,1,-0.456785262,0,0,3,8404,0,0,0,959,950,979,971,89,89,89,89,89,89,89,89,110,22.56066895,22.56066895,25.12438011,25.12438011,0,0,0,0
1782621618,150.8909454,4518,0,111,1,-0.329849124,0,0,3,8635,0,0,0,957,948,977,969,89,89,89,89,89,89,89,89,110,22.56066895,22.56066895,25.12438011,25.12438011,0,0,0,0
1782621618,150.9416962,4519,0,112,1,-0.204592675,0,0,3,8481,0,0,0,955,946,975,967,89,89,89,89,89,89,89,89,110,22.56066895,22.56066895,25.12438011,25.12438011,0,0,0,0
1782621618,150.9922028,4521,0,113,1,-0.096912302,0,0,3,8883,0,0,0,953,944,973,966,89,89,89,89,89,89,89,89,110,22.56066895,22.56066895,25.12438011,25.12438011,0,0,0,0
1782621618,151.0421143,4522,0,114,1,-0.058927577,0,0,3,8502,0,0,0,950,942,971,964,89,89,89,89,89,89,89,89,110,22.56066895,22.56066895,25.12438011,25.12438011,0,0,1,0
1782621618,151.0916138,4524,0,115,1,-0.109479539,0,0,3,8768,0,0,0,948,939,969,962,89,89,89,89,89,89,89,89,110,22.56066895,22.56066895,25.12438011,25.12438011,0,0,1,0
1782621618,151.1421967,4525,0,116,1,-0.157045051,0,0,3,9016,0,0,0,946,937,967,960,89,89,89,89,89,89,89,89,110,22.56066895,22.56066895,25.12438011,25.12438011,1,0,1,1
1782621618,151.1938934,4527,0,117,1,-0.20046322,0,0,3,8617,0,0,0,943,935,965,958,89,89,89,89,89,89,89,89,110,22.56066895,22.56066895,25.12438011,25.12438011,1,0,1,1
1782621618,151.2459869,4528,0,117,1,-0.240592659,0,0,3,9050,0,0,0,941,933,963,956,89,89,89,89,89,89,89,89,110,22.56066895,22.56066895,25.12438011,25.12438011,0,0,0,1
1782621618,151.2850189,4530,0,117,1,-0.265452236,0,0,3,9159,0,0,0,940,931,962,955,89,89,89,89,89,89,89,89,110,22.56066895,22.56066895,25.12438011,25.12438011,0,1,0,1
1782621619,151.3382874,4531,0,117,1,-0.310655832,0,0,3,9428,0,0,0,936,928,959,952,89,89,89,89,89,89,89,89,110,22.56066895,22.56066895,25.12438011,25.12438011,0,1,0,1
1782621619,151.3898315,4533,0,117,1,-0.340889543,0,0,3,9532,0,0,0,934,926,957,950,89,89,89,89,89,89,89,89,110,22.56066895,22.56066895,25.12438011,25.12438011,0,1,0,1
1782621619,151.4389648,4534,0,118,1,-0.368211061,0,0,3,8806,0,0,0,932,923,955,948,89,89,89,89,89,89,89,89,110,22.56066895,22.56066895,25.12438011,25.12438011,1,0,0,1
1782621619,151.4893188,4536,0,118,1,-0.392678171,0,0,3,8788,0,0,0,929,921,953,946,89,89,89,89,89,89,89,89,110,22.56066895,22.56066895,25.12438011,25.12438011,0,0,0,0
1782621619,151.5402832,4537,0,120,1,-0.313779086,0,0,3,8966,0,0,0,927,919,951,944,89,89,89,89,89,89,89,89,110,22.56066895,22.56066895,25.12438011,25.12438011,0,0,0,0
1782621619,151.5901947,4539,0,121,1,-0.222241819,0,0,3,9515,0,0,0,925,916,949,942,89,89,89,89,89,89,89,89,110,22.56066895,22.56066895,25.12438011,25.12438011,0,0,0,0
1782621619,151.6418457,4540,0,122,1,-0.242987975,0,0,3,9244,0,0,0,922,914,947,940,89,89,89,89,89,89,89,89,110,22.56066895,22.56066895,25.12438011,25.12438011,0,0,0,0
1782621619,151.6933899,4542,0,123,0.65882355,-0.273599058,0,0,3,9363,0,0,0,920,912,945,939,89,89,89,89,89,89,89,89,110,22.56066895,22.56066895,25.12438011,25.12438011,0,0,0,0
1782621619,151.7449646,4543,0,123,0,-0.302729487,0,0,3,8901,0,0,0,918,910,943,937,89,89,89,89,89,89,89,89,110,22.56066895,22.56066895,25.12438011,25.12438011,0,0,0,0
1782621619,151.7973328,4545,0,122,0,-0.293622166,0,0,3,8765,0,0,0,915,907,941,935,89,89,89,89,89,89,89,89,110,22.56066895,22.56066895,25.12438011,25.12438011,0,0,0,0
1782621619,151.8368378,4546,0,122,0,-0.202067837,0,0,3,8685,0,0,0,913,905,939,933,89,89,89,89,89,89,89,89,110,22.56066895,22.56066895,25.12438011,25.12438011,0,0,0,0
1782621619,151.8876038,4548,0,121,0,-0.106607787,0,0,3,8607,0,0,0,911,903,937,931,89,89,89,89,89,89,89,89,110,22.56066895,22.56066895,25.12438011,25.12438011,0,0,0,0
1782621619,151.9382935,4549,0,120,0,-0.032061912,0,0,3,8545,0,0,0,908,902,935,930,89,89,89,89,89,89,89,89,110,22.56066895,22.56066895,25.12438011,25.12438011,0,0,0,0
1782621619,151.9887238,4551,0,119,0,0.027052164,0,0,3,8511,0,0,0,906,899,933,928,89,89,89,89,89,89,89,89,110,22.56066895,22.56066895,25.12438011,25.12438011,0,0,0,0
1782621619,152.0382996,4552,0,119,0,0.046496119,0,0,3,8480,0,0,0,904,897,931,926,89,89,89,89,89,89,89,89,110,22.56066895,22.56066895,25.12438011,25.12438011,0,0,0,0
1782621619,152.0881042,4554,0,118,0,0.070156142,0,0,3,8446,0,0,0,902,895,929,924,89,89,89,89,89,89,89,89,110,22.56066895,22.56066895,25.12438011,25.12438011,0,0,0,0
1782621619,152.1386871,4555,0,118,0,0.105807215,0,0,3,8409,0,0,0,899,893,927,922,89,89,89,89,89,89,89,89,110,22.56066895,22.56066895,25.12438011,25.12438011,0,0,0,0
1782621619,152.1897278,4557,0,117,0,0.145424902,0,0,3,8374,0,0,0,897,891,925,920,89,89,89,89,89,89,89,89,110,22.56066895,22.56066895,25.12438011,25.12438011,0,0,0,0
1782621619,152.2398987,4558,0,117,0,0.183021024,0,0,3,8336,0,0,0,895,888,923,918,89,89,89,89,89,89,89,89,110,22.56066895,22.56066895,25.12438011,25.12438011,0,0,0,0
1782621619,152.2902527,4560,0,116,0,0.2187244,0,0,3,8298,0,0,0,893,886,921,916,89,89,89,89,89,89,89,89,110,22.56066895,22.56066895,25.12438011,25.12438011,0,0,0,1
1782621620,152.3408661,4561,0,115,0,0.252720028,0,0,3,8258,0,0,0,891,884,920,914,89,89,89,89,89,89,89,89,110,22.56066895,22.56066895,25.12438011,25.12438011,0,0,0,0
1782621620,152.3902893,4563,0,115,0,0.284938157,0,0,3,8212,0,0,0,888,882,918,913,89,89,89,89,89,89,89,89,110,22.56066895,22.56066895,25.12438011,25.12438011,0,1,0,0
1782621620,152.4388275,4564,0,114,0,0.315913707,0,0,3,8148,0,0,0,886,880,916,911,89,89,89,89,89,89,89,89,110,22.56066895,22.56066895,25.12438011,25.12438011,0,1,0,0
1782621620,152.4897308,4566,0,113,0,0.346441865,0,0,3,8084,0,0,0,884,878,914,909,89,89,89,89,89,89,89,89,110,22.56066895,22.56066895,25.12438011,25.12438011,0,0,0,0
1782621620,152.5429688,4567,0,112,0,0.375515938,0,0,3,8023,0,0,0,882,876,912,907,89,89,89,89,89,89,89,89,110,22.56066895,22.56066895,25.12438011,25.12438011,0,0,0,0
1782621620,152.5944061,4569,0,111,0,0.40532577,0,0,3,7956,0,0,0,880,873,910,905,89,89,89,89,89,89,89,89,110,22.56066895,22.56066895,25.12438011,25.12438011,0,0,0,0
1782621620,152.6441803,4570,0,110,0,0.433992326,0,0,3,7899,0,0,0,878,871,909,904,89,89,89,89,89,89,89,89,110,22.56066895,22.56066895,25.12438011,25.12438011,0,0,0,0
1782621620,152.6944733,4572,0,109,0,0.461708546,0,0,3,7815,0,0,0,876,869,907,902,89,89,89,89,89,89,89,89,110,22.56066895,22.56066895,25.12438011,25.12438011,0,0,0,0
1782621620,152.7457886,4573,0,108,0,0.488579541,0,0,3,7751,0,0,0,874,867,905,900,89,89,89,89,89,89,89,89,110,22.56066895,22.56066895,25.12438011,25.12438011,0,0,0,0
1782621620,152.7968597,4575,0,107,0,0.515509427,0,0,3,7693,0,0,0,872,865,903,898,89,89,89,89,89,89,89,89,110,22.56066895,22.56066895,25.12438011,25.12438011,0,0,0,0
1782621620,152.847702,4576,0,106,0,0.52732873,0,0,3,7612,0,0,0,870,863,902,897,89,89,89,89,89,89,89,89,110,22.56066895,22.56066895,25.12438011,25.12438011,0,0,0,0
1782621620,152.8870544,4578,0,105,0,0.533305585,0,0,3,7528,0,0,0,868,861,900,895,89,89,89,89,89,89,89,89,110,22.56066895,22.56066895,25.12438011,25.12438011,0,0,0,0
1782621620,152.9395447,4579,0,103,0.078431375,0.539164424,0,0,3,7486,0,0,0,866,860,898,893,89,89,89,89,89,89,89,89,110,22.56066895,22.56066895,25.12438011,25.12438011,0,0,0,0
1782621620,152.9876099,4581,0,103,1,0.49763611,0,0,3,8039,0,0,0,864,858,897,892,89,89,89,89,89,89,89,89,110,22.56066895,22.56066895,25.12438011,25.12438011,0,0,0,0
1782621620,153.0366821,4582,0,104,1,0.387750864,0,0,3,7906,0,0,0,862,856,895,890,89,89,89,89,89,89,89,89,110,22.56066895,22.56066895,25.12438011,25.12438011,0,0,0,0
1782621620,153.0881042,4584,0,104,1,0.28976804,0,0,3,8151,0,0,0,860,854,893,888,89,89,89,89,89,89,89,89,110,22.56066895,22.56066895,25.12438011,25.12438011,0,0,0,0
1782621620,153.1407928,4585,0,105,1,0.202553496,0,0,3,7924,0,0,0,859,852,892,887,89,89,89,89,89,89,89,89,110,22.56066895,22.56066895,25.12438011,25.12438011,0,0,0,0
1782621620,153.1935883,4587,0,105,1,0.124884799,0,0,3,8286,0,0,0,857,850,890,885,89,89,89,89,89,89,89,89,110,22.56066895,22.56066895,25.12438011,25.12438011,0,0,0,0
1782621620,153.2465057,4588,0,107,1,0.056115024,0,0,3,8522,0,0,0,856,848,889,883,89,89,89,89,89,89,89,89,110,22.56066895,22.56066895,25.12438011,25.12438011,0,0,0,0
1782621620,153.2865906,4590,0,108,1,0,0,0,3,8618,0,0,0,855,846,888,882,89,89,89,89,89,89,89,89,110,22.56066895,22.56066895,25.12438011,25.12438011,0,0,0,0
1782621621,153.3399353,4591,0,110,1,0,0,0,3,8694,0,0,0,854,844,887,880,89,89,89,89,89,89,89,89,110,22.56066895,22.56066895,25.12438011,25.12438011,0,0,0,0
1782621621,153.3916931,4593,0,112,1,0,0,0,3,8767,0,0,0,852,842,885,878,89,89,89,89,89,89,89,89,110,22.56066895,22.56066895,25.12438011,25.12438011,0,0,0,0
1782621621,153.4416046,4594,0,115,1,0,0,0,3,8839,0,0,0,850,840,884,876,89,89,89,89,89,89,89,89,110,22.56066895,22.56066895,25.12438011,25.12438011,0,0,0,0
1782621621,153.492157,4596,0,117,1,0,0,0,3,8928,0,0,0,848,838,882,875,89,89,89,89,89,89,89,89,110,22.56066895,22.56066895,25.12438011,25.12438011,0,0,0,0
1782621621,153.5327606,4597,0,118,1,-0.015294356,0,0,3,9001,0,0,0,846,837,881,873,89,89,89,89,89,89,89,89,110,22.56066895,22.56066895,25.12438011,25.12438011,0,0,0,0
1782621621,153.5857849,4599,0,121,1,-0.064100012,0,0,3,9215,0,0,0,843,834,878,871,89,89,89,89,89,89,89,89,110,22.56066895,22.56066895,25.12438011,25.12438011,0,0,0,0
1782621621,153.6474609,4600,0,124,1,-0.063136294,0,0,3,9416,0,0,0,841,832,876,869,89,89,89,89,89,89,89,89,110,22.56066895,22.56066895,25.12438011,25.12438011,0,0,0,0
1782621621,153.6851654,4602,0,125,1,-0.02539658,0,0,3,9550,0,0,0,840,830,875,868,89,89,89,89,89,89,89,89,110,22.56066895,22.56066895,25.12438011,25.12438011,0,0,0,0
1782621621,153.7386627,4603,0,128,1,0,0,0,3,9786,0,0,0,837,827,872,865,89,89,89,89,89,89,89,89,110,22.56066895,22.56066895,25.12438011,25.12438011,0,0,0,0
1782621621,153.7918549,4605,0,131,1,0,0,0,3,9967,0,7,0,835,825,870,863,89,89,89,89,89,89,89,89,110,22.56066895,22.56066895,25.12438011,25.12438011,0,0,0,0
1782621621,153.8429718,4606,0,133,1,0,0,0,3,10150,0,16,0,832,823,869,861,89,89,89,89,89,89,89,89,110,22.56066895,22.56066895,25.12438011,25.12438011,0,0,0,0
1782621621,153.8945465,4608,0,135,1,-0.025165319,0,0,3,10315,0,23,0,830,821,867,859,89,89,89,89,89,89,89,89,110,22.56066895,22.56066895,25.12438011,25.12438011,0,0,0,0
1782621621,153.9446411,4609,0,138,1,-0.059874389,0,0,3,10486,0,31,0,828,818,865,857,89,89,89,89,89,89,89,89,110,22.56066895,22.56066895,25.12438011,25.12438011,0,0,0,0
1782621621,153.9937286,4611,0,140,1,-0.094871216,0,0,3,10668,0,38,0,825,816,862,855,89,89,89,89,89,89,89,89,110,22.56066895,22.56066895,25.12438011,25.12438011,0,0,0,0
1782621621,154.0431213,4612,0,142,1,-0.12727356,0,0,3,10852,0,45,0,823,814,860,853,89,89,89,89,89,89,89,89,110,22.56066895,22.56066895,25.12438011,25.12438011,0,0,0,0
1782621621,154.0923004,4614,0,145,1,-0.128172636,0,0,3,11056,0,52,0,821,811,858,851,89,89,89,89,89,89,89,89,110,22.56066895,22.56066895,25.12438011,25.12438011,0,0,0,0
1782621621,154.1420746,4615,0,147,1,-0.062198482,0,0,3,11202,0,57,0,818,810,856,850,89,89,89,89,89,89,89,89,110,22.56066895,22.56066895,25.12438011,25.12438011,0,0,0,0
1782621621,154.1924133,4617,0,149,1,-0.007668615,0,0,3,11304,0,61,0,816,809,854,848,89,89,89,89,89,89,89,89,110,22.56066895,22.56066895,25.12438011,25.12438011,0,0,0,0
1782621621,154.243103,4618,0,151,1,0,0,0,3,11401,0,66,0,813,807,852,847,89,89,89,89,89,89,89,89,110,22.56066895,22.56066895,25.12438011,25.12438011,0,0,0,0
1782621621,154.294632,4620,0,153,1,0,0,0,3,11520,0,71,0,811,804,850,844,89,89,89,89,89,89,89,89,110,22.56066895,22.56066895,25.12438011,25.12438011,0,0,0,0
1782621622,154.3455658,4621,0,155,1,-0.013646882,0,0,3,11647,0,76,0,809,802,848,842,89,89,89,89,89,89,89,89,110,22.56066895,22.56066895,25.12438011,25.12438011,0,0,0,0
1782621622,154.3974915,4623,0,157,1,-0.035354014,0,0,4,10594,0,36,0,806,799,846,840,89,89,89,89,89,89,89,89,110,22.56066895,22.56066895,25.12438011,25.12438011,0,0,0,0
1782621622,154.4365234,4624,0,160,1,-0.057223786,0,0,4,10285,0,22,0,804,797,843,838,89,89,89,89,89,89,89,89,110,22.56066895,22.56066895,25.12438011,25.12438011,0,0,0,0
1782621622,154.487442,4626,0,162,1,-0.036749493,0,0,4,10278,0,21,0,801,794,841,836,89,89,89,89,89,89,89,89,110,22.56066895,22.56066895,25.12438011,25.12438011,0,0,0,0
1782621622,154.5375977,4627,0,164,1,-0.001878492,0,0,4,10380,0,26,0,799,792,839,834,89,89,89,89,89,89,89,89,110,22.56066895,22.56066895,25.12438011,25.12438011,0,0,0,0
1782621622,154.5875092,4629,0,166,1,0,0,0,4,10505,0,33,0,796,789,837,832,89,89,89,89,89,89,89,89,110,22.56066895,22.56066895,25.12438011,25.12438011,0,0,0,0
1782621622,154.6484375,4630,0,169,1,0,0,0,4,10640,0,38,0,793,787,834,829,89,89,89,89,89,89,89,89,110,22.56066895,22.56066895,25.12438011,25.12438011,0,0,0,0
1782621622,154.6972961,4632,0,171,1,0,0,0,4,10778,0,42,0,791,784,832,827,89,89,89,89,89,89,89,89,110,22.56066895,22.56066895,25.12438011,25.12438011,0,0,0,0
1782621622,154.7465057,4633,0,173,1,0,0,0,4,10937,0,48,0,788,782,830,825,89,89,89,89,89,89,89,89,110,22.56066895,22.56066895,25.12438011,25.12438011,0,0,0,0
1782621622,154.7960663,4635,0,175,1,0,0,0,4,11057,0,52,0,786,779,828,823,89,89,89,89,89,89,89,89,110,22.56066895,22.56066895,25.12438011,25.12438011,0,0,0,0
1782621622,154.8451233,4636,0,177,1,0,0,0,4,11171,0,56,0,783,777,825,820,89,89,89,89,89,89,89,89,110,22.56066895,22.56066895,25.12438011,25.12438011,0,0,0,0
1782621622,154.8947906,4638,0,179,1,0,0,0,4,11249,0,59,0,780,774,823,818,89,89,89,89,89,89,89,89,110,22.56066895,22.56066895,25.12438011,25.12438011,0,0,0,0
1782621622,154.9460602,4639,0,181,1,0,0,0,4,11329,0,62,0,778,771,821,816,89,89,89,89,89,89,89,89,110,22.56066895,22.56066895,25.12438011,25.12438011,0,0,0,0
1782621622,154.9848785,4641,0,182,1,0,0,0,4,11395,0,64,0,776,770,819,814,89,89,89,89,89,89,89,89,110,22.56066895,22.56066895,25.12438011,25.12438011,0,0,0,0
1782621622,155.0373383,4642,0,185,1,0,0,0,4,11542,0,72,0,772,766,816,811,89,89,89,89,89,89,89,89,110,22.56066895,22.56066895,25.12438011,25.12438011,0,0,0,0
1782621622,155.0902252,4644,0,186,1,0,0,0,4,11670,0,77,0,770,763,814,809,89,89,89,89,89,89,89,89,110,22.56066895,22.56066895,25.12438011,25.12438011,0,0,0,0
1782621622,155.1321564,4645,0,188,1,0,0,0,4,11746,0,80,0,768,762,812,807,89,89,89,89,89,89,89,89,110,22.56066895,22.56066895,25.12438011,25.12438011,0,0,0,0
1782621622,155.1875,4647,0,190,1,0,0,0,4,11897,0,87,0,764,758,809,804,89,89,89,89,89,89,89,89,110,22.56066895,22.56066895,25.12438011,25.12438011,0,0,0,0
1782621622,155.2391357,4648,0,192,1,0,0,0,4,11999,0,91,0,762,755,806,802,89,89,89,89,89,89,89,89,110,22.56066895,22.56066895,25.12438011,25.12438011,0,0,0,0
1782621622,155.2925262,4650,0,194,1,-0.006787234,0,0,5,11308,0,61,0,759,753,804,799,89,89,89,89,89,89,89,89,110,22.56066895,22.56066895,25.12438011,25.12438011,0,0,0,0
1782621623,155.3466797,4651,0,196,1,-0.027186666,0,0,5,10638,0,37,0,756,750,802,797,89,89,89,89,89,89,89,89,110,22.56066895,22.56066895,25.12438011,25.12438011,0,0,0,0
1782621623,155.3855591,4653,0,198,1,-0.027194986,0,0,5,10684,0,39,0,753,747,799,794,89,89,89,89,89,89,89,89,110,22.56066895,22.56066895,25.12438011,25.12438011,0,0,0,0
1782621623,155.4361267,4654,0,199,1,0,0,0,5,10775,0,42,0,751,745,797,792,89,89,89,89,89,89,89,89,110,22.56066895,22.56066895,25.12438011,25.12438011,0,0,0,0
1782621623,155.4979706,4656,0,201,1,0,0,0,5,10865,0,46,0,748,742,794,790,89,89,89,89,89,89,89,89,110,22.56066895,22.56066895,25.12438011,25.12438011,0,0,0,0
1782621623,155.5363922,4657,0,203,1,0,0,0,5,10955,0,49,0,745,739,792,787,89,89,89,89,89,89,89,89,110,22.56066895,22.56066895,25.12438011,25.12438011,0,0,0,0
1782621623,155.5909729,4659,0,204,1,0,0,0,5,11041,0,52,0,743,737,790,785,89,89,89,89,89,89,89,89,110,22.56066895,22.56066895,25.12438011,25.12438011,0,0,0,0
1782621623,155.6467285,4660,0,206,1,0,0,0,5,11127,0,55,0,740,734,787,782,89,89,89,89,89,89,89,89,110,22.56066895,22.56066895,25.12438011,25.12438011,0,0,0,0
1782621623,155.686264,4662,0,208,1,0,0,0,5,11213,0,58,0,737,731,785,780,89,89,89,89,89,89,89,89,110,22.56066895,22.56066895,25.12438011,25.12438011,0,0,0,0
1782621623,155.7373505,4664,0,209,1,0,0,0,5,11298,0,61,0,734,728,782,778,89,89,89,89,89,89,89,89,110,22.56066895,22.56066895,25.12438011,25.12438011,0,0,0,0
1782621623,155.7883911,4666,0,211,1,0,0,0,5,11383,0,64,0,732,726,780,775,89,89,89,89,89,89,89,89,110,22.56066895,22.56066895,25.12438011,25.12438011,0,0,0,0
1782621623,155.8378448,4667,0,213,1,0,0,0,5,11466,0,68,0,729,723,777,773,89,89,89,89,89,89,89,89,110,22.56066895,22.56066895,25.12438011,25.12438011,0,0,0,0
1782621623,155.8903198,4669,0,214,1,0,0,0,5,11545,0,72,0,726,720,775,770,89,89,89,89,89,89,89,89,110,22.56066895,22.56066895,25.12438011,25.12438011,0,0,0,0
1782621623,155.9414673,4670,0,216,1,0,0,0,5,11626,0,75,0,723,717,772,768,89,89,89,89,89,89,89,89,110,22.56066895,22.56066895,25.12438011,25.12438011,0,0,0,0
1782621623,155.9916229,4672,0,217,1,0,0,0,5,11709,0,79,0,721,715,770,765,89,89,89,89,89,89,89,89,110,22.56066895,22.56066895,25.12438011,25.12438011,0,0,0,0
1782621623,156.0407715,4673,0,219,1,0,0,0,5,11790,0,82,0,718,712,768,763,89,89,89,89,89,89,89,89,110,22.56066895,22.56066895,25.12438011,25.12438011,0,0,0,0
1782621623,156.0878906,4675,0,220,1,0,0,0,5,11862,0,85,0,715,709,765,760,89,89,89,89,89,89,89,89,110,22.56066895,22.56066895,25.12438011,25.12438011,0,0,0,0
1782621623,156.1472626,4677,0,222,1,0,0,0,5,11928,0,88,0,712,706,763,758,89,89,89,89,89,89,89,89,110,22.56066895,22.56066895,25.12438011,25.12438011,0,0,0,0
1782621623,156.1959686,4679,0,223,1,0,0,0,5,11994,0,91,0,709,704,760,755,89,89,89,89,89,89,89,89,110,22.56066895,22.56066895,25.12438011,25.12438011,0,0,0,0
1782621623,156.2446899,4680,0,224,1,0,0,0,6,10985,0,50,0,707,701,758,753,89,89,89,89,89,89,89,89,110,22.56066895,22.56066895,25.12438011,25.12438011,0,0,0,0
1782621623,156.2937469,4682,0,226,1,0,0,0,6,10536,0,34,0,704,698,755,751,89,89,89,89,89,89,89,89,110,22.56066895,22.56066895,25.12438011,25.12438011,0,0,0,0
1782621624,156.3439484,4683,0,228,1,0,0,0,6,10604,0,36,0,701,696,753,748,89,89,89,89,89,89,89,89,110,22.56066895,22.56066895,25.12438011,25.12438011,0,0,0,0
1782621624,156.3954468,4685,0,229,1,0,0,0,6,10662,0,38,0,698,693,750,746,89,89,89,89,89,89,89,89,110,22.56066895,22.56066895,25.12438011,25.12438011,0,0,0,0
1782621624,156.4452667,4686,0,231,1,0,0,0,6,10722,0,40,0,696,690,748,743,89,89,89,89,89,89,89,89,110,22.56066895,22.56066895,25.12438011,25.12438011,0,0,0,0
1782621624,156.4947662,4688,0,232,1,0,0,0,6,10790,0,43,0,693,687,745,741,89,89,89,89,89,89,89,89,110,22.56066895,22.56066895,25.12438011,25.12438011,0,0,0,0
1782621624,156.5444336,4689,0,233,1,0,0,0,6,10852,0,45,0,690,685,743,738,89,89,89,89,89,89,89,89,110,22.56066895,22.56066895,25.12438011,25.12438011,0,0,0,0
1782621624,156.5917053,4691,0,235,1,0,0,0,6,10910,0,47,0,687,682,740,736,89,89,89,89,89,89,89,89,110,22.56066895,22.56066895,25.12438011,25.12438011,0,0,0,0
1782621624,156.6392059,4692,0,236,1,0,0,0,6,10967,0,49,0,685,679,738,733,89,89,89,89,89,89,89,89,110,22.56066895,22.56066895,25.12438011,25.12438011,0,0,0,0
1782621624,156.6878815,4694,0,237,1,0,0,0,6,11026,0,51,0,682,676,735,731,89,89,89,89,89,89,89,89,110,22.56066895,22.56066895,25.12438011,25.12438011,0,0,0,0
1782621624,156.7370911,4695,0,239,1,0,0,0,6,11086,0,53,0,679,674,733,728,89,89,89,89,89,89,89,89,110,22.56066895,22.56066895,25.12438011,25.12438011,0,0,0,0
1782621624,156.7978363,4697,0,240,1,0,0,0,6,11142,0,55,0,676,671,730,726,89,89,89,89,89,89,89,89,110,22.56066895,22.56066895,25.12438011,25.12438011,0,0,0,0
1782621624,156.8461609,4698,0,241,1,0,0,0,6,11198,0,57,0,674,668,728,724,89,89,89,89,89,89,89,89,110,22.56066895,22.56066895,25.12438011,25.12438011,0,0,0,0
1782621624,156.8954315,4700,0,242,1,0,0,0,6,11254,0,59,0,671,666,725,721,89,89,89,89,89,89,89,89,110,22.56066895,22.56066895,25.12438011,25.12438011,0,0,0,0
1782621624,156.9449615,4701,0,244,1,0,0,0,6,11310,0,61,0,668,663,723,719,89,89,89,89,89,89,89,89,110,22.56066895,22.56066895,25.12438011,25.12438011,0,0,0,0
1782621624,156.995163,4703,0,245,1,0,0,0,6,11365,0,63,0,665,660,721,716,89,89,89,89,89,89,89,89,110,22.56066895,22.56066895,25.12438011,25.12438011,0,0,0,0
1782621624,157.0439148,4704,0,246,1,0,0,0,6,11418,0,66,0,663,657,718,714,89,89,89,89,89,89,89,89,110,22.56066895,22.56066895,25.12438011,25.12438011,0,0,0,0
1782621624,157.0922394,4706,0,247,1,0,0,0,6,11470,0,69,0,660,655,716,711,89,89,89,89,89,89,89,89,110,22.56066895,22.56066895,25.12438011,25.12438011,0,0,0,0
1782621624,157.1410828,4707,0,248,1,0,0,0,6,11525,0,71,0,657,652,713,709,89,89,89,89,89,89,89,89,110,22.56066895,22.56066895,25.12438011,25.12438011,0,0,0,0
1782621624,157.1906128,4709,0,250,1,0,0,0,6,11577,0,73,0,655,649,711,706,89,89,89,89,89,89,89,89,110,22.56066895,22.56066895,25.12438011,25.12438011,0,0,0,0
1782621624,157.2402954,4710,0,251,1,0,0,0,6,11625,0,75,0,652,647,708,704,89,89,89,89,89,89,89,89,110,22.56066895,22.56066895,25.12438011,25.12438011,0,0,0,0
1782621624,157.2902985,4712,0,252,1,0,0,0,6,11673,0,77,0,649,644,706,701,89,89,89,89,89,89,89,89,110,22.56066895,22.56066895,25.12438011,25.12438011,0,0,0,0
1782621625,157.3403473,4713,0,253,1,0,0,0,6,11721,0,79,0,647,641,703,699,89,89,89,89,89,89,89,89,110,22.56066895,22.56066895,25.12438011,25.12438011,0,0,0,0
1782621625,157.3911743,4715,0,254,0,0,0,0,6,11513,0,70,0,644,639,701,697,89,89,89,89,89,89,89,89,110,22.56066895,22.56066895,25.12438011,25.12438011,0,0,0,0
1782621625,157.4434509,4716,0,253,0,0,0,0,6,11449,0,68,0,641,636,698,694,89,89,89,89,89,89,89,89,110,22.56066895,22.56066895,25.12438011,25.12438011,0,0,0,0
1782621625,157.4838715,4718,0,252,0,0,0,0,6,11419,0,66,0,639,634,697,693,89,89,89,89,89,89,89,89,110,22.56066895,22.56066895,25.12438011,25.12438011,0,0,0,0
1782621625,157.5373077,4719,0,251,0,0,0,0,6,11359,0,63,0,636,631,694,689,89,89,89,89,89,89,89,89,110,22.56066895,22.56066895,25.12438011,25.12438011,0,0,0,0
1782621625,157.5879669,4721,0,250,0,0,0.029426843,0,6,11304,0,61,0,634,628,691,687,89,89,89,89,89,89,89,89,110,22.56066895,22.56066895,25.12438011,25.12438011,0,0,0,0
1782621625,157.6475983,4723,0,248,0,0,0.336639941,0,6,11106,0,54,0,639,634,695,691,89,89,89,89,89,89,89,89,110,22.56066895,22.56066895,25.12438011,25.12438011,0,0,0,0
1782621625,157.695282,4725,0,242,0,0,1,0,6,10574,0,35,0,665,660,718,714,89,89,89,89,89,89,89,89,110,22.56066895,22.56066895,25.12438011,25.12438011,0,0,0,0
1782621625,157.743866,4726,0,235,0,0,1,0,6,10239,0,20,0,690,685,741,737,89,89,89,89,89,89,89,89,110,22.56066895,22.56066895,25.12438011,25.12438011,0,0,0,0
1782621625,157.7947845,4728,0,229,0,0,1,0,6,9902,0,4,0,713,708,761,757,89,89,89,89,89,89,89,89,110,22.56066895,22.56066895,25.12438011,25.12438011,0,0,0,0
1782621625,157.8336792,4729,0,224,0,0,1,0,6,9658,0,0,0,726,723,774,770,89,89,89,89,89,89,89,89,110,22.56066895,22.56066895,25.12438011,25.12438011,0,0,0,0
1782621625,157.8893738,4731,0,216,0,0.009418793,1,0,6,9203,0,0,0,752,748,797,793,89,89,89,89,89,89,89,89,110,22.56066895,22.56066895,25.12438011,25.12438011,0,0,0,0
1782621625,157.9447479,4732,0,209,0,0.028361658,1,0,6,8900,0,0,0,769,766,812,808,89,89,89,89,89,89,89,89,110,22.56066895,22.56066895,25.12438011,25.12438011,0,0,0,0
1782621625,157.9977417,4734,0,203,0,0.046840094,1,0,5,10104,0,13,0,785,782,827,823,89,89,89,89,89,89,89,89,110,22.56066895,22.56066895,25.12438011,25.12438011,0,0,0,0
1782621625,158.0361328,4735,0,198,0,0.053050131,1,0,5,10131,0,15,0,800,797,840,836,89,89,89,89,89,89,89,89,110,22.56066895,22.56066895,25.12438011,25.12438011,0,0,0,0
1782621625,158.0975494,4737,0,193,0,0.068720289,1,0,5,9742,0,0,0,814,811,853,848,89,89,89,89,89,89,89,89,110,22.56066895,22.56066895,25.12438011,25.12438011,0,0,0,0
1782621625,158.1348724,4738,0,189,0,0.083404459,1,0,5,9400,0,0,0,822,819,860,856,89,89,89,89,89,89,89,89,110,22.56066895,22.56066895,25.12438011,25.12438011,0,0,0,0
1782621625,158.1859741,4741,0,182,0,0.127471328,1,0,5,9029,0,0,0,838,835,875,870,89,89,89,89,89,89,89,89,110,22.56066895,22.56066895,25.12438011,25.12438011,0,0,0,0
1782621625,158.2481384,4742,0,176,0,0.164399371,1,0,5,8846,0,0,0,849,846,885,879,89,89,89,89,89,89,89,89,110,22.56066895,22.56066895,25.12438011,25.12438011,0,0,0,0
1782621625,158.2861938,4744,0,173,0,0.200637326,1,0,4,10412,0,28,0,859,856,894,888,89,89,89,89,89,89,89,89,110,22.56066895,22.56066895,25.12438011,25.12438011,0,0,0,0
1782621626,158.3383942,4745,0,170,0,0.235993221,0.87601018,0,4,10082,0,12,0,869,865,902,896,89,89,89,89,89,89,89,89,110,22.56066895,22.56066895,25.12438011,25.12438011,0,0,0,0
1782621626,158.3927002,4747,0,168,0,0.27015835,0,0,4,10177,0,17,0,866,862,899,894,89,89,89,89,89,89,89,89,110,22.56066895,22.56066895,25.12438011,25.12438011,0,0,0,0
1782621626,158.4468842,4748,0,167,0,0.302976668,0,0,4,10105,0,13,0,863,860,897,891,89,89,89,89,89,89,89,89,110,22.56066895,22.56066895,25.12438011,25.12438011,0,0,0,0
1782621626,158.4855042,4750,0,166,1,0.33475709,0,0,4,10490,0,31,0,860,857,895,889,89,89,89,89,89,89,89,89,110,22.56066895,22.56066895,25.12438011,25.12438011,0,0,0,0
1782621626,158.5371704,4751,0,166,1,0.364969224,0,0,4,10476,0,30,0,858,854,892,886,89,89,89,89,89,89,89,89,110,22.56066895,22.56066895,25.12438011,25.12438011,0,0,0,0
1782621626,158.5906982,4753,0,166,1,0.393398672,0,0,4,10678,0,39,0,855,851,890,884,89,89,89,89,89,89,89,89,110,22.56066895,22.56066895,25.12438011,25.12438011,0,0,0,0
1782621626,158.6423035,4754,0,167,1,0.420413375,0,0,4,10484,0,31,0,852,849,887,882,89,89,89,89,89,89,89,89,110,22.56066895,22.56066895,25.12438011,25.12438011,0,0,0,0
1782621626,158.6927338,4756,0,166,1,0.446208715,0,0,4,10749,0,41,0,849,846,885,879,89,89,89,89,89,89,89,89,110,22.56066895,22.56066895,25.12438011,25.12438011,0,0,0,0
1782621626,158.7431793,4757,0,166,1,0.470888674,0,0,4,10420,0,28,0,847,843,883,877,89,89,89,89,89,89,89,89,110,22.56066895,22.56066895,25.12438011,25.12438011,0,0,0,0
1782621626,158.7929382,4759,0,166,1,0.494579703,0,0,4,10710,0,40,0,844,841,880,875,89,89,89,89,89,89,89,89,110,22.56066895,22.56066895,25.12438011,25.12438011,0,0,0,0
1782621626,158.8407288,4760,0,166,1,0.504678786,0,0,4,10395,0,27,0,841,838,878,872,89,89,89,89,89,89,89,89,110,22.56066895,22.56066895,25.12438011,25.12438011,0,0,0,0
1782621626,158.888031,4762,0,166,1,0.505828798,0,0,4,10638,0,37,0,838,835,876,870,89,89,89,89,89,89,89,89,110,22.56066895,22.56066895,25.12438011,25.12438011,0,0,0,0
1782621626,158.9359131,4763,0,167,1,0.504418492,0,0,4,10536,0,34,0,836,832,873,868,89,89,89,89,89,89,89,89,110,22.56066895,22.56066895,25.12438011,25.12438011,0,0,0,0
1782621626,158.9860229,4765,0,166,1,0.503311217,0,0,4,10523,0,33,0,833,830,871,865,89,89,89,89,89,89,89,89,110,22.56066895,22.56066895,25.12438011,25.12438011,0,0,0,0
1782621626,159.037323,4766,0,167,1,0.503082097,0,0,4,10703,0,40,0,830,827,869,863,89,89,89,89,89,89,89,89,110,22.56066895,22.56066895,25.12438011,25.12438011,0,0,0,0
1782621626,159.0885162,4768,0,167,1,0.500878751,0,0,4,10474,0,30,0,828,824,866,861,89,89,89,89,89,89,89,89,110,22.56066895,22.56066895,25.12438011,25.12438011,0,0,0,0
1782621626,159.1399384,4769,0,167,1,0.501038194,0,0,4,10826,0,44,0,825,822,864,858,89,89,89,89,89,89,89,89,110,22.56066895,22.56066895,25.12438011,25.12438011,0,0,0,0
1782621626,159.1911163,4771,0,167,1,0.498553216,0,0,4,10444,0,29,0,822,819,862,856,89,89,89,89,89,89,89,89,110,22.56066895,22.56066895,25.12438011,25.12438011,0,0,0,0
1782621626,159.2410126,4772,0,167,1,0.498594433,0,0,4,10769,0,42,0,820,817,859,854,89,89,89,89,89,89,89,89,110,22.56066895,22.56066895,25.12438011,25.12438011,0,0,0,0
1782621626,159.290741,4774,0,168,1,0.496273994,0,0,4,10490,0,31,0,817,814,857,851,89,89,89,89,89,89,89,89,110,22.56066895,22.56066895,25.12438011,25.12438011,0,0,0,0
1782621627,159.3416443,4775,0,167,1,0.441595405,0,0,4,10695,0,39,0,815,811,855,849,89,89,89,89,89,89,89,89,110,22.56066895,22.56066895,25.12438011,25.12438011,0,0,0,0
1782621627,159.3922424,4777,0,168,1,0.352349341,0,0,4,10688,0,39,0,812,809,852,847,89,89,89,89,89,89,89,89,110,22.56066895,22.56066895,25.12438011,25.12438011,0,0,0,0
1782621627,159.4427185,4778,0,168,1,0.271779269,0,0,4,10601,0,36,0,809,806,850,845,89,89,89,89,89,89,89,89,110,22.56066895,22.56066895,25.12438011,25.12438011,0,0,0,0
1782621627,159.4930573,4780,0,169,1,0.198951587,0,0,4,10913,0,47,0,807,803,848,842,89,89,89,89,89,89,89,89,110,22.56066895,22.56066895,25.12438011,25.12438011,0,0,0,0
1782621627,159.5440521,4781,0,170,1,0.133305177,0,0,4,11020,0,51,0,805,801,846,840,89,89,89,89,89,89,89,89,110,22.56066895,22.56066895,25.12438011,25.12438011,0,0,0,0
1782621627,159.5954895,4783,0,172,1,0.07663393,0,0,4,11045,0,52,0,803,798,844,838,89,89,89,89,89,89,89,89,110,22.56066895,22.56066895,25.12438011,25.12438011,0,0,0,0
1782621627,159.6451111,4784,0,174,1,0.108899362,0,0,4,11114,0,54,0,800,796,842,835,89,89,89,89,89,89,89,89,110,22.56066895,22.56066895,25.12438011,25.12438011,0,0,0,0
1782621627,159.694809,4786,0,175,1,0.146290451,0,0,4,11162,0,56,0,798,793,839,833,89,89,89,89,89,89,89,89,110,22.56066895,22.56066895,25.12438011,25.12438011,0,0,0,0
1782621627,159.7455597,4787,0,177,1,0.181572512,0,0,4,11220,0,58,0,795,790,837,831,89,89,89,89,89,89,89,89,110,22.56066895,22.56066895,25.12438011,25.12438011,0,0,0,0
1782621627,159.7969818,4789,0,178,1,0.182048231,0,0,4,11296,0,61,0,792,788,835,828,89,89,89,89,89,89,89,89,110,22.56066895,22.56066895,25.12438011,25.12438011,0,0,0,0
1782621627,159.8467255,4790,0,180,1,0.117139749,0,0,4,11375,0,64,0,790,785,833,826,89,89,89,89,89,89,89,89,110,22.56066895,22.56066895,25.12438011,25.12438011,0,0,0,1
1782621627,159.8973083,4792,0,182,1,0.060809284,0,0,4,11446,0,67,0,788,782,831,824,89,89,89,89,89,89,89,89,110,22.56066895,22.56066895,25.12438011,25.12438011,0,0,0,1
1782621627,159.9367676,4793,0,183,1,0.011028352,0,0,4,11509,0,70,0,786,780,829,821,89,89,89,89,89,89,89,89,110,22.56066895,22.56066895,25.12438011,25.12438011,0,0,0,1
1782621627,159.9901733,4795,0,185,1,0.040293574,0,0,4,11613,0,75,0,783,777,827,819,89,89,89,89,89,89,89,89,110,22.56066895,22.56066895,25.12438011,25.12438011,0,0,0,1
1782621627,160.0422974,4796,0,187,1,0.078407034,0,0,4,11714,0,79,0,780,774,824,817,89,89,89,89,89,89,89,89,110,22.56066895,22.56066895,25.12438011,25.12438011,0,0,0,0
1782621627,160.0933533,4798,0,189,1,0.113907501,0,0,4,11848,0,85,0,778,772,822,814,89,89,89,89,89,89,89,89,110,22.56066895,22.56066895,25.12438011,25.12438011,0,0,0,0
1782621627,160.1450348,4799,0,190,1,0.146323651,0,0,4,11947,0,88,0,775,769,819,812,89,89,89,89,89,89,89,89,110,22.56066895,22.56066895,25.12438011,25.12438011,0,0,0,0
1782621627,160.1846771,4801,0,191,1,0.16631718,0,0,4,11998,0,91,0,773,767,818,810,89,89,89,89,89,89,89,89,110,22.56066895,22.56066895,25.12438011,25.12438011,0,0,0,0
1782621627,160.2365875,4802,0,193,1,0.204387352,0,0,5,11354,0,63,0,770,763,815,807,89,89,89,89,89,89,89,89,110,22.56066895,22.56066895,25.12438011,25.12438011,0,0,0,0
1782621627,160.2863159,4804,0,195,1,0.18460983,0,0,5,10734,0,41,0,768,761,813,805,89,89,89,89,89,89,89,89,110,22.56066895,22.56066895,25.12438011,25.12438011,0,0,0,0
1782621628,160.3366699,4806,0,196,1,0.19532536,0,0,5,10740,0,41,0,767,758,812,802,89,89,89,89,89,89,89,89,110,22.56066895,22.56066895,25.12438011,25.12438011,0,0,0,0
1782621628,160.3887482,4808,0,197,1,0.225004196,0,0,5,10807,0,43,0,765,755,810,800,89,89,89,89,89,89,89,89,110,22.56066895,22.56066895,25.12438011,25.12438011,0,0,0,0
1782621628,160.4400635,4809,0,198,1,0.25300011,0,0,5,10856,0,45,0,763,752,808,797,89,89,89,89,89,89,89,89,110,22.56066895,22.56066895,25.12438011,25.12438011,0,0,0,0
1782621628,160.4909363,4811,0,198,1,0.277360559,0,0,5,10923,0,48,0,761,750,806,795,89,89,89,89,89,89,89,89,110,22.56066895,22.56066895,25.12438011,25.12438011,0,0,0,0
1782621628,160.5424805,4812,0,199,1,0.302740335,0,0,5,10974,0,49,0,758,747,804,793,89,89,89,89,89,89,89,89,110,22.56066895,22.56066895,25.12438011,25.12438011,0,0,0,0
1782621628,160.5941772,4814,0,200,1,0.32875663,0,0,5,11012,0,51,0,756,744,802,790,89,89,89,89,89,89,89,89,110,22.56066895,22.56066895,25.12438011,25.12438011,0,0,0,0
1782621628,160.6342316,4815,0,200,1,0.34556967,0,0,5,11037,0,52,0,755,743,800,789,89,89,89,89,89,89,89,89,110,22.56066895,22.56066895,25.12438011,25.12438011,0,0,0,0
1782621628,160.6874542,4817,0,200,1,0.377975851,0,0,5,11087,0,53,0,752,739,798,785,89,89,89,89,89,89,89,89,110,22.56066895,22.56066895,25.12438011,25.12438011,0,0,0,0
1782621628,160.7402344,4818,0,201,1,0.401239544,0,0,5,11135,0,55,0,750,736,796,783,89,89,89,89,89,89,89,89,110,22.56066895,22.56066895,25.12438011,25.12438011,0,0,0,0
1782621628,160.7922211,4820,0,201,1,0.423653096,0,0,5,11155,0,56,0,748,734,794,781,89,89,89,89,89,89,89,89,110,22.56066895,22.56066895,25.12438011,25.12438011,0,0,0,0
1782621628,160.8418732,4821,0,201,1,0.44523564,0,0,5,11176,0,57,0,745,731,792,778,89,89,89,89,89,89,89,89,110,22.56066895,22.56066895,25.12438011,25.12438011,0,0,0,0
1782621628,160.8917847,4823,0,202,1,0.465986401,0,0,5,11230,0,58,0,743,728,789,776,89,89,89,89,89,89,89,89,110,22.56066895,22.56066895,25.12438011,25.12438011,0,0,0,0
1782621628,160.9438324,4824,0,202,1,0.473892421,0,0,5,11269,0,60,0,740,726,787,774,89,89,89,89,89,89,89,89,110,22.56066895,22.56066895,25.12438011,25.12438011,0,0,0,0
1782621628,160.9847412,4826,0,202,1,0.473691702,0,0,5,11277,0,60,0,738,724,785,772,89,89,89,89,89,89,89,89,110,22.56066895,22.56066895,25.12438011,25.12438011,0,0,0,0
1782621628,161.037735,4827,0,202,1,0.420668572,0,0,5,11339,0,62,0,735,720,782,769,89,89,89,89,89,89,89,89,110,22.56066895,22.56066895,25.12438011,25.12438011,0,0,0,0
1782621628,161.0873566,4829,0,203,1,0.34083569,0,0,5,11084,0,53,0,732,718,780,767,89,89,89,89,89,89,89,89,110,22.56066895,22.56066895,25.12438011,25.12438011,0,0,1,0
1782621628,161.1385498,4830,0,202,1,0.268163055,0,0,5,11025,0,51,0,729,715,777,764,89,89,89,89,89,89,89,89,110,22.56066895,22.56066895,25.12438011,25.12438011,1,0,1,0
1782621628,161.1906891,4832,0,202,1,0.202031016,0,0,5,11287,0,61,0,727,712,775,762,89,89,89,89,89,89,89,89,110,22.56066895,22.56066895,25.12438011,25.12438011,1,0,1,0
1782621628,161.2406464,4833,0,203,1,0.142110839,0,0,5,11257,0,59,0,724,710,773,760,89,89,89,89,89,89,89,89,110,22.56066895,22.56066895,25.12438011,25.12438011,1,0,1,0
1782621628,161.2898865,4835,0,204,1,0.087787457,0,0,5,11218,0,58,0,722,707,771,757,89,89,89,89,89,89,89,89,110,22.56066895,22.56066895,25.12438011,25.12438011,1,0,1,0
1782621629,161.3390961,4836,0,205,1,0.084781423,0,0,5,11301,0,61,0,719,705,768,755,89,89,89,89,89,89,89,89,110,22.56066895,22.56066895,25.12438011,25.12438011,1,0,1,0
1782621629,161.3903656,4838,0,207,1,0.11490009,0,0,5,11309,0,61,0,717,702,766,753,89,89,89,89,89,89,89,89,110,22.56066895,22.56066895,25.12438011,25.12438011,1,0,1,0
1782621629,161.4413452,4839,0,208,1,0.147896856,0,0,5,11345,0,63,0,714,699,763,750,89,89,89,89,89,89,89,89,110,22.56066895,22.56066895,25.12438011,25.12438011,1,0,1,0
1782621629,161.4907837,4841,0,209,1,0.12054304,0,0,5,11382,0,64,0,711,697,761,748,89,89,89,89,89,89,89,89,110,22.56066895,22.56066895,25.12438011,25.12438011,1,0,1,0
1782621629,161.5400696,4842,0,211,1,0.068636581,0,0,5,11458,0,68,0,709,694,759,746,89,89,89,89,89,89,89,89,110,22.56066895,22.56066895,25.12438011,25.12438011,1,0,1,0
1782621629,161.5897217,4844,0,212,1,0.022179414,0,0,5,11425,0,67,0,708,692,758,743,89,89,89,89,89,89,89,89,110,22.56066895,22.56066895,25.12438011,25.12438011,1,0,1,0
1782621629,161.6400909,4845,0,213,1,0,0,0,5,11501,0,70,0,706,689,756,741,89,89,89,89,89,89,89,89,110,22.56066895,22.56066895,25.12438011,25.12438011,1,0,0,0
1782621629,161.6934814,4847,0,215,1,-0.020317392,0,0,5,11622,0,75,0,703,686,754,739,89,89,89,89,89,89,89,89,110,22.56066895,22.56066895,25.12438011,25.12438011,0,0,0,0
1782621629,161.7341919,4848,0,216,1,-0.052509893,0,0,5,11658,0,76,0,702,685,752,737,89,89,89,89,89,89,89,89,110,22.56066895,22.56066895,25.12438011,25.12438011,0,0,0,0
1782621629,161.7870178,4850,0,218,1,-0.095782146,0,0,5,11730,0,80,0,698,681,749,734,89,89,89,89,89,89,89,89,110,22.56066895,22.56066895,25.12438011,25.12438011,0,0,0,0
1782621629,161.8387451,4851,0,219,1,-0.125299826,0,0,5,11815,0,83,0,695,679,746,732,89,89,89,89,89,89,89,89,110,22.56066895,22.56066895,25.12438011,25.12438011,0,0,0,0
1782621629,161.8895569,4853,0,220,1,-0.152662531,0,0,5,11905,0,87,0,693,677,744,730,89,89,89,89,89,89,89,89,110,22.56066895,22.56066895,25.12438011,25.12438011,0,0,0,0
1782621629,161.9402313,4854,0,221,1,-0.179466069,0,0,5,11978,0,90,0,690,675,742,728,89,89,89,89,89,89,89,89,110,22.56066895,22.56066895,25.12438011,25.12438011,0,0,0,0
1782621629,161.9931488,4856,0,222,1,-0.204692423,0,0,5,12039,0,93,0,687,674,739,727,89,89,89,89,89,89,89,89,110,22.56066895,22.56066895,25.12438011,25.12438011,0,0,0,0
1782621629,162.0449219,4857,0,223,1,-0.160167739,0,0,5,12103,0,95,0,685,673,737,725,89,89,89,89,89,89,89,89,110,22.56066895,22.56066895,25.12438011,25.12438011,0,0,0,0
1782621629,162.0932007,4859,0,223,1,-0.086551674,0,0,5,12103,0,0,0,682,673,734,725,89,89,89,89,89,89,89,89,110,22.56066895,22.56066895,25.12438011,25.12438011,0,0,0,0
1782621629,162.1429749,4860,0,224,1,-0.029532138,0,0,6,10801,0,43,0,679,673,732,725,89,89,89,89,89,89,89,89,110,22.56066895,22.56066895,25.12438011,25.12438011,0,0,0,0
1782621629,162.1940918,4862,0,226,1,0,0,0,6,10524,0,33,0,677,672,730,723,89,89,89,89,89,89,89,89,110,22.56066895,22.56066895,25.12438011,25.12438011,0,0,0,0
1782621629,162.2332611,4863,0,226,1,0,0,0,6,10553,0,34,0,675,670,728,722,89,89,89,89,89,89,89,89,110,22.56066895,22.56066895,25.12438011,25.12438011,0,0,0,0
1782621629,162.2860718,4865,0,228,1,0,0,0,6,10622,0,37,0,671,667,725,719,89,89,89,89,89,89,89,89,110,22.56066895,22.56066895,25.12438011,25.12438011,0,0,0,0
1782621630,162.3364868,4866,0,230,1,0.068678685,0,0,6,10686,0,39,0,669,664,722,716,89,89,89,89,89,89,89,89,110,22.56066895,22.56066895,25.12438011,25.12438011,0,0,0,0
1782621630,162.3878326,4868,0,231,1,0.099522121,0,0,6,10754,0,42,0,666,661,720,714,89,89,89,89,89,89,89,89,110,22.56066895,22.56066895,25.12438011,25.12438011,0,0,0,0
1782621630,162.4390564,4869,0,232,1,0.127659321,0,0,6,10815,0,44,0,664,659,718,712,89,89,89,89,89,89,89,89,110,22.56066895,22.56066895,25.12438011,25.12438011,0,0,0,0
1782621630,162.4894104,4871,0,233,1,0.099700011,0,0,6,10864,0,45,0,662,656,716,709,89,89,89,89,89,89,89,89,110,22.56066895,22.56066895,25.12438011,25.12438011,0,0,7,0
1782621630,162.5397034,4872,0,234,1,0.052520942,0,0,6,10953,0,49,0,662,654,715,707,89,89,89,89,89,89,89,89,110,22.56066895,22.56066895,25.12438011,25.12438011,7,0,7,0
1782621630,162.579361,4874,0,234,1,0.033863246,0,0,6,11042,0,52,0,661,652,714,705,89,89,89,89,89,89,89,89,110,22.56066895,22.56066895,25.12438011,25.12438011,7,0,7,0
1782621630,162.6396942,4875,0,235,1,0.076770842,0,0,6,11138,0,55,0,658,648,711,702,89,89,89,89,89,89,89,89,110,22.56066895,22.56066895,25.12438011,25.12438011,7,0,7,0
1782621630,162.6877594,4877,0,236,1,0.058629908,0,0,6,11156,0,56,0,655,646,709,700,89,89,89,89,89,89,89,89,110,22.56066895,22.56066895,25.12438011,25.12438011,7,0,7,0
1782621630,162.7342377,4878,0,237,1,0.031229302,0,0,6,11162,0,56,0,653,644,708,698,89,89,89,89,89,89,89,89,110,22.56066895,22.56066895,25.12438011,25.12438011,7,0,7,0
1782621630,162.7922974,4880,0,238,1,0,0,0,6,11280,0,60,0,650,641,705,695,89,89,89,89,89,89,89,89,110,22.56066895,22.56066895,25.12438011,25.12438011,7,0,7,0
1782621630,162.8354797,4881,0,239,1,0,0,0,6,11268,0,60,0,648,638,702,693,89,89,89,89,89,89,89,89,110,22.56066895,22.56066895,25.12438011,25.12438011,7,0,7,0
1782621630,162.8926392,4883,0,240,1,0,0,0,6,11315,0,61,0,645,636,700,690,89,89,89,89,89,89,89,89,110,22.56066895,22.56066895,25.12438011,25.12438011,7,0,7,0
1782621630,162.94664,4884,0,241,1,0,0,0,6,11301,0,61,0,643,633,698,688,89,89,89,89,89,89,89,89,110,22.56066895,22.56066895,25.12438011,25.12438011,7,0,7,0
1782621630,162.9879456,4886,0,242,1,0,0,0,6,11441,0,67,0,640,630,695,686,89,89,89,89,89,89,89,89,110,22.56066895,22.56066895,25.12438011,25.12438011,7,0,0,0
1782621630,163.0410461,4887,0,244,1,0,0,0,6,11384,0,64,0,637,628,693,683,89,89,89,89,89,89,89,89,110,22.56066895,22.56066895,25.12438011,25.12438011,7,0,7,0
1782621630,163.0897675,4889,0,245,1,0,0,0,6,11444,0,67,0,635,625,691,681,89,89,89,89,89,89,89,89,110,22.56066895,22.56066895,25.12438011,25.12438011,0,0,0,0
1782621630,163.1396637,4890,0,246,1,0,0,0,6,11425,0,67,0,632,623,688,679,89,89,89,89,89,89,89,89,110,22.56066895,22.56066895,25.12438011,25.12438011,0,0,0,0
1782621630,163.1899719,4892,0,247,1,0,0,0,6,11497,0,70,0,630,620,686,676,89,89,89,89,89,89,89,89,110,22.56066895,22.56066895,25.12438011,25.12438011,0,0,0,0
1782621630,163.2387238,4893,0,248,1,-0.023134977,0,0,6,11548,0,72,0,627,618,684,674,89,89,89,89,89,89,89,89,110,22.56066895,22.56066895,25.12438011,25.12438011,0,0,0,0
1782621630,163.2877502,4895,0,250,1,-0.046681352,0,0,6,11592,0,74,0,624,615,681,672,89,89,89,89,89,89,89,89,110,22.56066895,22.56066895,25.12438011,25.12438011,0,0,0,0
1782621631,163.3375549,4896,0,251,1,-0.025988938,0,0,6,11637,0,76,0,622,613,679,670,89,89,89,89,89,89,89,89,110,22.56066895,22.56066895,25.12438011,25.12438011,0,0,0,0
1782621631,163.3916626,4898,0,252,1,0,0,0,6,11683,0,78,0,619,611,676,668,89,89,89,89,89,89,89,89,110,22.56066895,22.56066895,25.12438011,25.12438011,0,0,0,0
1782621631,163.4457703,4899,0,253,1,0,0,0,6,11731,0,80,0,617,609,674,666,89,89,89,89,89,89,89,89,110,22.56066895,22.56066895,25.12438011,25.12438011,0,0,0,0
1782621631,163.4967346,4901,0,254,1,0,0,0,6,11775,0,81,0,614,606,672,663,89,89,89,89,89,89,89,89,110,22.56066895,22.56066895,25.12438011,25.12438011,0,0,0,0
1782621631,163.5465546,4902,0,255,1,0,0,0,6,11824,0,84,0,612,604,669,661,89,89,89,89,89,89,89,89,110,22.56066895,22.56066895,25.12438011,25.12438011,0,0,0,0
1782621631,163.5853424,4904,0,255,0.156862751,0,0,0,6,11563,0,72,0,610,602,668,660,89,89,89,89,89,89,89,89,110,22.56066895,22.56066895,25.12438011,25.12438011,0,0,0,0
1782621631,163.6392059,4905,0,253,0,0,0,0,6,11477,0,69,0,606,599,665,657,89,89,89,89,89,89,89,89,110,22.56066895,22.56066895,25.12438011,25.12438011,0,0,0,0
1782621631,163.6908264,4907,0,252,0,0,0,0,6,11432,0,67,0,604,596,663,654,89,89,89,89,89,89,89,89,110,22.56066895,22.56066895,25.12438011,25.12438011,0,0,0,0
1782621631,163.7427063,4908,0,251,0,0,0,0,6,11387,0,64,0,601,594,660,652,89,89,89,89,89,89,89,89,110,22.56066895,22.56066895,25.12438011,25.12438011,0,0,0,0
1782621631,163.7858734,4910,0,250,0,0,0,0,6,11342,0,62,0,599,591,658,650,89,89,89,89,89,89,89,89,110,22.56066895,22.56066895,25.12438011,25.12438011,0,0,0,0
1782621631,163.8291473,4911,0,249,0,0,0.230147943,0,6,11224,0,58,0,600,593,659,651,89,89,89,89,89,89,89,89,110,22.56066895,22.56066895,25.12438011,25.12438011,0,0,0,0
1782621631,163.8864441,4913,0,244,0,0,0.936669707,0,6,10708,0,40,0,625,618,679,672,89,89,89,89,89,89,89,89,110,22.56066895,22.56066895,25.12438011,25.12438011,0,0,0,0
1782621631,163.9294739,4914,0,240,0,0,1,0,6,10421,0,28,0,644,637,696,689,89,89,89,89,89,89,89,89,110,22.56066895,22.56066895,25.12438011,25.12438011,0,0,0,0
1782621631,163.9863892,4916,0,231,0,0,1,0,6,9983,0,8,0,677,671,727,720,89,89,89,89,89,89,89,89,110,22.56066895,22.56066895,25.12438011,25.12438011,0,0,0,0
1782621631,164.0434113,4917,0,224,0,0,1,0,6,9668,0,0,0,700,695,747,741,89,89,89,89,89,89,89,89,110,22.56066895,22.56066895,25.12438011,25.12438011,0,0,0,0
1782621631,164.0846863,4919,0,220,0,0,1,0,6,9454,0,0,0,714,709,760,754,89,89,89,89,89,89,89,89,110,22.56066895,22.56066895,25.12438011,25.12438011,0,0,0,0
1782621631,164.1369019,4920,0,211,0,0.0288091,1,0,6,9022,0,0,0,740,735,783,778,89,89,89,89,89,89,89,89,110,22.56066895,22.56066895,25.12438011,25.12438011,0,0,0,0
1782621631,164.1891937,4922,0,205,0,0.05342729,1,0,6,9153,0,0,0,757,753,799,794,89,89,89,89,89,89,89,89,110,22.56066895,22.56066895,25.12438011,25.12438011,0,0,0,0
1782621631,164.2428284,4923,0,200,0,0.080002785,1,0,5,10371,0,26,0,774,770,814,809,89,89,89,89,89,89,89,89,110,22.56066895,22.56066895,25.12438011,25.12438011,0,0,0,0
1782621631,164.2952271,4925,0,196,0,0.110655114,1,0,5,10010,0,9,0,790,785,828,823,89,89,89,89,89,89,89,89,110,22.56066895,22.56066895,25.12438011,25.12438011,0,0,0,0
1782621632,164.3338623,4926,0,193,0,0.134277225,1,0,5,9847,0,2,0,799,795,837,832,89,89,89,89,89,89,89,89,110,22.56066895,22.56066895,25.12438011,25.12438011,0,0,0,0
1782621632,164.3860779,4928,0,188,0,0.180047393,1,0,5,9509,0,0,0,817,813,854,848,89,89,89,89,89,89,89,89,110,22.56066895,22.56066895,25.12438011,25.12438011,0,0,0,0
1782621632,164.437973,4929,0,184,0,0.21349366,1,0,5,9358,0,0,0,830,825,865,859,89,89,89,89,89,89,89,89,110,22.56066895,22.56066895,25.12438011,25.12438011,0,0,0,0
1782621632,164.4884644,4931,0,180,0,0.246231079,0.347090572,0,5,9295,0,0,0,836,831,870,864,89,89,89,89,89,89,89,89,110,22.56066895,22.56066895,25.12438011,25.12438011,0,0,0,0
1782621632,164.5391693,4932,0,179,0,0.27801916,0,0,5,9364,0,0,0,833,828,867,861,89,89,89,89,89,89,89,89,110,22.56066895,22.56066895,25.12438011,25.12438011,0,0,0,0
1782621632,164.5907288,4934,0,178,0,0.308676332,0,0,4,10770,0,42,0,830,825,865,859,89,89,89,89,89,89,89,89,110,22.56066895,22.56066895,25.12438011,25.12438011,0,0,0,0
1782621632,164.6416626,4935,0,177,0,0.337980628,0,0,4,10919,0,47,0,827,823,862,856,89,89,89,89,89,89,89,89,110,22.56066895,22.56066895,25.12438011,25.12438011,0,0,0,0
1782621632,164.6918945,4937,0,176,0,0.36580807,0,0,4,10650,0,38,0,824,820,860,854,89,89,89,89,89,89,89,89,110,22.56066895,22.56066895,25.12438011,25.12438011,0,0,0,0
1782621632,164.7431335,4938,0,175,1,0.392570227,0,0,4,11074,0,53,0,822,817,858,852,89,89,89,89,89,89,89,89,110,22.56066895,22.56066895,25.12438011,25.12438011,0,0,0,0
1782621632,164.7950134,4940,0,175,1,0.418114066,0,0,4,11107,0,54,0,819,814,855,849,89,89,89,89,89,89,89,89,110,22.56066895,22.56066895,25.12438011,25.12438011,0,0,0,0
1782621632,164.8463593,4941,0,175,1,0.442296296,0,0,4,11079,0,53,0,816,812,853,847,89,89,89,89,89,89,89,89,110,22.56066895,22.56066895,25.12438011,25.12438011,0,0,0,0
1782621632,164.8970337,4943,0,175,1,0.46547845,0,0,4,11323,0,62,0,813,809,851,845,89,89,89,89,89,89,89,89,110,22.56066895,22.56066895,25.12438011,25.12438011,0,0,0,0
1782621632,164.9463959,4944,0,176,1,0.477219522,0,0,4,11383,0,64,0,811,806,848,842,89,89,89,89,89,89,89,89,110,22.56066895,22.56066895,25.12438011,25.12438011,0,0,0,0
1782621632,164.9837189,4946,0,177,1,0.477576941,0,0,4,11409,0,66,0,809,805,847,841,89,89,89,89,89,89,89,89,110,22.56066895,22.56066895,25.12438011,25.12438011,0,0,0,0
1782621632,165.0369415,4947,0,177,1,0.477117658,0,0,4,11476,0,69,0,805,801,843,838,89,89,89,89,89,89,89,89,110,22.56066895,22.56066895,25.12438011,25.12438011,0,0,0,0
1782621632,165.0902252,4949,0,178,1,0.475835621,0,0,4,11232,0,59,0,803,798,841,835,89,89,89,89,89,89,89,89,110,22.56066895,22.56066895,25.12438011,25.12438011,0,0,0,0
1782621632,165.1415558,4950,0,177,0.070588239,0.477541119,0,0,4,10878,0,46,0,800,796,839,833,89,89,89,89,89,89,89,89,110,22.56066895,22.56066895,25.12438011,25.12438011,0,0,0,0
1782621632,165.191803,4952,0,175,0,0.482794255,0,0,4,10615,0,37,0,797,793,836,831,89,89,89,89,89,89,89,89,110,22.56066895,22.56066895,25.12438011,25.12438011,0,0,0,0
1782621632,165.2413635,4953,0,173,0,0.487833887,0,0,4,10481,0,31,0,795,790,834,828,89,89,89,89,89,89,89,89,110,22.56066895,22.56066895,25.12438011,25.12438011,0,0,0,0
1782621632,165.2909241,4955,0,171,0,0.493372858,0,0,4,10358,0,25,0,792,788,832,826,89,89,89,89,89,89,89,89,110,22.56066895,22.56066895,25.12438011,25.12438011,0,0,0,0
1782621633,165.34198,4956,0,169,0,0.498378038,0,0,4,10236,0,19,0,789,785,830,824,89,89,89,89,89,89,89,89,110,22.56066895,22.56066895,25.12438011,25.12438011,0,0,0,0
1782621633,165.3933868,4958,0,167,0,0.500428081,0,0,4,10118,0,14,0,787,783,827,822,89,89,89,89,89,89,89,89,110,22.56066895,22.56066895,25.12438011,25.12438011,0,0,0,0
1782621633,165.4442902,4959,0,165,0,0.495350063,0,0,4,10007,0,9,0,784,780,825,819,89,89,89,89,89,89,89,89,110,22.56066895,22.56066895,25.12438011,25.12438011,0,0,0,0
1782621633,165.4950104,4961,0,163,0.227450982,0.491015613,0,0,4,9971,0,7,0,782,778,823,817,89,89,89,89,89,89,89,89,110,22.56066895,22.56066895,25.12438011,25.12438011,0,0,0,0
1782621633,165.5454254,4962,0,162,0.498039216,0.496517211,0,0,4,10079,0,12,0,779,775,821,815,89,89,89,89,89,89,89,89,110,22.56066895,22.56066895,25.12438011,25.12438011,0,0,0,0
1782621633,165.5963898,4964,0,162,0.541176498,0.508814394,0,0,4,10087,0,13,0,777,773,819,813,89,89,89,89,89,89,89,89,110,22.56066895,22.56066895,25.12438011,25.12438011,0,0,0,0
1782621633,165.6472626,4965,0,161,0.58431375,0.507860839,0,0,4,10089,0,13,0,775,770,816,811,89,89,89,89,89,89,89,89,110,22.56066895,22.56066895,25.12438011,25.12438011,0,0,0,0
1782621633,165.6851807,4967,0,161,0.596078455,0.507236242,0,0,4,10087,0,13,0,773,769,815,809,89,89,89,89,89,89,89,89,110,22.56066895,22.56066895,25.12438011,25.12438011,0,0,0,0
1782621633,165.7362518,4969,0,161,0.611764729,0.503540874,0,0,4,10089,0,13,0,770,766,812,807,89,89,89,89,89,89,89,89,110,22.56066895,22.56066895,25.12438011,25.12438011,0,0,0,0
1782621633,165.7873077,4971,0,160,0.615686297,0.500553012,0,0,4,10113,0,14,0,767,763,810,804,89,89,89,89,89,89,89,89,110,22.56066895,22.56066895,25.12438011,25.12438011,0,0,0,0
1782621633,165.8392944,4972,0,160,0.627451003,0.496479601,0,0,4,10121,0,14,0,765,761,808,802,89,89,89,89,89,89,89,89,110,22.56066895,22.56066895,25.12438011,25.12438011,0,0,0,0
1782621633,165.8921967,4974,0,160,0.627451003,0.456506252,0,0,4,10139,0,15,0,763,758,806,800,89,89,89,89,89,89,89,89,110,22.56066895,22.56066895,25.12438011,25.12438011,0,0,0,0
1782621633,165.9446869,4975,0,160,0.639215708,0.367686898,0,0,4,10177,0,17,0,760,756,804,798,89,89,89,89,89,89,89,89,110,22.56066895,22.56066895,25.12438011,25.12438011,0,0,0,0
1782621633,165.9833069,4977,0,160,0.650980413,0.310344726,0,0,4,10161,0,16,0,759,754,802,797,89,89,89,89,89,89,89,89,110,22.56066895,22.56066895,25.12438011,25.12438011,0,0,0,0
1782621633,166.0477753,4978,0,161,0.721568644,0.207072869,0,0,4,10199,0,18,0,755,751,800,794,89,89,89,89,89,89,89,89,110,22.56066895,22.56066895,25.12438011,25.12438011,0,0,0,0
1782621633,166.0861511,4980,0,161,0.733333349,0.138709098,0,0,4,10236,0,19,0,753,749,798,792,89,89,89,89,89,89,89,89,110,22.56066895,22.56066895,25.12438011,25.12438011,0,0,0,0
1782621633,166.1372681,4981,0,162,0.741176486,0.077374279,0,0,4,10269,0,21,0,751,747,796,790,89,89,89,89,89,89,89,89,110,22.56066895,22.56066895,25.12438011,25.12438011,0,0,0,0
1782621633,166.1894836,4983,0,163,0.760784328,0.022516288,0,0,4,10280,0,21,0,749,744,794,788,89,89,89,89,89,89,89,89,110,22.56066895,22.56066895,25.12438011,25.12438011,0,0,0,0
1782621633,166.2434998,4984,0,164,0.768627465,-0.0205645,0,0,4,10293,0,22,0,747,742,792,786,89,89,89,89,89,89,89,89,110,22.56066895,22.56066895,25.12438011,25.12438011,0,0,0,0
1782621633,166.2953339,4986,0,166,0.796078444,-0.056090012,0,0,4,10332,0,24,0,745,740,790,784,89,89,89,89,89,89,89,89,110,22.56066895,22.56066895,25.12438011,25.12438011,0,0,0,0
1782621634,166.3464966,4987,0,167,0.870588243,-0.055083498,0,0,4,10446,0,29,0,742,737,788,782,89,89,89,89,89,89,89,89,110,22.56066895,22.56066895,25.12438011,25.12438011,0,0,0,0
1782621634,166.3861542,4989,0,169,0.898039222,-0.005347858,0,0,4,10546,0,34,0,740,735,786,780,89,89,89,89,89,89,89,89,110,22.56066895,22.56066895,25.12438011,25.12438011,0,0,0,0
1782621634,166.4392242,4990,0,171,1,0,0,0,4,10712,0,40,0,738,733,784,777,89,89,89,89,89,89,89,89,110,22.56066895,22.56066895,25.12438011,25.12438011,0,0,0,0
1782621634,166.4908447,4992,0,173,1,0,0,0,4,10844,0,45,0,735,730,782,775,89,89,89,89,89,89,89,89,110,22.56066895,22.56066895,25.12438011,25.12438011,0,0,0,0
1782621634,166.5415802,4993,0,175,1,0,0,0,4,10988,0,50,0,733,728,779,773,89,89,89,89,89,89,89,89,110,22.56066895,22.56066895,25.12438011,25.12438011,0,0,0,0
1782621634,166.5926056,4995,0,177,1,-0.009734545,0,0,4,11138,0,55,0,730,725,777,771,89,89,89,89,89,89,89,89,110,22.56066895,22.56066895,25.12438011,25.12438011,0,0,0,0
1782621634,166.6326752,4996,0,178,1,-0.023926836,0,0,4,11220,0,58,0,729,724,776,770,89,89,89,89,89,89,89,89,110,22.56066895,22.56066895,25.12438011,25.12438011,0,0,0,0
1782621634,166.6877136,4998,0,181,1,-0.052165128,0,0,4,11353,0,63,0,725,720,773,767,89,89,89,89,89,89,89,89,110,22.56066895,22.56066895,25.12438011,25.12438011,0,0,0,0
1782621634,166.741394,4999,0,183,1,-0.072277375,0,0,4,11475,0,69,0,723,718,771,764,89,89,89,89,89,89,89,89,110,22.56066895,22.56066895,25.12438011,25.12438011,0,0,0,0
1782621634,166.793869,5001,0,184,1,-0.047429506,0,0,4,11589,0,74,0,721,716,768,762,89,89,89,89,89,89,89,89,110,22.56066895,22.56066895,25.12438011,25.12438011,0,0,0,0
1782621634,166.8338776,5002,0,186,1,-0.016121209,0,0,4,11639,0,76,0,719,714,767,761,89,89,89,89,89,89,89,89,110,22.56066895,22.56066895,25.12438011,25.12438011,0,0,0,0
1782621634,166.8879242,5004,0,188,1,0,0,0,4,11777,0,82,0,716,711,764,758,89,89,89,89,89,89,89,89,110,22.56066895,22.56066895,25.12438011,25.12438011,0,0,0,0
1782621634,166.9422455,5005,0,190,1,0,0,0,4,11887,0,86,0,713,709,762,756,89,89,89,89,89,89,89,89,110,22.56066895,22.56066895,25.12438011,25.12438011,0,0,0,0
1782621634,166.983429,5007,0,191,1,0,0,0,4,11955,0,89,0,711,707,760,755,89,89,89,89,89,89,89,89,110,22.56066895,22.56066895,25.12438011,25.12438011,0,0,0,0
1782621634,167.0388336,5008,0,193,1,0,0,0,5,11297,0,61,0,708,704,757,752,89,89,89,89,89,89,89,89,110,22.56066895,22.56066895,25.12438011,25.12438011,0,0,0,0
1782621634,167.0907745,5010,0,196,1,0,0,0,5,10635,0,37,0,706,701,755,750,89,89,89,89,89,89,89,89,110,22.56066895,22.56066895,25.12438011,25.12438011,0,0,0,0
1782621634,167.142746,5011,0,197,1,0,0,0,5,10672,0,39,0,703,699,753,747,89,89,89,89,89,89,89,89,110,22.56066895,22.56066895,25.12438011,25.12438011,0,0,0,0
1782621634,167.1824341,5013,0,199,1,0,0,0,5,10738,0,41,0,701,697,751,746,89,89,89,89,89,89,89,89,110,22.56066895,22.56066895,25.12438011,25.12438011,0,0,0,0
1782621634,167.2357788,5014,0,201,1,0,0,0,5,10857,0,45,0,698,694,748,743,89,89,89,89,89,89,89,89,110,22.56066895,22.56066895,25.12438011,25.12438011,0,0,0,0
1782621634,167.2882385,5016,0,203,1,0,0,0,5,10946,0,48,0,695,691,746,740,89,89,89,89,89,89,89,89,110,22.56066895,22.56066895,25.12438011,25.12438011,0,0,0,0
1782621635,167.3406219,5017,0,204,1,0,0,0,5,11031,0,51,0,693,689,744,738,89,89,89,89,89,89,89,89,110,22.56066895,22.56066895,25.12438011,25.12438011,0,0,0,0
1782621635,167.3929138,5019,0,206,1,0,0,0,5,11119,0,55,0,690,686,741,736,89,89,89,89,89,89,89,89,110,22.56066895,22.56066895,25.12438011,25.12438011,0,0,0,0
1782621635,167.4433136,5020,0,208,1,0,0,0,5,11206,0,58,0,688,684,739,734,89,89,89,89,89,89,89,89,110,22.56066895,22.56066895,25.12438011,25.12438011,0,0,0,0
1782621635,167.4936218,5022,0,209,1,0,0,0,5,11291,0,61,0,685,681,737,731,89,89,89,89,89,89,89,89,110,22.56066895,22.56066895,25.12438011,25.12438011,0,0,0,0
1782621635,167.5461731,5023,0,211,1,0,0,0,5,11376,0,64,0,683,679,734,729,89,89,89,89,89,89,89,89,110,22.56066895,22.56066895,25.12438011,25.12438011,0,0,0,0
1782621635,167.5975342,5025,0,212,1,0,0,0,5,11458,0,68,0,680,676,732,727,89,89,89,89,89,89,89,89,110,22.56066895,22.56066895,25.12438011,25.12438011,0,0,0,0
1782621635,167.6353912,5026,0,214,1,0,0,0,5,11533,0,71,0,677,673,730,725,89,89,89,89,89,89,89,89,110,22.56066895,22.56066895,25.12438011,25.12438011,0,0,0,0
1782621635,167.6977539,5028,0,216,1,0,0,0,5,11612,0,75,0,675,671,728,722,89,89,89,89,89,89,89,89,110,22.56066895,22.56066895,25.12438011,25.12438011,0,0,0,0
1782621635,167.7473602,5029,0,217,1,0,0,0,5,11691,0,78,0,672,668,725,720,89,89,89,89,89,89,89,89,110,22.56066895,22.56066895,25.12438011,25.12438011,0,0,0,0
1782621635,167.7972717,5031,0,219,1,0,0,0,5,11768,0,81,0,670,666,723,718,89,89,89,89,89,89,89,89,110,22.56066895,22.56066895,25.12438011,25.12438011,0,0,0,0
1782621635,167.8371124,5032,0,220,1,0,0,0,5,11843,0,84,0,667,663,721,715,89,89,89,89,89,89,89,89,110,22.56066895,22.56066895,25.12438011,25.12438011,0,0,0,0
1782621635,167.8794708,5034,0,221,1,0,0,0,5,11893,0,86,0,665,662,719,714,89,89,89,89,89,89,89,89,110,22.56066895,22.56066895,25.12438011,25.12438011,0,0,0,0
1782621635,167.9370575,5035,0,223,1,0,0,0,5,11990,0,91,0,662,658,716,711,89,89,89,89,89,89,89,89,110,22.56066895,22.56066895,25.12438011,25.12438011,0,0,0,0
1782621635,167.9810333,5037,0,224,1,0,0,0,6,11257,0,59,0,660,656,714,709,89,89,89,89,89,89,89,89,110,22.56066895,22.56066895,25.12438011,25.12438011,0,0,0,0
1782621635,168.0360107,5038,0,226,1,-0.001499811,0,0,6,10528,0,34,0,657,653,711,706,89,89,89,89,89,89,89,89,110,22.56066895,22.56066895,25.12438011,25.12438011,0,0,0,0
1782621635,168.0975494,5040,0,228,1,-0.011087406,0,0,6,10592,0,36,0,654,650,709,704,89,89,89,89,89,89,89,89,110,22.56066895,22.56066895,25.12438011,25.12438011,0,0,0,0
1782621635,168.1464996,5041,0,229,1,-0.002310263,0,0,6,10655,0,38,0,652,648,707,701,89,89,89,89,89,89,89,89,110,22.56066895,22.56066895,25.12438011,25.12438011,0,0,0,0
1782621635,168.1961517,5043,0,230,1,0,0,0,6,10717,0,40,0,649,645,704,699,89,89,89,89,89,89,89,89,110,22.56066895,22.56066895,25.12438011,25.12438011,0,0,0,0
1782621635,168.2468567,5044,0,232,1,0,0,0,6,10778,0,42,0,647,643,702,697,89,89,89,89,89,89,89,89,110,22.56066895,22.56066895,25.12438011,25.12438011,0,0,0,0
1782621635,168.2855072,5046,0,233,1,0,0,0,6,10841,0,45,0,644,640,700,695,89,89,89,89,89,89,89,89,110,22.56066895,22.56066895,25.12438011,25.12438011,0,0,0,0
1782621636,168.3383026,5047,0,234,1,0,0,0,6,10902,0,47,0,642,638,697,692,89,89,89,89,89,89,89,89,110,22.56066895,22.56066895,25.12438011,25.12438011,0,0,0,0
1782621636,168.3913269,5049,0,236,1,0,0,0,6,10953,0,49,0,639,635,695,690,89,89,89,89,89,89,89,89,110,22.56066895,22.56066895,25.12438011,25.12438011,0,0,0,0
1782621636,168.4439392,5050,0,237,1,0,0,0,6,11007,0,51,0,636,633,693,688,89,89,89,89,89,89,89,89,110,22.56066895,22.56066895,25.12438011,25.12438011,0,0,0,0
1782621636,168.4834137,5052,0,238,1,0,0,0,6,11048,0,52,0,635,631,691,686,89,89,89,89,89,89,89,89,110,22.56066895,22.56066895,25.12438011,25.12438011,0,0,0,0
1782621636,168.5371552,5053,0,240,1,0,0,0,6,11134,1,55,0,631,628,688,683,89,89,89,89,89,89,89,89,110,22.56066895,22.56066895,25.12438011,25.12438011,0,0,0,0
1782621636,168.5902252,5055,0,241,1,-0.003423537,0,0,6,11218,1,58,0,629,625,686,681,89,89,89,89,89,89,89,89,110,22.56066895,22.56066895,25.12438011,25.12438011,0,0,0,0
1782621636,168.6434784,5056,0,242,1,-0.014654043,0,0,6,11287,1,60,0,626,623,683,678,89,89,89,89,89,89,89,89,110,22.56066895,22.56066895,25.12438011,25.12438011,0,0,0,0
1782621636,168.6958618,5058,0,244,1,-0.031288661,0,0,6,11337,1,62,0,624,620,681,676,89,89,89,89,89,89,89,89,110,22.56066895,22.56066895,25.12438011,25.12438011,0,0,0,0
1782621636,168.7349243,5059,0,245,1,-0.007495144,0,0,6,11373,1,64,0,622,618,680,675,89,89,89,89,89,89,89,89,110,22.56066895,22.56066895,25.12438011,25.12438011,0,0,0,0
1782621636,168.7884827,5061,0,246,1,0,0,0,6,11453,1,68,0,619,615,676,672,89,89,89,89,89,89,89,89,110,22.56066895,22.56066895,25.12438011,25.12438011,0,0,0,0
1782621636,168.8432312,5062,0,248,1,0,0,0,6,11510,1,70,0,616,612,674,669,89,89,89,89,89,89,89,89,110,22.56066895,22.56066895,25.12438011,25.12438011,0,0,0,0
1782621636,168.8834534,5064,0,248,1,0,0,0,6,11547,1,72,0,614,611,673,668,89,89,89,89,89,89,89,89,110,22.56066895,22.56066895,25.12438011,25.12438011,0,0,0,0
1782621636,168.9365082,5065,0,250,1,0,0,0,6,11617,1,75,0,611,607,670,665,89,89,89,89,89,89,89,89,110,22.56066895,22.56066895,25.12438011,25.12438011,0,0,0,0
1782621636,168.9885559,5067,0,251,1,0,0,0,6,11671,1,77,0,608,605,667,662,89,89,89,89,89,89,89,89,110,22.56066895,22.56066895,25.12438011,25.12438011,0,0,0,0
1782621636,169.0413055,5068,0,252,1,0,0,0,6,11725,1,79,0,606,602,665,660,89,89,89,89,89,89,89,89,110,22.56066895,22.56066895,25.12438011,25.12438011,0,0,0,0
1782621636,169.0930481,5070,0,254,1,0,0,0,6,11775,1,81,0,603,600,663,658,89,89,89,89,89,89,89,89,110,22.56066895,22.56066895,25.12438011,25.12438011,0,0,0,0
1782621636,169.1327667,5071,0,254,1,0,0,0,6,11808,1,83,0,602,598,661,656,89,89,89,89,89,89,89,89,110,22.56066895,22.56066895,25.12438011,25.12438011,0,0,0,0
1782621636,169.1761017,5073,0,256,1,0,0,0,6,11859,1,85,0,599,596,659,654,89,89,89,89,89,89,89,89,110,22.56066895,22.56066895,25.12438011,25.12438011,0,0,0,0
1782621636,169.2386475,5074,0,257,1,0,0,0,7,10878,1,46,0,596,592,656,651,89,89,89,89,89,89,89,89,110,22.56066895,22.56066895,25.12438011,25.12438011,0,0,0,0
1782621636,169.2847443,5076,0,258,1,0,0,0,7,10441,1,29,0,594,591,654,649,89,89,89,89,89,89,89,89,110,22.56066895,22.56066895,25.12438011,25.12438011,0,0,0,0
1782621637,169.3415833,5077,0,260,1,0,0,0,7,10454,1,29,0,591,587,651,646,89,89,89,89,89,89,89,89,110,22.56066895,22.56066895,25.12438011,25.12438011,0,0,0,0
1782621637,169.3827515,5079,0,260,1,0,0,0,7,10485,1,31,0,589,586,650,645,89,89,89,89,89,89,89,89,110,22.56066895,22.56066895,25.12438011,25.12438011,0,0,0,0
1782621637,169.4374542,5080,0,262,1,0,0,0,7,10544,1,34,0,586,583,647,642,89,89,89,89,89,89,89,89,110,22.56066895,22.56066895,25.12438011,25.12438011,0,0,0,0
1782621637,169.4915314,5082,0,263,1,0,0,0,7,10586,1,36,0,584,580,644,640,89,89,89,89,89,89,89,89,110,22.56066895,22.56066895,25.12438011,25.12438011,0,0,0,0
1782621637,169.5443573,5083,0,264,1,0,0,0,7,10626,1,37,0,581,578,642,637,89,89,89,89,89,89,89,89,110,22.56066895,22.56066895,25.12438011,25.12438011,0,0,0,0
1782621637,169.5836487,5085,0,265,1,0,0,0,7,10653,1,38,0,579,576,640,636,89,89,89,89,89,89,89,89,110,22.56066895,22.56066895,25.12438011,25.12438011,0,0,0,0
1782621637,169.6364899,5086,0,266,1,0,0,0,7,10708,1,40,0,576,573,637,633,89,89,89,89,89,89,89,89,110,22.56066895,22.56066895,25.12438011,25.12438011,0,0,0,0
1782621637,169.6874847,5088,0,267,1,0,0,0,7,10748,1,41,0,574,570,635,631,89,89,89,89,89,89,89,89,110,22.56066895,22.56066895,25.12438011,25.12438011,0,0,0,0
1782621637,169.7387085,5089,0,268,1,0,0,0,7,10786,1,43,0,571,568,633,628,89,89,89,89,89,89,89,89,110,22.56066895,22.56066895,25.12438011,25.12438011,0,0,0,0
1782621637,169.7897949,5091,0,269,1,0,0,0,7,10825,1,44,0,569,565,631,626,89,89,89,89,89,89,89,89,110,22.56066895,22.56066895,25.12438011,25.12438011,0,0,0,0
1782621637,169.8396759,5092,0,270,1,0,0,0,7,10866,1,46,0,566,563,628,624,89,89,89,89,89,89,89,89,110,22.56066895,22.56066895,25.12438011,25.12438011,0,0,0,0
1782621637,169.8893127,5094,0,271,1,0,0,0,7,10906,1,47,0,564,561,626,622,89,89,89,89,89,89,89,89,110,22.56066895,22.56066895,25.12438011,25.12438011,0,0,0,0
1782621637,169.9380951,5095,0,272,1,0,0,0,7,10944,1,48,0,562,558,624,619,89,89,89,89,89,89,89,89,110,22.56066895,22.56066895,25.12438011,25.12438011,0,0,0,0
1782621637,169.9875336,5097,0,273,1,0,0,0,7,10982,1,50,0,559,556,622,617,89,89,89,89,89,89,89,89,110,22.56066895,22.56066895,25.12438011,25.12438011,0,0,0,0
1782621637,170.040329,5098,0,274,1,0,0,0,7,11020,1,51,0,557,553,619,615,89,89,89,89,89,89,89,89,110,22.56066895,22.56066895,25.12438011,25.12438011,0,0,0,0
1782621637,170.0932465,5100,0,275,1,0,0,0,7,11058,1,52,0,554,551,617,613,89,89,89,89,89,89,89,89,110,22.56066895,22.56066895,25.12438011,25.12438011,0,0,0,0
1782621637,170.133194,5101,0,276,1,0,0,0,7,11082,1,53,0,553,550,616,611,89,89,89,89,89,89,89,89,110,22.56066895,22.56066895,25.12438011,25.12438011,0,0,0,0
1782621637,170.191452,5103,0,277,1,0,0,0,7,11130,1,55,0,550,546,613,608,89,89,89,89,89,89,89,89,110,22.56066895,22.56066895,25.12438011,25.12438011,0,0,0,0
1782621637,170.2343597,5104,0,278,1,0,0,0,7,11154,1,56,0,548,545,611,607,89,89,89,89,89,89,89,89,110,22.56066895,22.56066895,25.12438011,25.12438011,0,0,0,0
1782621637,170.2868347,5106,0,279,1,0,0,0,7,11202,1,57,0,545,542,608,604,89,89,89,89,89,89,89,89,110,22.56066895,22.56066895,25.12438011,25.12438011,0,0,0,0
1782621638,170.3394012,5107,0,280,1,0,0,0,7,11236,1,59,0,542,539,606,602,89,89,89,89,89,89,89,89,110,22.56066895,22.56066895,25.12438011,25.12438011,0,0,0,0
1782621638,170.3805237,5109,0,280,1,0,0,0,7,11259,1,60,0,541,538,605,600,89,89,89,89,89,89,89,89,110,22.56066895,22.56066895,25.12438011,25.12438011,0,0,0,0
1782621638,170.4361115,5110,0,281,1,0,0,0,7,11305,1,61,0,538,535,602,597,89,89,89,89,89,89,89,89,110,22.56066895,22.56066895,25.12438011,25.12438011,0,0,0,0
1782621638,170.4900055,5112,0,282,1,0,0,0,7,11337,1,62,0,535,532,599,595,89,89,89,89,89,89,89,89,110,22.56066895,22.56066895,25.12438011,25.12438011,0,0,0,0
1782621638,170.5305939,5113,0,283,1,-0.008037259,0,0,7,11357,1,63,0,534,531,598,594,89,89,89,89,89,89,89,89,110,22.56066895,22.56066895,25.12438011,25.12438011,0,0,0,0
1782621638,170.5849609,5116,0,284,1,-0.022724625,0,0,7,11391,1,64,0,532,528,596,592,89,89,89,89,89,89,89,89,110,22.56066895,22.56066895,25.12438011,25.12438011,0,0,0,0
1782621638,170.6387177,5117,0,285,1,-0.035462584,0,0,7,11436,1,67,0,528,525,593,589,89,89,89,89,89,89,89,89,110,22.56066895,22.56066895,25.12438011,25.12438011,0,0,0,0
1782621638,170.6908264,5119,0,286,1,-0.031140834,0,0,7,11467,1,68,0,526,523,591,586,89,89,89,89,89,89,89,89,110,22.56066895,22.56066895,25.12438011,25.12438011,0,0,0,0
1782621638,170.7425842,5120,0,286,1,-0.008490699,0,0,7,11495,1,70,0,524,521,589,585,89,89,89,89,89,89,89,89,110,22.56066895,22.56066895,25.12438011,25.12438011,0,0,0,0
1782621638,170.7937622,5122,0,287,1,0,0,0,7,11531,1,71,0,522,519,586,583,89,89,89,89,89,89,89,89,110,22.56066895,22.56066895,25.12438011,25.12438011,0,0,0,0
1782621638,170.8446503,5123,0,288,1,0,0,0,7,11563,1,72,0,519,517,584,581,89,89,89,89,89,89,89,89,110,22.56066895,22.56066895,25.12438011,25.12438011,0,0,0,0
1782621638,170.8946381,5125,0,289,1,0,0,0,7,11588,1,73,0,517,515,582,579,89,89,89,89,89,89,89,89,110,22.56066895,22.56066895,25.12438011,25.12438011,0,0,0,0
1782621638,170.9434052,5126,0,290,1,0,0,0,7,11612,1,75,0,515,513,580,576,89,89,89,89,89,89,89,89,110,22.56066895,22.56066895,25.12438011,25.12438011,0,0,0,0
1782621638,170.9941254,5128,0,290,1,-0.011522899,0,0,7,11641,1,76,0,513,510,578,574,89,89,89,89,89,89,89,89,110,22.56066895,22.56066895,25.12438011,25.12438011,0,0,0,0
1782621638,171.045517,5129,0,291,1,-0.017157724,0,0,7,11674,1,77,0,510,508,576,572,89,89,89,89,89,89,89,89,110,22.56066895,22.56066895,25.12438011,25.12438011,0,0,0,0
1782621638,171.0836945,5131,0,292,1,-0.028435329,0,0,7,11694,1,78,0,509,507,574,571,89,89,89,89,89,89,89,89,110,22.56066895,22.56066895,25.12438011,25.12438011,0,0,0,0
1782621638,171.1362305,5133,0,292,1,-0.055914912,0,0,7,11731,1,80,0,506,504,572,568,89,89,89,89,89,89,89,89,110,22.56066895,22.56066895,25.12438011,25.12438011,0,0,0,0
1782621638,171.1905518,5135,0,293,1,-0.075554468,0,0,7,11761,1,81,0,504,501,569,566,89,89,89,89,89,89,89,89,110,22.56066895,22.56066895,25.12438011,25.12438011,0,0,0,0
1782621638,171.23172,5136,0,293,1,-0.087816849,0,0,8,11012,1,51,0,502,500,568,565,89,89,89,89,89,89,89,89,110,22.56066895,22.56066895,25.12438011,25.12438011,0,0,0,0
1782621638,171.2871552,5138,0,294,1,-0.031810194,0,0,8,10498,1,31,0,499,502,565,566,89,89,89,89,89,89,89,89,110,22.56066895,22.56066895,25.12438011,25.12438011,0,0,0,0
1782621639,171.341507,5139,0,294,1,-0.002388823,0,0,8,10512,1,33,0,497,503,563,566,89,89,89,89,89,89,89,89,110,22.56066895,22.56066895,25.12438011,25.12438011,0,0,0,0
1782621639,171.3836823,5141,0,295,1,0,0,0,8,10530,1,34,0,495,502,562,565,89,89,89,89,89,89,89,89,110,22.56066895,22.56066895,25.12438011,25.12438011,0,0,0,0
1782621639,171.4395752,5142,0,296,1,0,0,0,8,10554,1,34,0,493,499,559,562,89,89,89,89,89,89,89,89,110,22.56066895,22.56066895,25.12438011,25.12438011,0,0,0,0
1782621639,171.4923401,5144,0,296,1,0,0,0,8,10573,1,35,0,490,497,557,560,89,89,89,89,89,89,89,89,110,22.56066895,22.56066895,25.12438011,25.12438011,0,0,0,0
1782621639,171.5317688,5145,0,297,1,-0.005473729,0,0,8,10590,1,36,0,489,496,556,559,89,89,89,89,89,89,89,89,110,22.56066895,22.56066895,25.12438011,25.12438011,0,0,0,0
1782621639,171.5869141,5147,0,298,1,-0.027432101,0,0,8,10623,1,37,0,486,493,553,556,89,89,89,89,89,89,89,89,110,22.56066895,22.56066895,25.12438011,25.12438011,0,0,0,0
1782621639,171.6292725,5148,0,298,1,-0.040768236,0,0,8,10637,1,37,0,485,491,551,554,89,89,89,89,89,89,89,89,110,22.56066895,22.56066895,25.12438011,25.12438011,0,0,0,0
1782621639,171.6857758,5150,0,299,1,-0.068078242,0,0,8,10663,1,38,0,482,488,549,552,89,89,89,89,89,89,89,89,110,22.56066895,22.56066895,25.12438011,25.12438011,0,0,0,0
1782621639,171.7411346,5151,0,299,1,-0.07548061,0,0,8,10687,1,39,0,480,487,547,550,89,89,89,89,89,89,89,89,110,22.56066895,22.56066895,25.12438011,25.12438011,0,0,0,0
1782621639,171.792511,5153,0,300,1,-0.050167948,0,0,8,10707,1,40,0,477,488,545,550,89,89,89,89,89,89,89,89,110,22.56066895,22.56066895,25.12438011,25.12438011,0,0,0,0
1782621639,171.8421326,5154,0,300,1,-0.013046455,0,0,8,10715,1,40,0,475,490,543,551,89,89,89,89,89,89,89,89,110,22.56066895,22.56066895,25.12438011,25.12438011,0,0,0,0
1782621639,171.89328,5156,0,300,1,0,0,0,8,10729,1,41,0,473,489,541,550,89,89,89,89,89,89,89,89,110,22.56066895,22.56066895,25.12438011,25.12438011,0,0,0,0
1782621639,171.9438477,5157,0,301,1,0,0,0,8,10746,1,41,0,471,487,539,548,89,89,89,89,89,89,89,89,110,22.56066895,22.56066895,25.12438011,25.12438011,0,0,0,0
1782621639,171.995285,5159,0,302,1,0,0,0,8,10768,1,42,0,469,485,537,546,89,89,89,89,89,89,89,89,110,22.56066895,22.56066895,25.12438011,25.12438011,0,0,0,0
1782621639,172.0470734,5160,0,302,1,0,0,0,8,10789,1,43,0,467,482,535,544,89,89,89,89,89,89,89,89,110,22.56066895,22.56066895,25.12438011,25.12438011,0,0,0,0
1782621639,172.0973969,5162,0,303,1,0,0,0,8,10809,1,44,0,465,480,533,542,89,89,89,89,89,89,89,89,110,22.56066895,22.56066895,25.12438011,25.12438011,0,0,0,0
1782621639,172.1360626,5163,0,304,1,0,0,0,8,10833,1,44,0,463,478,531,540,89,89,89,89,89,89,89,89,110,22.56066895,22.56066895,25.12438011,25.12438011,0,0,0,0
1782621639,172.1883392,5165,0,304,1,0,0,0,8,10863,1,45,0,461,476,529,538,89,89,89,89,89,89,89,89,110,22.56066895,22.56066895,25.12438011,25.12438011,0,0,0,0
1782621639,172.2398224,5166,0,305,1,0,0,0,8,10884,1,46,0,459,474,527,536,89,89,89,89,89,89,89,89,110,22.56066895,22.56066895,25.12438011,25.12438011,0,0,0,0
1782621639,172.2899323,5168,0,306,1,0,0,0,8,10899,1,47,0,457,472,525,534,89,89,89,89,89,89,89,89,110,22.56066895,22.56066895,25.12438011,25.12438011,0,0,0,0
1782621640,172.3391113,5169,0,306,1,0,0,0,8,10919,1,47,0,455,470,523,532,89,89,89,89,89,89,89,89,110,22.56066895,22.56066895,25.12438011,25.12438011,0,0,0,0
1782621640,172.389328,5171,0,307,1,0,0,0,8,10943,1,48,0,453,468,521,530,89,89,89,89,89,89,89,89,110,22.56066895,22.56066895,25.12438011,25.12438011,0,0,0,0
1782621640,172.4396057,5172,0,307,1,0,0,0,8,10968,1,49,0,451,465,519,528,89,89,89,89,89,89,89,89,110,22.56066895,22.56066895,25.12438011,25.12438011,0,0,0,0
1782621640,172.4890747,5174,0,308,1,0,0,0,8,10985,1,50,0,449,463,517,526,89,89,89,89,89,89,89,89,110,22.56066895,22.56066895,25.12438011,25.12438011,0,0,0,0
1782621640,172.5386963,5175,0,309,1,0,0,0,8,11002,1,50,0,447,461,515,524,89,89,89,89,89,89,89,89,110,22.56066895,22.56066895,25.12438011,25.12438011,0,0,0,0
1782621640,172.5899811,5177,0,309,1,0,0,0,8,11025,1,51,0,445,459,513,522,89,89,89,89,89,89,89,89,110,22.56066895,22.56066895,25.12438011,25.12438011,0,0,0,0
1782621640,172.6434174,5178,0,310,1,0,0,0,8,11048,1,52,0,443,457,511,520,89,89,89,89,89,89,89,89,110,22.56066895,22.56066895,25.12438011,25.12438011,0,0,0,0
1782621640,172.695755,5180,0,310,1,0,0,0,8,11065,1,53,0,441,455,509,518,89,89,89,89,89,89,89,89,110,22.56066895,22.56066895,25.12438011,25.12438011,0,0,0,0
1782621640,172.7465668,5181,0,311,1,0,0,0,8,11081,1,53,0,439,453,507,516,89,89,89,89,89,89,89,89,110,22.56066895,22.56066895,25.12438011,25.12438011,0,0,0,0
1782621640,172.7979279,5183,0,312,1,0,0,0,8,11102,1,54,0,437,451,505,514,89,89,89,89,89,89,89,89,110,22.56066895,22.56066895,25.12438011,25.12438011,0,0,0,0
1782621640,172.8363037,5184,0,312,1,0,0,0,8,11124,1,55,0,435,449,503,512,89,89,89,89,89,89,89,89,110,22.56066895,22.56066895,25.12438011,25.12438011,0,0,0,0
1782621640,172.8867035,5186,0,313,1,0,0,0,8,11145,1,55,0,433,447,501,511,89,89,89,89,89,89,89,89,110,22.56066895,22.56066895,25.12438011,25.12438011,0,0,0,0
1782621640,172.9379578,5187,0,313,1,0,0,0,8,11158,1,56,0,431,445,500,509,89,89,89,89,89,89,89,89,110,22.56066895,22.56066895,25.12438011,25.12438011,0,0,0,0
1782621640,172.989563,5189,0,314,1,0,0,0,8,11170,1,56,0,429,443,498,507,89,89,89,89,89,89,89,89,110,22.56066895,22.56066895,25.12438011,25.12438011,0,0,0,0
1782621640,173.0413818,5190,0,314,1,0,0,0,8,11191,1,57,0,427,441,496,505,89,89,89,89,89,89,89,89,110,22.56066895,22.56066895,25.12438011,25.12438011,0,0,0,0
1782621640,173.0914307,5192,0,315,1,0,0,0,8,11214,1,58,0,425,439,494,503,89,89,89,89,89,89,89,89,110,22.56066895,22.56066895,25.12438011,25.12438011,0,0,0,0
1782621640,173.1409607,5193,0,315,1,0,0,0,8,11235,1,59,0,423,437,492,501,89,89,89,89,89,89,89,89,110,22.56066895,22.56066895,25.12438011,25.12438011,0,0,0,0
1782621640,173.1910095,5195,0,316,1,0,0,0,8,11248,1,59,0,421,435,490,499,89,89,89,89,89,89,89,89,110,22.56066895,22.56066895,25.12438011,25.12438011,0,0,0,0
1782621640,173.2416687,5196,0,316,1,0,0,0,8,11260,1,60,0,419,433,488,497,89,89,89,89,89,89,89,89,110,22.56066895,22.56066895,25.12438011,25.12438011,0,0,0,0
1782621640,173.292511,5198,0,317,1,0,0,0,8,11277,1,60,0,418,431,487,495,89,89,89,89,89,89,89,89,110,22.56066895,22.56066895,25.12438011,25.12438011,0,0,0,0
1782621641,173.3440552,5199,0,317,1,0,0,0,8,11298,1,61,0,416,429,485,493,89,89,89,89,89,89,89,89,110,22.56066895,22.56066895,25.12438011,25.12438011,0,0,0,0
1782621641,173.3963623,5201,0,318,1,0,0,0,8,11316,1,62,0,414,427,483,492,89,89,89,89,89,89,89,89,110,22.56066895,22.56066895,25.12438011,25.12438011,0,0,0,0
1782621641,173.4356384,5202,0,318,1,0,0,0,8,11331,1,62,0,412,425,481,490,89,89,89,89,89,89,89,89,110,22.56066895,22.56066895,25.12438011,25.12438011,0,0,0,0
1782621641,173.4877777,5204,0,319,1,0,0,0,8,11345,1,63,0,410,424,479,488,89,89,89,89,89,89,89,89,110,22.56066895,22.56066895,25.12438011,25.12438011,0,0,0,0
1782621641,173.5393372,5205,0,319,1,0,0,0,8,11360,1,63,0,408,422,477,486,89,89,89,89,89,89,89,89,110,22.56066895,22.56066895,25.12438011,25.12438011,0,0,0,0
1782621641,173.5796204,5207,0,319,1,0,0,0,8,11372,1,64,0,407,420,476,485,89,89,89,89,89,89,89,89,110,22.56066895,22.56066895,25.12438011,25.12438011,0,0,0,0
1782621641,173.6346436,5208,0,320,1,0,0,0,8,11386,1,64,0,405,418,474,483,89,89,89,89,89,89,89,89,110,22.56066895,22.56066895,25.12438011,25.12438011,0,0,0,0
1782621641,173.6873322,5210,0,321,1,0,0,0,8,11406,1,66,0,403,416,472,481,89,89,89,89,89,89,89,89,110,22.56066895,22.56066895,25.12438011,25.12438011,0,0,0,0
1782621641,173.7385101,5211,0,321,1,0,0,0,8,11422,1,66,0,401,414,470,479,89,89,89,89,89,89,89,89,110,22.56066895,22.56066895,25.12438011,25.12438011,0,0,0,0
1782621641,173.7887421,5213,0,321,1,0,0,0,8,11437,1,67,0,399,412,468,477,89,89,89,89,89,89,89,89,110,22.56066895,22.56066895,25.12438011,25.12438011,0,0,0,0
1782621641,173.8411713,5214,0,322,1,0,0,0,8,11451,1,68,0,397,410,467,475,89,89,89,89,89,89,89,89,110,22.56066895,22.56066895,25.12438011,25.12438011,0,0,0,0
1782621641,173.8933563,5216,0,322,1,0,0,0,8,11469,1,68,0,396,408,465,473,89,89,89,89,89,89,89,89,110,22.56066895,22.56066895,25.12438011,25.12438011,0,0,0,0
1782621641,173.94487,5217,0,323,1,0,0,0,8,11484,1,69,0,394,407,463,471,89,89,89,89,89,89,89,89,110,22.56066895,22.56066895,25.12438011,25.12438011,0,0,0,0
1782621641,173.9844513,5219,0,323,1,0,0,0,8,11490,1,69,0,393,405,462,470,89,89,89,89,89,89,89,89,110,22.56066895,22.56066895,25.12438011,25.12438011,0,0,0,0
1782621641,174.0482788,5220,0,323,1,0,0,0,8,11500,1,70,0,390,403,460,468,89,89,89,89,89,89,89,89,110,22.56066895,22.56066895,25.12438011,25.12438011,0,0,0,0
1782621641,174.0953827,5222,0,324,1,0,0,0,8,11518,1,71,0,388,401,458,466,89,89,89,89,89,89,89,89,110,22.56066895,22.56066895,25.12438011,25.12438011,0,0,0,0
1782621641,174.1431732,5223,0,324,1,0,0,0,8,11537,1,71,0,387,399,456,464,89,89,89,89,89,89,89,89,110,22.56066895,22.56066895,25.12438011,25.12438011,0,0,0,0
1782621641,174.1938171,5225,0,325,1,0,0,0,8,11549,1,72,0,385,398,454,463,89,89,89,89,89,89,89,89,110,22.56066895,22.56066895,25.12438011,25.12438011,0,0,0,0
1782621641,174.2452087,5226,0,325,1,0,0,0,8,11556,1,72,0,383,396,453,461,89,89,89,89,89,89,89,89,110,22.56066895,22.56066895,25.12438011,25.12438011,0,0,0,0
1782621641,174.2947083,5228,0,325,1,0,0,0,8,11567,1,73,0,382,394,451,459,89,89,89,89,89,89,89,89,110,22.56066895,22.56066895,25.12438011,25.12438011,0,0,0,0
1782621642,174.3438721,5229,0,326,1,0,0,0,8,11583,1,73,0,380,392,449,457,89,89,89,89,89,89,89,89,110,22.56066895,22.56066895,25.12438011,25.12438011,0,0,0,0
1782621642,174.3831329,5231,0,326,1,0,0,0,8,11591,1,74,0,379,391,448,456,89,89,89,89,89,89,89,89,110,22.56066895,22.56066895,25.12438011,25.12438011,0,0,0,0
1782621642,174.4381256,5232,0,326,1,0,0,0,8,11604,1,74,0,376,389,446,454,89,89,89,89,89,89,89,89,110,22.56066895,22.56066895,25.12438011,25.12438011,0,0,0,0
1782621642,174.4898529,5234,0,327,1,0,0,0,8,11611,1,74,0,375,387,444,452,89,89,89,89,89,89,89,89,110,22.56066895,22.56066895,25.12438011,25.12438011,0,0,0,0
1782621642,174.5416107,5235,0,327,1,0,0,0,8,11616,1,75,0,373,385,442,450,89,89,89,89,89,89,89,89,110,22.56066895,22.56066895,25.12438011,25.12438011,0,0,0,0
1782621642,174.5827332,5237,0,327,1,0,0,0,8,11626,1,75,0,372,384,441,449,89,89,89,89,89,89,89,89,110,22.56066895,22.56066895,25.12438011,25.12438011,0,0,0,0
1782621642,174.6369629,5238,0,328,1,0,0,0,8,11646,1,76,0,370,382,439,447,89,89,89,89,89,89,89,89,110,22.56066895,22.56066895,25.12438011,25.12438011,0,0,0,0
1782621642,174.6878357,5240,0,328,1,0,0,0,8,11654,1,76,0,368,380,437,445,89,89,89,89,89,89,89,89,110,22.56066895,22.56066895,25.12438011,25.12438011,0,0,0,0
1782621642,174.7388916,5241,0,328,1,0,0,0,8,11660,1,77,0,366,378,436,444,89,89,89,89,89,89,89,89,110,22.56066895,22.56066895,25.12438011,25.12438011,0,0,0,0
1782621642,174.7888489,5243,0,328,1,-0.021163547,0,0,8,11669,1,77,0,365,377,434,442,89,89,89,89,89,89,89,89,110,22.56066895,22.56066895,25.12438011,25.12438011,0,0,0,0
1782621642,174.840271,5244,0,329,1,-0.036327414,0,0,8,11683,1,78,0,363,375,432,440,89,89,89,89,89,89,89,89,110,22.56066895,22.56066895,25.12438011,25.12438011,0,0,0,0
1782621642,174.893158,5246,0,329,1,-0.05157318,0,0,8,11696,1,78,0,361,373,431,439,89,89,89,89,89,89,89,89,110,22.56066895,22.56066895,25.12438011,25.12438011,0,0,0,0
1782621642,174.9332733,5247,0,329,1,-0.027981032,0,0,8,11696,1,78,0,360,373,430,438,89,89,89,89,89,89,89,89,110,22.56066895,22.56066895,25.12438011,25.12438011,0,0,0,0
1782621642,174.9875183,5249,0,329,1,0,0,0,8,11700,1,78,0,358,373,428,438,89,89,89,89,89,89,89,89,110,22.56066895,22.56066895,25.12438011,25.12438011,0,0,0,0
1782621642,175.0408478,5250,0,329,1,0,0,0,8,11707,1,79,0,357,371,426,436,89,89,89,89,89,89,89,89,110,22.56066895,22.56066895,25.12438011,25.12438011,0,0,0,0
1782621642,175.0927277,5252,0,330,1,0,0,0,8,11717,1,79,0,355,370,424,434,89,89,89,89,89,89,89,89,110,22.56066895,22.56066895,25.12438011,25.12438011,0,0,0,0
1782621642,175.1321564,5253,0,330,1,0,0,0,8,11723,1,79,0,354,368,423,433,89,89,89,89,89,89,89,89,110,22.56066895,22.56066895,25.12438011,25.12438011,0,0,0,0
1782621642,175.1868896,5255,0,330,1,0,0,0,8,11731,1,80,0,352,366,421,431,89,89,89,89,89,89,89,89,110,22.56066895,22.56066895,25.12438011,25.12438011,0,0,0,0
1782621642,175.2411041,5256,0,330,1,0,0,0,8,11741,1,80,0,350,365,420,429,89,89,89,89,89,89,89,89,110,22.56066895,22.56066895,25.12438011,25.12438011,0,0,0,0
1782621642,175.2939606,5258,0,331,1,0.016252689,0,0,8,11751,1,80,0,349,363,418,428,89,89,89,89,89,89,89,89,110,22.56066895,22.56066895,25.12438011,25.12438011,0,0,0,0
1782621643,175.3461304,5259,0,331,1,0.015115911,0,0,8,11758,1,81,0,347,361,416,426,89,89,89,89,89,89,89,89,110,22.56066895,22.56066895,25.12438011,25.12438011,0,0,0,0
1782621643,175.385376,5261,0,331,1,0,0,0,8,11764,1,81,0,345,360,415,424,89,89,89,89,89,89,89,89,110,22.56066895,22.56066895,25.12438011,25.12438011,0,0,0,0
1782621643,175.4390106,5262,0,331,1,0,0,0,8,11772,1,81,0,344,358,413,423,89,89,89,89,89,89,89,89,110,22.56066895,22.56066895,25.12438011,25.12438011,0,0,0,0
1782621643,175.493866,5264,0,332,1,0,0,0,8,11781,1,82,0,342,356,412,421,89,89,89,89,89,89,89,89,110,22.56066895,22.56066895,25.12438011,25.12438011,0,0,0,0
1782621643,175.5362244,5265,0,332,1,0,0,0,8,11788,1,82,0,341,355,410,420,89,89,89,89,89,89,89,89,110,22.56066895,22.56066895,25.12438011,25.12438011,0,0,0,0
1782621643,175.59198,5267,0,332,1,0,0,0,8,11795,1,82,0,339,353,409,418,89,89,89,89,89,89,89,89,110,22.56066895,22.56066895,25.12438011,25.12438011,0,0,0,0
1782621643,175.6432953,5268,0,332,1,0,0,0,8,11801,1,83,0,338,352,407,416,89,89,89,89,89,89,89,89,110,22.56066895,22.56066895,25.12438011,25.12438011,0,0,0,0
1782621643,175.6940002,5270,0,332,1,0,0,0,8,11808,1,83,0,336,350,405,415,89,89,89,89,89,89,89,89,110,22.56066895,22.56066895,25.12438011,25.12438011,0,0,0,0
1782621643,175.7442474,5271,0,333,1,0,0,0,8,11814,1,83,0,335,348,404,413,89,89,89,89,89,89,89,89,110,22.56066895,22.56066895,25.12438011,25.12438011,0,0,0,0
1782621643,175.7944794,5273,0,333,1,0,0,0,8,11820,1,83,0,333,347,402,412,89,89,89,89,89,89,89,89,110,22.56066895,22.56066895,25.12438011,25.12438011,0,0,0,0
1782621643,175.8449097,5274,0,333,1,0.012098998,0,0,8,11830,1,84,0,332,345,401,410,89,89,89,89,89,89,89,89,110,22.56066895,22.56066895,25.12438011,25.12438011,0,0,0,0
1782621643,175.8955536,5276,0,333,1,0.012156466,0,0,8,11843,1,84,0,330,344,399,409,89,89,89,89,89,89,89,89,110,22.56066895,22.56066895,25.12438011,25.12438011,0,0,0,0
1782621643,175.9341583,5277,0,333,1,0,0,0,8,11848,1,85,0,329,343,398,408,89,89,89,89,89,89,89,89,110,22.56066895,22.56066895,25.12438011,25.12438011,0,0,0,0
1782621643,175.9868774,5279,0,333,1,0,0,0,8,11848,1,85,0,327,341,396,406,89,89,89,89,89,89,89,89,110,22.56066895,22.56066895,25.12438011,25.12438011,0,0,0,0
1782621643,176.0380402,5280,0,334,1,0,0,0,8,11853,1,85,0,326,339,395,404,89,89,89,89,89,89,89,89,110,22.56066895,22.56066895,25.12438011,25.12438011,0,0,0,0
1782621643,176.0879974,5282,0,334,1,0,0,0,8,11862,1,85,0,324,338,393,402,89,89,89,89,89,89,89,89,110,22.56066895,22.56066895,25.12438011,25.12438011,0,0,0,0
1782621643,176.1375885,5283,0,334,1,0,0,0,8,11871,1,86,0,323,336,392,401,89,89,89,89,89,89,89,89,110,22.56066895,22.56066895,25.12438011,25.12438011,0,0,0,0
1782621643,176.1867218,5285,0,334,1,0.0053886,0,0,8,11875,1,86,0,322,335,390,399,89,89,89,89,89,89,89,89,110,22.56066895,22.56066895,25.12438011,25.12438011,0,0,0,0
1782621643,176.2362366,5286,0,334,1,0,0,0,8,11878,1,86,0,320,333,389,398,89,89,89,89,89,89,89,89,110,22.56066895,22.56066895,25.12438011,25.12438011,0,0,0,0
1782621643,176.2889252,5288,0,334,1,0,0,0,8,11883,1,86,0,319,332,387,396,89,89,89,89,89,89,89,89,110,22.56066895,22.56066895,25.12438011,25.12438011,0,0,0,0
1782621644,176.3202667,5289,0,335,1,0,0,0,8,11888,1,86,0,318,331,386,395,89,89,89,89,89,89,89,89,110,22.56066895,22.56066895,25.12438011,25.12438011,0,0,0,0
1782621644,176.3746338,5291,0,335,1,0,0,0,8,11892,1,86,0,316,329,385,394,89,89,89,89,89,89,89,89,110,22.56066895,22.56066895,25.12438011,25.12438011,0,0,0,0
1782621644,176.4320374,5292,0,335,1,0,0,0,8,11897,1,87,0,315,328,383,392,89,89,89,89,89,89,89,89,110,22.56066895,22.56066895,25.12438011,25.12438011,0,0,0,0
1782621644,176.4840088,5294,0,335,1,0,0,0,8,11905,1,87,0,313,326,382,391,89,89,89,89,89,89,89,89,110,22.56066895,22.56066895,25.12438011,25.12438011,0,0,0,0
1782621644,176.5426483,5295,0,335,1,0,0,0,8,11914,1,87,0,312,324,380,389,89,89,89,89,89,89,89,89,110,22.56066895,22.56066895,25.12438011,25.12438011,0,0,0,0
1782621644,176.5841064,5297,0,335,1,0,0,0,8,11916,1,87,0,311,323,379,388,89,89,89,89,89,89,89,89,110,22.56066895,22.56066895,25.12438011,25.12438011,0,0,0,0
1782621644,176.6368713,5298,0,336,1,0,0,0,8,11919,1,88,0,309,321,377,386,89,89,89,89,89,89,89,89,110,22.56066895,22.56066895,25.12438011,25.12438011,0,0,0,0
1782621644,176.6873932,5300,0,336,1,0,0,0,8,11926,1,88,0,307,320,376,384,89,89,89,89,89,89,89,89,110,22.56066895,22.56066895,25.12438011,25.12438011,0,0,0,0
1782621644,176.7384033,5301,0,336,1,0,0,0,8,11935,1,88,0,306,318,374,383,89,89,89,89,89,89,89,89,110,22.56066895,22.56066895,25.12438011,25.12438011,0,0,0,0
1782621644,176.7900085,5303,0,335,0,0,0,0,8,11748,1,80,0,305,317,373,382,89,89,89,89,89,89,89,89,110,22.56066895,22.56066895,25.12438011,25.12438011,0,0,0,0
1782621644,176.841217,5304,0,334,0,0,0,0,8,11694,1,78,0,303,316,372,380,89,89,89,89,89,89,89,89,110,22.56066895,22.56066895,25.12438011,25.12438011,0,0,0,0
1782621644,176.8910675,5306,0,333,0,0,0,0,8,11647,1,76,0,302,314,370,379,89,89,89,89,89,89,89,89,110,22.56066895,22.56066895,25.12438011,25.12438011,0,0,0,0
1782621644,176.9405518,5307,0,331,0,0,0,0,8,11600,1,74,0,301,313,369,377,89,89,89,89,89,89,89,89,110,22.56066895,22.56066895,25.12438011,25.12438011,0,0,0,0
1782621644,176.9912872,5309,0,330,0,0,0,0,8,11553,1,72,0,299,311,367,376,89,89,89,89,89,89,89,89,110,22.56066895,22.56066895,25.12438011,25.12438011,0,0,0,0
1782621644,177.0419464,5310,0,329,0,0,0,0,8,11507,1,70,0,298,310,366,374,89,89,89,89,89,89,89,89,110,22.56066895,22.56066895,25.12438011,25.12438011,0,0,0,0
1782621644,177.082077,5312,0,328,0,0,0,0,8,11476,1,69,0,297,309,365,374,89,89,89,89,89,89,89,89,110,22.56066895,22.56066895,25.12438011,25.12438011,0,0,0,0
1782621644,177.1365967,5313,0,326,0,0,0,0,8,11415,1,66,0,295,307,363,372,89,89,89,89,89,89,89,89,110,22.56066895,22.56066895,25.12438011,25.12438011,0,0,0,0
1782621644,177.1891785,5315,0,325,0,0,0,0,8,11370,1,63,0,294,306,362,370,89,89,89,89,89,89,89,89,110,22.56066895,22.56066895,25.12438011,25.12438011,0,0,0,0
1782621644,177.2413025,5316,0,323,0,0,0,0,8,11325,1,62,0,293,305,361,369,89,89,89,89,89,89,89,89,110,22.56066895,22.56066895,25.12438011,25.12438011,0,0,0,0
1782621644,177.2918701,5318,0,322,0,0,0,0,8,11280,1,60,0,291,303,359,367,89,89,89,89,89,89,89,89,110,22.56066895,22.56066895,25.12438011,25.12438011,0,0,0,0
1782621645,177.3423462,5319,0,321,0,0,0,0,8,11236,1,59,0,290,302,358,366,89,89,89,89,89,89,89,89,110,22.56066895,22.56066895,25.12438011,25.12438011,0,0,0,0
1782621645,177.3941193,5321,0,320,0,0,0,0,8,11192,1,57,0,289,301,357,365,89,89,89,89,89,89,89,89,110,22.56066895,22.56066895,25.12438011,25.12438011,0,0,0,0
1782621645,177.4446259,5322,0,318,0.031372551,0,0,0,8,11151,1,56,0,288,299,355,363,89,89,89,89,89,89,89,89,110,22.56066895,22.56066895,25.12438011,25.12438011,0,0,0,0
1782621645,177.4833374,5324,0,318,0.149019614,0,0,0,8,11138,1,55,0,287,298,354,363,89,89,89,89,89,89,89,89,110,22.56066895,22.56066895,25.12438011,25.12438011,0,0,0,0
1782621645,177.5359039,5325,0,317,0.525490224,0,0,0,8,11162,1,56,0,285,297,353,361,89,89,89,89,89,89,89,89,110,22.56066895,22.56066895,25.12438011,25.12438011,0,0,0,0
1782621645,177.5876465,5327,0,316,0.023529412,0,0,0,8,11070,1,53,0,284,295,351,359,89,89,89,89,89,89,89,89,110,22.56066895,22.56066895,25.12438011,25.12438011,0,0,0,0
1782621645,177.6397705,5328,0,315,0,0,0,0,8,11021,1,51,0,283,294,350,358,89,89,89,89,89,89,89,89,110,22.56066895,22.56066895,25.12438011,25.12438011,0,0,0,0
1782621645,177.6937256,5330,0,313,0,0,0,0,8,10978,1,50,0,281,293,349,357,89,89,89,89,89,89,89,89,110,22.56066895,22.56066895,25.12438011,25.12438011,0,0,0,0
1782621645,177.7357635,5331,0,312,0,0,0.347090572,0,8,10823,0,44,0,288,300,354,362,89,89,89,89,89,89,89,89,110,22.56066895,22.56066895,25.12438011,25.12438011,0,0,0,0
1782621645,177.7930298,5333,0,305,0,0,1,0,8,10369,0,26,0,350,360,411,418,89,89,89,89,89,89,89,89,110,22.56066895,22.56066895,25.12438011,25.12438011,0,0,0,0
1782621645,177.8350067,5334,0,300,0,0,1,0,8,10218,0,19,0,387,397,446,453,89,89,89,89,89,89,89,89,110,22.56066895,22.56066895,25.12438011,25.12438011,0,0,0,0
1782621645,177.8896942,5336,0,291,0,0,1,0,8,9896,0,4,0,455,464,509,515,89,89,89,89,89,89,89,89,110,22.56066895,22.56066895,25.12438011,25.12438011,0,0,0,0
1782621645,177.9424744,5337,0,284,0,0,1,0,8,9640,0,0,0,501,509,551,557,89,89,89,89,89,89,89,89,110,22.56066895,22.56066895,25.12438011,25.12438011,0,0,0,0
1782621645,177.9943085,5339,0,277,0,0,1,0,8,9843,0,1,0,542,550,590,595,89,89,89,89,89,89,89,89,110,22.56066895,22.56066895,25.12438011,25.12438011,0,0,0,0
1782621645,178.045166,5340,0,271,0,0,1,0,7,10526,0,33,0,580,587,624,629,89,89,89,89,89,89,89,89,110,22.56066895,22.56066895,25.12438011,25.12438011,0,0,0,0
1782621645,178.0962372,5342,0,264,0,0,1,0,7,10066,0,12,0,614,621,656,661,89,89,89,89,89,89,89,89,110,22.56066895,22.56066895,25.12438011,25.12438011,0,0,0,0
1782621645,178.1352081,5343,0,260,0,0,1,0,7,9864,0,2,0,635,641,676,680,89,89,89,89,89,89,89,89,110,22.56066895,22.56066895,25.12438011,25.12438011,0,0,0,0
1782621645,178.1890259,5345,0,251,0,0,1,0,7,9488,0,0,0,673,679,711,715,89,89,89,89,89,89,89,89,110,22.56066895,22.56066895,25.12438011,25.12438011,0,0,0,0
1782621645,178.2405701,5346,0,244,0,0,1,0,7,9221,0,0,0,698,704,735,738,89,89,89,89,89,89,89,89,110,22.56066895,22.56066895,25.12438011,25.12438011,0,0,0,0
1782621645,178.2912598,5348,0,237,0,0,1,0,6,10314,0,23,0,721,727,756,760,89,89,89,89,89,89,89,89,110,22.56066895,22.56066895,25.12438011,25.12438011,0,0,0,0
1782621646,178.3433685,5349,0,232,0,0,1,0,6,10157,0,16,0,743,748,776,779,89,89,89,89,89,89,89,89,110,22.56066895,22.56066895,25.12438011,25.12438011,0,0,0,0
1782621646,178.3948517,5351,0,225,0,0,1,0,6,9744,0,0,0,762,767,794,797,89,89,89,89,89,89,89,89,110,22.56066895,22.56066895,25.12438011,25.12438011,0,0,0,0
1782621646,178.4452667,5352,0,219,0,0,1,0,6,9403,0,0,0,780,784,810,813,89,89,89,89,89,89,89,89,110,22.56066895,22.56066895,25.12438011,25.12438011,0,0,0,0
1782621646,178.4963226,5354,0,212,0,0,1,0,6,9081,0,0,0,796,800,825,828,89,89,89,89,89,89,89,89,110,22.56066895,22.56066895,25.12438011,25.12438011,0,0,0,0
1782621646,178.5357666,5355,0,206,0,0,1,0,6,9211,0,0,0,811,814,839,842,89,89,89,89,89,89,89,89,110,22.56066895,22.56066895,25.12438011,25.12438011,0,0,0,0
1782621646,178.5888977,5357,0,200,0,0,1,0,5,10323,0,23,0,824,828,852,854,89,89,89,89,89,89,89,89,110,22.56066895,22.56066895,25.12438011,25.12438011,0,0,0,0
1782621646,178.6414337,5358,0,194,0,0,1,0,5,9653,0,0,0,837,840,863,865,89,89,89,89,89,89,89,89,110,22.56066895,22.56066895,25.12438011,25.12438011,0,0,0,0
1782621646,178.6806183,5360,0,190,0,-0.026707385,1,0,5,9348,0,0,0,844,848,870,872,89,89,89,89,89,89,89,89,110,22.56066895,22.56066895,25.12438011,25.12438011,0,0,0,0
1782621646,178.7370605,5361,0,182,0,-0.066558018,1,0,5,8989,0,0,0,858,862,883,886,89,89,89,89,89,89,89,89,110,22.56066895,22.56066895,25.12438011,25.12438011,0,0,0,0
1782621646,178.7813416,5363,0,178,0,-0.095257103,1,0,5,8739,0,0,0,865,868,889,892,89,89,89,89,89,89,89,89,110,22.56066895,22.56066895,25.12438011,25.12438011,0,0,0,0
1782621646,178.8370667,5364,0,173,0,-0.151027218,1,0,4,10398,0,27,0,877,881,901,903,89,89,89,89,89,89,89,89,110,22.56066895,22.56066895,25.12438011,25.12438011,0,0,0,0
1782621646,178.8912811,5366,0,171,0,-0.191016555,0,0,4,10359,0,25,0,877,880,900,903,89,89,89,89,89,89,89,89,110,22.56066895,22.56066895,25.12438011,25.12438011,0,0,0,0
1782621646,178.943924,5367,0,170,0,-0.228981718,0,0,4,10309,0,23,0,874,877,898,900,89,89,89,89,89,89,89,89,110,22.56066895,22.56066895,25.12438011,25.12438011,0,0,0,0
1782621646,178.98349,5369,0,170,0,-0.2532776,0,0,4,10267,0,21,0,872,875,896,899,89,89,89,89,89,89,89,89,110,22.56066895,22.56066895,25.12438011,25.12438011,0,0,0,0
1782621646,179.0362701,5370,0,168,0,-0.299948126,0,0,4,10176,0,17,0,868,872,893,895,89,89,89,89,89,89,89,89,110,22.56066895,22.56066895,25.12438011,25.12438011,0,0,0,0
1782621646,179.0886536,5372,0,167,0,-0.333494186,0,0,4,10098,0,13,0,865,869,890,893,89,89,89,89,89,89,89,89,110,22.56066895,22.56066895,25.12438011,25.12438011,0,0,0,0
1782621646,179.1419678,5373,0,167,1,-0.365545034,0,0,4,10747,0,41,0,863,866,888,891,89,89,89,89,89,89,89,89,110,22.56066895,22.56066895,25.12438011,25.12438011,0,0,0,0
1782621646,179.1832123,5375,0,167,1,-0.385910749,0,0,4,10517,0,33,0,861,864,887,889,89,89,89,89,89,89,89,89,110,22.56066895,22.56066895,25.12438011,25.12438011,0,0,0,0
1782621646,179.2360687,5376,0,167,1,-0.424339414,0,0,4,10821,0,44,0,857,860,883,886,89,89,89,89,89,89,89,89,110,22.56066895,22.56066895,25.12438011,25.12438011,0,0,0,0
1782621646,179.2881317,5378,0,167,1,-0.451378971,0,0,4,10511,0,33,0,854,858,881,883,89,89,89,89,89,89,89,89,110,22.56066895,22.56066895,25.12438011,25.12438011,0,0,0,0
1782621647,179.3403168,5379,0,167,1,-0.476994842,0,0,4,10668,0,39,0,852,855,879,881,89,89,89,89,89,89,89,89,110,22.56066895,22.56066895,25.12438011,25.12438011,0,0,0,0
1782621647,179.3922424,5381,0,166,1,-0.454278439,0,0,4,10567,0,35,0,849,852,876,879,89,89,89,89,89,89,89,89,110,22.56066895,22.56066895,25.12438011,25.12438011,0,0,0,0
1782621647,179.4426575,5382,0,166,1,-0.36415121,0,0,4,10492,0,37,0,846,849,874,876,89,89,89,89,89,89,89,89,110,22.56066895,22.56066895,25.12438011,25.12438011,0,0,0,0
1782621647,179.4933472,5384,0,166,1,-0.263908327,0,0,4,10667,0,38,0,843,847,872,874,89,89,89,89,89,89,89,89,110,22.56066895,22.56066895,25.12438011,25.12438011,0,0,1,0
1782621647,179.5438995,5385,0,167,1,-0.164330184,0,0,4,10436,0,29,0,841,844,869,872,89,89,89,89,89,89,89,89,110,22.56066895,22.56066895,25.12438011,25.12438011,0,0,1,0
1782621647,179.5937653,5387,0,167,1,-0.116945125,0,0,4,10651,0,38,0,838,841,867,869,89,89,89,89,89,89,89,89,110,22.56066895,22.56066895,25.12438011,25.12438011,1,0,1,0
1782621647,179.6445465,5388,0,168,1,-0.15616858,0,0,4,10870,0,46,0,835,839,865,867,89,89,89,89,89,89,89,89,110,22.56066895,22.56066895,25.12438011,25.12438011,1,0,1,0
1782621647,179.684906,5390,0,169,1,-0.181088969,0,0,4,10893,0,47,0,833,837,863,865,89,89,89,89,89,89,89,89,110,22.56066895,22.56066895,25.12438011,25.12438011,1,0,1,0
1782621647,179.7273254,5391,0,171,1,-0.216632038,0,0,4,11026,0,51,0,831,834,861,863,89,89,89,89,89,89,89,89,110,22.56066895,22.56066895,25.12438011,25.12438011,1,0,1,0
1782621647,179.7853394,5393,0,172,1,-0.250150442,0,0,4,10834,0,44,0,828,831,858,861,89,89,89,89,89,89,89,89,110,22.56066895,22.56066895,25.12438011,25.12438011,1,0,1,0
1782621647,179.8402863,5394,0,172,1,-0.292004824,0,0,4,10987,0,50,0,824,828,855,858,89,89,89,89,89,89,89,89,110,22.56066895,22.56066895,25.12438011,25.12438011,0,0,0,0
1782621647,179.8934326,5396,0,173,1,-0.320971966,0,0,4,11231,0,59,0,822,825,853,855,89,89,89,89,89,89,89,89,110,22.56066895,22.56066895,25.12438011,25.12438011,0,0,0,0
1782621647,179.9336395,5397,0,174,1,-0.339769721,0,0,4,11260,0,60,0,820,823,851,854,89,89,89,89,89,89,89,89,110,22.56066895,22.56066895,25.12438011,25.12438011,0,0,0,0
1782621647,179.9881897,5399,0,176,1,-0.375864565,0,0,4,11317,0,62,0,816,819,848,850,89,89,89,89,89,89,89,89,110,22.56066895,22.56066895,25.12438011,25.12438011,0,0,0,0
1782621647,180.0298767,5400,0,176,1,-0.393058747,0,0,4,11385,0,64,0,814,818,846,849,89,89,89,89,89,89,89,89,110,22.56066895,22.56066895,25.12438011,25.12438011,0,0,0,0
1782621647,180.0848541,5402,0,177,1,-0.374827802,0,0,4,11515,0,70,0,812,815,844,847,89,89,89,89,89,89,89,89,110,22.56066895,22.56066895,25.12438011,25.12438011,0,0,0,0
1782621647,180.1386108,5403,0,178,1,-0.29954499,0,0,4,11133,0,55,0,808,811,841,843,89,89,89,89,89,89,89,89,110,22.56066895,22.56066895,25.12438011,25.12438011,0,0,0,0
1782621647,180.1924133,5405,0,178,1,-0.252747089,0,0,4,11443,0,67,0,805,808,839,841,89,89,89,89,89,89,89,89,110,22.56066895,22.56066895,25.12438011,25.12438011,0,0,0,0
1782621647,180.2327881,5406,0,179,1,-0.221467525,0,0,4,11620,0,75,0,803,807,837,839,89,89,89,89,89,89,89,89,110,22.56066895,22.56066895,25.12438011,25.12438011,0,0,0,0
1782621647,180.2862396,5409,0,179,1,-0.104874738,0,0,4,11251,0,59,0,800,803,834,836,89,89,89,89,89,89,89,89,110,22.56066895,22.56066895,25.12438011,25.12438011,0,0,0,0
1782621648,180.3383789,5410,0,180,1,-0.037860371,0,0,4,11557,0,72,0,797,801,832,835,89,89,89,89,89,89,89,89,110,22.56066895,22.56066895,25.12438011,25.12438011,0,0,0,0
1782621648,180.3904724,5412,0,181,1,0,0,0,4,11673,0,77,0,794,800,829,833,89,89,89,89,89,89,89,89,110,22.56066895,22.56066895,25.12438011,25.12438011,0,0,0,0
1782621648,180.4424896,5413,0,183,1,0.07152684,0,0,4,11668,0,77,0,792,798,827,831,89,89,89,89,89,89,89,89,110,22.56066895,22.56066895,25.12438011,25.12438011,0,0,0,0
1782621648,180.4933014,5415,0,185,1,0.119707391,0,0,4,11643,0,76,0,789,795,824,829,89,89,89,89,89,89,89,89,110,22.56066895,22.56066895,25.12438011,25.12438011,0,0,0,0
1782621648,180.5439911,5416,0,187,1,0.148102388,0,0,4,11744,0,80,0,786,792,822,826,89,89,89,89,89,89,89,89,110,22.56066895,22.56066895,25.12438011,25.12438011,0,0,0,0
1782621648,180.5948792,5418,0,188,1,0.175234705,0,0,4,11902,0,87,0,784,789,820,824,89,89,89,89,89,89,89,89,110,22.56066895,22.56066895,25.12438011,25.12438011,0,0,0,0
1782621648,180.6448364,5419,0,190,1,0.202773243,0,0,4,12026,0,92,0,782,787,818,822,89,89,89,89,89,89,89,89,110,22.56066895,22.56066895,25.12438011,25.12438011,0,0,0,0
1782621648,180.6941986,5421,0,191,1,0.230239302,0,0,4,12113,0,0,0,780,784,817,819,89,89,89,89,89,89,89,89,110,22.56066895,22.56066895,25.12438011,25.12438011,0,0,0,0
1782621648,180.7329865,5422,0,191,1,0.248417452,0,0,4,12162,0,98,0,779,782,816,818,89,89,89,89,89,89,89,89,110,22.56066895,22.56066895,25.12438011,25.12438011,0,0,0,0
1782621648,180.786026,5424,0,193,1,0.2841717,0,0,4,12274,0,100,0,777,778,813,814,89,89,89,89,89,89,89,89,110,22.56066895,22.56066895,25.12438011,25.12438011,0,0,0,0
1782621648,180.8367767,5425,0,193,1,0.21757561,0,0,5,10608,0,57,0,776,776,812,812,89,89,89,89,89,89,89,89,110,22.56066895,22.56066895,25.12438011,25.12438011,0,0,0,0
1782621648,180.8866577,5427,0,193,1,0.156597733,0,0,5,10428,0,28,0,775,773,811,810,89,89,89,89,89,89,89,89,110,22.56066895,22.56066895,25.12438011,25.12438011,0,0,0,0
1782621648,180.9473267,5428,0,194,1,0.100911662,0,0,5,10634,0,37,0,773,770,809,807,89,89,89,89,89,89,89,89,110,22.56066895,22.56066895,25.12438011,25.12438011,0,0,0,1
1782621648,180.9842682,5430,0,195,1,0.066626884,0,0,5,10640,0,37,0,772,768,808,806,89,89,89,89,89,89,89,89,110,22.56066895,22.56066895,25.12438011,25.12438011,0,0,0,1
1782621648,181.0365753,5431,0,196,1,0.004447304,0,0,5,10675,0,39,0,770,765,806,802,89,89,89,89,89,89,89,89,110,22.56066895,22.56066895,25.12438011,25.12438011,0,1,0,1
1782621648,181.0882111,5433,0,198,1,0.02962848,0,0,5,10758,0,42,0,767,762,803,800,89,89,89,89,89,89,89,89,110,22.56066895,22.56066895,25.12438011,25.12438011,0,1,0,1
1782621648,181.1378326,5434,0,200,1,0.058651313,0,0,5,10849,0,45,0,764,759,801,798,89,89,89,89,89,89,89,89,110,22.56066895,22.56066895,25.12438011,25.12438011,0,1,0,1
1782621648,181.1880493,5436,0,201,1,0.093033388,0,0,5,10924,0,48,0,761,756,799,795,89,89,89,89,89,89,89,89,110,22.56066895,22.56066895,25.12438011,25.12438011,0,1,0,1
1782621648,181.2390442,5437,0,203,1,0.124819949,0,0,5,11002,0,50,0,758,754,796,793,89,89,89,89,89,89,89,89,110,22.56066895,22.56066895,25.12438011,25.12438011,0,1,0,1
1782621648,181.2892303,5439,0,204,1,0.154463023,0,0,5,11190,0,57,0,756,751,794,790,89,89,89,89,89,89,89,89,110,22.56066895,22.56066895,25.12438011,25.12438011,0,1,0,1
1782621649,181.3397369,5440,0,206,1,0.181327417,0,0,5,11217,0,58,0,753,748,791,788,89,89,89,89,89,89,89,89,110,22.56066895,22.56066895,25.12438011,25.12438011,0,1,0,1
1782621649,181.3915863,5442,0,207,1,0.207639709,0,0,5,11183,0,57,0,751,745,790,785,89,89,89,89,89,89,89,89,110,22.56066895,22.56066895,25.12438011,25.12438011,0,1,0,1
1782621649,181.442749,5443,0,208,1,0.233811125,0,0,5,11291,0,61,0,750,742,789,783,89,89,89,89,89,89,89,89,110,22.56066895,22.56066895,25.12438011,25.12438011,0,0,0,0
1782621649,181.4929047,5445,0,208,1,0.259480238,0,0,5,11499,0,70,0,749,740,787,781,89,89,89,89,89,89,89,89,110,22.56066895,22.56066895,25.12438011,25.12438011,0,0,0,0
1782621649,181.5448914,5446,0,209,1,0.227882668,0,0,5,11511,0,70,0,748,737,786,778,89,89,89,89,89,89,89,89,110,22.56066895,22.56066895,25.12438011,25.12438011,0,0,0,0
1782621649,181.5858459,5448,0,209,1,0.171061009,0,0,5,11474,0,69,0,747,734,785,776,89,89,89,89,89,89,89,89,110,22.56066895,22.56066895,25.12438011,25.12438011,0,0,0,0
1782621649,181.6416473,5449,0,210,1,0.116152748,0,0,5,11471,0,69,0,746,731,784,773,89,89,89,89,89,89,89,89,110,22.56066895,22.56066895,25.12438011,25.12438011,0,0,0,0
1782621649,181.6830902,5451,0,211,1,0.08224573,0,0,5,11490,0,69,0,745,730,783,772,89,89,89,89,89,89,89,89,110,22.56066895,22.56066895,25.12438011,25.12438011,0,0,0,0
1782621649,181.7366486,5452,0,212,1,0.064619154,0,0,5,11529,0,71,0,742,726,780,768,89,89,89,89,89,89,89,89,110,22.56066895,22.56066895,25.12438011,25.12438011,0,0,0,0
1782621649,181.7902374,5454,0,214,1,0.098664142,0,0,5,11555,0,72,0,739,723,778,766,89,89,89,89,89,89,89,89,110,22.56066895,22.56066895,25.12438011,25.12438011,0,0,0,0
1782621649,181.8435669,5455,0,215,1,0.131041586,0,0,5,11615,0,75,0,736,720,775,764,89,89,89,89,89,89,89,89,110,22.56066895,22.56066895,25.12438011,25.12438011,0,0,0,0
1782621649,181.8943024,5457,0,216,1,0.16072233,0,0,5,11699,0,78,0,734,718,773,761,89,89,89,89,89,89,89,89,110,22.56066895,22.56066895,25.12438011,25.12438011,0,0,0,0
1782621649,181.9449921,5458,0,217,1,0.187766224,0,0,5,11788,0,82,0,731,715,770,759,89,89,89,89,89,89,89,89,110,22.56066895,22.56066895,25.12438011,25.12438011,0,0,0,0
1782621649,181.9841309,5460,0,218,1,0.205373228,0,0,5,11840,0,84,0,730,713,769,757,89,89,89,89,89,89,89,89,110,22.56066895,22.56066895,25.12438011,25.12438011,0,0,0,0
1782621649,182.0380249,5461,0,219,1,0.24026297,0,0,5,11912,0,87,0,728,710,767,754,89,89,89,89,89,89,89,89,110,22.56066895,22.56066895,25.12438011,25.12438011,0,0,0,0
1782621649,182.090332,5463,0,219,1,0.266240984,0,0,5,11963,0,89,0,727,707,766,751,89,89,89,89,89,89,89,89,110,22.56066895,22.56066895,25.12438011,25.12438011,0,0,0,0
1782621649,182.1436768,5464,0,219,1,0.291900426,0,0,5,12018,0,92,0,726,704,765,749,89,89,89,89,89,89,89,89,110,22.56066895,22.56066895,25.12438011,25.12438011,0,0,0,0
1782621649,182.1851807,5466,0,219,1,0.307499349,0,0,5,12048,0,93,0,725,702,764,747,89,89,89,89,89,89,89,89,110,22.56066895,22.56066895,25.12438011,25.12438011,0,0,0,0
1782621649,182.2412567,5467,0,220,1,0.220520422,0,0,5,12075,0,94,0,724,699,763,744,89,89,89,89,89,89,89,89,110,22.56066895,22.56066895,25.12438011,25.12438011,0,0,0,0
1782621649,182.2824554,5469,0,220,1,0.180718601,0,0,5,12078,0,94,0,724,697,762,743,89,89,89,89,89,89,89,89,110,22.56066895,22.56066895,25.12438011,25.12438011,0,0,0,0
1782621650,182.3374329,5470,0,220,1,0.107807361,0,0,5,12059,0,94,0,723,693,761,739,89,89,89,89,89,89,89,89,110,22.56066895,22.56066895,25.12438011,25.12438011,0,0,0,0
1782621650,182.3899231,5472,0,221,1,0.03913334,0,0,5,12032,0,92,0,723,691,761,737,89,89,89,89,89,89,89,89,110,22.56066895,22.56066895,25.12438011,25.12438011,0,0,0,0
1782621650,182.4410248,5473,0,221,1,-0.039749231,0,0,5,12001,0,91,0,722,688,760,735,89,89,89,89,89,89,89,89,110,22.56066895,22.56066895,25.12438011,25.12438011,0,0,0,0
1782621650,182.4920654,5475,0,222,0,-0.110721104,0,0,5,11672,0,77,0,719,685,757,732,89,89,89,89,89,89,89,89,110,22.56066895,22.56066895,25.12438011,25.12438011,0,0,0,0
1782621650,182.5438385,5476,0,222,0,-0.135014191,0,0,5,11596,0,74,0,717,683,755,730,89,89,89,89,89,89,89,89,110,22.56066895,22.56066895,25.12438011,25.12438011,0,0,0,0
1782621650,182.5835114,5478,0,221,0,-0.152100921,0,0,5,11553,0,72,0,715,682,753,729,89,89,89,89,89,89,89,89,110,22.56066895,22.56066895,25.12438011,25.12438011,0,0,0,0
1782621650,182.6348572,5480,0,220,0,-0.17920211,0,0,5,11484,0,69,0,712,682,751,729,89,89,89,89,89,89,89,89,110,22.56066895,22.56066895,25.12438011,25.12438011,0,0,0,0
1782621650,182.6853638,5482,0,217,0,-0.215977117,0,0,5,11382,0,64,0,708,681,748,727,89,89,89,89,89,89,89,89,110,22.56066895,22.56066895,25.12438011,25.12438011,0,0,0,0
1782621650,182.7377319,5483,0,216,0,-0.243524805,0,0,5,11298,0,61,0,706,679,745,726,89,89,89,89,89,89,89,89,110,22.56066895,22.56066895,25.12438011,25.12438011,0,0,0,0
1782621650,182.7929077,5485,0,214,0,-0.270845443,0,0,5,11209,0,58,0,703,678,743,724,89,89,89,89,89,89,89,89,110,22.56066895,22.56066895,25.12438011,25.12438011,0,0,0,0
1782621650,182.8356018,5486,0,212,0,-0.297953576,0,0,5,11113,0,54,0,700,676,741,722,89,89,89,89,89,89,89,89,110,22.56066895,22.56066895,25.12438011,25.12438011,0,0,0,0
1782621650,182.8910065,5488,0,210,0,-0.324751884,0,0,5,11014,0,51,0,698,674,738,721,89,89,89,89,89,89,89,89,110,22.56066895,22.56066895,25.12438011,25.12438011,0,0,0,0
1782621650,182.9311371,5489,0,209,0,-0.342240155,0,0,5,10948,0,48,0,696,672,737,719,89,89,89,89,89,89,89,89,110,22.56066895,22.56066895,25.12438011,25.12438011,0,0,0,0
1782621650,182.9844971,5492,0,207,0,-0.367818207,0,0,5,10848,0,45,0,694,669,734,717,89,89,89,89,89,89,89,89,110,22.56066895,22.56066895,25.12438011,25.12438011,0,0,0,0
1782621650,183.0386963,5493,0,204,0,-0.400705069,0,0,5,10711,0,40,0,690,666,731,714,89,89,89,89,89,89,89,89,110,22.56066895,22.56066895,25.12438011,25.12438011,0,0,0,0
1782621650,183.0915222,5495,0,202,0,-0.42450875,0,0,5,10605,0,36,0,688,664,729,712,89,89,89,89,89,89,89,89,110,22.56066895,22.56066895,25.12438011,25.12438011,0,0,0,0
1782621650,183.1442871,5496,0,200,0,-0.447594434,0,0,5,10497,0,31,0,685,661,727,710,89,89,89,89,89,89,89,89,110,22.56066895,22.56066895,25.12438011,25.12438011,0,0,0,0
1782621650,183.1837158,5498,0,199,0,-0.462603807,0,0,5,10424,0,28,0,683,660,726,708,89,89,89,89,89,89,89,89,110,22.56066895,22.56066895,25.12438011,25.12438011,0,0,0,0
1782621650,183.2354584,5499,0,196,0.086274512,-0.491751462,0,0,5,10296,0,22,0,680,657,723,705,89,89,89,89,89,89,89,89,110,22.56066895,22.56066895,25.12438011,25.12438011,0,0,0,0
1782621650,183.2873993,5501,0,195,0.725490212,-0.498597622,0,0,5,10617,0,36,0,678,654,721,703,89,89,89,89,89,89,89,89,110,22.56066895,22.56066895,25.12438011,25.12438011,0,0,0,0
1782621651,183.3393402,5502,0,195,1,-0.497226745,0,0,5,10883,0,46,0,675,652,718,701,89,89,89,89,89,89,89,89,110,22.56066895,22.56066895,25.12438011,25.12438011,0,0,0,0
1782621651,183.3929138,5504,0,196,1,-0.447837919,0,0,5,10894,0,47,0,673,650,716,699,89,89,89,89,89,89,89,89,110,22.56066895,22.56066895,25.12438011,25.12438011,0,0,0,0
1782621651,183.4337006,5505,0,196,1,-0.399123639,0,0,5,10902,0,47,0,671,648,715,698,89,89,89,89,89,89,89,89,110,22.56066895,22.56066895,25.12438011,25.12438011,0,0,0,0
1782621651,183.4880676,5507,0,197,1,-0.29661113,0,0,5,10959,0,49,0,668,645,712,695,89,89,89,89,89,89,89,89,110,22.56066895,22.56066895,25.12438011,25.12438011,0,0,0,0
1782621651,183.5417023,5508,0,198,1,-0.325104833,0,0,5,10998,0,50,0,666,643,710,693,89,89,89,89,89,89,89,89,110,22.56066895,22.56066895,25.12438011,25.12438011,0,0,0,0
1782621651,183.5944977,5510,0,198,1,-0.352266848,0,0,5,11028,0,51,0,663,640,708,691,89,89,89,89,89,89,89,89,110,22.56066895,22.56066895,25.12438011,25.12438011,0,0,0,0
1782621651,183.6345215,5511,0,199,1,-0.369685799,0,0,5,11050,0,52,0,662,639,706,689,89,89,89,89,89,89,89,89,110,22.56066895,22.56066895,25.12438011,25.12438011,0,0,0,0
1782621651,183.6867676,5513,0,200,1,-0.402922034,0,0,5,11099,0,54,0,659,636,703,687,89,89,89,89,89,89,89,89,110,22.56066895,22.56066895,25.12438011,25.12438011,0,0,0,0
1782621651,183.7368164,5514,0,200,1,-0.425834924,0,0,5,11158,0,56,0,656,633,701,685,89,89,89,89,89,89,89,89,110,22.56066895,22.56066895,25.12438011,25.12438011,0,0,0,1
1782621651,183.7884369,5516,0,201,1,-0.336519063,0,0,5,11250,0,59,0,654,631,699,682,89,89,89,89,89,89,89,89,110,22.56066895,22.56066895,25.12438011,25.12438011,0,1,0,1
1782621651,183.8412933,5517,0,201,1,-0.247504562,0,0,5,11183,0,57,0,651,629,697,680,89,89,89,89,89,89,89,89,110,22.56066895,22.56066895,25.12438011,25.12438011,0,1,0,1
1782621651,183.8927155,5519,0,202,1,-0.158834428,0,0,5,11214,0,58,0,649,627,695,678,89,89,89,89,89,89,89,89,110,22.56066895,22.56066895,25.12438011,25.12438011,0,1,0,1
1782621651,183.943222,5520,0,203,1,-0.082038485,0,0,5,11213,0,58,0,647,626,693,677,89,89,89,89,89,89,89,89,110,22.56066895,22.56066895,25.12438011,25.12438011,0,1,0,1
1782621651,183.9830475,5522,0,204,1,-0.040783044,0,0,5,11153,0,56,0,645,626,691,677,89,89,89,89,89,89,89,89,110,22.56066895,22.56066895,25.12438011,25.12438011,0,1,0,1
1782621651,184.0366974,5523,0,206,1,0,0,0,5,11145,0,55,0,642,625,689,676,89,89,89,89,89,89,89,89,110,22.56066895,22.56066895,25.12438011,25.12438011,0,1,0,0
1782621651,184.0886383,5525,0,207,1,0.015731236,0,0,5,11233,0,59,0,640,622,686,674,89,89,89,89,89,89,89,89,110,22.56066895,22.56066895,25.12438011,25.12438011,0,0,0,0
1782621651,184.1405945,5526,0,209,1,0.069984064,0,0,5,11317,0,62,0,637,620,684,672,89,89,89,89,89,89,89,89,110,22.56066895,22.56066895,25.12438011,25.12438011,0,0,0,0
1782621651,184.1930695,5528,0,210,1,0.103213102,0,0,5,11396,0,64,0,635,618,682,669,89,89,89,89,89,89,89,89,110,22.56066895,22.56066895,25.12438011,25.12438011,0,0,0,0
1782621651,184.2334442,5529,0,211,1,0.123726338,0,0,5,11447,0,68,0,633,616,681,668,89,89,89,89,89,89,89,89,110,22.56066895,22.56066895,25.12438011,25.12438011,0,0,0,0
1782621651,184.2878876,5531,0,213,1,0.16176711,0,0,5,11532,0,71,0,631,613,679,665,89,89,89,89,89,89,89,89,110,22.56066895,22.56066895,25.12438011,25.12438011,0,0,0,0
1782621652,184.3398895,5532,0,214,1,0.189626142,0,0,5,11589,0,74,0,630,611,678,663,89,89,89,89,89,89,89,89,110,22.56066895,22.56066895,25.12438011,25.12438011,0,0,0,0
1782621652,184.3799286,5534,0,215,1,0.150495097,0,0,5,11627,0,75,0,631,609,678,662,89,89,89,89,89,89,89,89,110,22.56066895,22.56066895,25.12438011,25.12438011,0,0,0,0
1782621652,184.4354401,5536,0,216,1,0.078068793,0,0,5,11698,0,78,0,631,606,678,659,89,89,89,89,89,89,89,89,110,22.56066895,22.56066895,25.12438011,25.12438011,0,0,0,0
1782621652,184.4916534,5538,0,217,1,0.031116258,0,0,5,11744,0,80,0,631,604,677,657,89,89,89,89,89,89,89,89,110,22.56066895,22.56066895,25.12438011,25.12438011,0,0,0,0
1782621652,184.5337982,5539,0,218,1,0.002418277,0,0,5,11754,0,81,0,631,602,677,655,89,89,89,89,89,89,89,89,110,22.56066895,22.56066895,25.12438011,25.12438011,0,0,0,0
1782621652,184.5866699,5541,0,219,1,0,0,0,5,11830,0,84,0,628,599,674,653,89,89,89,89,89,89,89,89,110,22.56066895,22.56066895,25.12438011,25.12438011,0,0,0,0
1782621652,184.6371002,5542,0,221,1,0,0,0,5,11899,0,87,0,626,597,672,651,89,89,89,89,89,89,89,89,110,22.56066895,22.56066895,25.12438011,25.12438011,0,0,0,0
1782621652,184.6883392,5544,0,222,1,0,0,0,5,11964,0,90,0,623,595,670,649,89,89,89,89,89,89,89,89,110,22.56066895,22.56066895,25.12438011,25.12438011,0,0,0,0
1782621652,184.7389526,5545,0,224,1,-0.024406174,0,0,5,12040,0,93,0,621,593,668,646,89,89,89,89,89,89,89,89,110,22.56066895,22.56066895,25.12438011,25.12438011,0,0,0,0
1782621652,184.7909241,5547,0,225,1,-0.054913241,0,0,6,10748,0,41,0,618,590,665,644,89,89,89,89,89,89,89,89,110,22.56066895,22.56066895,25.12438011,25.12438011,0,0,0,0
1782621652,184.84375,5548,0,227,1,-0.080782987,0,0,6,10564,0,35,0,616,588,663,642,89,89,89,89,89,89,89,89,110,22.56066895,22.56066895,25.12438011,25.12438011,0,0,0,0
1782621652,184.896225,5550,0,228,1,-0.051986694,0,0,6,10632,0,37,0,614,586,661,641,89,89,89,89,89,89,89,89,110,22.56066895,22.56066895,25.12438011,25.12438011,0,0,0,0
1782621652,184.9345093,5551,0,229,1,-0.022460718,0,0,6,10662,0,38,0,612,586,660,640,89,89,89,89,89,89,89,89,110,22.56066895,22.56066895,25.12438011,25.12438011,0,0,0,0
1782621652,184.9886169,5553,0,231,1,0,0,0,6,10745,0,41,0,609,584,657,638,89,89,89,89,89,89,89,89,110,22.56066895,22.56066895,25.12438011,25.12438011,0,0,0,0
1782621652,185.0314026,5554,0,232,1,0,0,0,6,10790,0,43,0,607,583,655,637,89,89,89,89,89,89,89,89,110,22.56066895,22.56066895,25.12438011,25.12438011,0,0,0,0
1782621652,185.0860138,5556,0,233,1,-0.017665932,0,0,6,10875,0,46,0,604,579,652,634,89,89,89,89,89,89,89,89,110,22.56066895,22.56066895,25.12438011,25.12438011,0,0,0,0
1782621652,185.1387329,5557,0,235,1,-0.043322664,0,0,6,10933,0,48,0,602,577,650,632,89,89,89,89,89,89,89,89,110,22.56066895,22.56066895,25.12438011,25.12438011,0,0,0,0
1782621652,185.1920929,5559,0,236,1,-0.074141517,0,0,6,10989,0,50,0,599,575,648,630,89,89,89,89,89,89,89,89,110,22.56066895,22.56066895,25.12438011,25.12438011,0,0,0,0
1782621652,185.2346802,5560,0,237,1,-0.078140453,0,0,6,11027,0,51,0,598,573,647,628,89,89,89,89,89,89,89,89,110,22.56066895,22.56066895,25.12438011,25.12438011,0,0,0,0
1782621652,185.2919159,5562,0,238,1,-0.019221539,0,0,6,11084,0,53,0,594,573,644,627,89,89,89,89,89,89,89,89,110,22.56066895,22.56066895,25.12438011,25.12438011,0,0,0,0
1782621653,185.3446655,5563,0,239,1,-4.28E-11,0,0,6,11143,0,55,0,592,572,642,626,89,89,89,89,89,89,89,89,110,22.56066895,22.56066895,25.12438011,25.12438011,0,0,0,0
1782621653,185.3952942,5565,0,241,1,0,0,0,6,11201,0,57,0,590,569,639,624,89,89,89,89,89,89,89,89,110,22.56066895,22.56066895,25.12438011,25.12438011,0,0,0,0
1782621653,185.4456024,5566,0,242,1,0,0,0,6,11255,0,59,0,587,567,637,622,89,89,89,89,89,89,89,89,110,22.56066895,22.56066895,25.12438011,25.12438011,0,0,0,0
1782621653,185.484436,5568,0,243,1,0.020774391,0,0,6,11294,0,61,0,586,565,636,620,89,89,89,89,89,89,89,89,110,22.56066895,22.56066895,25.12438011,25.12438011,0,0,0,0
1782621653,185.537796,5569,0,244,1,0.054807529,0,0,6,11350,0,63,0,583,562,633,618,89,89,89,89,89,89,89,89,110,22.56066895,22.56066895,25.12438011,25.12438011,0,0,0,0
1782621653,185.5895081,5571,0,246,1,0.015030358,0,0,6,11392,0,64,0,581,560,631,616,89,89,89,89,89,89,89,89,110,22.56066895,22.56066895,25.12438011,25.12438011,0,0,0,0
1782621653,185.6401825,5572,0,247,1,0,0,0,6,11444,0,67,0,579,558,630,613,89,89,89,89,89,89,89,89,110,22.56066895,22.56066895,25.12438011,25.12438011,0,0,0,0
1782621653,185.6920624,5574,0,248,1,0,0,0,6,11499,0,70,0,576,556,627,611,89,89,89,89,89,89,89,89,110,22.56066895,22.56066895,25.12438011,25.12438011,0,0,0,0
1782621653,185.7437897,5575,0,249,1,0,0,0,6,11553,0,72,0,574,553,625,609,89,89,89,89,89,89,89,89,110,22.56066895,22.56066895,25.12438011,25.12438011,0,0,0,0
1782621653,185.7961578,5577,0,250,1,0,0,0,6,11602,0,74,0,572,551,623,607,89,89,89,89,89,89,89,89,110,22.56066895,22.56066895,25.12438011,25.12438011,0,0,0,0
1782621653,185.83638,5578,0,251,1,0,0,0,6,11651,0,76,0,569,549,621,605,89,89,89,89,89,89,89,89,110,22.56066895,22.56066895,25.12438011,25.12438011,0,0,0,0
1782621653,185.8911896,5580,0,252,1,0,0,0,6,11701,0,78,0,567,546,619,603,89,89,89,89,89,89,89,89,110,22.56066895,22.56066895,25.12438011,25.12438011,0,0,0,0
1782621653,185.9427795,5581,0,254,1,0,0,0,6,11750,0,80,0,565,544,617,601,89,89,89,89,89,89,89,89,110,22.56066895,22.56066895,25.12438011,25.12438011,0,0,0,0
1782621653,185.9920807,5583,0,255,1,-0.02475806,0,0,6,11797,0,82,0,562,542,615,599,89,89,89,89,89,89,89,89,110,22.56066895,22.56066895,25.12438011,25.12438011,0,0,0,0
1782621653,186.0434418,5584,0,256,1,-0.00595736,0,0,6,11843,0,84,0,560,540,612,597,89,89,89,89,89,89,89,89,110,22.56066895,22.56066895,25.12438011,25.12438011,0,0,0,0
1782621653,186.0933228,5586,0,257,1,0,0,0,7,10847,0,45,0,558,537,610,595,89,89,89,89,89,89,89,89,110,22.56066895,22.56066895,25.12438011,25.12438011,0,0,0,0
1782621653,186.142334,5587,0,258,1,0,0,0,7,10376,0,26,0,555,535,608,593,89,89,89,89,89,89,89,89,110,22.56066895,22.56066895,25.12438011,25.12438011,0,0,0,0
1782621653,186.1925964,5589,0,259,1,0,0,0,7,10412,0,27,0,553,533,606,591,89,89,89,89,89,89,89,89,110,22.56066895,22.56066895,25.12438011,25.12438011,0,0,0,0
1782621653,186.2435608,5590,0,260,1,0,0,0,7,10449,0,29,0,551,531,604,589,89,89,89,89,89,89,89,89,110,22.56066895,22.56066895,25.12438011,25.12438011,0,0,0,0
1782621653,186.2937469,5592,0,261,1,0,0,0,7,10489,0,31,0,548,529,602,586,89,89,89,89,89,89,89,89,110,22.56066895,22.56066895,25.12438011,25.12438011,0,0,0,0
1782621654,186.3429871,5593,0,262,1,0,0,0,7,10530,0,34,0,546,526,600,584,89,89,89,89,89,89,89,89,110,22.56066895,22.56066895,25.12438011,25.12438011,0,0,0,0
1782621654,186.3937378,5595,0,263,1,0,0,0,7,10568,0,35,0,544,524,598,582,89,89,89,89,89,89,89,89,110,22.56066895,22.56066895,25.12438011,25.12438011,0,0,0,0
1782621654,186.4331512,5596,0,264,1,0,0,0,7,10592,0,36,0,542,523,596,581,89,89,89,89,89,89,89,89,110,22.56066895,22.56066895,25.12438011,25.12438011,0,0,0,0
1782621654,186.4855652,5598,0,265,1,0,0,0,7,10640,0,38,0,539,520,593,578,89,89,89,89,89,89,89,89,110,22.56066895,22.56066895,25.12438011,25.12438011,0,0,0,0
1782621654,186.5373993,5599,0,266,1,0,0,0,7,10678,0,39,0,537,518,591,576,89,89,89,89,89,89,89,89,110,22.56066895,22.56066895,25.12438011,25.12438011,0,0,0,0
1782621654,186.589325,5601,0,267,1,0,0,0,7,10714,0,40,0,535,515,589,574,89,89,89,89,89,89,89,89,110,22.56066895,22.56066895,25.12438011,25.12438011,0,0,0,0
1782621654,186.6300049,5602,0,267,1,0,0,0,7,10738,0,41,0,533,514,588,573,89,89,89,89,89,89,89,89,110,22.56066895,22.56066895,25.12438011,25.12438011,0,0,0,0
1782621654,186.6863403,5604,0,268,1,0,0,0,7,10784,0,43,0,530,511,585,570,89,89,89,89,89,89,89,89,110,22.56066895,22.56066895,25.12438011,25.12438011,0,0,0,0
1782621654,186.7413788,5605,0,269,1,0,0,0,7,10819,0,44,0,528,509,583,568,89,89,89,89,89,89,89,89,110,22.56066895,22.56066895,25.12438011,25.12438011,0,0,0,0
1782621654,186.7940826,5607,0,270,1,0,0,0,7,10857,0,45,0,526,507,581,566,89,89,89,89,89,89,89,89,110,22.56066895,22.56066895,25.12438011,25.12438011,0,0,0,0
1782621654,186.8454132,5608,0,271,1,0,0,0,7,10893,0,46,0,523,505,579,564,89,89,89,89,89,89,89,89,110,22.56066895,22.56066895,25.12438011,25.12438011,0,0,0,0
1782621654,186.884079,5610,0,272,1,0,0,0,7,10915,0,47,0,522,503,577,563,89,89,89,89,89,89,89,89,110,22.56066895,22.56066895,25.12438011,25.12438011,0,0,0,0
1782621654,186.9355621,5611,0,273,1,0,0,0,7,10954,0,49,0,519,500,575,560,89,89,89,89,89,89,89,89,110,22.56066895,22.56066895,25.12438011,25.12438011,0,0,0,0
1782621654,186.9853973,5613,0,274,1,0,0,0,7,10983,0,50,0,517,498,573,558,89,89,89,89,89,89,89,89,110,22.56066895,22.56066895,25.12438011,25.12438011,0,0,0,0
1782621654,187.0355682,5614,0,275,1,0,0,0,7,11019,0,51,0,515,496,570,556,89,89,89,89,89,89,89,89,110,22.56066895,22.56066895,25.12438011,25.12438011,0,0,0,0
1782621654,187.0870819,5616,0,275,1,0,0,0,7,11056,0,52,0,512,494,568,554,89,89,89,89,89,89,89,89,110,22.56066895,22.56066895,25.12438011,25.12438011,0,0,0,0
1782621654,187.1403503,5617,0,276,1,0,0,0,7,11093,0,54,0,510,492,566,552,89,89,89,89,89,89,89,89,110,22.56066895,22.56066895,25.12438011,25.12438011,0,0,0,0
1782621654,187.1933289,5619,0,277,1,0,0,0,7,11122,0,55,0,508,490,564,550,89,89,89,89,89,89,89,89,110,22.56066895,22.56066895,25.12438011,25.12438011,0,0,0,0
1782621654,187.2315979,5620,0,278,1,0,0,0,7,11140,0,55,0,507,488,563,549,89,89,89,89,89,89,89,89,110,22.56066895,22.56066895,25.12438011,25.12438011,0,0,0,0
1782621654,187.2831421,5622,0,278,1,0,0,0,7,11168,0,56,0,504,486,561,547,89,89,89,89,89,89,89,89,110,22.56066895,22.56066895,25.12438011,25.12438011,0,0,0,0
1782621655,187.3338623,5624,0,279,1,0,0,0,7,11200,0,57,0,502,484,559,545,89,89,89,89,89,89,89,89,110,22.56066895,22.56066895,25.12438011,25.12438011,0,0,0,0
1782621655,187.3860779,5627,0,280,1,0,0,0,7,11241,0,59,0,499,481,556,542,89,89,89,89,89,89,89,89,110,22.56066895,22.56066895,25.12438011,25.12438011,0,0,0,0
1782621655,187.4389954,5628,0,281,1,0,0,0,7,11268,0,60,0,497,479,554,540,89,89,89,89,89,89,89,89,110,22.56066895,22.56066895,25.12438011,25.12438011,0,0,0,0
1782621655,187.4909515,5630,0,282,1,0,0,0,7,11298,0,61,0,495,477,552,538,89,89,89,89,89,89,89,89,110,22.56066895,22.56066895,25.12438011,25.12438011,0,0,0,0
1782621655,187.5426788,5631,0,282,1,0,0,0,7,11327,0,62,0,493,475,550,536,89,89,89,89,89,89,89,89,110,22.56066895,22.56066895,25.12438011,25.12438011,0,0,0,0
1782621655,187.5816498,5633,0,283,1,0,0,0,7,11345,0,63,0,491,474,549,535,89,89,89,89,89,89,89,89,110,22.56066895,22.56066895,25.12438011,25.12438011,0,0,0,0
1782621655,187.6348114,5635,0,284,1,0,0,0,7,11373,0,64,0,489,472,547,533,89,89,89,89,89,89,89,89,110,22.56066895,22.56066895,25.12438011,25.12438011,0,0,0,0
1782621655,187.6881256,5637,0,285,1,0,0,0,7,11413,0,66,0,486,469,544,530,89,89,89,89,89,89,89,89,110,22.56066895,22.56066895,25.12438011,25.12438011,0,0,0,0
1782621655,187.7388916,5638,0,285,1,0,0,0,7,11442,0,67,0,484,467,542,529,89,89,89,89,89,89,89,89,110,22.56066895,22.56066895,25.12438011,25.12438011,0,0,0,0
1782621655,187.7902985,5640,0,286,1,0,0,0,7,11467,0,68,0,482,465,540,527,89,89,89,89,89,89,89,89,110,22.56066895,22.56066895,25.12438011,25.12438011,0,0,0,0
1782621655,187.8301697,5641,0,286,1,0,0,0,7,11480,0,69,0,481,464,539,525,89,89,89,89,89,89,89,89,110,22.56066895,22.56066895,25.12438011,25.12438011,0,0,0,0
1782621655,187.8835144,5643,0,287,1,0,0,0,7,11504,0,70,0,479,462,537,523,89,89,89,89,89,89,89,89,110,22.56066895,22.56066895,25.12438011,25.12438011,0,0,0,0
1782621655,187.9469757,5644,0,288,1,0,0,0,7,11541,0,72,0,476,459,534,521,89,89,89,89,89,89,89,89,110,22.56066895,22.56066895,25.12438011,25.12438011,0,0,0,0
1782621655,187.9962463,5646,0,289,1,0,0,0,7,11571,0,73,0,474,457,532,519,89,89,89,89,89,89,89,89,110,22.56066895,22.56066895,25.12438011,25.12438011,0,0,0,0
1782621655,188.0342712,5647,0,289,1,0,0,0,7,11589,0,74,0,473,456,531,518,89,89,89,89,89,89,89,89,110,22.56066895,22.56066895,25.12438011,25.12438011,0,0,0,0
1782621655,188.0867767,5649,0,290,1,0,0,0,7,11618,0,75,0,470,453,529,515,89,89,89,89,89,89,89,89,110,22.56066895,22.56066895,25.12438011,25.12438011,0,0,0,0
1782621655,188.1394043,5650,0,291,1,0,0,0,7,11641,0,76,0,468,451,527,513,89,89,89,89,89,89,89,89,110,22.56066895,22.56066895,25.12438011,25.12438011,0,0,0,0
1782621655,188.1906128,5652,0,291,1,0,0,0,7,11665,0,77,0,466,449,525,511,89,89,89,89,89,89,89,89,110,22.56066895,22.56066895,25.12438011,25.12438011,0,0,0,0
1782621655,188.2304688,5653,0,292,1,0,0,0,7,11681,0,77,0,464,448,523,510,89,89,89,89,89,89,89,89,110,22.56066895,22.56066895,25.12438011,25.12438011,0,0,0,0
1782621655,188.2848969,5655,0,292,1,0,0,0,7,11707,0,79,0,462,446,521,508,89,89,89,89,89,89,89,89,110,22.56066895,22.56066895,25.12438011,25.12438011,0,0,0,0
1782621656,188.3378296,5656,0,293,1,0,0,0,7,11738,0,80,0,460,443,519,506,89,89,89,89,89,89,89,89,110,22.56066895,22.56066895,25.12438011,25.12438011,0,0,0,0
1782621656,188.3891602,5658,0,293,1,0,0,0,8,10739,0,41,0,458,441,517,504,89,89,89,89,89,89,89,89,110,22.56066895,22.56066895,25.12438011,25.12438011,0,0,0,0
1782621656,188.4409332,5659,0,294,1,0,0,0,8,10486,0,31,0,456,439,515,502,89,89,89,89,89,89,89,89,110,22.56066895,22.56066895,25.12438011,25.12438011,0,0,0,0
1782621656,188.4811707,5661,0,295,1,0,0,0,8,10500,0,33,0,454,438,514,501,89,89,89,89,89,89,89,89,110,22.56066895,22.56066895,25.12438011,25.12438011,0,0,0,0
1782621656,188.5353241,5663,0,295,1,0,0,0,8,10520,0,33,0,452,436,512,499,89,89,89,89,89,89,89,89,110,22.56066895,22.56066895,25.12438011,25.12438011,0,0,0,0
1782621656,188.5890656,5665,0,296,1,0.015900975,0,0,8,10544,0,34,0,450,433,509,497,89,89,89,89,89,89,89,89,110,22.56066895,22.56066895,25.12438011,25.12438011,0,0,0,0
1782621656,188.6292419,5666,0,296,1,0.009698064,0,0,8,10557,0,35,0,448,432,508,495,89,89,89,89,89,89,89,89,110,22.56066895,22.56066895,25.12438011,25.12438011,0,0,0,0
1782621656,188.6843872,5668,0,297,1,0,0,0,8,10577,0,35,0,446,430,506,494,89,89,89,89,89,89,89,89,110,22.56066895,22.56066895,25.12438011,25.12438011,0,0,0,0
1782621656,188.7389984,5669,0,298,1,0,0,0,8,10603,0,36,0,444,428,504,491,89,89,89,89,89,89,89,89,110,22.56066895,22.56066895,25.12438011,25.12438011,0,0,0,0
1782621656,188.7899933,5671,0,298,1,0,0,0,8,10621,0,37,0,442,426,502,489,89,89,89,89,89,89,89,89,110,22.56066895,22.56066895,25.12438011,25.12438011,0,0,0,0
1782621656,188.8299713,5672,0,298,1,0,0,0,8,10632,0,37,0,440,425,501,488,89,89,89,89,89,89,89,89,110,22.56066895,22.56066895,25.12438011,25.12438011,0,0,0,0
1782621656,188.8853455,5674,0,299,1,0,0,0,8,10649,0,38,0,438,423,499,486,89,89,89,89,89,89,89,89,110,22.56066895,22.56066895,25.12438011,25.12438011,0,0,0,0
1782621656,188.9374237,5675,0,300,1,0,0,0,8,10675,0,39,0,436,420,496,484,89,89,89,89,89,89,89,89,110,22.56066895,22.56066895,25.12438011,25.12438011,0,0,0,0
1782621656,188.9889984,5677,0,300,1,0,0,0,8,10696,0,39,0,434,418,495,482,89,89,89,89,89,89,89,89,110,22.56066895,22.56066895,25.12438011,25.12438011,0,0,0,0
1782621656,189.0420532,5678,0,301,1,0,0,0,8,10712,0,40,0,432,417,493,480,89,89,89,89,89,89,89,89,110,22.56066895,22.56066895,25.12438011,25.12438011,0,0,0,0
1782621656,189.0936432,5680,0,301,1,0,0,0,8,10727,0,41,0,430,415,491,479,89,89,89,89,89,89,89,89,110,22.56066895,22.56066895,25.12438011,25.12438011,0,0,0,0
1782621656,189.1433563,5681,0,302,1,0,0,0,8,10743,0,41,0,428,413,489,477,89,89,89,89,89,89,89,89,110,22.56066895,22.56066895,25.12438011,25.12438011,0,0,0,0
1782621656,189.193573,5683,0,302,1,0,0,0,8,10761,0,42,0,426,411,487,475,89,89,89,89,89,89,89,89,110,22.56066895,22.56066895,25.12438011,25.12438011,0,0,0,0
1782621656,189.2443695,5684,0,303,1,0,0,0,8,10777,0,42,0,425,409,485,473,89,89,89,89,89,89,89,89,110,22.56066895,22.56066895,25.12438011,25.12438011,0,0,0,0
1782621656,189.2958221,5686,0,303,1,0,0,0,8,10793,0,43,0,423,408,484,471,89,89,89,89,89,89,89,89,110,22.56066895,22.56066895,25.12438011,25.12438011,0,0,0,0
1782621657,189.3361206,5687,0,304,1,0,0,0,8,10810,0,44,0,421,406,482,470,89,89,89,89,89,89,89,89,110,22.56066895,22.56066895,25.12438011,25.12438011,0,0,0,0
1782621657,189.3898926,5689,0,304,1,0,0,0,8,10829,0,44,0,419,404,480,468,89,89,89,89,89,89,89,89,110,22.56066895,22.56066895,25.12438011,25.12438011,0,0,0,0
1782621657,189.4404144,5690,0,304,1,0,0,0,8,10844,0,45,0,417,402,478,466,89,89,89,89,89,89,89,89,110,22.56066895,22.56066895,25.12438011,25.12438011,0,0,0,0
1782621657,189.491272,5692,0,305,1,0,0,0,8,10858,0,45,0,415,400,476,465,89,89,89,89,89,89,89,89,110,22.56066895,22.56066895,25.12438011,25.12438011,0,0,0,0
1782621657,189.5425262,5693,0,305,1,0,0,0,8,10873,0,46,0,413,399,475,463,89,89,89,89,89,89,89,89,110,22.56066895,22.56066895,25.12438011,25.12438011,0,0,0,0
1782621657,189.5939331,5695,0,306,1,0,0,0,8,10890,0,46,0,412,397,473,461,89,89,89,89,89,89,89,89,110,22.56066895,22.56066895,25.12438011,25.12438011,0,0,0,0
1782621657,189.633667,5696,0,306,1,0,0,0,8,10900,0,47,0,410,396,472,460,89,89,89,89,89,89,89,89,110,22.56066895,22.56066895,25.12438011,25.12438011,0,0,0,0
1782621657,189.6864929,5698,0,307,1,0,0,0,8,10920,0,47,0,408,393,469,458,89,89,89,89,89,89,89,89,110,22.56066895,22.56066895,25.12438011,25.12438011,0,0,0,0
1782621657,189.7374115,5699,0,307,1,0,0,0,8,10935,0,48,0,406,392,468,456,89,89,89,89,89,89,89,89,110,22.56066895,22.56066895,25.12438011,25.12438011,0,0,0,0
1782621657,189.7879791,5701,0,308,1,0,0,0,8,10950,0,49,0,404,390,466,454,89,89,89,89,89,89,89,89,110,22.56066895,22.56066895,25.12438011,25.12438011,0,0,0,0
1782621657,189.8387299,5702,0,308,1,0,0,0,8,10964,0,49,0,402,388,464,453,89,89,89,89,89,89,89,89,110,22.56066895,22.56066895,25.12438011,25.12438011,0,0,0,0
1782621657,189.8905182,5704,0,308,1,0,0,0,8,10978,0,50,0,401,386,462,451,89,89,89,89,89,89,89,89,110,22.56066895,22.56066895,25.12438011,25.12438011,0,0,0,0
1782621657,189.94133,5705,0,309,1,0,0,0,8,10992,0,50,0,399,385,461,449,89,89,89,89,89,89,89,89,110,22.56066895,22.56066895,25.12438011,25.12438011,0,0,0,0
1782621657,189.9928741,5707,0,309,1,0,0,0,8,11006,0,51,0,397,383,459,448,89,89,89,89,89,89,89,89,110,22.56066895,22.56066895,25.12438011,25.12438011,0,0,0,0
1782621657,190.0447235,5708,0,310,1,0,0,0,8,11020,0,51,0,395,381,457,446,89,89,89,89,89,89,89,89,110,22.56066895,22.56066895,25.12438011,25.12438011,0,0,0,0
1782621657,190.094635,5710,0,310,1,0,0,0,8,11033,0,51,0,394,380,456,444,89,89,89,89,89,89,89,89,110,22.56066895,22.56066895,25.12438011,25.12438011,0,0,0,0
1782621657,190.1433563,5711,0,310,1,0,0,0,8,11045,0,52,0,392,378,454,443,89,89,89,89,89,89,89,89,110,22.56066895,22.56066895,25.12438011,25.12438011,0,0,0,0
1782621657,190.191864,5713,0,311,1,0,0,0,8,11056,0,52,0,390,376,452,441,89,89,89,89,89,89,89,89,110,22.56066895,22.56066895,25.12438011,25.12438011,0,0,0,0
1782621657,190.241745,5714,0,311,1,0,0,0,8,11069,0,53,0,388,375,451,439,89,89,89,89,89,89,89,89,110,22.56066895,22.56066895,25.12438011,25.12438011,0,0,0,0
1782621657,190.2942047,5716,0,311,1,0,0,0,8,11087,0,53,0,387,373,449,438,89,89,89,89,89,89,89,89,110,22.56066895,22.56066895,25.12438011,25.12438011,0,0,0,0
1782621658,190.3336792,5717,0,312,1,0,0,0,8,11096,0,54,0,386,372,448,437,89,89,89,89,89,89,89,89,110,22.56066895,22.56066895,25.12438011,25.12438011,0,0,0,0
1782621658,190.3880768,5719,0,312,1,0,0,0,8,11109,0,54,0,383,370,445,434,89,89,89,89,89,89,89,89,110,22.56066895,22.56066895,25.12438011,25.12438011,0,0,0,0
1782621658,190.4297333,5720,0,312,1,0.005002462,0,0,8,11115,0,54,0,382,369,444,433,89,89,89,89,89,89,89,89,110,22.56066895,22.56066895,25.12438011,25.12438011,0,0,0,0
1782621658,190.4863129,5722,0,313,1,0.01275936,0,0,8,11130,0,55,0,380,366,442,431,89,89,89,89,89,89,89,89,110,22.56066895,22.56066895,25.12438011,25.12438011,0,0,0,0
1782621658,190.5420227,5723,0,313,1,0.009056101,0,0,8,11144,0,55,0,378,365,441,429,89,89,89,89,89,89,89,89,110,22.56066895,22.56066895,25.12438011,25.12438011,0,0,0,0
1782621658,190.5818329,5725,0,313,1,0,0,0,8,11151,0,56,0,377,364,439,428,89,89,89,89,89,89,89,89,110,22.56066895,22.56066895,25.12438011,25.12438011,0,0,0,0
1782621658,190.6349792,5726,0,314,1,0,0,0,8,11162,0,56,0,375,362,438,427,89,89,89,89,89,89,89,89,110,22.56066895,22.56066895,25.12438011,25.12438011,0,0,0,0
1782621658,190.6875305,5728,0,314,1,0,0,0,8,11178,0,57,0,373,360,436,425,89,89,89,89,89,89,89,89,110,22.56066895,22.56066895,25.12438011,25.12438011,0,0,0,0
1782621658,190.7373352,5729,0,314,1,0,0,0,8,11189,0,57,0,372,358,434,423,89,89,89,89,89,89,89,89,110,22.56066895,22.56066895,25.12438011,25.12438011,0,0,0,0
1782621658,190.7871552,5731,0,315,1,0,0,0,8,11199,0,57,0,370,357,432,422,89,89,89,89,89,89,89,89,110,22.56066895,22.56066895,25.12438011,25.12438011,0,0,0,0
1782621658,190.8393555,5732,0,315,1,0,0,0,8,11210,0,58,0,368,355,431,420,89,89,89,89,89,89,89,89,110,22.56066895,22.56066895,25.12438011,25.12438011,0,0,0,0
1782621658,190.8922272,5734,0,315,1,0,0,0,8,11220,0,58,0,367,354,429,418,89,89,89,89,89,89,89,89,110,22.56066895,22.56066895,25.12438011,25.12438011,0,0,0,0
1782621658,190.9421844,5735,0,316,1,0,0,0,8,11230,0,58,0,365,352,427,417,89,89,89,89,89,89,89,89,110,22.56066895,22.56066895,25.12438011,25.12438011,0,0,0,0
1782621658,190.9807281,5737,0,316,1,0,0,0,8,11236,0,59,0,364,351,426,416,89,89,89,89,89,89,89,89,110,22.56066895,22.56066895,25.12438011,25.12438011,0,0,0,0
1782621658,191.0365295,5738,0,316,1,0,0,0,8,11250,0,59,0,362,349,424,414,89,89,89,89,89,89,89,89,110,22.56066895,22.56066895,25.12438011,25.12438011,0,0,0,0
1782621658,191.0799408,5740,0,316,1,0,0,0,8,11257,0,59,0,361,348,423,413,89,89,89,89,89,89,89,89,110,22.56066895,22.56066895,25.12438011,25.12438011,0,0,0,0
1782621658,191.1371918,5741,0,317,1,0,0,0,8,11270,0,60,0,359,346,421,411,89,89,89,89,89,89,89,89,110,22.56066895,22.56066895,25.12438011,25.12438011,0,0,0,0
1782621658,191.1799774,5743,0,317,1,0,0,0,8,11277,0,60,0,357,345,420,410,89,89,89,89,89,89,89,89,110,22.56066895,22.56066895,25.12438011,25.12438011,0,0,0,0
1782621658,191.2377777,5744,0,317,1,0,0,0,8,11291,0,61,0,355,343,418,408,89,89,89,89,89,89,89,89,110,22.56066895,22.56066895,25.12438011,25.12438011,0,0,0,0
1782621658,191.2804718,5746,0,318,1,0,0,0,8,11296,0,61,0,354,342,417,407,89,89,89,89,89,89,89,89,110,22.56066895,22.56066895,25.12438011,25.12438011,0,0,0,0
1782621659,191.3345184,5747,0,318,1,0,0,0,8,11303,0,61,0,353,340,415,405,89,89,89,89,89,89,89,89,110,22.56066895,22.56066895,25.12438011,25.12438011,0,0,0,0
1782621659,191.3878326,5749,0,318,1,0,0,0,8,11316,0,62,0,351,338,413,403,89,89,89,89,89,89,89,89,110,22.56066895,22.56066895,25.12438011,25.12438011,0,0,0,0
1782621659,191.4418182,5750,0,318,1,0,0,0,8,11326,0,62,0,349,337,412,401,89,89,89,89,89,89,89,89,110,22.56066895,22.56066895,25.12438011,25.12438011,0,0,0,0
1782621659,191.4815063,5752,0,319,1,0,0,0,8,11332,0,62,0,348,336,411,400,89,89,89,89,89,89,89,89,110,22.56066895,22.56066895,25.12438011,25.12438011,0,0,0,0
1782621659,191.5332489,5753,0,319,1,0,0,0,8,11340,0,62,0,346,334,409,399,89,89,89,89,89,89,89,89,110,22.56066895,22.56066895,25.12438011,25.12438011,0,0,0,0
1782621659,191.5855255,5755,0,319,1,0,0,0,8,11351,0,63,0,344,332,407,397,89,89,89,89,89,89,89,89,110,22.56066895,22.56066895,25.12438011,25.12438011,0,0,0,0
1782621659,191.6376953,5756,0,319,1,0,0,0,8,11360,0,63,0,343,331,406,396,89,89,89,89,89,89,89,89,110,22.56066895,22.56066895,25.12438011,25.12438011,0,0,0,0
1782621659,191.689621,5758,0,320,1,0,0,0,8,11368,0,63,0,341,329,404,394,89,89,89,89,89,89,89,89,110,22.56066895,22.56066895,25.12438011,25.12438011,0,0,0,0
1782621659,191.7424774,5759,0,320,1,0,0,0,8,11376,0,64,0,340,328,403,393,89,89,89,89,89,89,89,89,110,22.56066895,22.56066895,25.12438011,25.12438011,0,0,0,0
1782621659,191.7948914,5761,0,320,1,0,0,0,8,11384,0,64,0,338,326,401,391,89,89,89,89,89,89,89,89,110,22.56066895,22.56066895,25.12438011,25.12438011,0,0,0,0
1782621659,191.8332672,5762,0,320,1,0,0,0,8,11389,0,64,0,337,326,400,390,89,89,89,89,89,89,89,89,110,22.56066895,22.56066895,25.12438011,25.12438011,0,0,0,0
1782621659,191.8874817,5764,0,321,1,0,0,0,8,11399,0,64,0,335,324,398,388,89,89,89,89,89,89,89,89,110,22.56066895,22.56066895,25.12438011,25.12438011,0,0,0,0
1782621659,191.9416656,5765,0,321,1,0,0,0,8,11407,0,66,0,334,322,397,387,89,89,89,89,89,89,89,89,110,22.56066895,22.56066895,25.12438011,25.12438011,0,0,0,0
1782621659,191.9811707,5767,0,321,1,0.004941436,0,0,8,11412,0,66,0,333,321,396,386,89,89,89,89,89,89,89,89,110,22.56066895,22.56066895,25.12438011,25.12438011,0,0,0,0
1782621659,192.0336761,5768,0,321,1,0.003827599,0,0,8,11420,0,66,0,331,320,394,384,89,89,89,89,89,89,89,89,110,22.56066895,22.56066895,25.12438011,25.12438011,0,0,0,0
1782621659,192.097168,5770,0,321,1,0,0,0,8,11430,0,67,0,329,318,392,382,89,89,89,89,89,89,89,89,110,22.56066895,22.56066895,25.12438011,25.12438011,0,0,0,0
1782621659,192.1351166,5771,0,322,1,0,0,0,8,11435,0,67,0,328,317,391,381,89,89,89,89,89,89,89,89,110,22.56066895,22.56066895,25.12438011,25.12438011,0,0,0,0
1782621659,192.1855164,5773,0,322,1,0,0,0,8,11442,0,67,0,327,315,389,380,89,89,89,89,89,89,89,89,110,22.56066895,22.56066895,25.12438011,25.12438011,0,0,0,0
1782621659,192.2356567,5774,0,322,1,0,0,0,8,11447,0,68,0,325,314,388,378,89,89,89,89,89,89,89,89,110,22.56066895,22.56066895,25.12438011,25.12438011,0,0,0,0
1782621659,192.2869873,5776,0,322,1,0,0,0,8,11456,0,68,0,324,312,386,377,89,89,89,89,89,89,89,89,110,22.56066895,22.56066895,25.12438011,25.12438011,0,0,0,0
1782621660,192.3383331,5777,0,322,1,0,0,0,8,11466,0,68,0,322,311,385,375,89,89,89,89,89,89,89,89,110,22.56066895,22.56066895,25.12438011,25.12438011,0,0,0,0
1782621660,192.3899231,5779,0,323,1,0,0,0,8,11472,0,69,0,321,310,383,374,89,89,89,89,89,89,89,89,110,22.56066895,22.56066895,25.12438011,25.12438011,0,0,0,0
1782621660,192.4404602,5780,0,323,1,0,0,0,8,11475,0,69,0,319,308,382,373,89,89,89,89,89,89,89,89,110,22.56066895,22.56066895,25.12438011,25.12438011,0,0,0,0
1782621660,192.4922638,5782,0,323,1,0,0,0,8,11480,0,69,0,318,307,381,371,89,89,89,89,89,89,89,89,110,22.56066895,22.56066895,25.12438011,25.12438011,0,0,0,0
1782621660,192.5437317,5783,0,323,1,0,0,0,8,11488,0,69,0,317,305,379,370,89,89,89,89,89,89,89,89,110,22.56066895,22.56066895,25.12438011,25.12438011,0,0,0,0
1782621660,192.5938721,5785,0,323,1,0,0,0,8,11494,0,70,0,315,304,378,368,89,89,89,89,89,89,89,89,110,22.56066895,22.56066895,25.12438011,25.12438011,0,0,0,0
1782621660,192.6430206,5786,0,324,1,0,0,0,8,11500,0,70,0,314,303,376,367,89,89,89,89,89,89,89,89,110,22.56066895,22.56066895,25.12438011,25.12438011,0,0,0,0
1782621660,192.6931305,5788,0,324,1,0,0,0,8,11506,0,70,0,312,301,375,366,89,89,89,89,89,89,89,89,110,22.56066895,22.56066895,25.12438011,25.12438011,0,0,0,0
1782621660,192.7429962,5789,0,324,1,0,0,0,8,11512,0,70,0,311,300,373,364,89,89,89,89,89,89,89,89,110,22.56066895,22.56066895,25.12438011,25.12438011,0,0,0,0
1782621660,192.7915344,5791,0,324,1,0,0,0,8,11518,0,71,0,310,299,372,363,89,89,89,89,89,89,89,89,110,22.56066895,22.56066895,25.12438011,25.12438011,0,0,0,0
1782621660,192.8421326,5792,0,324,1,0,0,0,8,11523,0,71,0,308,297,371,362,89,89,89,89,89,89,89,89,110,22.56066895,22.56066895,25.12438011,25.12438011,0,0,0,0
1782621660,192.8840637,5794,0,324,1,0,0,0,8,11526,0,71,0,307,297,370,361,89,89,89,89,89,89,89,89,110,22.56066895,22.56066895,25.12438011,25.12438011,0,0,0,0
1782621660,192.9405212,5795,0,325,1,0,0,0,8,11534,0,71,0,306,295,368,359,89,89,89,89,89,89,89,89,110,22.56066895,22.56066895,25.12438011,25.12438011,0,0,0,0
1782621660,192.9934082,5797,0,325,1,0,0,0,8,11540,0,71,0,304,294,367,358,89,89,89,89,89,89,89,89,110,22.56066895,22.56066895,25.12438011,25.12438011,0,0,0,0
1782621660,193.0440521,5798,0,325,1,0,0,0,8,11545,0,72,0,303,292,365,356,89,89,89,89,89,89,89,89,110,22.56066895,22.56066895,25.12438011,25.12438011,0,0,0,0
1782621660,193.0940094,5800,0,325,1,0,0,0,8,11548,0,72,0,301,291,364,355,89,89,89,89,89,89,89,89,110,22.56066895,22.56066895,25.12438011,25.12438011,0,0,0,0
1782621660,193.1435089,5801,0,325,1,0,0,0,8,11553,0,72,0,300,290,362,354,89,89,89,89,89,89,89,89,110,22.56066895,22.56066895,25.12438011,25.12438011,0,0,0,0
1782621660,193.193512,5803,0,325,1,0,0,0,8,11560,0,72,0,299,288,361,352,89,89,89,89,89,89,89,89,110,22.56066895,22.56066895,25.12438011,25.12438011,0,0,0,0
1782621660,193.2307281,5804,0,325,1,0,0,0,8,11564,0,72,0,298,288,360,351,89,89,89,89,89,89,89,89,110,22.56066895,22.56066895,25.12438011,25.12438011,0,0,0,0
1782621660,193.2887268,5806,0,326,1,0,0,0,8,11570,0,73,0,296,286,358,350,89,89,89,89,89,89,89,89,110,22.56066895,22.56066895,25.12438011,25.12438011,0,0,0,0
1782621661,193.3326569,5807,0,326,1,0,0,0,8,11573,0,73,0,295,285,358,349,89,89,89,89,89,89,89,89,110,22.56066895,22.56066895,25.12438011,25.12438011,0,0,0,0
1782621661,193.3839722,5809,0,326,1,0,0,0,8,11578,0,73,0,294,284,356,347,89,89,89,89,89,89,89,89,110,22.56066895,22.56066895,25.12438011,25.12438011,0,0,0,0
1782621661,193.4464264,5810,0,326,1,0,0,0,8,11584,0,73,0,292,282,354,346,89,89,89,89,89,89,89,89,110,22.56066895,22.56066895,25.12438011,25.12438011,0,0,0,0
1782621661,193.4965515,5812,0,326,1,0,0,0,8,11587,0,73,0,291,281,353,344,89,89,89,89,89,89,89,89,110,22.56066895,22.56066895,25.12438011,25.12438011,0,0,0,0
1782621661,193.5368805,5813,0,326,1,0,0,0,8,11591,0,74,0,290,280,352,343,89,89,89,89,89,89,89,89,110,22.56066895,22.56066895,25.12438011,25.12438011,0,0,0,0
1782621661,193.578598,5815,0,326,1,-0.016832843,0,0,8,11595,0,74,0,289,279,351,342,89,89,89,89,89,89,89,89,110,22.56066895,22.56066895,25.12438011,25.12438011,0,0,0,0
1782621661,193.6338806,5816,0,326,1,-0.032106921,0,0,8,11600,0,74,0,288,278,350,341,89,89,89,89,89,89,89,89,110,22.56066895,22.56066895,25.12438011,25.12438011,0,0,0,0
1782621661,193.6858826,5818,0,327,1,-0.002893703,0,0,8,11602,0,74,0,286,276,348,340,89,89,89,89,89,89,89,89,110,22.56066895,22.56066895,25.12438011,25.12438011,0,0,0,0
1782621661,193.7362823,5819,0,327,1,0,0,0,8,11607,0,74,0,285,275,347,338,89,89,89,89,89,89,89,89,110,22.56066895,22.56066895,25.12438011,25.12438011,0,0,0,0
1782621661,193.7856903,5821,0,327,1,0,0,0,8,11610,0,74,0,283,274,345,337,89,89,89,89,89,89,89,89,110,22.56066895,22.56066895,25.12438011,25.12438011,0,0,0,0
1782621661,193.8388062,5822,0,327,1,0,0,0,8,11614,0,75,0,282,273,344,336,89,89,89,89,89,89,89,89,110,22.56066895,22.56066895,25.12438011,25.12438011,0,0,0,0
1782621661,193.8815613,5824,0,327,1,0,0,0,8,11616,0,75,0,281,272,343,335,89,89,89,89,89,89,89,89,110,22.56066895,22.56066895,25.12438011,25.12438011,0,0,0,0
1782621661,193.9359741,5825,0,327,1,0,0,0,8,11621,0,75,0,280,270,341,333,89,89,89,89,89,89,89,89,110,22.56066895,22.56066895,25.12438011,25.12438011,0,0,0,0
1782621661,193.9876251,5827,0,327,1,0,0,0,8,11625,0,75,0,278,269,340,332,89,89,89,89,89,89,89,89,110,22.56066895,22.56066895,25.12438011,25.12438011,0,0,0,0
1782621661,194.0401306,5828,0,327,1,0,0,0,8,11628,0,75,0,277,268,339,331,89,89,89,89,89,89,89,89,110,22.56066895,22.56066895,25.12438011,25.12438011,0,0,0,0
1782621661,194.0799866,5830,0,327,1,0,0,0,8,11631,0,75,0,276,267,338,330,89,89,89,89,89,89,89,89,110,22.56066895,22.56066895,25.12438011,25.12438011,0,0,0,0
1782621661,194.1348267,5831,0,327,1,0,0,0,8,11635,0,76,0,275,266,337,329,89,89,89,89,89,89,89,89,110,22.56066895,22.56066895,25.12438011,25.12438011,0,0,0,0
1782621661,194.189743,5833,0,328,1,0.011749139,0,0,8,11640,0,76,0,274,264,335,327,89,89,89,89,89,89,89,89,110,22.56066895,22.56066895,25.12438011,25.12438011,0,0,0,0
1782621661,194.2307587,5834,0,328,1,0.023248293,0,0,8,11642,0,76,0,273,264,334,326,89,89,89,89,89,89,89,89,110,22.56066895,22.56066895,25.12438011,25.12438011,0,0,0,0
1782621661,194.284256,5836,0,328,1,0.02414602,0,0,8,11645,0,76,0,272,263,333,325,89,89,89,89,89,89,89,89,110,22.56066895,22.56066895,25.12438011,25.12438011,0,0,0,0
1782621662,194.3345947,5837,0,328,1,1.71E-10,0,0,8,11647,0,76,0,271,261,332,324,89,89,89,89,89,89,89,89,110,22.56066895,22.56066895,25.12438011,25.12438011,0,0,0,0
1782621662,194.3957825,5840,0,327,0,0,0,0,8,11465,0,68,0,269,260,330,322,89,89,89,89,89,89,89,89,110,22.56066895,22.56066895,25.12438011,25.12438011,0,0,0,0
1782621662,194.4446411,5841,0,326,0,0,0,0,8,11412,0,66,0,268,259,329,321,89,89,89,89,89,89,89,89,110,22.56066895,22.56066895,25.12438011,25.12438011,0,0,0,0
1782621662,194.4821014,5843,0,325,0,0,0,0,8,11377,0,64,0,267,258,328,320,89,89,89,89,89,89,89,89,110,22.56066895,22.56066895,25.12438011,25.12438011,0,0,0,0
1782621662,194.5338135,5844,0,323,0,0,0,0,8,11325,0,62,0,266,257,327,319,89,89,89,89,89,89,89,89,110,22.56066895,22.56066895,25.12438011,25.12438011,0,0,0,0
1782621662,194.5961761,5846,0,321,0,0,0,0,8,11257,0,59,0,264,255,325,318,89,89,89,89,89,89,89,89,110,22.56066895,22.56066895,25.12438011,25.12438011,0,0,0,0
1782621662,194.6454315,5847,0,320,0,0,0,0,8,11207,0,58,0,263,254,324,316,89,89,89,89,89,89,89,89,110,22.56066895,22.56066895,25.12438011,25.12438011,0,0,0,0
1782621662,194.6949005,5849,0,318,0,0,0.002941192,0,8,11155,0,56,0,262,253,323,315,89,89,89,89,89,89,89,89,110,22.56066895,22.56066895,25.12438011,25.12438011,0,0,0,0
1782621662,194.745285,5850,0,316,0,0,0.170439243,0,8,11033,0,53,0,272,264,331,323,89,89,89,89,89,89,89,89,110,22.56066895,22.56066895,25.12438011,25.12438011,0,0,0,0
1782621662,194.7835388,5852,0,314,0,0,0.29233855,0,8,10939,0,48,0,283,274,339,332,89,89,89,89,89,89,89,89,110,22.56066895,22.56066895,25.12438011,25.12438011,0,0,0,0
1782621662,194.8341675,5853,0,311,0,0,0.449315071,0,8,10766,0,42,0,309,301,362,354,89,89,89,89,89,89,89,89,110,22.56066895,22.56066895,25.12438011,25.12438011,0,0,0,0
1782621662,194.8873749,5856,0,302,0,0,1,0,8,10283,0,22,0,383,376,431,424,89,89,89,89,89,89,89,89,110,22.56066895,22.56066895,25.12438011,25.12438011,0,0,0,0
1782621662,194.9294739,5857,0,298,0,0.002100148,1,0,8,10120,0,14,0,419,412,464,458,89,89,89,89,89,89,89,89,110,22.56066895,22.56066895,25.12438011,25.12438011,0,0,0,0
1782621662,194.9839172,5860,0,291,0,0.014162771,1,0,8,9880,0,3,0,468,461,511,505,89,89,89,89,89,89,89,89,110,22.56066895,22.56066895,25.12438011,25.12438011,0,0,0,0
1782621662,195.0357361,5861,0,281,0,0.049223792,1,0,8,9555,0,0,0,526,520,566,560,89,89,89,89,89,89,89,89,110,22.56066895,22.56066895,25.12438011,25.12438011,0,0,0,0
1782621662,195.0874786,5863,0,274,0,0.078953423,1,0,7,10526,0,33,0,566,560,603,597,89,89,89,89,89,89,89,89,110,22.56066895,22.56066895,25.12438011,25.12438011,0,0,0,0
1782621662,195.1405945,5864,0,268,0,0.10959395,1,0,7,10307,0,23,0,602,596,637,630,89,89,89,89,89,89,89,89,110,22.56066895,22.56066895,25.12438011,25.12438011,0,0,0,0
1782621662,195.1924438,5866,0,262,0,0.140063971,1,0,7,10044,0,11,0,634,629,668,661,89,89,89,89,89,89,89,89,110,22.56066895,22.56066895,25.12438011,25.12438011,0,0,0,0
1782621662,195.2433624,5867,0,257,0,0.170364246,0.657672286,0,7,9857,0,2,0,658,652,689,681,89,89,89,89,89,89,89,89,110,22.56066895,22.56066895,25.12438011,25.12438011,0,0,0,0
1782621662,195.282547,5869,0,255,0,0.190390095,0.192187697,0,7,9958,0,7,0,660,654,691,683,89,89,89,89,89,89,89,89,110,22.56066895,22.56066895,25.12438011,25.12438011,0,0,0,0
1782621663,195.3352661,5871,0,252,0,0.219690412,0.094611704,0,7,9892,0,4,0,660,655,691,683,89,89,89,89,89,89,89,89,110,22.56066895,22.56066895,25.12438011,25.12438011,0,0,0,0
1782621663,195.3875122,5873,0,248,0,0.257947803,0.752350271,0,7,9583,0,0,0,670,664,699,691,89,89,89,89,89,89,89,89,110,22.56066895,22.56066895,25.12438011,25.12438011,0,0,0,0
1782621663,195.4412537,5874,0,243,0,0.285928398,1,0,7,9360,0,0,0,696,690,724,716,89,89,89,89,89,89,89,89,110,22.56066895,22.56066895,25.12438011,25.12438011,0,0,0,0
1782621663,195.4840546,5876,0,240,0,0.30429107,1,0,6,10631,0,37,0,713,707,740,731,89,89,89,89,89,89,89,89,110,22.56066895,22.56066895,25.12438011,25.12438011,0,0,0,0
1782621663,195.5403442,5877,0,235,0,0.34035778,1,0,6,10403,0,27,0,743,737,768,758,89,89,89,89,89,89,89,89,110,22.56066895,22.56066895,25.12438011,25.12438011,0,0,0,0
1782621663,195.5809784,5879,0,232,0,0.357986271,1,0,6,10241,0,20,0,757,751,781,771,89,89,89,89,89,89,89,89,110,22.56066895,22.56066895,25.12438011,25.12438011,0,0,0,0
1782621663,195.6475372,5880,0,226,0,0.392556876,1,0,6,9983,0,8,0,782,776,805,795,89,89,89,89,89,89,89,89,110,22.56066895,22.56066895,25.12438011,25.12438011,0,0,0,0
1782621663,195.6890869,5882,0,221,0,0.417899877,1,0,6,9747,0,0,0,799,793,821,811,89,89,89,89,89,89,89,89,110,22.56066895,22.56066895,25.12438011,25.12438011,0,0,0,0
1782621663,195.7328491,5883,0,218,0,0.434507608,1,0,6,9601,0,0,0,810,804,831,821,89,89,89,89,89,89,89,89,110,22.56066895,22.56066895,25.12438011,25.12438011,0,0,0,0
1782621663,195.7886353,5885,0,212,0,0.467051506,1,0,6,9360,0,0,0,830,824,849,840,89,89,89,89,89,89,89,89,110,22.56066895,22.56066895,25.12438011,25.12438011,0,0,0,0
1782621663,195.8293152,5886,0,209,0,0.48300606,1,0,6,9239,0,0,0,839,833,858,848,89,89,89,89,89,89,89,89,110,22.56066895,22.56066895,25.12438011,25.12438011,0,0,0,0
1782621663,195.8866577,5889,0,203,0,0.514239192,1,0,5,10779,0,42,0,856,851,874,864,89,89,89,89,89,89,89,89,110,22.56066895,22.56066895,25.12438011,25.12438011,0,0,0,0
1782621663,195.9300842,5890,0,201,0,0.514668345,1,0,5,10355,0,25,0,864,859,881,871,89,89,89,89,89,89,89,89,110,22.56066895,22.56066895,25.12438011,25.12438011,0,0,0,0
1782621663,195.986084,5892,0,195,0,0.517374158,1,0,5,9999,0,9,0,879,873,895,885,89,89,89,89,89,89,89,89,110,22.56066895,22.56066895,25.12438011,25.12438011,0,0,0,0
1782621663,196.0419159,5893,0,192,0,0.519521832,0.316000015,0,5,9910,0,5,0,883,877,898,889,89,89,89,89,89,89,89,89,110,22.56066895,22.56066895,25.12438011,25.12438011,0,0,0,0
1782621663,196.0834961,5895,0,190,0,0.519899189,0,0,5,9949,0,6,0,881,875,897,887,89,89,89,89,89,89,89,89,110,22.56066895,22.56066895,25.12438011,25.12438011,0,0,0,0
1782621663,196.1384735,5896,0,187,0,0.518362343,0,0,5,9816,0,0,0,877,871,893,884,89,89,89,89,89,89,89,89,110,22.56066895,22.56066895,25.12438011,25.12438011,0,0,0,0
1782621663,196.1909332,5898,0,185,0.050980393,0.517127454,0,0,5,9730,0,0,0,874,868,890,881,89,89,89,89,89,89,89,89,110,22.56066895,22.56066895,25.12438011,25.12438011,0,0,0,0
1782621663,196.2407684,5899,0,185,1,0.51447922,0,0,5,10300,0,22,0,871,865,888,878,89,89,89,89,89,89,89,89,110,22.56066895,22.56066895,25.12438011,25.12438011,0,0,0,0
1782621663,196.2909088,5901,0,186,1,0.508210123,0,0,5,10379,0,26,0,868,862,885,876,89,89,89,89,89,89,89,89,110,22.56066895,22.56066895,25.12438011,25.12438011,0,0,0,0
1782621664,196.3406219,5902,0,186,1,0.502519488,0,0,5,10423,0,28,0,865,859,883,873,89,89,89,89,89,89,89,89,110,22.56066895,22.56066895,25.12438011,25.12438011,0,0,0,0
1782621664,196.3887329,5904,0,187,1,0.497943908,0,0,5,10495,0,31,0,862,856,880,871,89,89,89,89,89,89,89,89,110,22.56066895,22.56066895,25.12438011,25.12438011,0,0,0,0
1782621664,196.4358368,5905,0,186,1,0.494121552,0,0,5,10077,0,12,0,859,853,878,868,89,89,89,89,89,89,89,89,110,22.56066895,22.56066895,25.12438011,25.12438011,0,0,0,0
1782621664,196.4966125,5907,0,186,1,0.492606282,0,0,5,10291,0,22,0,856,850,875,866,89,89,89,89,89,89,89,89,110,22.56066895,22.56066895,25.12438011,25.12438011,0,0,0,0
1782621664,196.5456238,5908,0,186,1,0.490671217,0,0,5,10421,0,28,0,853,847,873,863,89,89,89,89,89,89,89,89,110,22.56066895,22.56066895,25.12438011,25.12438011,0,0,0,0
1782621664,196.5949402,5910,0,187,1,0.486993521,0,0,5,10403,0,27,0,850,844,870,861,89,89,89,89,89,89,89,89,110,22.56066895,22.56066895,25.12438011,25.12438011,0,0,0,0
1782621664,196.6443481,5911,0,187,1,0.484725803,0,0,5,10448,0,29,0,847,842,868,858,89,89,89,89,89,89,89,89,110,22.56066895,22.56066895,25.12438011,25.12438011,0,0,0,0
1782621664,196.6945801,5913,0,188,1,0.481651664,0,0,5,10472,0,30,0,844,839,865,856,89,89,89,89,89,89,89,89,110,22.56066895,22.56066895,25.12438011,25.12438011,0,0,0,0
1782621664,196.7454376,5914,0,188,1,0.479044288,0,0,5,10525,0,33,0,841,836,862,853,89,89,89,89,89,89,89,89,110,22.56066895,22.56066895,25.12438011,25.12438011,0,0,0,0
1782621664,196.7961731,5916,0,189,1,0.476322383,0,0,5,10546,0,34,0,838,833,860,851,89,89,89,89,89,89,89,89,110,22.56066895,22.56066895,25.12438011,25.12438011,0,0,0,0
1782621664,196.8463898,5917,0,189,1,0.47412473,0,0,5,10570,0,35,0,835,830,857,848,89,89,89,89,89,89,89,89,110,22.56066895,22.56066895,25.12438011,25.12438011,0,0,0,0
1782621664,196.8850098,5919,0,190,1,0.472986698,0,0,5,10595,0,36,0,833,828,856,847,89,89,89,89,89,89,89,89,110,22.56066895,22.56066895,25.12438011,25.12438011,0,0,0,0
1782621664,196.9364319,5920,0,190,1,0.470512092,0,0,5,10631,0,37,0,829,824,852,843,89,89,89,89,89,89,89,89,110,22.56066895,22.56066895,25.12438011,25.12438011,0,0,0,0
1782621664,196.9868469,5922,0,189,0,0.469684094,0,0,5,9951,0,6,0,826,821,850,841,89,89,89,89,89,89,89,89,110,22.56066895,22.56066895,25.12438011,25.12438011,0,0,0,0
1782621664,197.0368347,5923,0,187,0,0.472014248,0.047120586,0,5,9789,0,0,0,824,818,848,839,89,89,89,89,89,89,89,89,110,22.56066895,22.56066895,25.12438011,25.12438011,0,0,0,0
1782621664,197.0870056,5925,0,184,0,0.474451661,0.198452294,0,5,9551,0,0,0,824,819,848,839,89,89,89,89,89,89,89,89,110,22.56066895,22.56066895,25.12438011,25.12438011,0,0,0,0
1782621664,197.1373444,5926,0,181,0,0.477734894,0.28565684,0,5,9412,0,0,0,827,821,850,841,89,89,89,89,89,89,89,89,110,22.56066895,22.56066895,25.12438011,25.12438011,0,0,0,0
1782621664,197.1877289,5928,0,179,0,0.479865491,0,0,5,9389,0,0,0,824,819,847,838,89,89,89,89,89,89,89,89,110,22.56066895,22.56066895,25.12438011,25.12438011,0,0,0,0
1782621664,197.2377472,5929,0,177,0,0.477152646,0,0,4,10778,0,42,0,821,816,845,836,89,89,89,89,89,89,89,89,110,22.56066895,22.56066895,25.12438011,25.12438011,0,0,0,0
1782621664,197.2888031,5931,0,177,0,0.475575835,0,0,4,10885,0,46,0,818,813,843,833,89,89,89,89,89,89,89,89,110,22.56066895,22.56066895,25.12438011,25.12438011,0,0,0,0
1782621665,197.3394165,5932,0,175,0.219607845,0.480392188,0,0,4,10667,0,38,0,816,810,840,831,89,89,89,89,89,89,89,89,110,22.56066895,22.56066895,25.12438011,25.12438011,0,0,0,0
1782621665,197.3887024,5934,0,175,0.745098054,0.469452977,0,0,4,11013,0,51,0,813,808,838,829,89,89,89,89,89,89,89,89,110,22.56066895,22.56066895,25.12438011,25.12438011,0,0,0,0
1782621665,197.4380035,5935,0,175,1,0.473308086,0,0,4,11346,0,63,0,810,805,836,827,89,89,89,89,89,89,89,89,110,22.56066895,22.56066895,25.12438011,25.12438011,0,0,0,0
1782621665,197.4886322,5937,0,176,1,0.473162949,0,0,4,11055,0,52,0,808,802,833,824,89,89,89,89,89,89,89,89,110,22.56066895,22.56066895,25.12438011,25.12438011,0,0,0,0
1782621665,197.5387115,5938,0,175,1,0.471501619,0,0,4,11121,0,55,0,805,800,831,822,89,89,89,89,89,89,89,89,110,22.56066895,22.56066895,25.12438011,25.12438011,0,0,0,0
1782621665,197.5880127,5940,0,176,1,0.469300508,0,0,4,11237,0,59,0,802,797,829,820,89,89,89,89,89,89,89,89,110,22.56066895,22.56066895,25.12438011,25.12438011,0,0,0,0
1782621665,197.6383667,5941,0,176,1,0.466283947,0,0,4,11079,0,53,0,800,794,826,817,89,89,89,89,89,89,89,89,110,22.56066895,22.56066895,25.12438011,25.12438011,0,0,0,0
1782621665,197.690567,5943,0,176,1,0.46545133,0,0,4,11274,0,60,0,797,792,824,815,89,89,89,89,89,89,89,89,110,22.56066895,22.56066895,25.12438011,25.12438011,0,0,0,0
1782621665,197.7430573,5944,0,175,1,0.463809967,0,0,4,11037,0,52,0,794,789,822,813,89,89,89,89,89,89,89,89,110,22.56066895,22.56066895,25.12438011,25.12438011,0,0,0,0
1782621665,197.7934265,5946,0,175,1,0.464304775,0,0,4,11363,0,63,0,792,787,819,811,89,89,89,89,89,89,89,89,110,22.56066895,22.56066895,25.12438011,25.12438011,0,0,0,0
1782621665,197.8440247,5947,0,176,1,0.462999284,0,0,4,10965,0,49,0,789,784,817,808,89,89,89,89,89,89,89,89,110,22.56066895,22.56066895,25.12438011,25.12438011,0,0,0,0
1782621665,197.8846588,5949,0,175,1,0.46361804,0,0,4,11088,0,53,0,787,782,816,807,89,89,89,89,89,89,89,89,110,22.56066895,22.56066895,25.12438011,25.12438011,0,0,0,0
1782621665,197.940094,5950,0,176,1,0.463210583,0,0,4,11387,0,64,0,784,779,813,804,89,89,89,89,89,89,89,89,110,22.56066895,22.56066895,25.12438011,25.12438011,0,0,0,0
1782621665,197.9925842,5952,0,177,1,0.461005062,0,0,4,11477,0,69,0,781,776,810,802,89,89,89,89,89,89,89,89,110,22.56066895,22.56066895,25.12438011,25.12438011,0,0,0,0
1782621665,198.0434265,5953,0,177,1,0.428465962,0,0,4,11190,0,57,0,778,773,808,799,89,89,89,89,89,89,89,89,110,22.56066895,22.56066895,25.12438011,25.12438011,0,0,0,0
1782621665,198.0823364,5955,0,177,1,0.375058055,0,0,4,11109,0,54,0,777,772,807,798,89,89,89,89,89,89,89,89,110,22.56066895,22.56066895,25.12438011,25.12438011,0,0,0,0
1782621665,198.1339569,5957,0,177,1,0.293450445,0,0,4,11437,0,67,0,774,769,804,796,89,89,89,89,89,89,89,89,110,22.56066895,22.56066895,25.12438011,25.12438011,0,0,0,0
1782621665,198.1963959,5959,0,179,1,0.196730584,0,0,4,11580,0,73,0,771,766,801,793,89,89,89,89,89,89,89,89,110,22.56066895,22.56066895,25.12438011,25.12438011,0,0,0,0
1782621665,198.2456818,5960,0,180,1,0.132506132,0,0,4,11619,0,75,0,769,763,800,790,89,89,89,89,89,89,89,89,110,22.56066895,22.56066895,25.12438011,25.12438011,0,0,0,0
1782621665,198.2955475,5962,0,181,1,0.074632689,0,0,4,11647,0,76,0,767,761,798,788,89,89,89,89,89,89,89,89,110,22.56066895,22.56066895,25.12438011,25.12438011,0,0,0,0
1782621666,198.3463287,5963,0,183,1,0.02253484,0,0,4,11658,0,76,0,766,758,797,786,89,89,89,89,89,89,89,89,110,22.56066895,22.56066895,25.12438011,25.12438011,0,0,0,0
1782621666,198.3961945,5965,0,184,1,0,0,0,4,11652,0,76,0,764,755,795,784,89,89,89,89,89,89,89,89,110,22.56066895,22.56066895,25.12438011,25.12438011,0,0,0,0
1782621666,198.4456329,5966,0,186,1,0.000832715,0,0,4,11689,0,78,0,761,753,793,781,89,89,89,89,89,89,89,89,110,22.56066895,22.56066895,25.12438011,25.12438011,0,0,0,0
1782621666,198.4833374,5968,0,187,1,0.008596777,0,0,4,11735,0,80,0,760,751,791,780,89,89,89,89,89,89,89,89,110,22.56066895,22.56066895,25.12438011,25.12438011,0,0,0,0
1782621666,198.5363617,5969,0,190,1,0.052757476,0,0,4,11864,0,85,0,756,748,788,777,89,89,89,89,89,89,89,89,110,22.56066895,22.56066895,25.12438011,25.12438011,0,0,0,0
1782621666,198.5778961,5971,0,191,1,0.073527485,0,0,4,11940,0,88,0,754,746,787,775,89,89,89,89,89,89,89,89,110,22.56066895,22.56066895,25.12438011,25.12438011,0,0,0,0
1782621666,198.6334076,5972,0,193,1,0.050832313,0,0,4,12049,0,93,0,752,743,784,773,89,89,89,89,89,89,89,89,110,22.56066895,22.56066895,25.12438011,25.12438011,0,0,0,0
1782621666,198.6893158,5974,0,195,1,0,0,0,5,10724,0,40,0,749,740,782,770,89,89,89,89,89,89,89,89,110,22.56066895,22.56066895,25.12438011,25.12438011,0,0,0,0
1782621666,198.7314606,5975,0,196,1,0,0,0,5,10621,0,37,0,747,738,780,769,89,89,89,89,89,89,89,89,110,22.56066895,22.56066895,25.12438011,25.12438011,0,0,0,0
1782621666,198.7863159,5977,0,199,1,0.028456293,0,0,5,10737,0,41,0,743,734,777,765,89,89,89,89,89,89,89,89,110,22.56066895,22.56066895,25.12438011,25.12438011,0,0,0,0
1782621666,198.8381195,5978,0,200,1,0.064231239,0,0,5,10821,0,44,0,741,732,775,763,89,89,89,89,89,89,89,89,110,22.56066895,22.56066895,25.12438011,25.12438011,0,0,0,0
1782621666,198.8903198,5980,0,202,1,0.097704701,0,0,5,10913,0,47,0,738,729,772,761,89,89,89,89,89,89,89,89,110,22.56066895,22.56066895,25.12438011,25.12438011,0,0,0,0
1782621666,198.9431458,5981,0,204,1,0.128440499,0,0,5,11022,0,51,0,735,726,770,758,89,89,89,89,89,89,89,89,110,22.56066895,22.56066895,25.12438011,25.12438011,0,0,0,0
1782621666,198.9819031,5983,0,205,1,0.146229401,0,0,5,11099,0,54,0,734,724,768,757,89,89,89,89,89,89,89,89,110,22.56066895,22.56066895,25.12438011,25.12438011,0,0,0,0
1782621666,199.0457153,5985,0,206,1,0.175919652,0,0,5,11201,0,57,0,731,721,766,754,89,89,89,89,89,89,89,89,110,22.56066895,22.56066895,25.12438011,25.12438011,0,0,0,0
1782621666,199.0958252,5987,0,207,1,0.203107089,0,0,5,11273,0,60,0,729,718,764,751,89,89,89,89,89,89,89,89,110,22.56066895,22.56066895,25.12438011,25.12438011,0,0,0,0
1782621666,199.1357422,5988,0,208,1,0.229761586,0,0,5,11351,0,63,0,727,716,763,749,89,89,89,89,89,89,89,89,110,22.56066895,22.56066895,25.12438011,25.12438011,0,0,0,0
1782621666,199.1909332,5990,0,209,1,0.255461901,0,0,5,11432,0,67,0,726,713,761,747,89,89,89,89,89,89,89,89,110,22.56066895,22.56066895,25.12438011,25.12438011,0,0,0,0
1782621666,199.2440033,5991,0,209,1,0.22244741,0,0,5,11499,0,70,0,724,710,760,744,89,89,89,89,89,89,89,89,110,22.56066895,22.56066895,25.12438011,25.12438011,0,0,0,0
1782621666,199.2844543,5993,0,210,1,0.189329386,0,0,5,11522,0,71,0,723,708,759,743,89,89,89,89,89,89,89,89,110,22.56066895,22.56066895,25.12438011,25.12438011,0,0,0,0
1782621667,199.338501,5994,0,211,1,0.126894847,0,0,5,11541,0,71,0,722,705,757,740,89,89,89,89,89,89,89,89,110,22.56066895,22.56066895,25.12438011,25.12438011,0,0,0,0
1782621667,199.37854,5996,0,211,1,0.092421032,0,0,5,11546,0,72,0,721,703,756,738,89,89,89,89,89,89,89,89,110,22.56066895,22.56066895,25.12438011,25.12438011,0,0,0,0
1782621667,199.4329071,5997,0,212,1,0.044534445,0,0,5,11550,0,72,0,720,701,755,736,89,89,89,89,89,89,89,89,110,22.56066895,22.56066895,25.12438011,25.12438011,0,0,0,0
1782621667,199.4862823,5999,0,214,1,8.55E-11,0,0,5,11558,0,72,0,717,697,753,733,89,89,89,89,89,89,89,89,110,22.56066895,22.56066895,25.12438011,25.12438011,0,0,0,0
1782621667,199.5388947,6000,0,216,1,0,0,0,5,11609,0,74,0,715,694,750,731,89,89,89,89,89,89,89,89,110,22.56066895,22.56066895,25.12438011,25.12438011,0,0,0,0
1782621667,199.5919342,6002,0,217,1,0,0,0,5,11688,0,78,0,712,692,748,728,89,89,89,89,89,89,89,89,110,22.56066895,22.56066895,25.12438011,25.12438011,0,0,0,0
1782621667,199.6317902,6003,0,218,1,0,0,0,5,11737,0,80,0,710,690,746,727,89,89,89,89,89,89,89,89,110,22.56066895,22.56066895,25.12438011,25.12438011,0,0,0,0
1782621667,199.6868896,6005,0,220,1,0,0,0,5,11840,0,84,0,706,686,743,724,89,89,89,89,89,89,89,89,110,22.56066895,22.56066895,25.12438011,25.12438011,0,0,0,0
1782621667,199.743103,6006,0,222,1,0.01471913,0,0,5,11915,0,87,0,704,684,741,721,89,89,89,89,89,89,89,89,110,22.56066895,22.56066895,25.12438011,25.12438011,0,0,0,0
1782621667,199.7832947,6008,0,223,1,0.029446207,0,0,5,11961,0,89,0,702,682,739,720,89,89,89,89,89,89,89,89,110,22.56066895,22.56066895,25.12438011,25.12438011,0,0,0,0
1782621667,199.8373108,6009,0,224,1,0.073543414,0,0,6,10978,0,50,0,698,679,736,717,89,89,89,89,89,89,89,89,110,22.56066895,22.56066895,25.12438011,25.12438011,0,0,0,0
1782621667,199.8919525,6011,0,226,1,0.104106218,0,0,6,10523,0,33,0,695,676,733,714,89,89,89,89,89,89,89,89,110,22.56066895,22.56066895,25.12438011,25.12438011,0,0,0,0
1782621667,199.9322662,6012,0,227,1,0.12317244,0,0,6,10561,0,35,0,694,674,732,713,89,89,89,89,89,89,89,89,110,22.56066895,22.56066895,25.12438011,25.12438011,0,0,0,0
1782621667,199.9866943,6014,0,228,1,0.158849105,0,0,6,10654,0,38,0,691,671,729,710,89,89,89,89,89,89,89,89,110,22.56066895,22.56066895,25.12438011,25.12438011,0,0,0,0
1782621667,200.0407562,6015,0,229,1,0.185013607,0,0,6,10722,0,40,0,690,668,728,707,89,89,89,89,89,89,89,89,110,22.56066895,22.56066895,25.12438011,25.12438011,0,0,0,0
1782621667,200.093338,6017,0,230,1,0.163954332,0,0,6,10774,0,42,0,689,665,727,705,89,89,89,89,89,89,89,89,110,22.56066895,22.56066895,25.12438011,25.12438011,0,0,0,0
1782621667,200.1328278,6018,0,230,1,0.128021896,0,0,6,10791,0,43,0,688,664,726,703,89,89,89,89,89,89,89,89,110,22.56066895,22.56066895,25.12438011,25.12438011,0,0,0,0
1782621667,200.1842957,6020,0,231,1,0.078571007,0,0,6,10800,0,43,0,688,661,726,701,89,89,89,89,89,89,89,89,110,22.56066895,22.56066895,25.12438011,25.12438011,0,0,0,0
1782621667,200.2348785,6021,0,231,1,0.034153596,0,0,6,10810,0,44,0,687,658,725,699,89,89,89,89,89,89,89,89,110,22.56066895,22.56066895,25.12438011,25.12438011,0,0,0,0
1782621667,200.2865906,6023,0,233,1,0.01896335,0,0,6,10856,0,45,0,685,655,722,696,89,89,89,89,89,89,89,89,110,22.56066895,22.56066895,25.12438011,25.12438011,0,0,0,0
1782621668,200.3408508,6024,0,234,1,0.052888248,0,0,6,10891,0,46,0,682,652,720,693,89,89,89,89,89,89,89,89,110,22.56066895,22.56066895,25.12438011,25.12438011,0,0,0,0
1782621668,200.3942261,6026,0,235,1,0.08532203,0,0,6,10939,0,48,0,679,650,718,691,89,89,89,89,89,89,89,89,110,22.56066895,22.56066895,25.12438011,25.12438011,0,0,0,0
1782621668,200.4330139,6027,0,236,1,0.105822101,0,0,6,10974,0,49,0,677,648,716,690,89,89,89,89,89,89,89,89,110,22.56066895,22.56066895,25.12438011,25.12438011,0,0,0,0
1782621668,200.4859467,6029,0,237,1,0.1435664,0,0,6,11052,0,52,0,674,644,713,686,89,89,89,89,89,89,89,89,110,22.56066895,22.56066895,25.12438011,25.12438011,0,0,0,0
1782621668,200.5397797,6030,0,238,1,0.170171887,0,0,6,11112,0,54,0,673,642,712,684,89,89,89,89,89,89,89,89,110,22.56066895,22.56066895,25.12438011,25.12438011,0,0,0,0
1782621668,200.59198,6032,0,239,1,0.169043213,0,0,6,11166,0,56,0,672,639,710,682,89,89,89,89,89,89,89,89,110,22.56066895,22.56066895,25.12438011,25.12438011,0,0,0,0
1782621668,200.6436157,6033,0,239,1,0.116112523,0,0,6,11189,0,57,0,672,637,710,680,89,89,89,89,89,89,89,89,110,22.56066895,22.56066895,25.12438011,25.12438011,0,0,0,0
1782621668,200.6833649,6035,0,240,1,0.083287634,0,0,6,11195,0,57,0,672,635,710,678,89,89,89,89,89,89,89,89,110,22.56066895,22.56066895,25.12438011,25.12438011,0,0,0,0
1782621668,200.7373657,6036,0,240,1,0.024324782,0,0,6,11199,0,57,0,671,632,709,675,89,89,89,89,89,89,89,89,110,22.56066895,22.56066895,25.12438011,25.12438011,0,0,0,0
1782621668,200.7913666,6038,0,241,1,0,0,0,6,11229,0,58,0,670,629,708,673,89,89,89,89,89,89,89,89,110,22.56066895,22.56066895,25.12438011,25.12438011,0,0,0,0
1782621668,200.8437347,6039,0,243,1,0,0,0,6,11269,0,60,0,667,626,705,670,89,89,89,89,89,89,89,89,110,22.56066895,22.56066895,25.12438011,25.12438011,0,0,0,0
1782621668,200.8835907,6041,0,243,1,0.013078717,0,0,6,11299,0,61,0,665,625,704,669,89,89,89,89,89,89,89,89,110,22.56066895,22.56066895,25.12438011,25.12438011,0,0,0,0
1782621668,200.9365997,6042,0,245,1,0.056962058,0,0,6,11372,0,64,0,661,621,700,666,89,89,89,89,89,89,89,89,110,22.56066895,22.56066895,25.12438011,25.12438011,0,0,0,0
1782621668,200.9878998,6044,0,246,1,0.08851479,0,0,6,11427,0,67,0,659,619,698,664,89,89,89,89,89,89,89,89,110,22.56066895,22.56066895,25.12438011,25.12438011,0,0,0,0
1782621668,201.0283661,6045,0,247,1,0.108302809,0,0,6,11461,0,68,0,657,617,696,662,89,89,89,89,89,89,89,89,110,22.56066895,22.56066895,25.12438011,25.12438011,0,0,0,0
1782621668,201.0838013,6047,0,248,1,0.135977671,0,0,6,11508,0,70,0,655,615,694,660,89,89,89,89,89,89,89,89,110,22.56066895,22.56066895,25.12438011,25.12438011,0,0,0,0
1782621668,201.1386414,6048,0,248,1,0.171208173,0,0,6,11555,0,72,0,653,611,693,657,89,89,89,89,89,89,89,89,110,22.56066895,22.56066895,25.12438011,25.12438011,0,0,0,0
1782621668,201.1828003,6050,0,249,1,0.162999421,0,0,6,11582,0,73,0,653,610,692,655,89,89,89,89,89,89,89,89,110,22.56066895,22.56066895,25.12438011,25.12438011,0,0,0,0
1782621668,201.2288513,6051,0,249,1,0.110604599,0,0,6,11600,0,74,0,654,607,693,653,89,89,89,89,89,89,89,89,110,22.56066895,22.56066895,25.12438011,25.12438011,0,0,0,0
1782621668,201.2752228,6053,0,249,1,0.063434288,0,0,6,11607,0,74,0,655,605,693,651,89,89,89,89,89,89,89,89,110,22.56066895,22.56066895,25.12438011,25.12438011,0,0,0,0
1782621669,201.3380585,6054,0,250,1,0.007564778,0,0,6,11616,0,75,0,654,601,692,648,89,89,89,89,89,89,89,89,110,22.56066895,22.56066895,25.12438011,25.12438011,0,0,0,0
1782621669,201.3832245,6056,0,251,1,0.007548833,0,0,6,11633,0,75,0,652,600,690,646,89,89,89,89,89,89,89,89,110,22.56066895,22.56066895,25.12438011,25.12438011,0,0,0,0
1782621669,201.4369507,6057,0,252,1,0.022977144,0,0,6,11679,0,77,0,649,596,687,643,89,89,89,89,89,89,89,89,110,22.56066895,22.56066895,25.12438011,25.12438011,0,0,0,0
1782621669,201.4862823,6059,0,253,1,0.02727242,0,0,6,11729,0,79,0,646,594,685,641,89,89,89,89,89,89,89,89,110,22.56066895,22.56066895,25.12438011,25.12438011,0,0,0,0
1782621669,201.5383759,6060,0,254,1,0.010159759,0,0,6,11772,0,81,0,643,591,682,639,89,89,89,89,89,89,89,89,110,22.56066895,22.56066895,25.12438011,25.12438011,0,0,0,0
1782621669,201.5803375,6062,0,255,1,0.004378063,0,0,6,11799,0,82,0,642,590,681,637,89,89,89,89,89,89,89,89,110,22.56066895,22.56066895,25.12438011,25.12438011,0,0,0,0
1782621669,201.6352997,6063,0,256,1,0.009779781,0,0,6,11842,0,84,0,639,587,678,635,89,89,89,89,89,89,89,89,110,22.56066895,22.56066895,25.12438011,25.12438011,0,0,0,0
1782621669,201.6901398,6065,0,257,1,0.053546317,0,0,7,10604,0,36,0,635,584,675,632,89,89,89,89,89,89,89,89,110,22.56066895,22.56066895,25.12438011,25.12438011,0,0,0,0
1782621669,201.7328186,6066,0,258,1,0.074330136,0,0,7,10377,0,26,0,634,582,674,631,89,89,89,89,89,89,89,89,110,22.56066895,22.56066895,25.12438011,25.12438011,0,0,0,0
1782621669,201.7877808,6068,0,259,1,0.066870339,0,0,7,10429,0,28,0,631,579,671,628,89,89,89,89,89,89,89,89,110,22.56066895,22.56066895,25.12438011,25.12438011,0,0,0,0
1782621669,201.8392792,6069,0,260,1,0.025034435,0,0,7,10447,0,29,0,630,577,670,626,89,89,89,89,89,89,89,89,110,22.56066895,22.56066895,25.12438011,25.12438011,0,0,0,0
1782621669,201.8917084,6071,0,261,1,0,0,0,7,10480,0,31,0,629,574,669,623,89,89,89,89,89,89,89,89,110,22.56066895,22.56066895,25.12438011,25.12438011,0,0,0,0
1782621669,201.9324188,6072,0,261,1,0,0,0,7,10506,0,33,0,627,573,667,622,89,89,89,89,89,89,89,89,110,22.56066895,22.56066895,25.12438011,25.12438011,0,0,0,0
1782621669,201.9865417,6074,0,262,1,0,0,0,7,10553,0,34,0,624,570,664,619,89,89,89,89,89,89,89,89,110,22.56066895,22.56066895,25.12438011,25.12438011,0,0,0,0
1782621669,202.0395813,6075,0,263,1,0,0,0,7,10585,0,36,0,621,567,662,617,89,89,89,89,89,89,89,89,110,22.56066895,22.56066895,25.12438011,25.12438011,0,0,0,0
1782621669,202.0921478,6077,0,264,1,0,0,0,7,10619,0,37,0,618,565,660,615,89,89,89,89,89,89,89,89,110,22.56066895,22.56066895,25.12438011,25.12438011,0,0,0,0
1782621669,202.1336365,6078,0,265,1,0,0,0,7,10644,0,38,0,617,563,658,613,89,89,89,89,89,89,89,89,110,22.56066895,22.56066895,25.12438011,25.12438011,0,0,0,0
1782621669,202.1886139,6080,0,266,1,0.012757001,0,0,7,10692,0,39,0,613,560,655,610,89,89,89,89,89,89,89,89,110,22.56066895,22.56066895,25.12438011,25.12438011,0,0,0,0
1782621669,202.2406921,6081,0,267,1,0.035645377,0,0,7,10721,0,40,0,611,558,653,608,89,89,89,89,89,89,89,89,110,22.56066895,22.56066895,25.12438011,25.12438011,0,0,0,0
1782621669,202.2928009,6083,0,268,1,0.0650374,0,0,7,10760,0,42,0,608,555,650,606,89,89,89,89,89,89,89,89,110,22.56066895,22.56066895,25.12438011,25.12438011,0,0,0,0
1782621670,202.3319092,6084,0,268,1,0.081734151,0,0,7,10801,0,43,0,606,554,649,605,89,89,89,89,89,89,89,89,110,22.56066895,22.56066895,25.12438011,25.12438011,0,0,0,0
1782621670,202.385788,6086,0,269,1,0.045540966,0,0,7,10824,0,44,0,605,551,647,602,89,89,89,89,89,89,89,89,110,22.56066895,22.56066895,25.12438011,25.12438011,0,0,0,0
1782621670,202.4403076,6087,0,270,1,0.007455979,0,0,7,10843,0,45,0,604,548,647,600,89,89,89,89,89,89,89,89,110,22.56066895,22.56066895,25.12438011,25.12438011,0,0,0,0
1782621670,202.4930115,6089,0,271,1,0,0,0,7,10878,0,46,0,602,546,645,597,89,89,89,89,89,89,89,89,110,22.56066895,22.56066895,25.12438011,25.12438011,0,0,0,0
1782621670,202.54422,6090,0,272,1,0,0,0,7,10916,0,47,0,600,544,642,595,89,89,89,89,89,89,89,89,110,22.56066895,22.56066895,25.12438011,25.12438011,0,0,0,0
1782621670,202.5949554,6092,0,272,1,0,0,0,7,10937,0,48,0,597,541,640,593,89,89,89,89,89,89,89,89,110,22.56066895,22.56066895,25.12438011,25.12438011,0,0,0,0
1782621670,202.6338654,6093,0,273,1,0,0,0,7,10956,0,49,0,595,540,638,592,89,89,89,89,89,89,89,89,110,22.56066895,22.56066895,25.12438011,25.12438011,0,0,0,0
1782621670,202.6895294,6095,0,274,1,0,0,0,7,11001,0,50,0,592,537,635,589,89,89,89,89,89,89,89,89,110,22.56066895,22.56066895,25.12438011,25.12438011,0,0,0,0
1782621670,202.7335358,6096,0,275,1,0,0,0,7,11022,0,51,0,590,535,634,588,89,89,89,89,89,89,89,89,110,22.56066895,22.56066895,25.12438011,25.12438011,0,0,0,0
1782621670,202.790802,6098,0,276,1,0.00064969,0,0,7,11057,0,52,0,587,532,631,585,89,89,89,89,89,89,89,89,110,22.56066895,22.56066895,25.12438011,25.12438011,0,0,0,0
1782621670,202.8328247,6099,0,276,1,0.006563071,0,0,7,11083,0,53,0,585,530,629,583,89,89,89,89,89,89,89,89,110,22.56066895,22.56066895,25.12438011,25.12438011,0,0,0,0
1782621670,202.8896179,6101,0,277,1,0.038337663,0,0,7,11133,0,55,0,582,527,626,580,89,89,89,89,89,89,89,89,110,22.56066895,22.56066895,25.12438011,25.12438011,0,0,0,0
1782621670,202.9328918,6102,0,278,1,0.057922866,0,0,7,11147,0,56,0,580,526,625,579,89,89,89,89,89,89,89,89,110,22.56066895,22.56066895,25.12438011,25.12438011,0,0,0,0
1782621670,202.9761353,6104,0,278,1,0.076830447,0,0,7,11174,0,56,0,578,524,622,577,89,89,89,89,89,89,89,89,110,22.56066895,22.56066895,25.12438011,25.12438011,0,0,0,0
1782621670,203.0335236,6106,0,279,1,0.036508512,0,0,7,11194,0,57,0,577,521,621,575,89,89,89,89,89,89,89,89,110,22.56066895,22.56066895,25.12438011,25.12438011,0,0,0,0
1782621670,203.0895844,6108,0,280,1,0,0,0,7,11234,0,59,0,575,518,620,572,89,89,89,89,89,89,89,89,110,22.56066895,22.56066895,25.12438011,25.12438011,0,0,0,0
1782621670,203.1314697,6109,0,280,1,0,0,0,7,11251,0,59,0,574,517,618,571,89,89,89,89,89,89,89,89,110,22.56066895,22.56066895,25.12438011,25.12438011,0,0,0,0
1782621670,203.185257,6111,0,281,1,0,0,0,7,11270,0,60,0,571,515,616,569,89,89,89,89,89,89,89,89,110,22.56066895,22.56066895,25.12438011,25.12438011,0,0,0,0
1782621670,203.2351227,6112,0,281,1,0,0,0,7,11271,0,60,0,569,512,614,567,89,89,89,89,89,89,89,89,110,22.56066895,22.56066895,25.12438011,25.12438011,0,0,0,0
1782621670,203.2850342,6114,0,282,1,0,0,0,7,11314,0,61,0,566,510,612,565,89,89,89,89,89,89,89,89,110,22.56066895,22.56066895,25.12438011,25.12438011,0,0,0,0
1782621671,203.3369598,6115,0,283,1,0,0,0,7,11364,0,63,0,563,507,609,562,89,89,89,89,89,89,89,89,110,22.56066895,22.56066895,25.12438011,25.12438011,0,0,0,0
1782621671,203.3902893,6117,0,284,1,0,0,0,7,11382,0,64,0,560,505,606,560,89,89,89,89,89,89,89,89,110,22.56066895,22.56066895,25.12438011,25.12438011,0,0,0,0
1782621671,203.4427338,6118,0,284,1,0,0,0,7,11403,0,66,0,558,503,604,558,89,89,89,89,89,89,89,89,110,22.56066895,22.56066895,25.12438011,25.12438011,0,0,0,0
1782621671,203.483139,6120,0,285,1,0,0,0,7,11423,0,67,0,556,501,603,556,89,89,89,89,89,89,89,89,110,22.56066895,22.56066895,25.12438011,25.12438011,0,0,0,0
1782621671,203.5393372,6121,0,286,1,0,0,0,7,11460,0,68,0,553,498,600,554,89,89,89,89,89,89,89,89,110,22.56066895,22.56066895,25.12438011,25.12438011,0,0,0,0
1782621671,203.5939178,6123,0,287,1,0,0,0,7,11492,0,69,0,551,496,598,552,89,89,89,89,89,89,89,89,110,22.56066895,22.56066895,25.12438011,25.12438011,0,0,0,0
1782621671,203.6333771,6124,0,287,1,0,0,0,7,11505,0,70,0,549,495,596,550,89,89,89,89,89,89,89,89,110,22.56066895,22.56066895,25.12438011,25.12438011,0,0,0,0
1782621671,203.6871948,6126,0,288,1,0,0,0,7,11536,0,71,0,546,492,593,548,89,89,89,89,89,89,89,89,110,22.56066895,22.56066895,25.12438011,25.12438011,0,0,0,0
1782621671,203.7282104,6127,0,288,1,0,0,0,7,11553,0,72,0,544,491,592,546,89,89,89,89,89,89,89,89,110,22.56066895,22.56066895,25.12438011,25.12438011,0,0,0,0
1782621671,203.7836151,6129,0,289,1,0,0,0,7,11578,0,73,0,542,488,590,544,89,89,89,89,89,89,89,89,110,22.56066895,22.56066895,25.12438011,25.12438011,0,0,0,0
1782621671,203.8371429,6130,0,290,1,0,0,0,7,11607,0,74,0,539,486,587,542,89,89,89,89,89,89,89,89,110,22.56066895,22.56066895,25.12438011,25.12438011,0,0,0,0
1782621671,203.8891449,6132,0,290,1,0,0,0,7,11625,0,75,0,536,483,585,540,89,89,89,89,89,89,89,89,110,22.56066895,22.56066895,25.12438011,25.12438011,0,0,0,0
1782621671,203.9291687,6133,0,290,1,0,0,0,7,11656,0,76,0,535,482,583,538,89,89,89,89,89,89,89,89,110,22.56066895,22.56066895,25.12438011,25.12438011,0,0,0,0
1782621671,203.984726,6135,0,291,1,0,0,0,7,11687,0,78,0,532,480,581,536,89,89,89,89,89,89,89,89,110,22.56066895,22.56066895,25.12438011,25.12438011,0,0,0,0
1782621671,204.0390167,6136,0,292,1,0,0,0,7,11668,0,77,0,529,477,578,534,89,89,89,89,89,89,89,89,110,22.56066895,22.56066895,25.12438011,25.12438011,0,0,0,0
1782621671,204.0917664,6138,0,292,1,0,0,0,7,11708,0,79,0,527,475,576,532,89,89,89,89,89,89,89,89,110,22.56066895,22.56066895,25.12438011,25.12438011,0,0,0,0
1782621671,204.1307831,6139,0,293,1,0,0,0,7,11733,0,80,0,525,474,575,530,89,89,89,89,89,89,89,89,110,22.56066895,22.56066895,25.12438011,25.12438011,0,0,0,0
1782621671,204.1833191,6141,0,293,1,0,0,0,7,11748,0,80,0,523,472,572,529,89,89,89,89,89,89,89,89,110,22.56066895,22.56066895,25.12438011,25.12438011,0,0,0,0
1782621671,204.2362213,6142,0,294,1,0,0,0,8,10480,0,31,0,520,469,570,526,89,89,89,89,89,89,89,89,110,22.56066895,22.56066895,25.12438011,25.12438011,0,0,0,0
1782621671,204.290802,6144,0,295,1,0,0,0,8,10502,0,33,0,518,467,568,524,89,89,89,89,89,89,89,89,110,22.56066895,22.56066895,25.12438011,25.12438011,0,0,0,0
1782621672,204.3339386,6145,0,295,1,0,0,0,8,10516,0,33,0,516,465,566,523,89,89,89,89,89,89,89,89,110,22.56066895,22.56066895,25.12438011,25.12438011,0,0,0,0
1782621672,204.3913574,6147,0,296,1,0,0,0,8,10539,0,34,0,513,463,563,520,89,89,89,89,89,89,89,89,110,22.56066895,22.56066895,25.12438011,25.12438011,0,0,0,0
1782621672,204.4317322,6148,0,296,1,0.012857997,0,0,8,10552,0,34,0,512,461,562,519,89,89,89,89,89,89,89,89,110,22.56066895,22.56066895,25.12438011,25.12438011,0,0,0,0
1782621672,204.4851532,6150,0,297,1,0.032771539,0,0,8,10571,0,35,0,509,459,560,517,89,89,89,89,89,89,89,89,110,22.56066895,22.56066895,25.12438011,25.12438011,0,0,0,0
1782621672,204.5403442,6151,0,297,1,0.022335388,0,0,8,10594,0,36,0,507,457,557,514,89,89,89,89,89,89,89,89,110,22.56066895,22.56066895,25.12438011,25.12438011,0,0,0,0
1782621672,204.5827026,6153,0,298,1,0,0,0,8,10602,0,36,0,506,455,556,513,89,89,89,89,89,89,89,89,110,22.56066895,22.56066895,25.12438011,25.12438011,0,0,0,0
1782621672,204.6379242,6154,0,298,1,0,0,0,8,10627,0,37,0,503,453,554,511,89,89,89,89,89,89,89,89,110,22.56066895,22.56066895,25.12438011,25.12438011,0,0,0,0
1782621672,204.6925812,6156,0,299,1,0,0,0,8,10644,0,38,0,500,451,551,509,89,89,89,89,89,89,89,89,110,22.56066895,22.56066895,25.12438011,25.12438011,0,0,0,0
1782621672,204.7349091,6157,0,299,1,0,0,0,8,10655,0,38,0,499,449,550,507,89,89,89,89,89,89,89,89,110,22.56066895,22.56066895,25.12438011,25.12438011,0,0,0,0
1782621672,204.7912445,6159,0,300,1,0,0,0,8,10677,0,39,0,496,447,547,505,89,89,89,89,89,89,89,89,110,22.56066895,22.56066895,25.12438011,25.12438011,0,0,0,0
1782621672,204.8313751,6160,0,300,1,0,0,0,8,10688,0,39,0,495,445,546,504,89,89,89,89,89,89,89,89,110,22.56066895,22.56066895,25.12438011,25.12438011,0,0,0,0
1782621672,204.8858795,6162,0,301,1,0,0,0,8,10711,0,40,0,492,443,543,501,89,89,89,89,89,89,89,89,110,22.56066895,22.56066895,25.12438011,25.12438011,0,0,0,0
1782621672,204.9299927,6163,0,301,1,0.010529639,0,0,8,10722,0,40,0,490,441,542,500,89,89,89,89,89,89,89,89,110,22.56066895,22.56066895,25.12438011,25.12438011,0,0,0,0
1782621672,204.9872894,6165,0,302,1,0.033548433,0,0,8,10744,0,41,0,487,439,539,497,89,89,89,89,89,89,89,89,110,22.56066895,22.56066895,25.12438011,25.12438011,0,0,0,0
1782621672,205.0404663,6166,0,302,1,0.015938569,0,0,8,10760,0,42,0,485,437,537,496,89,89,89,89,89,89,89,89,110,22.56066895,22.56066895,25.12438011,25.12438011,0,0,0,0
1782621672,205.0804443,6168,0,302,1,0,0,0,8,10771,0,42,0,484,435,536,494,89,89,89,89,89,89,89,89,110,22.56066895,22.56066895,25.12438011,25.12438011,0,0,0,0
1782621672,205.1347961,6169,0,303,1,0,0,0,8,10789,0,43,0,482,434,534,493,89,89,89,89,89,89,89,89,110,22.56066895,22.56066895,25.12438011,25.12438011,0,0,0,0
1782621672,205.1894379,6171,0,303,1,0,0,0,8,10807,0,43,0,479,431,532,490,89,89,89,89,89,89,89,89,110,22.56066895,22.56066895,25.12438011,25.12438011,0,0,0,0
1782621672,205.242218,6172,0,304,1,0,0,0,8,10821,0,44,0,477,429,530,488,89,89,89,89,89,89,89,89,110,22.56066895,22.56066895,25.12438011,25.12438011,0,0,0,0
1782621672,205.2934723,6174,0,304,1,0,0,0,8,10837,0,45,0,475,427,528,486,89,89,89,89,89,89,89,89,110,22.56066895,22.56066895,25.12438011,25.12438011,0,0,0,0
1782621673,205.3323517,6175,0,305,1,0,0,0,8,10847,0,45,0,473,426,526,485,89,89,89,89,89,89,89,89,110,22.56066895,22.56066895,25.12438011,25.12438011,0,0,0,0
1782621673,205.3855286,6177,0,305,1,0,0,0,8,10866,0,46,0,471,423,524,483,89,89,89,89,89,89,89,89,110,22.56066895,22.56066895,25.12438011,25.12438011,0,0,0,0
1782621673,205.437912,6178,0,306,1,0,0,0,8,10881,0,46,0,468,422,522,481,89,89,89,89,89,89,89,89,110,22.56066895,22.56066895,25.12438011,25.12438011,0,0,0,0
1782621673,205.4905853,6180,0,306,1,0,0,0,8,10898,0,47,0,466,420,520,479,89,89,89,89,89,89,89,89,110,22.56066895,22.56066895,25.12438011,25.12438011,0,0,0,0
1782621673,205.5314789,6181,0,306,1,0,0,0,8,10909,0,47,0,465,418,518,478,89,89,89,89,89,89,89,89,110,22.56066895,22.56066895,25.12438011,25.12438011,0,0,0,0
1782621673,205.587677,6183,0,307,1,0,0,0,8,10927,0,48,0,462,416,516,476,89,89,89,89,89,89,89,89,110,22.56066895,22.56066895,25.12438011,25.12438011,0,0,0,0
1782621673,205.6292419,6184,0,307,1,0.010041341,0,0,8,10936,0,48,0,461,415,515,475,89,89,89,89,89,89,89,89,110,22.56066895,22.56066895,25.12438011,25.12438011,0,0,0,0
1782621673,205.6855469,6186,0,308,1,0.020897998,0,0,8,10955,0,49,0,458,412,512,472,89,89,89,89,89,89,89,89,110,22.56066895,22.56066895,25.12438011,25.12438011,0,0,0,0
1782621673,205.7318573,6187,0,308,1,0.02232879,0,0,8,10964,0,49,0,457,411,511,471,89,89,89,89,89,89,89,89,110,22.56066895,22.56066895,25.12438011,25.12438011,0,0,0,0
1782621673,205.7812653,6189,0,308,1,0,0,0,8,10975,0,49,0,455,409,509,469,89,89,89,89,89,89,89,89,110,22.56066895,22.56066895,25.12438011,25.12438011,0,0,0,0
1782621673,205.8292694,6190,0,309,1,0,0,0,8,10988,0,50,0,453,407,507,467,89,89,89,89,89,89,89,89,110,22.56066895,22.56066895,25.12438011,25.12438011,0,0,0,0
1782621673,205.8888855,6192,0,309,1,0,0,0,8,11021,1,51,0,450,405,504,465,89,89,89,89,89,89,89,89,110,22.56066895,22.56066895,25.12438011,25.12438011,0,0,0,0
1782621673,205.9332733,6193,0,310,1,0,0,0,8,11040,1,52,0,449,404,503,464,89,89,89,89,89,89,89,89,110,22.56066895,22.56066895,25.12438011,25.12438011,0,0,0,0
1782621673,205.9907227,6195,0,310,1,0,0,0,8,11063,1,53,0,446,401,501,462,89,89,89,89,89,89,89,89,110,22.56066895,22.56066895,25.12438011,25.12438011,0,0,0,0
1782621673,206.0341949,6196,0,311,1,0,0,0,8,11072,1,53,0,445,400,499,461,89,89,89,89,89,89,89,89,110,22.56066895,22.56066895,25.12438011,25.12438011,0,0,0,0
1782621673,206.0783386,6198,0,311,1,0,0,0,8,11089,1,53,0,443,398,497,459,89,89,89,89,89,89,89,89,110,22.56066895,22.56066895,25.12438011,25.12438011,0,0,0,0
1782621673,206.1353455,6199,0,312,1,0,0,0,8,11109,1,54,0,441,397,496,457,89,89,89,89,89,89,89,89,110,22.56066895,22.56066895,25.12438011,25.12438011,0,0,0,0
1782621673,206.1903076,6201,0,312,1,0,0,0,8,11133,1,55,0,438,394,493,455,89,89,89,89,89,89,89,89,110,22.56066895,22.56066895,25.12438011,25.12438011,0,0,0,0
1782621673,206.2305756,6202,0,313,1,0,0,0,8,11144,1,55,0,437,393,492,454,89,89,89,89,89,89,89,89,110,22.56066895,22.56066895,25.12438011,25.12438011,0,0,0,0
1782621673,206.2833862,6204,0,313,0.843137264,0,0,0,8,11113,1,54,0,435,391,490,452,89,89,89,89,89,89,89,89,110,22.56066895,22.56066895,25.12438011,25.12438011,0,0,0,0
1782621674,206.3364563,6205,0,312,0,0,0,0,8,10919,1,47,0,432,389,488,450,89,89,89,89,89,89,89,89,110,22.56066895,22.56066895,25.12438011,25.12438011,0,0,0,0
1782621674,206.3900757,6207,0,311,0,0,0,0,8,10877,1,46,0,430,387,486,448,89,89,89,89,89,89,89,89,110,22.56066895,22.56066895,25.12438011,25.12438011,0,0,0,0
1782621674,206.4300079,6208,0,310,0,0,0,0,8,10850,1,45,0,429,386,485,447,89,89,89,89,89,89,89,89,110,22.56066895,22.56066895,25.12438011,25.12438011,0,0,0,0
